alert_id,detection_id,mention_id,platform,external_id,collected_at,detected_at,alert_uuid,alert_title,alert_severity,channels_sent,created_at,sent_at,delivery_status,acknowledged,last_updated
1,3,3,hackernews,49846613,2026-09-25 18:48:08.587333+00,2026-09-25 18:48:12.237765+00,576f9866-cffd-41e4-9058-43945ca997e6,Amenaza critical detectada,critical,"{slack,email}",2026-09-25 18:48:16.98446+00,2026-09-25 18:48:16.98446+00,sent,t,2026-09-25 18:53:49.158043+00
2,4,4,hackernews,49845669,2026-09-25 18:48:08.587333+00,2026-09-25 18:48:12.237765+00,7d66cec6-0e33-45c9-8065-8ca314c4fa9b,Amenaza high detectada,high,"{slack,email}",2026-09-25 18:48:16.98446+00,2026-09-25 18:48:16.98446+00,sent,t,2026-09-25 18:49:28.329615+00
3,21,21,hackernews,49832585,2026-09-25 18:48:08.587333+00,2026-09-25 18:48:12.237765+00,265b38b0-3a30-4b83-9bd9-f12d467a271d,Amenaza critical detectada,critical,"{slack,email}",2026-09-25 18:48:16.98446+00,2026-09-25 18:48:16.98446+00,sent,t,2026-09-25 18:50:11.56522+00
4,36,36,hackernews,49825708,2026-09-25 18:48:08.587333+00,2026-09-25 18:48:12.237765+00,85b6d5a2-2fab-48fb-9ad1-b301a29e6298,Amenaza high detectada,high,"{slack,email}",2026-09-25 18:48:16.98446+00,2026-09-25 18:48:16.98446+00,sent,t,2026-09-25 18:50:34.615483+00
5,46,46,hackernews,49818514,2026-09-25 18:48:08.587333+00,2026-09-25 18:48:12.237765+00,f7d29dc4-edb0-424b-84a1-5ca9b384edec,Amenaza critical detectada,critical,"{slack,email}",2026-09-25 18:48:16.98446+00,2026-09-25 18:48:16.98446+00,sent,t,2026-09-25 18:50:35.619349+00
6,47,47,hackernews,49818439,2026-09-25 18:48:08.587333+00,2026-09-25 18:48:12.237765+00,3744000d-94de-427d-bb78-6a459fdf4484,Amenaza critical detectada,critical,"{slack,email}",2026-09-25 18:48:16.98446+00,2026-09-25 18:48:16.98446+00,sent,t,2026-09-25 18:50:36.607035+00
7,51,51,exploit-db,https://www.exploit-db.com/exploits/52682,2026-09-25 18:48:08.587333+00,2026-09-25 18:48:12.237765+00,1a812ddd-cc36-47ef-8fd6-4debf285a7f2,Amenaza high detectada,high,"{slack,email}",2026-09-25 18:48:16.98446+00,2026-09-25 18:48:16.98446+00,sent,t,2026-09-25 18:50:37.345516+00
8,52,52,exploit-db,https://www.exploit-db.com/exploits/52681,2026-09-25 18:48:08.587333+00,2026-09-25 18:48:12.237765+00,8731743a-7f0b-4a0f-aae1-559b8053c5a0,Amenaza critical detectada,critical,"{slack,email}",2026-09-25 18:48:16.98446+00,2026-09-25 18:48:16.98446+00,sent,t,2026-09-25 18:53:44.991191+00
9,53,53,exploit-db,https://www.exploit-db.com/exploits/52680,2026-09-25 18:48:08.587333+00,2026-09-25 18:48:12.237765+00,dab46c39-8ef9-43fd-b05f-660aaa8d12b7,Amenaza high detectada,high,"{slack,email}",2026-09-25 18:48:16.98446+00,2026-09-25 18:48:16.98446+00,sent,t,2026-09-25 18:53:45.797346+00
10,57,57,exploit-db,https://www.exploit-db.com/exploits/52676,2026-09-25 18:48:08.587333+00,2026-09-25 18:48:12.237765+00,d50f848e-4ea6-49a8-a9f9-abe9d7914f08,Amenaza high detectada,high,"{slack,email}",2026-09-25 18:48:16.98446+00,2026-09-25 18:48:16.98446+00,sent,t,2026-09-25 18:53:46.500033+00
11,62,62,exploit-db,https://www.exploit-db.com/exploits/52671,2026-09-25 18:48:08.587333+00,2026-09-25 18:48:12.237765+00,e3e32430-32d8-4f09-8013-0e6b269cd837,Amenaza high detectada,high,"{slack,email}",2026-09-25 18:48:16.98446+00,2026-09-25 18:48:16.98446+00,sent,t,2026-09-25 18:53:47.049686+00
12,66,66,exploit-db,https://www.exploit-db.com/exploits/52667,2026-09-25 18:48:08.587333+00,2026-09-25 18:48:12.237765+00,f4103a94-5adc-4319-9bd8-114217062fbf,Amenaza high detectada,high,"{slack,email}",2026-09-25 18:48:16.98446+00,2026-09-25 18:48:16.98446+00,sent,t,2026-09-25 18:53:47.528013+00
13,74,74,exploit-db,https://www.exploit-db.com/exploits/52659,2026-09-25 18:48:08.587333+00,2026-09-25 18:48:12.237765+00,617f8568-f5a7-486d-9792-ace477f027d8,Amenaza high detectada,high,"{slack,email}",2026-09-25 18:48:16.98446+00,2026-09-25 18:48:16.98446+00,sent,t,2026-09-25 18:53:47.948559+00
14,75,75,exploit-db,https://www.exploit-db.com/exploits/52658,2026-09-25 18:48:08.587333+00,2026-09-25 18:48:12.237765+00,d91ffe49-75f3-4b8e-8119-04befc9ed7a5,Amenaza high detectada,high,"{slack,email}",2026-09-25 18:48:16.98446+00,2026-09-25 18:48:16.98446+00,sent,t,2026-09-25 18:53:48.347328+00
15,88,88,exploit-db,https://www.exploit-db.com/exploits/52645,2026-09-25 18:48:08.587333+00,2026-09-25 18:48:12.237765+00,c356c8b9-2e09-4e63-a69c-58716092c5fe,Amenaza high detectada,high,"{slack,email}",2026-09-25 18:48:16.98446+00,2026-09-25 18:48:16.98446+00,sent,t,2026-09-25 18:53:48.7724+00
16,89,89,exploit-db,https://www.exploit-db.com/exploits/52644,2026-09-25 18:48:08.587333+00,2026-09-25 18:48:12.237765+00,7a35b5a3-7e0a-4ee1-8939-77d17a599308,Amenaza high detectada,high,"{slack,email}",2026-09-25 18:48:16.98446+00,2026-09-25 18:48:16.98446+00,sent,t,2026-09-25 18:53:49.562814+00
17,91,91,exploit-db,https://www.exploit-db.com/exploits/52642,2026-09-25 18:48:08.587333+00,2026-09-25 18:48:12.237765+00,f10027c8-ddc9-4be6-a4f4-faf0c2b1248f,Amenaza high detectada,high,"{slack,email}",2026-09-25 18:48:16.98446+00,2026-09-25 18:48:16.98446+00,sent,t,2026-09-25 18:53:49.897801+00
18,94,94,exploit-db,https://www.exploit-db.com/exploits/52639,2026-09-25 18:48:08.587333+00,2026-09-25 18:48:12.237765+00,bd92b46c-ff19-4f27-90a2-24e66e487a11,Amenaza high detectada,high,"{slack,email}",2026-09-25 18:48:16.98446+00,2026-09-25 18:48:16.98446+00,sent,t,2026-09-25 18:53:50.252171+00
19,99,99,exploit-db,https://www.exploit-db.com/exploits/52633,2026-09-25 18:48:08.587333+00,2026-09-25 18:48:12.237765+00,dbd6ab96-05d3-43bd-b172-476431e677d1,Amenaza high detectada,high,"{slack,email}",2026-09-25 18:48:16.98446+00,2026-09-25 18:48:16.98446+00,sent,t,2026-09-25 18:53:50.581038+00
20,101,101,github,5587100415,2026-09-25 18:48:08.587333+00,2026-09-25 18:48:12.237765+00,1aa68edc-02b9-42aa-bd82-8c2ff9edc4e2,Amenaza critical detectada,critical,"{slack,email}",2026-09-25 18:48:16.98446+00,2026-09-25 18:48:16.98446+00,sent,t,2026-09-25 18:53:50.840601+00
21,102,102,github,5587100093,2026-09-25 18:48:08.587333+00,2026-09-25 18:48:12.237765+00,a12a81a4-8e51-4ef3-be90-16e9d28f8068,Amenaza critical detectada,critical,"{slack,email}",2026-09-25 18:48:16.98446+00,2026-09-25 18:48:16.98446+00,sent,t,2026-09-25 18:53:51.08616+00
22,103,103,github,5270010648,2026-09-25 18:48:08.587333+00,2026-09-25 18:48:12.237765+00,00c6dff1-7f26-4fca-ae9a-77503f533234,Amenaza high detectada,high,"{slack,email}",2026-09-25 18:48:16.98446+00,2026-09-25 18:48:16.98446+00,sent,t,2026-09-25 18:53:51.268236+00
23,104,104,github,2104289152,2026-09-25 18:48:08.587333+00,2026-09-25 18:48:12.237765+00,ea97cc39-9d3f-422a-a8ca-2a411c625244,Amenaza high detectada,high,"{slack,email}",2026-09-25 18:48:16.98446+00,2026-09-25 18:48:16.98446+00,sent,t,2026-09-25 18:53:51.429145+00
24,105,105,github,5587099543,2026-09-25 18:48:08.587333+00,2026-09-25 18:48:12.237765+00,62ef6bb0-42a8-4d4f-a498-0ff2566656c5,Amenaza critical detectada,critical,"{slack,email}",2026-09-25 18:48:16.98446+00,2026-09-25 18:48:16.98446+00,sent,t,2026-09-25 18:53:51.584894+00
25,106,106,github,5587099410,2026-09-25 18:48:08.587333+00,2026-09-25 18:48:12.237765+00,19285117-638c-453d-b268-d7ee608a34a5,Amenaza critical detectada,critical,"{slack,email}",2026-09-25 18:48:16.98446+00,2026-09-25 18:48:16.98446+00,sent,t,2026-09-25 18:53:51.88698+00
26,107,107,github,5587098749,2026-09-25 18:48:08.587333+00,2026-09-25 18:48:12.237765+00,ad1e698e-3e28-47fc-8990-631325ea07a5,Amenaza critical detectada,critical,"{slack,email}",2026-09-25 18:48:16.98446+00,2026-09-25 18:48:16.98446+00,sent,t,2026-09-25 18:53:52.181672+00
27,108,108,github,5587098793,2026-09-25 18:48:08.587333+00,2026-09-25 18:48:12.237765+00,56a33635-3189-4a1c-8794-2ae9a9eecdf1,Amenaza critical detectada,critical,"{slack,email}",2026-09-25 18:48:16.98446+00,2026-09-25 18:48:16.98446+00,sent,f,2026-09-25 18:48:16.98446+00
28,109,109,github,2955244383,2026-09-25 18:48:08.587333+00,2026-09-25 18:48:12.237765+00,c0d1798a-e82b-4d4a-859c-fd72abd7b305,Amenaza high detectada,high,"{slack,email}",2026-09-25 18:48:16.98446+00,2026-09-25 18:48:16.98446+00,sent,f,2026-09-25 18:48:16.98446+00
29,110,110,github,5587098076,2026-09-25 18:48:08.587333+00,2026-09-25 18:48:12.237765+00,9e248b72-d3c7-4249-aad6-164c7ee147f9,Amenaza critical detectada,critical,"{slack,email}",2026-09-25 18:48:16.98446+00,2026-09-25 18:48:16.98446+00,sent,f,2026-09-25 18:48:16.98446+00
30,111,111,github,5587097504,2026-09-25 18:48:08.587333+00,2026-09-25 18:48:12.237765+00,3d075fc7-1abb-4426-b077-48b984869aac,Amenaza critical detectada,critical,"{slack,email}",2026-09-25 18:48:16.98446+00,2026-09-25 18:48:16.98446+00,sent,f,2026-09-25 18:48:16.98446+00
31,112,112,github,1065852588,2026-09-25 18:48:08.587333+00,2026-09-25 18:48:12.237765+00,2f90cc35-b14e-4690-9c3f-86369b471052,Amenaza high detectada,high,"{slack,email}",2026-09-25 18:48:16.98446+00,2026-09-25 18:48:16.98446+00,sent,f,2026-09-25 18:48:16.98446+00
32,113,113,github,5587096831,2026-09-25 18:48:08.587333+00,2026-09-25 18:48:12.237765+00,3377f09e-8a05-4249-bf71-aebcac262325,Amenaza critical detectada,critical,"{slack,email}",2026-09-25 18:48:16.98446+00,2026-09-25 18:48:16.98446+00,sent,f,2026-09-25 18:48:16.98446+00
33,114,114,github,5227246037,2026-09-25 18:48:08.587333+00,2026-09-25 18:48:12.237765+00,5efa722c-e3e9-4dba-ab34-d548ae1708e9,Amenaza critical detectada,critical,"{slack,email}",2026-09-25 18:48:16.98446+00,2026-09-25 18:48:16.98446+00,sent,f,2026-09-25 18:48:16.98446+00
34,115,115,github,5586938878,2026-09-25 18:48:08.587333+00,2026-09-25 18:48:12.237765+00,b79b9d1a-1350-4ae7-b00a-4f8cc1703b38,Amenaza critical detectada,critical,"{slack,email}",2026-09-25 18:48:16.98446+00,2026-09-25 18:48:16.98446+00,sent,f,2026-09-25 18:48:16.98446+00
35,116,116,github,5587096286,2026-09-25 18:48:08.587333+00,2026-09-25 18:48:12.237765+00,16699d67-d747-4965-8caf-efc2ea980276,Amenaza critical detectada,critical,"{slack,email}",2026-09-25 18:48:16.98446+00,2026-09-25 18:48:16.98446+00,sent,f,2026-09-25 18:48:16.98446+00
36,117,117,github,5587095556,2026-09-25 18:48:08.587333+00,2026-09-25 18:48:12.237765+00,49901265-5285-4b8e-ba49-ac5282400a97,Amenaza critical detectada,critical,"{slack,email}",2026-09-25 18:48:16.98446+00,2026-09-25 18:48:16.98446+00,sent,f,2026-09-25 18:48:16.98446+00
37,118,118,github,5587095208,2026-09-25 18:48:08.587333+00,2026-09-25 18:48:12.237765+00,4b0eaf3e-ad81-46b3-bf57-c844d6821c98,Amenaza high detectada,high,"{slack,email}",2026-09-25 18:48:16.98446+00,2026-09-25 18:48:16.98446+00,sent,f,2026-09-25 18:48:16.98446+00
38,119,119,github,1188148218,2026-09-25 18:48:08.587333+00,2026-09-25 18:48:12.237765+00,de54be35-1a22-4371-81ef-f1216d0e8863,Amenaza high detectada,high,"{slack,email}",2026-09-25 18:48:16.98446+00,2026-09-25 18:48:16.98446+00,sent,f,2026-09-25 18:48:16.98446+00
39,121,121,github,5587094658,2026-09-25 18:48:08.587333+00,2026-09-25 18:48:12.237765+00,f784384e-6437-4ec6-89bf-30f9b876859e,Amenaza critical detectada,critical,"{slack,email}",2026-09-25 18:48:16.98446+00,2026-09-25 18:48:16.98446+00,sent,f,2026-09-25 18:48:16.98446+00
40,122,122,github,5587093505,2026-09-25 18:48:08.587333+00,2026-09-25 18:48:12.237765+00,0de5da52-6f98-4750-ac84-30bce10bbb79,Amenaza critical detectada,critical,"{slack,email}",2026-09-25 18:48:16.98446+00,2026-09-25 18:48:16.98446+00,sent,f,2026-09-25 18:48:16.98446+00
41,124,124,github,5587092853,2026-09-25 18:48:08.587333+00,2026-09-25 18:48:12.237765+00,4e73ca1b-49e1-49e8-a611-2bc600095fd1,Amenaza critical detectada,critical,"{slack,email}",2026-09-25 18:48:16.98446+00,2026-09-25 18:48:16.98446+00,sent,f,2026-09-25 18:48:16.98446+00
42,125,125,github,5587092222,2026-09-25 18:48:08.587333+00,2026-09-25 18:48:12.237765+00,48d04576-f727-4f5c-8194-2a726792a834,Amenaza critical detectada,critical,"{slack,email}",2026-09-25 18:48:16.98446+00,2026-09-25 18:48:16.98446+00,sent,f,2026-09-25 18:48:16.98446+00
43,126,126,github,982569171,2026-09-25 18:48:08.587333+00,2026-09-25 18:48:12.237765+00,2943c761-1e48-4afd-a6f9-fa3eb3056399,Amenaza high detectada,high,"{slack,email}",2026-09-25 18:48:16.98446+00,2026-09-25 18:48:16.98446+00,sent,f,2026-09-25 18:48:16.98446+00
44,127,127,github,5586257960,2026-09-25 18:48:08.587333+00,2026-09-25 18:48:12.237765+00,56f72389-cdd4-4de7-b6de-f54021d1a04a,Amenaza high detectada,high,"{slack,email}",2026-09-25 18:48:16.98446+00,2026-09-25 18:48:16.98446+00,sent,f,2026-09-25 18:48:16.98446+00
45,128,128,github,5587091524,2026-09-25 18:48:08.587333+00,2026-09-25 18:48:12.237765+00,34da661b-0d6b-43f1-a3d2-a54488561803,Amenaza critical detectada,critical,"{slack,email}",2026-09-25 18:48:16.98446+00,2026-09-25 18:48:16.98446+00,sent,f,2026-09-25 18:48:16.98446+00
46,129,129,github,5587090876,2026-09-25 18:48:08.587333+00,2026-09-25 18:48:12.237765+00,3a46abcc-61f4-484b-ba48-c9e28ee10053,Amenaza critical detectada,critical,"{slack,email}",2026-09-25 18:48:16.98446+00,2026-09-25 18:48:16.98446+00,sent,f,2026-09-25 18:48:16.98446+00
47,130,130,github,5481149110,2026-09-25 18:48:08.587333+00,2026-09-25 18:48:12.237765+00,b8922b8e-30a0-4dfe-9b77-8fdc967b8137,Amenaza critical detectada,critical,"{slack,email}",2026-09-25 18:48:16.98446+00,2026-09-25 18:48:16.98446+00,sent,f,2026-09-25 18:48:16.98446+00
48,132,132,github,5587090148,2026-09-25 18:48:08.587333+00,2026-09-25 18:48:12.237765+00,01f73e50-bd25-46e7-add5-20cecfb36666,Amenaza critical detectada,critical,"{slack,email}",2026-09-25 18:48:16.98446+00,2026-09-25 18:48:16.98446+00,sent,f,2026-09-25 18:48:16.98446+00
49,133,133,github,5584339276,2026-09-25 18:48:08.587333+00,2026-09-25 18:48:12.237765+00,acf4ef68-ca25-4fde-8a7b-f0bf4b081b71,Amenaza critical detectada,critical,"{slack,email}",2026-09-25 18:48:16.98446+00,2026-09-25 18:48:16.98446+00,sent,f,2026-09-25 18:48:16.98446+00
50,134,134,github,1317526725,2026-09-25 18:48:08.587333+00,2026-09-25 18:48:12.237765+00,282e69fc-e65c-4e33-806b-665046c8bc21,Amenaza high detectada,high,"{slack,email}",2026-09-25 18:48:16.98446+00,2026-09-25 18:48:16.98446+00,sent,f,2026-09-25 18:48:16.98446+00
51,135,135,github,4829123942,2026-09-25 18:48:08.587333+00,2026-09-25 18:48:12.237765+00,fff96288-733b-4d9d-aecb-e4488a37d6e1,Amenaza high detectada,high,"{slack,email}",2026-09-25 18:48:16.98446+00,2026-09-25 18:48:16.98446+00,sent,f,2026-09-25 18:48:16.98446+00
52,136,136,github,5587089441,2026-09-25 18:48:08.587333+00,2026-09-25 18:48:12.237765+00,bc672c9b-e5ae-45f9-83df-990b873eea15,Amenaza critical detectada,critical,"{slack,email}",2026-09-25 18:48:16.98446+00,2026-09-25 18:48:16.98446+00,sent,f,2026-09-25 18:48:16.98446+00
53,137,137,github,5496411588,2026-09-25 18:48:08.587333+00,2026-09-25 18:48:12.237765+00,a04b46be-f056-4d09-a6b1-536e4e0e68ba,Amenaza critical detectada,critical,"{slack,email}",2026-09-25 18:48:16.98446+00,2026-09-25 18:48:16.98446+00,sent,f,2026-09-25 18:48:16.98446+00
54,139,139,github,5367505632,2026-09-25 18:48:08.587333+00,2026-09-25 18:48:12.237765+00,edcc37ab-f354-4a38-abdc-c1b2e9ae9e00,Amenaza critical detectada,critical,"{slack,email}",2026-09-25 18:48:16.98446+00,2026-09-25 18:48:16.98446+00,sent,f,2026-09-25 18:48:16.98446+00
55,140,140,github,5587088560,2026-09-25 18:48:08.587333+00,2026-09-25 18:48:12.237765+00,32d03ec6-7eea-487b-9bc6-9fdbda7b9d3f,Amenaza critical detectada,critical,"{slack,email}",2026-09-25 18:48:16.98446+00,2026-09-25 18:48:16.98446+00,sent,f,2026-09-25 18:48:16.98446+00
56,142,142,github,2607782070,2026-09-25 18:48:08.587333+00,2026-09-25 18:48:12.237765+00,baacca75-13e1-4df8-afb7-56edb608c4a9,Amenaza high detectada,high,"{slack,email}",2026-09-25 18:48:16.98446+00,2026-09-25 18:48:16.98446+00,sent,f,2026-09-25 18:48:16.98446+00
57,143,143,github,5587087880,2026-09-25 18:48:08.587333+00,2026-09-25 18:48:12.237765+00,78a7997f-20f6-47ab-8560-10e8d771f556,Amenaza critical detectada,critical,"{slack,email}",2026-09-25 18:48:16.98446+00,2026-09-25 18:48:16.98446+00,sent,f,2026-09-25 18:48:16.98446+00
58,145,145,github,5587087141,2026-09-25 18:48:08.587333+00,2026-09-25 18:48:12.237765+00,cf22197c-bdf2-4791-bfaa-114b197d1261,Amenaza critical detectada,critical,"{slack,email}",2026-09-25 18:48:16.98446+00,2026-09-25 18:48:16.98446+00,sent,f,2026-09-25 18:48:16.98446+00
59,146,146,github,5581953697,2026-09-25 18:48:08.587333+00,2026-09-25 18:48:12.237765+00,c65e3e9f-f761-419f-9900-c84510951508,Amenaza high detectada,high,"{slack,email}",2026-09-25 18:48:16.98446+00,2026-09-25 18:48:16.98446+00,sent,f,2026-09-25 18:48:16.98446+00
60,147,147,github,1674512134,2026-09-25 18:48:08.587333+00,2026-09-25 18:48:12.237765+00,c5f74bf8-151d-454f-b35c-8c1259211376,Amenaza high detectada,high,"{slack,email}",2026-09-25 18:48:16.98446+00,2026-09-25 18:48:16.98446+00,sent,f,2026-09-25 18:48:16.98446+00
61,148,148,github,5587086436,2026-09-25 18:48:08.587333+00,2026-09-25 18:48:12.237765+00,eb234f63-12c6-4b8f-b7e4-3e31a47fe1ed,Amenaza critical detectada,critical,"{slack,email}",2026-09-25 18:48:16.98446+00,2026-09-25 18:48:16.98446+00,sent,f,2026-09-25 18:48:16.98446+00
62,149,149,github,5587085702,2026-09-25 18:48:08.587333+00,2026-09-25 18:48:12.237765+00,38dbd3d2-ce75-4ab8-be15-5dcd6018ce30,Amenaza critical detectada,critical,"{slack,email}",2026-09-25 18:48:16.98446+00,2026-09-25 18:48:16.98446+00,sent,f,2026-09-25 18:48:16.98446+00
63,150,150,github,3342159124,2026-09-25 18:48:08.587333+00,2026-09-25 18:48:12.237765+00,2f559ffb-3275-41ac-9777-e8512c4c5238,Amenaza critical detectada,critical,"{slack,email}",2026-09-25 18:48:16.98446+00,2026-09-25 18:48:16.98446+00,sent,f,2026-09-25 18:48:16.98446+00
64,152,152,github,2726695921,2026-09-25 19:00:59.07526+00,2026-09-25 19:01:00.217315+00,16004e85-0414-4b0b-8038-c878bf627eb8,Amenaza high detectada,high,"{slack,email}",2026-09-25 19:01:05.095352+00,2026-09-25 19:01:05.095352+00,sent,f,2026-09-25 19:01:05.095352+00
65,155,155,github,1760851013,2026-09-25 19:00:59.07526+00,2026-09-25 19:01:00.217315+00,9f58d06a-6df2-4b5a-b910-f4ff4642dcfc,Amenaza critical detectada,critical,"{slack,email}",2026-09-25 19:01:05.095352+00,2026-09-25 19:01:05.095352+00,sent,f,2026-09-25 19:01:05.095352+00
66,157,157,github,5047952234,2026-09-25 19:00:59.07526+00,2026-09-25 19:01:00.217315+00,651a6c6d-2017-4c6b-9c3d-5bf52c4788a2,Amenaza high detectada,high,"{slack,email}",2026-09-25 19:01:05.095352+00,2026-09-25 19:01:05.095352+00,sent,f,2026-09-25 19:01:05.095352+00
67,158,158,github,5511916724,2026-09-25 19:00:59.07526+00,2026-09-25 19:01:00.217315+00,01a9ab3e-cde4-4527-a797-1066e1d2beb8,Amenaza critical detectada,critical,"{slack,email}",2026-09-25 19:01:05.095352+00,2026-09-25 19:01:05.095352+00,sent,f,2026-09-25 19:01:05.095352+00
68,159,159,github,5529780156,2026-09-25 19:00:59.07526+00,2026-09-25 19:01:00.217315+00,e490f350-b6ff-485f-a404-d2672ce1884c,Amenaza high detectada,high,"{slack,email}",2026-09-25 19:01:05.095352+00,2026-09-25 19:01:05.095352+00,sent,f,2026-09-25 19:01:05.095352+00
69,160,160,github,2222477215,2026-09-25 19:00:59.07526+00,2026-09-25 19:01:00.217315+00,fae80d92-da59-498a-84c2-ecab9925696a,Amenaza high detectada,high,"{slack,email}",2026-09-25 19:01:05.095352+00,2026-09-25 19:01:05.095352+00,sent,f,2026-09-25 19:01:05.095352+00
70,161,161,github,3781750565,2026-09-25 19:00:59.07526+00,2026-09-25 19:01:00.217315+00,2ac83f8e-dd9c-43fa-96c3-b2bb552dc0f8,Amenaza critical detectada,critical,"{slack,email}",2026-09-25 19:01:05.095352+00,2026-09-25 19:01:05.095352+00,sent,f,2026-09-25 19:01:05.095352+00
71,163,163,github,5512575755,2026-09-25 19:00:59.07526+00,2026-09-25 19:01:00.217315+00,94507aa4-c0b0-4b30-af63-e100838f6b30,Amenaza high detectada,high,"{slack,email}",2026-09-25 19:01:05.095352+00,2026-09-25 19:01:05.095352+00,sent,f,2026-09-25 19:01:05.095352+00
72,164,164,github,3689410406,2026-09-25 19:00:59.07526+00,2026-09-25 19:01:00.217315+00,40db99b1-ba44-4f2b-b380-af049f3b0d11,Amenaza critical detectada,critical,"{slack,email}",2026-09-25 19:01:05.095352+00,2026-09-25 19:01:05.095352+00,sent,f,2026-09-25 19:01:05.095352+00
73,165,165,github,5443632241,2026-09-25 19:00:59.07526+00,2026-09-25 19:01:00.217315+00,15cfdda9-abe6-4e26-915c-7173236ce76c,Amenaza critical detectada,critical,"{slack,email}",2026-09-25 19:01:05.095352+00,2026-09-25 19:01:05.095352+00,sent,f,2026-09-25 19:01:05.095352+00
74,166,166,github,2096328674,2026-09-25 19:00:59.07526+00,2026-09-25 19:01:00.217315+00,180a0891-1325-481d-bf63-f67b37910bea,Amenaza critical detectada,critical,"{slack,email}",2026-09-25 19:01:05.095352+00,2026-09-25 19:01:05.095352+00,sent,f,2026-09-25 19:01:05.095352+00
75,169,169,github,5587124185,2026-09-25 19:00:59.07526+00,2026-09-25 19:01:00.217315+00,114c87eb-3b2e-48f1-8d61-39385b590e37,Amenaza critical detectada,critical,"{slack,email}",2026-09-25 19:01:05.095352+00,2026-09-25 19:01:05.095352+00,sent,f,2026-09-25 19:01:05.095352+00
76,170,170,github,978714315,2026-09-25 19:00:59.07526+00,2026-09-25 19:01:00.217315+00,99b560c3-10a0-4146-82c8-0cb350fc70b0,Amenaza high detectada,high,"{slack,email}",2026-09-25 19:01:05.095352+00,2026-09-25 19:01:05.095352+00,sent,f,2026-09-25 19:01:05.095352+00
77,171,171,github,5206025455,2026-09-25 19:00:59.07526+00,2026-09-25 19:01:00.217315+00,ff37d06d-023a-4c4c-84d4-92757cd4ecd6,Amenaza high detectada,high,"{slack,email}",2026-09-25 19:01:05.095352+00,2026-09-25 19:01:05.095352+00,sent,f,2026-09-25 19:01:05.095352+00
78,172,172,github,1181754689,2026-09-25 19:00:59.07526+00,2026-09-25 19:01:00.217315+00,0188871d-bde9-4391-9eda-d97b259ef1f7,Amenaza critical detectada,critical,"{slack,email}",2026-09-25 19:01:05.095352+00,2026-09-25 19:01:05.095352+00,sent,f,2026-09-25 19:01:05.095352+00
79,175,175,github,5558148850,2026-09-25 19:00:59.07526+00,2026-09-25 19:01:00.217315+00,a073e764-cd9d-4aeb-94cc-7f19391be6a6,Amenaza high detectada,high,"{slack,email}",2026-09-25 19:01:05.095352+00,2026-09-25 19:01:05.095352+00,sent,f,2026-09-25 19:01:05.095352+00
80,176,176,github,2980652637,2026-09-25 19:00:59.07526+00,2026-09-25 19:01:00.217315+00,b723e98f-f0f2-443e-a8fe-2bdd36e584e1,Amenaza critical detectada,critical,"{slack,email}",2026-09-25 19:01:05.095352+00,2026-09-25 19:01:05.095352+00,sent,f,2026-09-25 19:01:05.095352+00
81,181,181,github,1161501200,2026-09-25 19:00:59.07526+00,2026-09-25 19:01:00.217315+00,ad70560e-a9dd-4163-8e2c-0f286b0c6857,Amenaza high detectada,high,"{slack,email}",2026-09-25 19:01:05.095352+00,2026-09-25 19:01:05.095352+00,sent,f,2026-09-25 19:01:05.095352+00
82,182,182,github,2421315404,2026-09-25 19:00:59.07526+00,2026-09-25 19:01:00.217315+00,8b505f89-acb0-40ae-8fab-cb48274fcc73,Amenaza critical detectada,critical,"{slack,email}",2026-09-25 19:01:05.095352+00,2026-09-25 19:01:05.095352+00,sent,f,2026-09-25 19:01:05.095352+00
83,183,183,github,4273075978,2026-09-25 19:00:59.07526+00,2026-09-25 19:01:00.217315+00,e67f6d50-6db8-4716-b1b4-5f5b00aad172,Amenaza critical detectada,critical,"{slack,email}",2026-09-25 19:01:05.095352+00,2026-09-25 19:01:05.095352+00,sent,f,2026-09-25 19:01:05.095352+00
84,184,184,github,5583047945,2026-09-25 19:00:59.07526+00,2026-09-25 19:01:00.217315+00,8af7877d-4786-44fa-8312-fbaf7fbee943,Amenaza high detectada,high,"{slack,email}",2026-09-25 19:01:05.095352+00,2026-09-25 19:01:05.095352+00,sent,f,2026-09-25 19:01:05.095352+00
85,185,185,github,5583707384,2026-09-25 19:00:59.07526+00,2026-09-25 19:01:00.217315+00,34eeda1d-5d32-41e5-a9a3-e2a4a821909e,Amenaza high detectada,high,"{slack,email}",2026-09-25 19:01:05.095352+00,2026-09-25 19:01:05.095352+00,sent,f,2026-09-25 19:01:05.095352+00
86,186,186,github,4045942574,2026-09-25 19:00:59.07526+00,2026-09-25 19:01:00.217315+00,ad93dbe8-20ea-4edc-8102-ec61766a7172,Amenaza high detectada,high,"{slack,email}",2026-09-25 19:01:05.095352+00,2026-09-25 19:01:05.095352+00,sent,f,2026-09-25 19:01:05.095352+00
87,187,187,github,5579475947,2026-09-25 19:00:59.07526+00,2026-09-25 19:01:00.217315+00,2fce1f5d-1d98-49c3-9da3-0b6fa906e31c,Amenaza high detectada,high,"{slack,email}",2026-09-25 19:01:05.095352+00,2026-09-25 19:01:05.095352+00,sent,f,2026-09-25 19:01:05.095352+00
88,188,188,github,5366787879,2026-09-25 19:00:59.07526+00,2026-09-25 19:01:00.217315+00,56d45747-1958-48b5-93c7-33ec318d4213,Amenaza high detectada,high,"{slack,email}",2026-09-25 19:01:05.095352+00,2026-09-25 19:01:05.095352+00,sent,f,2026-09-25 19:01:05.095352+00
89,189,189,github,4624180653,2026-09-25 19:00:59.07526+00,2026-09-25 19:01:00.217315+00,b2b18e1e-4c02-44b6-a623-37fad5a04fe9,Amenaza high detectada,high,"{slack,email}",2026-09-25 19:01:05.095352+00,2026-09-25 19:01:05.095352+00,sent,f,2026-09-25 19:01:05.095352+00
90,190,190,github,1029480871,2026-09-25 19:00:59.07526+00,2026-09-25 19:01:00.217315+00,702616f5-29e2-442c-a46a-784e99bcec1c,Amenaza high detectada,high,"{slack,email}",2026-09-25 19:01:05.095352+00,2026-09-25 19:01:05.095352+00,sent,f,2026-09-25 19:01:05.095352+00
91,191,191,github,5587223311,2026-09-25 19:00:59.07526+00,2026-09-25 19:01:00.217315+00,61652d60-3bff-4c84-b2fa-a571abfa11dc,Amenaza high detectada,high,"{slack,email}",2026-09-25 19:01:05.095352+00,2026-09-25 19:01:05.095352+00,sent,f,2026-09-25 19:01:05.095352+00
92,192,192,github,2897106872,2026-09-25 19:00:59.07526+00,2026-09-25 19:01:00.217315+00,5473a74a-189e-4e1b-a0c6-ec98754c1eee,Amenaza high detectada,high,"{slack,email}",2026-09-25 19:01:05.095352+00,2026-09-25 19:01:05.095352+00,sent,f,2026-09-25 19:01:05.095352+00
93,194,194,github,3004284028,2026-09-25 19:00:59.07526+00,2026-09-25 19:01:00.217315+00,5c546309-d600-41d0-8df8-26d4dea39e07,Amenaza critical detectada,critical,"{slack,email}",2026-09-25 19:01:05.095352+00,2026-09-25 19:01:05.095352+00,sent,f,2026-09-25 19:01:05.095352+00
94,195,195,github,1029425172,2026-09-25 19:00:59.07526+00,2026-09-25 19:01:00.217315+00,3606f5d7-5ee3-44d3-9b1a-a478bccea58d,Amenaza high detectada,high,"{slack,email}",2026-09-25 19:01:05.095352+00,2026-09-25 19:01:05.095352+00,sent,f,2026-09-25 19:01:05.095352+00
95,196,196,github,5586073780,2026-09-25 19:00:59.07526+00,2026-09-25 19:01:00.217315+00,2bd45d88-1577-4d3c-b0b2-8fb4306a3239,Amenaza high detectada,high,"{slack,email}",2026-09-25 19:01:05.095352+00,2026-09-25 19:01:05.095352+00,sent,f,2026-09-25 19:01:05.095352+00
96,197,197,github,4798177477,2026-09-25 19:00:59.07526+00,2026-09-25 19:01:00.217315+00,42681529-81be-436d-93cb-5be00931acbd,Amenaza high detectada,high,"{slack,email}",2026-09-25 19:01:05.095352+00,2026-09-25 19:01:05.095352+00,sent,f,2026-09-25 19:01:05.095352+00
97,198,198,github,3277156954,2026-09-25 19:00:59.07526+00,2026-09-25 19:01:00.217315+00,59da6b30-f9fc-49fe-a8fa-f36221e276dc,Amenaza high detectada,high,"{slack,email}",2026-09-25 19:01:05.095352+00,2026-09-25 19:01:05.095352+00,sent,f,2026-09-25 19:01:05.095352+00
98,199,199,github,4044335920,2026-09-25 19:00:59.07526+00,2026-09-25 19:01:00.217315+00,cb36c4ca-8169-4813-ba1c-7635af1f355f,Amenaza high detectada,high,"{slack,email}",2026-09-25 19:01:05.095352+00,2026-09-25 19:01:05.095352+00,sent,f,2026-09-25 19:01:05.095352+00
99,200,200,github,5413513574,2026-09-25 19:00:59.07526+00,2026-09-25 19:01:00.217315+00,4d105f65-e17a-4adb-b943-665f66226157,Amenaza high detectada,high,"{slack,email}",2026-09-25 19:01:05.095352+00,2026-09-25 19:01:05.095352+00,sent,f,2026-09-25 19:01:05.095352+00
100,203,203,github,2649066518,2026-09-25 19:15:59.043469+00,2026-09-25 19:16:00.709394+00,92ffcef2-4f1a-43f5-9af4-b03ec9190a16,Amenaza high detectada,high,"{slack,email}",2026-09-25 19:16:04.999181+00,2026-09-25 19:16:04.999181+00,sent,f,2026-09-25 19:16:04.999181+00
101,205,205,github,5586924014,2026-09-25 19:15:59.043469+00,2026-09-25 19:16:00.709394+00,6e9b00a2-857d-481b-97f3-af950dbdc1ed,Amenaza critical detectada,critical,"{slack,email}",2026-09-25 19:16:04.999181+00,2026-09-25 19:16:04.999181+00,sent,f,2026-09-25 19:16:04.999181+00
102,206,206,github,909872759,2026-09-25 19:15:59.043469+00,2026-09-25 19:16:00.709394+00,f40816e2-b210-4ac3-95ad-2bc4f3bb66e6,Amenaza high detectada,high,"{slack,email}",2026-09-25 19:16:04.999181+00,2026-09-25 19:16:04.999181+00,sent,f,2026-09-25 19:16:04.999181+00
103,207,207,github,5587386193,2026-09-25 19:15:59.043469+00,2026-09-25 19:16:00.709394+00,cb8a884c-2f8e-4f56-940f-580afdb4557f,Amenaza high detectada,high,"{slack,email}",2026-09-25 19:16:04.999181+00,2026-09-25 19:16:04.999181+00,sent,f,2026-09-25 19:16:04.999181+00
104,208,208,github,1799085829,2026-09-25 19:15:59.043469+00,2026-09-25 19:16:00.709394+00,fad1707c-5df4-4241-842c-758f343b7820,Amenaza high detectada,high,"{slack,email}",2026-09-25 19:16:04.999181+00,2026-09-25 19:16:04.999181+00,sent,f,2026-09-25 19:16:04.999181+00
105,210,210,github,2644301122,2026-09-25 19:15:59.043469+00,2026-09-25 19:16:00.709394+00,55c72aae-51f2-4b5b-b730-fc2634fd8cb5,Amenaza critical detectada,critical,"{slack,email}",2026-09-25 19:16:04.999181+00,2026-09-25 19:16:04.999181+00,sent,f,2026-09-25 19:16:04.999181+00
106,212,212,github,5404320707,2026-09-25 19:15:59.043469+00,2026-09-25 19:16:00.709394+00,5fa288ba-0904-4f54-b6e5-2f10aec6d240,Amenaza high detectada,high,"{slack,email}",2026-09-25 19:16:04.999181+00,2026-09-25 19:16:04.999181+00,sent,f,2026-09-25 19:16:04.999181+00
107,216,216,github,3016708430,2026-09-25 19:15:59.043469+00,2026-09-25 19:16:00.709394+00,7dfb407d-b759-4991-b905-9e11bef598d0,Amenaza high detectada,high,"{slack,email}",2026-09-25 19:16:04.999181+00,2026-09-25 19:16:04.999181+00,sent,f,2026-09-25 19:16:04.999181+00
108,217,217,github,5242023067,2026-09-25 19:15:59.043469+00,2026-09-25 19:16:00.709394+00,8c2d3ac6-43a7-456d-8847-aedcc4e194d0,Amenaza high detectada,high,"{slack,email}",2026-09-25 19:16:04.999181+00,2026-09-25 19:16:04.999181+00,sent,f,2026-09-25 19:16:04.999181+00
109,218,218,github,4053869077,2026-09-25 19:15:59.043469+00,2026-09-25 19:16:00.709394+00,748c7a28-fe6c-43f5-b022-dccc720ad7fb,Amenaza high detectada,high,"{slack,email}",2026-09-25 19:16:04.999181+00,2026-09-25 19:16:04.999181+00,sent,f,2026-09-25 19:16:04.999181+00
110,219,219,github,3902523144,2026-09-25 19:15:59.043469+00,2026-09-25 19:16:00.709394+00,c6949d4a-8e32-4414-94f2-43fbfdd818ce,Amenaza high detectada,high,"{slack,email}",2026-09-25 19:16:04.999181+00,2026-09-25 19:16:04.999181+00,sent,f,2026-09-25 19:16:04.999181+00
111,220,220,github,4708126402,2026-09-25 19:15:59.043469+00,2026-09-25 19:16:00.709394+00,87c1df63-f4f7-4173-8c33-83a910f4cce3,Amenaza high detectada,high,"{slack,email}",2026-09-25 19:16:04.999181+00,2026-09-25 19:16:04.999181+00,sent,f,2026-09-25 19:16:04.999181+00
112,221,221,github,5311017724,2026-09-25 19:15:59.043469+00,2026-09-25 19:16:00.709394+00,2c9c12f7-01b8-40c5-b0ef-2d42d3b480b0,Amenaza high detectada,high,"{slack,email}",2026-09-25 19:16:04.999181+00,2026-09-25 19:16:04.999181+00,sent,f,2026-09-25 19:16:04.999181+00
113,222,222,github,2568266579,2026-09-25 19:15:59.043469+00,2026-09-25 19:16:00.709394+00,f5d2d2ce-0d1a-4204-865a-167ad1716bb7,Amenaza high detectada,high,"{slack,email}",2026-09-25 19:16:04.999181+00,2026-09-25 19:16:04.999181+00,sent,f,2026-09-25 19:16:04.999181+00
114,224,224,github,3842898749,2026-09-25 19:15:59.043469+00,2026-09-25 19:16:00.709394+00,64852ae9-274b-44a0-b5e5-cbbfd522540f,Amenaza high detectada,high,"{slack,email}",2026-09-25 19:16:04.999181+00,2026-09-25 19:16:04.999181+00,sent,f,2026-09-25 19:16:04.999181+00
115,225,225,github,5586848860,2026-09-25 19:15:59.043469+00,2026-09-25 19:16:00.709394+00,c967a2df-ecbe-4ff7-8dfb-da4d8dbc81e5,Amenaza critical detectada,critical,"{slack,email}",2026-09-25 19:16:04.999181+00,2026-09-25 19:16:04.999181+00,sent,f,2026-09-25 19:16:04.999181+00
116,226,226,github,5261362781,2026-09-25 19:15:59.043469+00,2026-09-25 19:16:00.709394+00,10a44c61-5c6b-4136-8396-47cb644e3338,Amenaza critical detectada,critical,"{slack,email}",2026-09-25 19:16:04.999181+00,2026-09-25 19:16:04.999181+00,sent,f,2026-09-25 19:16:04.999181+00
117,227,227,github,3304722197,2026-09-25 19:15:59.043469+00,2026-09-25 19:16:00.709394+00,0a539489-e054-4bf8-bb87-13943bd4b129,Amenaza high detectada,high,"{slack,email}",2026-09-25 19:16:04.999181+00,2026-09-25 19:16:04.999181+00,sent,f,2026-09-25 19:16:04.999181+00
118,228,228,github,2815462415,2026-09-25 19:15:59.043469+00,2026-09-25 19:16:00.709394+00,b358b941-f69e-4e46-a605-170b88947e28,Amenaza high detectada,high,"{slack,email}",2026-09-25 19:16:04.999181+00,2026-09-25 19:16:04.999181+00,sent,f,2026-09-25 19:16:04.999181+00
119,229,229,github,2935684490,2026-09-25 19:15:59.043469+00,2026-09-25 19:16:00.709394+00,4ef23b29-5a68-4d43-b6f5-1d653f85ce88,Amenaza critical detectada,critical,"{slack,email}",2026-09-25 19:16:04.999181+00,2026-09-25 19:16:04.999181+00,sent,f,2026-09-25 19:16:04.999181+00
120,230,230,github,4586602566,2026-09-25 19:15:59.043469+00,2026-09-25 19:16:00.709394+00,ca1488d4-7232-4792-b667-2cbcdfa3be5c,Amenaza high detectada,high,"{slack,email}",2026-09-25 19:16:04.999181+00,2026-09-25 19:16:04.999181+00,sent,f,2026-09-25 19:16:04.999181+00
121,231,231,github,1029265857,2026-09-25 19:15:59.043469+00,2026-09-25 19:16:00.709394+00,9a30e4a3-cf34-4fee-b878-ab3db1953a30,Amenaza high detectada,high,"{slack,email}",2026-09-25 19:16:04.999181+00,2026-09-25 19:16:04.999181+00,sent,f,2026-09-25 19:16:04.999181+00
122,232,232,github,5575562061,2026-09-25 19:15:59.043469+00,2026-09-25 19:16:00.709394+00,717886fe-d3c0-4778-95ab-9b5b8bfa427c,Amenaza critical detectada,critical,"{slack,email}",2026-09-25 19:16:04.999181+00,2026-09-25 19:16:04.999181+00,sent,f,2026-09-25 19:16:04.999181+00
123,237,237,github,3670525110,2026-09-25 19:15:59.043469+00,2026-09-25 19:16:00.709394+00,7117b41f-e06d-41c3-b0ed-3048d482d442,Amenaza high detectada,high,"{slack,email}",2026-09-25 19:16:04.999181+00,2026-09-25 19:16:04.999181+00,sent,f,2026-09-25 19:16:04.999181+00
124,238,238,github,3304698302,2026-09-25 19:15:59.043469+00,2026-09-25 19:16:00.709394+00,f80970bd-9073-4680-a6d8-a510e2d84919,Amenaza high detectada,high,"{slack,email}",2026-09-25 19:16:04.999181+00,2026-09-25 19:16:04.999181+00,sent,f,2026-09-25 19:16:04.999181+00
125,239,239,github,1712559166,2026-09-25 19:15:59.043469+00,2026-09-25 19:16:00.709394+00,37763ca2-8ec0-4999-a033-bfec932f4750,Amenaza high detectada,high,"{slack,email}",2026-09-25 19:16:04.999181+00,2026-09-25 19:16:04.999181+00,sent,f,2026-09-25 19:16:04.999181+00
126,240,240,github,2651758359,2026-09-25 19:15:59.043469+00,2026-09-25 19:16:00.709394+00,ec7f6d09-a71b-497f-9c66-3b8159c45ad8,Amenaza high detectada,high,"{slack,email}",2026-09-25 19:16:04.999181+00,2026-09-25 19:16:04.999181+00,sent,f,2026-09-25 19:16:04.999181+00
127,241,241,github,5587366332,2026-09-25 19:15:59.043469+00,2026-09-25 19:16:00.709394+00,2c4e3357-5994-4cff-bd02-72a42e5a3c9a,Amenaza critical detectada,critical,"{slack,email}",2026-09-25 19:16:04.999181+00,2026-09-25 19:16:04.999181+00,sent,f,2026-09-25 19:16:04.999181+00
128,242,242,github,4539698551,2026-09-25 19:15:59.043469+00,2026-09-25 19:16:00.709394+00,33759571-18ca-45ac-8231-a5278856ee66,Amenaza high detectada,high,"{slack,email}",2026-09-25 19:16:04.999181+00,2026-09-25 19:16:04.999181+00,sent,f,2026-09-25 19:16:04.999181+00
129,243,243,github,2565696784,2026-09-25 19:15:59.043469+00,2026-09-25 19:16:00.709394+00,36ed8b16-f912-478c-af93-264cb0829699,Amenaza high detectada,high,"{slack,email}",2026-09-25 19:16:04.999181+00,2026-09-25 19:16:04.999181+00,sent,f,2026-09-25 19:16:04.999181+00
130,244,244,github,1029522053,2026-09-25 19:15:59.043469+00,2026-09-25 19:16:00.709394+00,d929d205-5916-4293-9aea-afa1848858da,Amenaza critical detectada,critical,"{slack,email}",2026-09-25 19:16:04.999181+00,2026-09-25 19:16:04.999181+00,sent,f,2026-09-25 19:16:04.999181+00
131,246,246,github,5587364277,2026-09-25 19:15:59.043469+00,2026-09-25 19:16:00.709394+00,4ea4aef3-8e27-4aae-93b9-a0fcfc3d9f42,Amenaza high detectada,high,"{slack,email}",2026-09-25 19:16:04.999181+00,2026-09-25 19:16:04.999181+00,sent,f,2026-09-25 19:16:04.999181+00
132,263,263,hackernews,49826381,2026-09-27 03:16:00.617564+00,2026-09-27 03:16:03.27469+00,12ac1f15-8ade-4c87-8fb2-99fdd5712bd0,Amenaza high detectada,high,"{slack,email}",2026-09-27 03:16:07.992114+00,2026-09-27 03:16:07.992114+00,sent,f,2026-09-27 03:16:07.992114+00
133,266,266,github,5599240013,2026-09-27 03:16:00.617564+00,2026-09-27 03:16:03.27469+00,dfa1f56d-f2e5-48df-a0d4-ba4f621d8e6f,Amenaza high detectada,high,"{slack,email}",2026-09-27 03:16:07.992114+00,2026-09-27 03:16:07.992114+00,sent,f,2026-09-27 03:16:07.992114+00
134,267,267,github,3903261893,2026-09-27 03:16:00.617564+00,2026-09-27 03:16:03.27469+00,a6684715-877f-4768-b68d-4f4bfe78689c,Amenaza high detectada,high,"{slack,email}",2026-09-27 03:16:07.992114+00,2026-09-27 03:16:07.992114+00,sent,f,2026-09-27 03:16:07.992114+00
135,270,270,github,5576985402,2026-09-27 03:16:00.617564+00,2026-09-27 03:16:03.27469+00,2cc56f53-9bab-42ff-90d5-9fd3e7b9efa6,Amenaza high detectada,high,"{slack,email}",2026-09-27 03:16:07.992114+00,2026-09-27 03:16:07.992114+00,sent,f,2026-09-27 03:16:07.992114+00
136,271,271,github,5598466227,2026-09-27 03:16:00.617564+00,2026-09-27 03:16:03.27469+00,8a506714-15df-4958-8fa5-caa815a4dac1,Amenaza critical detectada,critical,"{slack,email}",2026-09-27 03:16:07.992114+00,2026-09-27 03:16:07.992114+00,sent,f,2026-09-27 03:16:07.992114+00
137,276,276,github,4226179457,2026-09-27 03:16:00.617564+00,2026-09-27 03:16:03.27469+00,a985dc0c-90c2-47da-af9a-b637bde700c8,Amenaza critical detectada,critical,"{slack,email}",2026-09-27 03:16:07.992114+00,2026-09-27 03:16:07.992114+00,sent,f,2026-09-27 03:16:07.992114+00
138,277,277,github,2014846933,2026-09-27 03:16:00.617564+00,2026-09-27 03:16:03.27469+00,eaba96ed-4ce3-4197-b4c3-caa30f505a54,Amenaza high detectada,high,"{slack,email}",2026-09-27 03:16:07.992114+00,2026-09-27 03:16:07.992114+00,sent,f,2026-09-27 03:16:07.992114+00
139,280,280,github,3439212407,2026-09-27 03:16:00.617564+00,2026-09-27 03:16:03.27469+00,b672589a-58bf-40e6-94ec-d04388acb14f,Amenaza high detectada,high,"{slack,email}",2026-09-27 03:16:07.992114+00,2026-09-27 03:16:07.992114+00,sent,f,2026-09-27 03:16:07.992114+00
140,281,281,github,5119338708,2026-09-27 03:16:00.617564+00,2026-09-27 03:16:03.27469+00,2a70b30a-1f7b-42cb-8e84-01e3f1ed72a0,Amenaza high detectada,high,"{slack,email}",2026-09-27 03:16:07.992114+00,2026-09-27 03:16:07.992114+00,sent,f,2026-09-27 03:16:07.992114+00
141,282,282,github,5354182386,2026-09-27 03:16:00.617564+00,2026-09-27 03:16:03.27469+00,6584d467-3b35-425b-bec1-833ea826e564,Amenaza high detectada,high,"{slack,email}",2026-09-27 03:16:07.992114+00,2026-09-27 03:16:07.992114+00,sent,f,2026-09-27 03:16:07.992114+00
142,285,285,github,5350609519,2026-09-27 03:16:00.617564+00,2026-09-27 03:16:03.27469+00,fb573bf6-9e8f-4de4-b8e2-07701374220b,Amenaza high detectada,high,"{slack,email}",2026-09-27 03:16:07.992114+00,2026-09-27 03:16:07.992114+00,sent,f,2026-09-27 03:16:07.992114+00
143,287,287,github,5548942732,2026-09-27 03:16:00.617564+00,2026-09-27 03:16:03.27469+00,a272cad3-c8ba-46d5-b21a-1d46c3b5f8e1,Amenaza critical detectada,critical,"{slack,email}",2026-09-27 03:16:07.992114+00,2026-09-27 03:16:07.992114+00,sent,f,2026-09-27 03:16:07.992114+00
144,289,289,github,5562910605,2026-09-27 03:16:00.617564+00,2026-09-27 03:16:03.27469+00,99fe7e25-6526-484b-917d-1ca2eb70f1e3,Amenaza critical detectada,critical,"{slack,email}",2026-09-27 03:16:07.992114+00,2026-09-27 03:16:07.992114+00,sent,f,2026-09-27 03:16:07.992114+00
145,294,294,github,3808216497,2026-09-27 03:16:00.617564+00,2026-09-27 03:16:03.27469+00,3bd7c96f-2d8c-4e03-9f29-5a4e4a0fdb62,Amenaza high detectada,high,"{slack,email}",2026-09-27 03:16:07.992114+00,2026-09-27 03:16:07.992114+00,sent,f,2026-09-27 03:16:07.992114+00
146,295,295,github,1662335477,2026-09-27 03:16:00.617564+00,2026-09-27 03:16:03.27469+00,119833b4-a22b-453d-bb7c-fc3427db36e8,Amenaza high detectada,high,"{slack,email}",2026-09-27 03:16:07.992114+00,2026-09-27 03:16:07.992114+00,sent,f,2026-09-27 03:16:07.992114+00
147,297,297,github,3399531487,2026-09-27 03:16:00.617564+00,2026-09-27 03:16:03.27469+00,feee2e02-10b5-468d-8d22-6caa8dbb8306,Amenaza high detectada,high,"{slack,email}",2026-09-27 03:16:07.992114+00,2026-09-27 03:16:07.992114+00,sent,f,2026-09-27 03:16:07.992114+00
148,298,298,github,1029694722,2026-09-27 03:16:00.617564+00,2026-09-27 03:16:03.27469+00,f7a23a8f-3489-4622-899c-6885975fbd1b,Amenaza high detectada,high,"{slack,email}",2026-09-27 03:16:07.992114+00,2026-09-27 03:16:07.992114+00,sent,f,2026-09-27 03:16:07.992114+00
149,301,301,github,5594199273,2026-09-27 03:16:00.617564+00,2026-09-27 03:16:03.27469+00,ba3c0437-1698-4b7e-bbb9-54c56a5b97d3,Amenaza critical detectada,critical,"{slack,email}",2026-09-27 03:16:07.992114+00,2026-09-27 03:16:07.992114+00,sent,f,2026-09-27 03:16:07.992114+00
150,302,302,github,5379360699,2026-09-27 03:16:00.617564+00,2026-09-27 03:16:03.27469+00,ba72e866-3c3b-4f73-8732-064fd0f71ffa,Amenaza critical detectada,critical,"{slack,email}",2026-09-27 03:16:07.992114+00,2026-09-27 03:16:07.992114+00,sent,f,2026-09-27 03:16:07.992114+00
151,303,303,github,5187694467,2026-09-27 03:16:00.617564+00,2026-09-27 03:16:03.27469+00,82876edc-d67e-4829-bd3f-c56a5f5fbe78,Amenaza high detectada,high,"{slack,email}",2026-09-27 03:16:07.992114+00,2026-09-27 03:16:07.992114+00,sent,f,2026-09-27 03:16:07.992114+00
152,304,304,github,4907082103,2026-09-27 03:16:00.617564+00,2026-09-27 03:16:03.27469+00,37a26d61-e6b9-491b-8838-5156371ae371,Amenaza high detectada,high,"{slack,email}",2026-09-27 03:16:07.992114+00,2026-09-27 03:16:07.992114+00,sent,f,2026-09-27 03:16:07.992114+00
153,307,307,github,4713841751,2026-09-27 03:16:00.617564+00,2026-09-27 03:16:03.27469+00,fe246425-4fd8-4f22-9692-5f57c70d0a98,Amenaza critical detectada,critical,"{slack,email}",2026-09-27 03:16:07.992114+00,2026-09-27 03:16:07.992114+00,sent,f,2026-09-27 03:16:07.992114+00
154,312,312,github,5599436920,2026-09-27 03:30:58.547893+00,2026-09-27 03:31:00.444598+00,085cb324-265c-42a1-9106-d1f5f49b926c,Amenaza critical detectada,critical,"{slack,email}",2026-09-27 03:31:05.41024+00,2026-09-27 03:31:05.41024+00,sent,f,2026-09-27 03:31:05.41024+00
155,313,313,github,2558408342,2026-09-27 03:30:58.547893+00,2026-09-27 03:31:00.444598+00,14d09903-dbcb-4e87-a237-3f2f5916d2a3,Amenaza high detectada,high,"{slack,email}",2026-09-27 03:31:05.41024+00,2026-09-27 03:31:05.41024+00,sent,f,2026-09-27 03:31:05.41024+00
156,314,314,github,5599294199,2026-09-27 03:30:58.547893+00,2026-09-27 03:31:00.444598+00,221b1853-9175-484d-9324-341c30b88773,Amenaza critical detectada,critical,"{slack,email}",2026-09-27 03:31:05.41024+00,2026-09-27 03:31:05.41024+00,sent,f,2026-09-27 03:31:05.41024+00
157,315,315,github,5599440511,2026-09-27 03:30:58.547893+00,2026-09-27 03:31:00.444598+00,8d6d2291-da0a-4265-8481-8ea4c943d7f0,Amenaza high detectada,high,"{slack,email}",2026-09-27 03:31:05.41024+00,2026-09-27 03:31:05.41024+00,sent,f,2026-09-27 03:31:05.41024+00
158,317,317,github,3299449759,2026-09-27 03:30:58.547893+00,2026-09-27 03:31:00.444598+00,e008ed19-e73e-4082-b773-c6a681da6bf1,Amenaza high detectada,high,"{slack,email}",2026-09-27 03:31:05.41024+00,2026-09-27 03:31:05.41024+00,sent,f,2026-09-27 03:31:05.41024+00
159,318,318,github,5599439897,2026-09-27 03:30:58.547893+00,2026-09-27 03:31:00.444598+00,d26ea738-f4db-4b1f-8c0a-ff2b6cd40431,Amenaza critical detectada,critical,"{slack,email}",2026-09-27 03:31:05.41024+00,2026-09-27 03:31:05.41024+00,sent,f,2026-09-27 03:31:05.41024+00
160,319,319,github,5517026801,2026-09-27 03:30:58.547893+00,2026-09-27 03:31:00.444598+00,b3222b99-e4d3-46f3-bd77-abbfd671f8b2,Amenaza critical detectada,critical,"{slack,email}",2026-09-27 03:31:05.41024+00,2026-09-27 03:31:05.41024+00,sent,f,2026-09-27 03:31:05.41024+00
161,321,321,github,5318702974,2026-09-27 03:30:58.547893+00,2026-09-27 03:31:00.444598+00,9a0ed65d-16bd-4f30-9798-d249fb789b3b,Amenaza high detectada,high,"{slack,email}",2026-09-27 03:31:05.41024+00,2026-09-27 03:31:05.41024+00,sent,f,2026-09-27 03:31:05.41024+00
162,323,323,github,1846772828,2026-09-27 03:30:58.547893+00,2026-09-27 03:31:00.444598+00,1f322c21-902f-4d50-aae3-6e73109f44dc,Amenaza critical detectada,critical,"{slack,email}",2026-09-27 03:31:05.41024+00,2026-09-27 03:31:05.41024+00,sent,f,2026-09-27 03:31:05.41024+00
163,324,324,github,5599429384,2026-09-27 03:30:58.547893+00,2026-09-27 03:31:00.444598+00,006575e9-b246-4b78-a67f-65fc5fe5f4f1,Amenaza critical detectada,critical,"{slack,email}",2026-09-27 03:31:05.41024+00,2026-09-27 03:31:05.41024+00,sent,f,2026-09-27 03:31:05.41024+00
164,325,325,github,2293484419,2026-09-27 03:30:58.547893+00,2026-09-27 03:31:00.444598+00,af64c7f0-3d3a-4fcb-b189-70a23bc7a3ab,Amenaza critical detectada,critical,"{slack,email}",2026-09-27 03:31:05.41024+00,2026-09-27 03:31:05.41024+00,sent,f,2026-09-27 03:31:05.41024+00
165,326,326,github,5120422530,2026-09-27 03:30:58.547893+00,2026-09-27 03:31:00.444598+00,a8da5251-44e5-4eee-8e22-afad49859d0c,Amenaza high detectada,high,"{slack,email}",2026-09-27 03:31:05.41024+00,2026-09-27 03:31:05.41024+00,sent,f,2026-09-27 03:31:05.41024+00
166,328,328,github,5037710148,2026-09-27 03:30:58.547893+00,2026-09-27 03:31:00.444598+00,bfdde0a1-9a47-4370-b263-cedb4e400b84,Amenaza high detectada,high,"{slack,email}",2026-09-27 03:31:05.41024+00,2026-09-27 03:31:05.41024+00,sent,f,2026-09-27 03:31:05.41024+00
167,332,332,github,4715399487,2026-09-27 03:30:58.547893+00,2026-09-27 03:31:00.444598+00,d15c5cd3-f700-445a-ae5c-01567fba5611,Amenaza high detectada,high,"{slack,email}",2026-09-27 03:31:05.41024+00,2026-09-27 03:31:05.41024+00,sent,f,2026-09-27 03:31:05.41024+00
168,333,333,github,5264240155,2026-09-27 03:30:58.547893+00,2026-09-27 03:31:00.444598+00,1ac0f319-38f7-4b34-b5fc-162ea9e132d6,Amenaza critical detectada,critical,"{slack,email}",2026-09-27 03:31:05.41024+00,2026-09-27 03:31:05.41024+00,sent,f,2026-09-27 03:31:05.41024+00
169,334,334,github,4951580844,2026-09-27 03:30:58.547893+00,2026-09-27 03:31:00.444598+00,f26a9c1f-cbc2-46b3-bf50-aedc8bd36ca3,Amenaza high detectada,high,"{slack,email}",2026-09-27 03:31:05.41024+00,2026-09-27 03:31:05.41024+00,sent,f,2026-09-27 03:31:05.41024+00
170,335,335,github,2559203777,2026-09-27 03:30:58.547893+00,2026-09-27 03:31:00.444598+00,437e8176-8c09-4b73-9038-8dded8ed6d1b,Amenaza high detectada,high,"{slack,email}",2026-09-27 03:31:05.41024+00,2026-09-27 03:31:05.41024+00,sent,f,2026-09-27 03:31:05.41024+00
171,336,336,github,5379361997,2026-09-27 03:30:58.547893+00,2026-09-27 03:31:00.444598+00,3e032209-5e82-4cc7-9386-56fd172020c8,Amenaza critical detectada,critical,"{slack,email}",2026-09-27 03:31:05.41024+00,2026-09-27 03:31:05.41024+00,sent,f,2026-09-27 03:31:05.41024+00
172,337,337,github,4050594171,2026-09-27 03:30:58.547893+00,2026-09-27 03:31:00.444598+00,90c71554-8304-4077-8988-ca48a2131cff,Amenaza high detectada,high,"{slack,email}",2026-09-27 03:31:05.41024+00,2026-09-27 03:31:05.41024+00,sent,f,2026-09-27 03:31:05.41024+00
173,339,339,github,3431208312,2026-09-27 03:30:58.547893+00,2026-09-27 03:31:00.444598+00,a18cfc2d-8198-4dd4-9803-4b2764ee6c1d,Amenaza critical detectada,critical,"{slack,email}",2026-09-27 03:31:05.41024+00,2026-09-27 03:31:05.41024+00,sent,f,2026-09-27 03:31:05.41024+00
174,340,340,github,5598914494,2026-09-27 03:30:58.547893+00,2026-09-27 03:31:00.444598+00,de8a6cac-66e0-4359-9b40-5036f5ea3e62,Amenaza critical detectada,critical,"{slack,email}",2026-09-27 03:31:05.41024+00,2026-09-27 03:31:05.41024+00,sent,f,2026-09-27 03:31:05.41024+00
175,342,342,github,2613796469,2026-09-27 03:30:58.547893+00,2026-09-27 03:31:00.444598+00,a1065719-f9a9-4537-811c-903aaa2144a7,Amenaza high detectada,high,"{slack,email}",2026-09-27 03:31:05.41024+00,2026-09-27 03:31:05.41024+00,sent,f,2026-09-27 03:31:05.41024+00
176,344,344,github,5419553660,2026-09-27 03:30:58.547893+00,2026-09-27 03:31:00.444598+00,6f6fc7cb-b347-4dd2-88d9-628934114b08,Amenaza high detectada,high,"{slack,email}",2026-09-27 03:31:05.41024+00,2026-09-27 03:31:05.41024+00,sent,f,2026-09-27 03:31:05.41024+00
177,345,345,github,5556076397,2026-09-27 03:30:58.547893+00,2026-09-27 03:31:00.444598+00,289d338e-4179-4556-b9e5-072b7c623fdc,Amenaza high detectada,high,"{slack,email}",2026-09-27 03:31:05.41024+00,2026-09-27 03:31:05.41024+00,sent,f,2026-09-27 03:31:05.41024+00
178,346,346,github,3565636793,2026-09-27 03:30:58.547893+00,2026-09-27 03:31:00.444598+00,0e25b882-8208-4064-a994-2f6fa0f4f543,Amenaza high detectada,high,"{slack,email}",2026-09-27 03:31:05.41024+00,2026-09-27 03:31:05.41024+00,sent,f,2026-09-27 03:31:05.41024+00
179,349,349,github,1911293787,2026-09-27 03:30:58.547893+00,2026-09-27 03:31:00.444598+00,a32da3de-2b41-4569-8846-0d3d932c1f8d,Amenaza high detectada,high,"{slack,email}",2026-09-27 03:31:05.41024+00,2026-09-27 03:31:05.41024+00,sent,f,2026-09-27 03:31:05.41024+00
180,351,351,github,5599429108,2026-09-27 03:30:58.547893+00,2026-09-27 03:31:00.444598+00,23fb1990-4040-4116-a429-06882e5510cd,Amenaza high detectada,high,"{slack,email}",2026-09-27 03:31:05.41024+00,2026-09-27 03:31:05.41024+00,sent,f,2026-09-27 03:31:05.41024+00
181,353,353,github,5013242176,2026-09-27 03:30:58.547893+00,2026-09-27 03:31:00.444598+00,99fcd4e9-3f7f-4f49-b655-988f987f22fb,Amenaza high detectada,high,"{slack,email}",2026-09-27 03:31:05.41024+00,2026-09-27 03:31:05.41024+00,sent,f,2026-09-27 03:31:05.41024+00
182,354,354,github,5428183434,2026-09-27 03:45:58.332803+00,2026-09-27 03:46:00.389669+00,1cbeca69-4c90-4e03-be32-2fb913ec00d4,Amenaza critical detectada,critical,"{slack,email}",2026-09-27 03:46:13.314699+00,2026-09-27 03:46:13.314699+00,sent,f,2026-09-27 03:46:13.314699+00
183,355,355,github,5599100939,2026-09-27 03:45:58.332803+00,2026-09-27 03:46:00.389669+00,995302f9-bc70-4395-b7af-b2e955531be0,Amenaza high detectada,high,"{slack,email}",2026-09-27 03:46:13.314699+00,2026-09-27 03:46:13.314699+00,sent,f,2026-09-27 03:46:13.314699+00
184,356,356,github,3505213882,2026-09-27 03:45:58.332803+00,2026-09-27 03:46:00.389669+00,7de3d3ca-d26c-4688-bea4-758fc1c086b0,Amenaza high detectada,high,"{slack,email}",2026-09-27 03:46:13.314699+00,2026-09-27 03:46:13.314699+00,sent,f,2026-09-27 03:46:13.314699+00
185,357,357,github,5161824569,2026-09-27 03:45:58.332803+00,2026-09-27 03:46:00.389669+00,0412039d-0340-46bd-ac5b-b89fc17c8906,Amenaza high detectada,high,"{slack,email}",2026-09-27 03:46:13.314699+00,2026-09-27 03:46:13.314699+00,sent,f,2026-09-27 03:46:13.314699+00
186,358,358,github,5557674217,2026-09-27 03:45:58.332803+00,2026-09-27 03:46:00.389669+00,24a5e133-a13c-4a3c-89ef-af52194eb0d3,Amenaza critical detectada,critical,"{slack,email}",2026-09-27 03:46:13.314699+00,2026-09-27 03:46:13.314699+00,sent,f,2026-09-27 03:46:13.314699+00
187,359,359,github,2442729123,2026-09-27 03:45:58.332803+00,2026-09-27 03:46:00.389669+00,761e7076-a19f-4547-968b-87e15d3cdf35,Amenaza high detectada,high,"{slack,email}",2026-09-27 03:46:13.314699+00,2026-09-27 03:46:13.314699+00,sent,f,2026-09-27 03:46:13.314699+00
188,360,360,github,1929241430,2026-09-27 03:45:58.332803+00,2026-09-27 03:46:00.389669+00,a903637a-9cc2-45b5-8120-3cca897b5d9d,Amenaza critical detectada,critical,"{slack,email}",2026-09-27 03:46:13.314699+00,2026-09-27 03:46:13.314699+00,sent,f,2026-09-27 03:46:13.314699+00
189,362,362,github,2393125034,2026-09-27 03:45:58.332803+00,2026-09-27 03:46:00.389669+00,66d4260e-379a-408c-b0f7-c8e0d137cf58,Amenaza high detectada,high,"{slack,email}",2026-09-27 03:46:13.314699+00,2026-09-27 03:46:13.314699+00,sent,f,2026-09-27 03:46:13.314699+00
190,364,364,github,5599506568,2026-09-27 03:45:58.332803+00,2026-09-27 03:46:00.389669+00,608f81d6-148d-4c1c-9705-a2de54bc2b13,Amenaza critical detectada,critical,"{slack,email}",2026-09-27 03:46:13.314699+00,2026-09-27 03:46:13.314699+00,sent,f,2026-09-27 03:46:13.314699+00
191,366,366,github,5469039010,2026-09-27 03:45:58.332803+00,2026-09-27 03:46:00.389669+00,a3937d9a-41d9-4c02-827b-e512a06c167a,Amenaza high detectada,high,"{slack,email}",2026-09-27 03:46:13.314699+00,2026-09-27 03:46:13.314699+00,sent,f,2026-09-27 03:46:13.314699+00
192,367,367,github,4010519246,2026-09-27 03:45:58.332803+00,2026-09-27 03:46:00.389669+00,2c9642e1-9bee-4864-ab76-852a247673b1,Amenaza critical detectada,critical,"{slack,email}",2026-09-27 03:46:13.314699+00,2026-09-27 03:46:13.314699+00,sent,f,2026-09-27 03:46:13.314699+00
193,369,369,github,5349865639,2026-09-27 03:45:58.332803+00,2026-09-27 03:46:00.389669+00,56095a3f-6448-4e56-b7e9-cc7382da9bd2,Amenaza critical detectada,critical,"{slack,email}",2026-09-27 03:46:13.314699+00,2026-09-27 03:46:13.314699+00,sent,f,2026-09-27 03:46:13.314699+00
194,370,370,github,2972336510,2026-09-27 03:45:58.332803+00,2026-09-27 03:46:00.389669+00,d53c5af9-f7b8-4f73-a50f-f9e4550fe439,Amenaza high detectada,high,"{slack,email}",2026-09-27 03:46:13.314699+00,2026-09-27 03:46:13.314699+00,sent,f,2026-09-27 03:46:13.314699+00
195,371,371,github,1029712029,2026-09-27 03:45:58.332803+00,2026-09-27 03:46:00.389669+00,535ac348-2aa9-4e7e-afb1-c1cffbf3ae5a,Amenaza critical detectada,critical,"{slack,email}",2026-09-27 03:46:13.314699+00,2026-09-27 03:46:13.314699+00,sent,f,2026-09-27 03:46:13.314699+00
196,373,373,github,5573282208,2026-09-27 03:45:58.332803+00,2026-09-27 03:46:00.389669+00,87baee2c-5930-4285-85cf-9a6d5bcb5782,Amenaza high detectada,high,"{slack,email}",2026-09-27 03:46:13.314699+00,2026-09-27 03:46:13.314699+00,sent,f,2026-09-27 03:46:13.314699+00
197,379,379,github,1029766486,2026-09-27 03:45:58.332803+00,2026-09-27 03:46:00.389669+00,e195ffd6-d8db-4759-81ee-2a1d2d1a3c86,Amenaza high detectada,high,"{slack,email}",2026-09-27 03:46:13.314699+00,2026-09-27 03:46:13.314699+00,sent,f,2026-09-27 03:46:13.314699+00
198,380,380,github,1029350223,2026-09-27 03:45:58.332803+00,2026-09-27 03:46:00.389669+00,53a5ab0c-3480-46df-954e-8b4529a066a4,Amenaza high detectada,high,"{slack,email}",2026-09-27 03:46:13.314699+00,2026-09-27 03:46:13.314699+00,sent,f,2026-09-27 03:46:13.314699+00
199,381,381,github,5599410947,2026-09-27 03:45:58.332803+00,2026-09-27 03:46:00.389669+00,ca33b08b-32af-49cb-b5d4-c07b4b9c3094,Amenaza high detectada,high,"{slack,email}",2026-09-27 03:46:13.314699+00,2026-09-27 03:46:13.314699+00,sent,f,2026-09-27 03:46:13.314699+00
200,382,382,github,1242751934,2026-09-27 03:45:58.332803+00,2026-09-27 03:46:00.389669+00,93dee51c-9557-4378-b2f2-1820209c1154,Amenaza high detectada,high,"{slack,email}",2026-09-27 03:46:13.314699+00,2026-09-27 03:46:13.314699+00,sent,f,2026-09-27 03:46:13.314699+00
201,383,383,github,5599410795,2026-09-27 03:45:58.332803+00,2026-09-27 03:46:00.389669+00,4e5b329e-49dd-4b3a-9b39-814bc2bd65bc,Amenaza critical detectada,critical,"{slack,email}",2026-09-27 03:46:13.314699+00,2026-09-27 03:46:13.314699+00,sent,f,2026-09-27 03:46:13.314699+00
202,385,385,github,5599410642,2026-09-27 03:45:58.332803+00,2026-09-27 03:46:00.389669+00,e387aa74-3c49-4c7b-a510-6ff7fbca1195,Amenaza critical detectada,critical,"{slack,email}",2026-09-27 03:46:13.314699+00,2026-09-27 03:46:13.314699+00,sent,f,2026-09-27 03:46:13.314699+00
203,386,386,github,5597541416,2026-09-27 03:45:58.332803+00,2026-09-27 03:46:00.389669+00,46527b65-223e-4f6f-acf3-ec2e2ac7318f,Amenaza critical detectada,critical,"{slack,email}",2026-09-27 03:46:13.314699+00,2026-09-27 03:46:13.314699+00,sent,f,2026-09-27 03:46:13.314699+00
204,387,387,github,4851443095,2026-09-27 03:45:58.332803+00,2026-09-27 03:46:00.389669+00,687a2558-2af3-4f96-b645-84437729442a,Amenaza high detectada,high,"{slack,email}",2026-09-27 03:46:13.314699+00,2026-09-27 03:46:13.314699+00,sent,f,2026-09-27 03:46:13.314699+00
205,388,388,github,5548942905,2026-09-27 03:45:58.332803+00,2026-09-27 03:46:00.389669+00,6a3c8e86-03c5-410d-b1aa-7653b876030a,Amenaza critical detectada,critical,"{slack,email}",2026-09-27 03:46:13.314699+00,2026-09-27 03:46:13.314699+00,sent,f,2026-09-27 03:46:13.314699+00
206,389,389,github,5093240361,2026-09-27 03:45:58.332803+00,2026-09-27 03:46:00.389669+00,9bc88f12-e695-443a-9ef9-44cd4a8f018b,Amenaza high detectada,high,"{slack,email}",2026-09-27 03:46:13.314699+00,2026-09-27 03:46:13.314699+00,sent,f,2026-09-27 03:46:13.314699+00
207,390,390,github,5599496863,2026-09-27 03:45:58.332803+00,2026-09-27 03:46:00.389669+00,fecd2a60-921c-4561-a665-e9ab997d7d3f,Amenaza high detectada,high,"{slack,email}",2026-09-27 03:46:13.314699+00,2026-09-27 03:46:13.314699+00,sent,f,2026-09-27 03:46:13.314699+00
208,395,395,github,3258877637,2026-09-27 03:45:58.332803+00,2026-09-27 03:46:00.389669+00,768b9899-dca6-410e-b17b-63b2dd30b958,Amenaza high detectada,high,"{slack,email}",2026-09-27 03:46:13.314699+00,2026-09-27 03:46:13.314699+00,sent,f,2026-09-27 03:46:13.314699+00
209,396,396,github,2164681289,2026-09-27 04:00:59.945727+00,2026-09-27 04:01:01.424567+00,8d74a876-5e6e-4133-b5f7-6f7f38590aee,Amenaza high detectada,high,"{slack,email}",2026-09-27 04:01:05.451937+00,2026-09-27 04:01:05.451937+00,sent,f,2026-09-27 04:01:05.451937+00
210,397,397,github,1133009502,2026-09-27 04:00:59.945727+00,2026-09-27 04:01:01.424567+00,2222c16c-7e3d-4d6e-9416-0cf859f23639,Amenaza high detectada,high,"{slack,email}",2026-09-27 04:01:05.451937+00,2026-09-27 04:01:05.451937+00,sent,f,2026-09-27 04:01:05.451937+00
211,398,398,github,5585254852,2026-09-27 04:00:59.945727+00,2026-09-27 04:01:01.424567+00,3eb25929-697a-491d-b147-0fbdd3b06f73,Amenaza high detectada,high,"{slack,email}",2026-09-27 04:01:05.451937+00,2026-09-27 04:01:05.451937+00,sent,f,2026-09-27 04:01:05.451937+00
212,400,400,github,5599577354,2026-09-27 04:00:59.945727+00,2026-09-27 04:01:01.424567+00,f1ce9c8c-f74b-4dc9-8e5e-5d7ff5dc5e27,Amenaza high detectada,high,"{slack,email}",2026-09-27 04:01:05.451937+00,2026-09-27 04:01:05.451937+00,sent,f,2026-09-27 04:01:05.451937+00
213,401,401,github,5599576866,2026-09-27 04:00:59.945727+00,2026-09-27 04:01:01.424567+00,c00db006-39c5-4e2f-89ea-c927ebaca92d,Amenaza critical detectada,critical,"{slack,email}",2026-09-27 04:01:05.451937+00,2026-09-27 04:01:05.451937+00,sent,f,2026-09-27 04:01:05.451937+00
214,403,403,github,5430488778,2026-09-27 04:00:59.945727+00,2026-09-27 04:01:01.424567+00,5623b689-b216-476a-8ba9-6b03bc129a11,Amenaza high detectada,high,"{slack,email}",2026-09-27 04:01:05.451937+00,2026-09-27 04:01:05.451937+00,sent,f,2026-09-27 04:01:05.451937+00
215,404,404,github,5584918046,2026-09-27 04:00:59.945727+00,2026-09-27 04:01:01.424567+00,bfcca029-486b-46a2-807a-fb3eb5c3fd27,Amenaza critical detectada,critical,"{slack,email}",2026-09-27 04:01:05.451937+00,2026-09-27 04:01:05.451937+00,sent,f,2026-09-27 04:01:05.451937+00
216,407,407,github,3152297428,2026-09-27 04:00:59.945727+00,2026-09-27 04:01:01.424567+00,d22d2e6f-3a9d-48df-9eae-a8e77b1379b1,Amenaza high detectada,high,"{slack,email}",2026-09-27 04:01:05.451937+00,2026-09-27 04:01:05.451937+00,sent,f,2026-09-27 04:01:05.451937+00
217,408,408,github,2445877681,2026-09-27 04:00:59.945727+00,2026-09-27 04:01:01.424567+00,763f6e2f-b88a-4427-9425-5dd4120c20f8,Amenaza high detectada,high,"{slack,email}",2026-09-27 04:01:05.451937+00,2026-09-27 04:01:05.451937+00,sent,f,2026-09-27 04:01:05.451937+00
218,409,409,github,2859905685,2026-09-27 04:00:59.945727+00,2026-09-27 04:01:01.424567+00,016cb292-9e13-4564-8157-8a68b659655b,Amenaza high detectada,high,"{slack,email}",2026-09-27 04:01:05.451937+00,2026-09-27 04:01:05.451937+00,sent,f,2026-09-27 04:01:05.451937+00
219,411,411,github,5438853841,2026-09-27 04:00:59.945727+00,2026-09-27 04:01:01.424567+00,5f51c6b2-f7eb-4cd0-8ef8-8db0f7535ac6,Amenaza critical detectada,critical,"{slack,email}",2026-09-27 04:01:05.451937+00,2026-09-27 04:01:05.451937+00,sent,f,2026-09-27 04:01:05.451937+00
220,412,412,github,2424688243,2026-09-27 04:00:59.945727+00,2026-09-27 04:01:01.424567+00,dce0d102-d461-4c99-b0d9-32c2b8ba4678,Amenaza high detectada,high,"{slack,email}",2026-09-27 04:01:05.451937+00,2026-09-27 04:01:05.451937+00,sent,f,2026-09-27 04:01:05.451937+00
221,413,413,github,5538645202,2026-09-27 04:00:59.945727+00,2026-09-27 04:01:01.424567+00,ded8e211-7bb1-46f1-870e-d37059d71327,Amenaza critical detectada,critical,"{slack,email}",2026-09-27 04:01:05.451937+00,2026-09-27 04:01:05.451937+00,sent,f,2026-09-27 04:01:05.451937+00
222,415,415,github,2523830566,2026-09-27 04:00:59.945727+00,2026-09-27 04:01:01.424567+00,de0c4c24-ed70-419b-98a2-c135cbd24516,Amenaza critical detectada,critical,"{slack,email}",2026-09-27 04:01:05.451937+00,2026-09-27 04:01:05.451937+00,sent,f,2026-09-27 04:01:05.451937+00
223,416,416,github,5599569338,2026-09-27 04:00:59.945727+00,2026-09-27 04:01:01.424567+00,b83bbee1-a9d0-4d85-beb5-e74f77a481d1,Amenaza high detectada,high,"{slack,email}",2026-09-27 04:01:05.451937+00,2026-09-27 04:01:05.451937+00,sent,f,2026-09-27 04:01:05.451937+00
224,417,417,github,5374193298,2026-09-27 04:00:59.945727+00,2026-09-27 04:01:01.424567+00,198f38c4-370e-4b43-a29b-e2dfd1480be3,Amenaza high detectada,high,"{slack,email}",2026-09-27 04:01:05.451937+00,2026-09-27 04:01:05.451937+00,sent,f,2026-09-27 04:01:05.451937+00
225,418,418,github,5599568025,2026-09-27 04:00:59.945727+00,2026-09-27 04:01:01.424567+00,137fa410-a9c4-4d2e-929d-5e2372b2c677,Amenaza critical detectada,critical,"{slack,email}",2026-09-27 04:01:05.451937+00,2026-09-27 04:01:05.451937+00,sent,f,2026-09-27 04:01:05.451937+00
226,419,419,github,2982637196,2026-09-27 04:00:59.945727+00,2026-09-27 04:01:01.424567+00,c817ae9a-919b-403e-8a84-867e9c796792,Amenaza high detectada,high,"{slack,email}",2026-09-27 04:01:05.451937+00,2026-09-27 04:01:05.451937+00,sent,f,2026-09-27 04:01:05.451937+00
227,420,420,github,1046456517,2026-09-27 04:00:59.945727+00,2026-09-27 04:01:01.424567+00,b6d23cf8-7d73-4d23-bc18-0b92b7556843,Amenaza critical detectada,critical,"{slack,email}",2026-09-27 04:01:05.451937+00,2026-09-27 04:01:05.451937+00,sent,f,2026-09-27 04:01:05.451937+00
228,421,421,github,5599567927,2026-09-27 04:00:59.945727+00,2026-09-27 04:01:01.424567+00,13352dc3-48a6-4c65-9a74-f3c9e3d6c012,Amenaza critical detectada,critical,"{slack,email}",2026-09-27 04:01:05.451937+00,2026-09-27 04:01:05.451937+00,sent,f,2026-09-27 04:01:05.451937+00
229,422,422,github,5540381611,2026-09-27 04:00:59.945727+00,2026-09-27 04:01:01.424567+00,1b1b5f4c-81a8-41ff-82cf-8ed5fab82e5b,Amenaza critical detectada,critical,"{slack,email}",2026-09-27 04:01:05.451937+00,2026-09-27 04:01:05.451937+00,sent,f,2026-09-27 04:01:05.451937+00
230,423,423,github,5441695160,2026-09-27 04:00:59.945727+00,2026-09-27 04:01:01.424567+00,94e84e22-069b-4811-8a26-4c01cbff1ed0,Amenaza critical detectada,critical,"{slack,email}",2026-09-27 04:01:05.451937+00,2026-09-27 04:01:05.451937+00,sent,f,2026-09-27 04:01:05.451937+00
231,424,424,github,5599566492,2026-09-27 04:00:59.945727+00,2026-09-27 04:01:01.424567+00,7b683598-1323-4437-9979-a5258e7dbad6,Amenaza critical detectada,critical,"{slack,email}",2026-09-27 04:01:05.451937+00,2026-09-27 04:01:05.451937+00,sent,f,2026-09-27 04:01:05.451937+00
232,425,425,github,1161454913,2026-09-27 04:00:59.945727+00,2026-09-27 04:01:01.424567+00,96139535-9a58-49df-b1fb-7cd63c3257f7,Amenaza critical detectada,critical,"{slack,email}",2026-09-27 04:01:05.451937+00,2026-09-27 04:01:05.451937+00,sent,f,2026-09-27 04:01:05.451937+00
233,426,426,github,1306877288,2026-09-27 04:00:59.945727+00,2026-09-27 04:01:01.424567+00,fa57b87e-efa2-4c25-b707-f5c62af97ec1,Amenaza high detectada,high,"{slack,email}",2026-09-27 04:01:05.451937+00,2026-09-27 04:01:05.451937+00,sent,f,2026-09-27 04:01:05.451937+00
234,427,427,github,5599564945,2026-09-27 04:00:59.945727+00,2026-09-27 04:01:01.424567+00,6ccdf6d2-0665-47e6-97a0-c2454389c0cf,Amenaza critical detectada,critical,"{slack,email}",2026-09-27 04:01:05.451937+00,2026-09-27 04:01:05.451937+00,sent,f,2026-09-27 04:01:05.451937+00
235,430,430,github,5569974707,2026-09-27 04:00:59.945727+00,2026-09-27 04:01:01.424567+00,d400a570-d02f-4d16-8268-3938e1e91880,Amenaza high detectada,high,"{slack,email}",2026-09-27 04:01:05.451937+00,2026-09-27 04:01:05.451937+00,sent,f,2026-09-27 04:01:05.451937+00
236,432,432,github,4264122420,2026-09-27 04:00:59.945727+00,2026-09-27 04:01:01.424567+00,6a0f42b3-fb6f-4d88-bd0a-24f6c4d64395,Amenaza high detectada,high,"{slack,email}",2026-09-27 04:01:05.451937+00,2026-09-27 04:01:05.451937+00,sent,f,2026-09-27 04:01:05.451937+00
237,433,433,github,5599474928,2026-09-27 04:00:59.945727+00,2026-09-27 04:01:01.424567+00,d209f0f2-1b75-42db-8ef6-76b9619924c6,Amenaza critical detectada,critical,"{slack,email}",2026-09-27 04:01:05.451937+00,2026-09-27 04:01:05.451937+00,sent,f,2026-09-27 04:01:05.451937+00
238,434,434,github,5599563188,2026-09-27 04:00:59.945727+00,2026-09-27 04:01:01.424567+00,9f5f7fca-202e-4b58-ac07-5d25fc8fd0de,Amenaza critical detectada,critical,"{slack,email}",2026-09-27 04:01:05.451937+00,2026-09-27 04:01:05.451937+00,sent,f,2026-09-27 04:01:05.451937+00
239,435,435,github,5599562082,2026-09-27 04:00:59.945727+00,2026-09-27 04:01:01.424567+00,c07d021c-c402-4eca-9214-a00c460093d7,Amenaza critical detectada,critical,"{slack,email}",2026-09-27 04:01:05.451937+00,2026-09-27 04:01:05.451937+00,sent,f,2026-09-27 04:01:05.451937+00
240,436,436,github,2069486118,2026-09-27 04:00:59.945727+00,2026-09-27 04:01:01.424567+00,1fb33994-42ff-49b1-a96d-bf46940056a8,Amenaza high detectada,high,"{slack,email}",2026-09-27 04:01:05.451937+00,2026-09-27 04:01:05.451937+00,sent,f,2026-09-27 04:01:05.451937+00
241,437,437,github,1029331774,2026-09-27 04:00:59.945727+00,2026-09-27 04:01:01.424567+00,8d61c169-d602-4d7f-8390-873c1a1152f2,Amenaza critical detectada,critical,"{slack,email}",2026-09-27 04:01:05.451937+00,2026-09-27 04:01:05.451937+00,sent,f,2026-09-27 04:01:05.451937+00
242,438,438,github,1300542151,2026-09-27 04:00:59.945727+00,2026-09-27 04:01:01.424567+00,8af7632b-9e22-4ae6-b3f9-b027965965b8,Amenaza high detectada,high,"{slack,email}",2026-09-27 04:01:05.451937+00,2026-09-27 04:01:05.451937+00,sent,f,2026-09-27 04:01:05.451937+00
243,442,442,github,5602728360,2026-09-27 12:45:59.224989+00,2026-09-27 12:46:00.621361+00,cb81dd36-6eb9-4caf-a775-ff0bf1b118a3,Amenaza critical detectada,critical,"{slack,email}",2026-09-27 12:46:05.080009+00,2026-09-27 12:46:05.080009+00,sent,f,2026-09-27 12:46:05.080009+00
244,443,443,github,2800491975,2026-09-27 12:45:59.224989+00,2026-09-27 12:46:00.621361+00,43e72f69-88b9-4c74-a140-d1e41f16cac6,Amenaza critical detectada,critical,"{slack,email}",2026-09-27 12:46:05.080009+00,2026-09-27 12:46:05.080009+00,sent,f,2026-09-27 12:46:05.080009+00
245,444,444,github,5602466276,2026-09-27 12:45:59.224989+00,2026-09-27 12:46:00.621361+00,aa080d8b-6fc8-4239-8460-fbc1556773fe,Amenaza critical detectada,critical,"{slack,email}",2026-09-27 12:46:05.080009+00,2026-09-27 12:46:05.080009+00,sent,f,2026-09-27 12:46:05.080009+00
246,445,445,github,1492051164,2026-09-27 12:45:59.224989+00,2026-09-27 12:46:00.621361+00,2ff912ee-31de-4bf9-9094-57944ff45b79,Amenaza high detectada,high,"{slack,email}",2026-09-27 12:46:05.080009+00,2026-09-27 12:46:05.080009+00,sent,f,2026-09-27 12:46:05.080009+00
247,446,446,github,5560387302,2026-09-27 12:45:59.224989+00,2026-09-27 12:46:00.621361+00,95e8ff97-768f-4f88-af3a-6698ed46a0b8,Amenaza high detectada,high,"{slack,email}",2026-09-27 12:46:05.080009+00,2026-09-27 12:46:05.080009+00,sent,f,2026-09-27 12:46:05.080009+00
248,447,447,github,5214176754,2026-09-27 12:45:59.224989+00,2026-09-27 12:46:00.621361+00,ba9db2d2-ba00-4695-ba1d-50df39870435,Amenaza high detectada,high,"{slack,email}",2026-09-27 12:46:05.080009+00,2026-09-27 12:46:05.080009+00,sent,f,2026-09-27 12:46:05.080009+00
249,449,449,github,5238780899,2026-09-27 12:45:59.224989+00,2026-09-27 12:46:00.621361+00,0ff66f20-0ab3-4ea0-ac76-50091cb1adaf,Amenaza critical detectada,critical,"{slack,email}",2026-09-27 12:46:05.080009+00,2026-09-27 12:46:05.080009+00,sent,f,2026-09-27 12:46:05.080009+00
250,450,450,github,4606757653,2026-09-27 12:45:59.224989+00,2026-09-27 12:46:00.621361+00,a508225c-9e4e-43e4-b6d9-9071e40a1b77,Amenaza high detectada,high,"{slack,email}",2026-09-27 12:46:05.080009+00,2026-09-27 12:46:05.080009+00,sent,f,2026-09-27 12:46:05.080009+00
251,451,451,github,5592518418,2026-09-27 12:45:59.224989+00,2026-09-27 12:46:00.621361+00,736ad266-5013-4e5b-a1ac-9d9028389d31,Amenaza high detectada,high,"{slack,email}",2026-09-27 12:46:05.080009+00,2026-09-27 12:46:05.080009+00,sent,f,2026-09-27 12:46:05.080009+00
252,452,452,github,5602723709,2026-09-27 12:45:59.224989+00,2026-09-27 12:46:00.621361+00,67e863bf-ed17-4476-be3a-368d9514b57d,Amenaza critical detectada,critical,"{slack,email}",2026-09-27 12:46:05.080009+00,2026-09-27 12:46:05.080009+00,sent,f,2026-09-27 12:46:05.080009+00
253,455,455,github,5151789156,2026-09-27 12:45:59.224989+00,2026-09-27 12:46:00.621361+00,1b812ac0-b23b-4f2c-956d-c485250f6458,Amenaza high detectada,high,"{slack,email}",2026-09-27 12:46:05.080009+00,2026-09-27 12:46:05.080009+00,sent,f,2026-09-27 12:46:05.080009+00
254,457,457,github,1029568860,2026-09-27 12:45:59.224989+00,2026-09-27 12:46:00.621361+00,e59575a8-574c-4ff7-9f3d-f099b42d18fa,Amenaza high detectada,high,"{slack,email}",2026-09-27 12:46:05.080009+00,2026-09-27 12:46:05.080009+00,sent,f,2026-09-27 12:46:05.080009+00
255,459,459,github,2566947577,2026-09-27 12:45:59.224989+00,2026-09-27 12:46:00.621361+00,cd66f166-c40a-441e-850a-c254d25f5f34,Amenaza high detectada,high,"{slack,email}",2026-09-27 12:46:05.080009+00,2026-09-27 12:46:05.080009+00,sent,f,2026-09-27 12:46:05.080009+00
256,460,460,github,5595824112,2026-09-27 12:45:59.224989+00,2026-09-27 12:46:00.621361+00,058ef02f-a7e5-44a4-ae09-92c8fded7bb5,Amenaza high detectada,high,"{slack,email}",2026-09-27 12:46:05.080009+00,2026-09-27 12:46:05.080009+00,sent,f,2026-09-27 12:46:05.080009+00
257,461,461,github,5235459673,2026-09-27 12:45:59.224989+00,2026-09-27 12:46:00.621361+00,aad1470a-ceeb-43b5-988e-3f0b4bdd94e0,Amenaza high detectada,high,"{slack,email}",2026-09-27 12:46:05.080009+00,2026-09-27 12:46:05.080009+00,sent,f,2026-09-27 12:46:05.080009+00
258,462,462,github,5568883489,2026-09-27 12:45:59.224989+00,2026-09-27 12:46:00.621361+00,18f65a64-267d-427f-8dbc-4d9da77baf24,Amenaza critical detectada,critical,"{slack,email}",2026-09-27 12:46:05.080009+00,2026-09-27 12:46:05.080009+00,sent,f,2026-09-27 12:46:05.080009+00
259,463,463,github,5601309783,2026-09-27 12:45:59.224989+00,2026-09-27 12:46:00.621361+00,9fbb32d7-df24-444a-b6a7-36c4df0a8a94,Amenaza critical detectada,critical,"{slack,email}",2026-09-27 12:46:05.080009+00,2026-09-27 12:46:05.080009+00,sent,f,2026-09-27 12:46:05.080009+00
260,464,464,github,5235461352,2026-09-27 12:45:59.224989+00,2026-09-27 12:46:00.621361+00,5d5524b7-14d3-4d9b-bfcb-07e9de69f9de,Amenaza high detectada,high,"{slack,email}",2026-09-27 12:46:05.080009+00,2026-09-27 12:46:05.080009+00,sent,f,2026-09-27 12:46:05.080009+00
261,465,465,github,3101727703,2026-09-27 12:45:59.224989+00,2026-09-27 12:46:00.621361+00,9b2d020a-a094-41c9-bd52-9fe5ed9bf886,Amenaza critical detectada,critical,"{slack,email}",2026-09-27 12:46:05.080009+00,2026-09-27 12:46:05.080009+00,sent,f,2026-09-27 12:46:05.080009+00
262,466,466,github,5600829833,2026-09-27 12:45:59.224989+00,2026-09-27 12:46:00.621361+00,0e8b055b-aadd-4ba0-8208-b87f0c3f1b34,Amenaza critical detectada,critical,"{slack,email}",2026-09-27 12:46:05.080009+00,2026-09-27 12:46:05.080009+00,sent,f,2026-09-27 12:46:05.080009+00
263,470,470,github,5602717710,2026-09-27 12:45:59.224989+00,2026-09-27 12:46:00.621361+00,31d12f12-4144-4fec-9868-c364057cfaf9,Amenaza critical detectada,critical,"{slack,email}",2026-09-27 12:46:05.080009+00,2026-09-27 12:46:05.080009+00,sent,f,2026-09-27 12:46:05.080009+00
264,471,471,github,5602717565,2026-09-27 12:45:59.224989+00,2026-09-27 12:46:00.621361+00,e96e7d25-d3ac-45a3-b4df-1b65f0d7b64d,Amenaza critical detectada,critical,"{slack,email}",2026-09-27 12:46:05.080009+00,2026-09-27 12:46:05.080009+00,sent,f,2026-09-27 12:46:05.080009+00
265,472,472,github,5602717641,2026-09-27 12:45:59.224989+00,2026-09-27 12:46:00.621361+00,ffea1ea7-b83c-4c43-ad35-0d53d027ad3b,Amenaza critical detectada,critical,"{slack,email}",2026-09-27 12:46:05.080009+00,2026-09-27 12:46:05.080009+00,sent,f,2026-09-27 12:46:05.080009+00
266,473,473,github,5602717491,2026-09-27 12:45:59.224989+00,2026-09-27 12:46:00.621361+00,f0b5ba01-f12e-421b-a2e6-a9cd90350518,Amenaza critical detectada,critical,"{slack,email}",2026-09-27 12:46:05.080009+00,2026-09-27 12:46:05.080009+00,sent,f,2026-09-27 12:46:05.080009+00
267,475,475,github,5602717295,2026-09-27 12:45:59.224989+00,2026-09-27 12:46:00.621361+00,b0ab5b75-8629-46f5-b311-5bfad36c63b3,Amenaza critical detectada,critical,"{slack,email}",2026-09-27 12:46:05.080009+00,2026-09-27 12:46:05.080009+00,sent,f,2026-09-27 12:46:05.080009+00
268,476,476,github,5602717389,2026-09-27 12:45:59.224989+00,2026-09-27 12:46:00.621361+00,6ec3365f-b0b4-4827-907b-fe1ae32249b6,Amenaza critical detectada,critical,"{slack,email}",2026-09-27 12:46:05.080009+00,2026-09-27 12:46:05.080009+00,sent,f,2026-09-27 12:46:05.080009+00
269,477,477,github,5602353792,2026-09-27 12:45:59.224989+00,2026-09-27 12:46:00.621361+00,a3c0ab08-d2b7-436b-b9d4-ef37766f05d8,Amenaza critical detectada,critical,"{slack,email}",2026-09-27 12:46:05.080009+00,2026-09-27 12:46:05.080009+00,sent,f,2026-09-27 12:46:05.080009+00
270,478,478,github,5602353725,2026-09-27 12:45:59.224989+00,2026-09-27 12:46:00.621361+00,bf5f6c7b-fa49-4f67-8a10-e824876c6d14,Amenaza critical detectada,critical,"{slack,email}",2026-09-27 12:46:05.080009+00,2026-09-27 12:46:05.080009+00,sent,f,2026-09-27 12:46:05.080009+00
271,479,479,github,5602353649,2026-09-27 12:45:59.224989+00,2026-09-27 12:46:00.621361+00,cfbad40f-ec8a-4a3e-bcea-93bf62d6a20b,Amenaza critical detectada,critical,"{slack,email}",2026-09-27 12:46:05.080009+00,2026-09-27 12:46:05.080009+00,sent,f,2026-09-27 12:46:05.080009+00
272,482,482,github,5434923733,2026-09-27 12:45:59.224989+00,2026-09-27 12:46:00.621361+00,99a75b27-010a-4a96-8a76-97f38512e408,Amenaza high detectada,high,"{slack,email}",2026-09-27 12:46:05.080009+00,2026-09-27 12:46:05.080009+00,sent,f,2026-09-27 12:46:05.080009+00
273,483,483,github,5602715226,2026-09-27 12:45:59.224989+00,2026-09-27 12:46:00.621361+00,51d2c306-a76a-40cf-92d9-f21e6daade6d,Amenaza critical detectada,critical,"{slack,email}",2026-09-27 12:46:05.080009+00,2026-09-27 12:46:05.080009+00,sent,f,2026-09-27 12:46:05.080009+00
274,484,484,github,5581345296,2026-09-27 12:45:59.224989+00,2026-09-27 12:46:00.621361+00,c5956afb-c71b-4ff4-a381-941d5f9c7b24,Amenaza high detectada,high,"{slack,email}",2026-09-27 12:46:05.080009+00,2026-09-27 12:46:05.080009+00,sent,f,2026-09-27 12:46:05.080009+00
275,486,486,github,3506648706,2026-09-27 12:45:59.224989+00,2026-09-27 12:46:00.621361+00,6640f8eb-527f-4b1b-a234-21a16093d26f,Amenaza high detectada,high,"{slack,email}",2026-09-27 12:46:05.080009+00,2026-09-27 12:46:05.080009+00,sent,f,2026-09-27 12:46:05.080009+00
276,487,487,github,4058068743,2026-09-27 12:45:59.224989+00,2026-09-27 12:46:00.621361+00,8404cad9-372a-4cbe-aec8-94ffc8de0e56,Amenaza high detectada,high,"{slack,email}",2026-09-27 12:46:05.080009+00,2026-09-27 12:46:05.080009+00,sent,f,2026-09-27 12:46:05.080009+00
277,489,489,github,5602829409,2026-09-27 13:00:59.32285+00,2026-09-27 13:01:00.584483+00,54698325-e053-4c67-8ec9-42fd877c1f5b,Amenaza critical detectada,critical,"{slack,email}",2026-09-27 13:01:04.048248+00,2026-09-27 13:01:04.048248+00,sent,f,2026-09-27 13:01:04.048248+00
278,490,490,github,5602819225,2026-09-27 13:00:59.32285+00,2026-09-27 13:01:00.584483+00,c0e8da90-da03-422d-a118-15495c55e65e,Amenaza critical detectada,critical,"{slack,email}",2026-09-27 13:01:04.048248+00,2026-09-27 13:01:04.048248+00,sent,f,2026-09-27 13:01:04.048248+00
279,492,492,github,2057916654,2026-09-27 13:00:59.32285+00,2026-09-27 13:01:00.584483+00,663dd65c-d166-4a2c-8dfc-cf71a5af11de,Amenaza critical detectada,critical,"{slack,email}",2026-09-27 13:01:04.048248+00,2026-09-27 13:01:04.048248+00,sent,f,2026-09-27 13:01:04.048248+00
280,493,493,github,5362065637,2026-09-27 13:00:59.32285+00,2026-09-27 13:01:00.584483+00,125e30d2-6330-42e9-95e9-a7ee99206b15,Amenaza high detectada,high,"{slack,email}",2026-09-27 13:01:04.048248+00,2026-09-27 13:01:04.048248+00,sent,f,2026-09-27 13:01:04.048248+00
281,494,494,github,5362058404,2026-09-27 13:00:59.32285+00,2026-09-27 13:01:00.584483+00,feda06fa-189e-4ae6-b24d-3ce7dbae917e,Amenaza critical detectada,critical,"{slack,email}",2026-09-27 13:01:04.048248+00,2026-09-27 13:01:04.048248+00,sent,f,2026-09-27 13:01:04.048248+00
282,495,495,github,5602818814,2026-09-27 13:00:59.32285+00,2026-09-27 13:01:00.584483+00,075b73be-b481-4602-8897-386dd7b97ebd,Amenaza high detectada,high,"{slack,email}",2026-09-27 13:01:04.048248+00,2026-09-27 13:01:04.048248+00,sent,f,2026-09-27 13:01:04.048248+00
283,497,497,github,5294491574,2026-09-27 13:00:59.32285+00,2026-09-27 13:01:00.584483+00,4ad13422-8aff-46ec-bb93-a35c62bb65ce,Amenaza critical detectada,critical,"{slack,email}",2026-09-27 13:01:04.048248+00,2026-09-27 13:01:04.048248+00,sent,f,2026-09-27 13:01:04.048248+00
284,498,498,github,5602402023,2026-09-27 13:00:59.32285+00,2026-09-27 13:01:00.584483+00,1e4bd5c6-17fa-4201-98c2-a5480fa41dff,Amenaza high detectada,high,"{slack,email}",2026-09-27 13:01:04.048248+00,2026-09-27 13:01:04.048248+00,sent,f,2026-09-27 13:01:04.048248+00
285,499,499,github,5602774657,2026-09-27 13:00:59.32285+00,2026-09-27 13:01:00.584483+00,50b42581-e557-462f-97e8-14ac1322d425,Amenaza high detectada,high,"{slack,email}",2026-09-27 13:01:04.048248+00,2026-09-27 13:01:04.048248+00,sent,f,2026-09-27 13:01:04.048248+00
286,500,500,github,5458478948,2026-09-27 13:00:59.32285+00,2026-09-27 13:01:00.584483+00,f3d008d7-a3e8-4e99-80a3-5e11f4745901,Amenaza high detectada,high,"{slack,email}",2026-09-27 13:01:04.048248+00,2026-09-27 13:01:04.048248+00,sent,f,2026-09-27 13:01:04.048248+00
287,502,502,github,5595463803,2026-09-27 13:00:59.32285+00,2026-09-27 13:01:00.584483+00,27d3e89d-537c-4bdc-9d50-aeb6b29f156b,Amenaza high detectada,high,"{slack,email}",2026-09-27 13:01:04.048248+00,2026-09-27 13:01:04.048248+00,sent,f,2026-09-27 13:01:04.048248+00
288,503,503,github,5532053740,2026-09-27 13:00:59.32285+00,2026-09-27 13:01:00.584483+00,2ed92386-0baa-4836-b0e2-d73bcc0ef95d,Amenaza high detectada,high,"{slack,email}",2026-09-27 13:01:04.048248+00,2026-09-27 13:01:04.048248+00,sent,f,2026-09-27 13:01:04.048248+00
289,505,505,github,1666419150,2026-09-27 13:00:59.32285+00,2026-09-27 13:01:00.584483+00,003b4a1a-234d-40d8-9745-8ef31d3de700,Amenaza high detectada,high,"{slack,email}",2026-09-27 13:01:04.048248+00,2026-09-27 13:01:04.048248+00,sent,f,2026-09-27 13:01:04.048248+00
290,506,506,github,4516663201,2026-09-27 13:00:59.32285+00,2026-09-27 13:01:00.584483+00,e6f36edf-5bc9-4749-ac29-af9ebf347266,Amenaza high detectada,high,"{slack,email}",2026-09-27 13:01:04.048248+00,2026-09-27 13:01:04.048248+00,sent,f,2026-09-27 13:01:04.048248+00
291,507,507,github,5566648711,2026-09-27 13:00:59.32285+00,2026-09-27 13:01:00.584483+00,676a280d-d0f2-4a3f-8480-1211c47d954f,Amenaza critical detectada,critical,"{slack,email}",2026-09-27 13:01:04.048248+00,2026-09-27 13:01:04.048248+00,sent,f,2026-09-27 13:01:04.048248+00
292,508,508,github,2825386173,2026-09-27 13:00:59.32285+00,2026-09-27 13:01:00.584483+00,a6bd3006-d6fa-42b4-8f17-06b6f728e643,Amenaza high detectada,high,"{slack,email}",2026-09-27 13:01:04.048248+00,2026-09-27 13:01:04.048248+00,sent,f,2026-09-27 13:01:04.048248+00
293,509,509,github,5516784979,2026-09-27 13:00:59.32285+00,2026-09-27 13:01:00.584483+00,e3101143-a1d8-4a12-ba23-f65df093a8c1,Amenaza high detectada,high,"{slack,email}",2026-09-27 13:01:04.048248+00,2026-09-27 13:01:04.048248+00,sent,f,2026-09-27 13:01:04.048248+00
294,511,511,github,5362896468,2026-09-27 13:00:59.32285+00,2026-09-27 13:01:00.584483+00,497c6122-8f2c-43c5-adea-1c9e63aa2ab2,Amenaza high detectada,high,"{slack,email}",2026-09-27 13:01:04.048248+00,2026-09-27 13:01:04.048248+00,sent,f,2026-09-27 13:01:04.048248+00
295,513,513,github,4148310577,2026-09-27 13:00:59.32285+00,2026-09-27 13:01:00.584483+00,127558f1-13e1-4152-a1d5-d7e327759543,Amenaza critical detectada,critical,"{slack,email}",2026-09-27 13:01:04.048248+00,2026-09-27 13:01:04.048248+00,sent,f,2026-09-27 13:01:04.048248+00
296,515,515,github,5602815989,2026-09-27 13:00:59.32285+00,2026-09-27 13:01:00.584483+00,d8dc0bb0-8ff1-4bda-9fd5-023cba30b0e4,Amenaza high detectada,high,"{slack,email}",2026-09-27 13:01:04.048248+00,2026-09-27 13:01:04.048248+00,sent,f,2026-09-27 13:01:04.048248+00
297,516,516,github,4969904452,2026-09-27 13:00:59.32285+00,2026-09-27 13:01:00.584483+00,0ff24f41-878e-4299-aa4c-6be11d825559,Amenaza high detectada,high,"{slack,email}",2026-09-27 13:01:04.048248+00,2026-09-27 13:01:04.048248+00,sent,f,2026-09-27 13:01:04.048248+00
298,519,519,github,2404798356,2026-09-27 13:00:59.32285+00,2026-09-27 13:01:00.584483+00,979b21ad-3341-449b-9c32-393d1aa6780e,Amenaza high detectada,high,"{slack,email}",2026-09-27 13:01:04.048248+00,2026-09-27 13:01:04.048248+00,sent,f,2026-09-27 13:01:04.048248+00
299,521,521,github,4813362372,2026-09-27 13:00:59.32285+00,2026-09-27 13:01:00.584483+00,05585045-7bd5-442c-ab0a-ac7aef810db4,Amenaza high detectada,high,"{slack,email}",2026-09-27 13:01:04.048248+00,2026-09-27 13:01:04.048248+00,sent,f,2026-09-27 13:01:04.048248+00
300,522,522,github,5602810045,2026-09-27 13:00:59.32285+00,2026-09-27 13:01:00.584483+00,61c29561-cb3d-436d-9c27-2b47524c9f45,Amenaza high detectada,high,"{slack,email}",2026-09-27 13:01:04.048248+00,2026-09-27 13:01:04.048248+00,sent,f,2026-09-27 13:01:04.048248+00
301,523,523,github,5602581987,2026-09-27 13:00:59.32285+00,2026-09-27 13:01:00.584483+00,a728a73e-a450-4700-9991-0eb671fd975e,Amenaza critical detectada,critical,"{slack,email}",2026-09-27 13:01:04.048248+00,2026-09-27 13:01:04.048248+00,sent,f,2026-09-27 13:01:04.048248+00
302,524,524,github,5602808340,2026-09-27 13:00:59.32285+00,2026-09-27 13:01:00.584483+00,377ba3f6-1566-4968-b80c-91c5f17770e4,Amenaza critical detectada,critical,"{slack,email}",2026-09-27 13:01:04.048248+00,2026-09-27 13:01:04.048248+00,sent,f,2026-09-27 13:01:04.048248+00
303,526,526,github,2310390942,2026-09-27 13:00:59.32285+00,2026-09-27 13:01:00.584483+00,3e3484ef-8fdb-4448-a4d0-22b1d1011ae3,Amenaza high detectada,high,"{slack,email}",2026-09-27 13:01:04.048248+00,2026-09-27 13:01:04.048248+00,sent,f,2026-09-27 13:01:04.048248+00
304,534,534,github,5597312523,2026-09-27 13:16:01.59847+00,2026-09-27 13:16:02.855775+00,2a0c1592-924f-4538-b9ce-9cfbe8708cb6,Amenaza high detectada,high,"{slack,email}",2026-09-27 13:16:07.557181+00,2026-09-27 13:16:07.557181+00,sent,f,2026-09-27 13:16:07.557181+00
305,537,537,github,5586743042,2026-09-27 13:16:01.59847+00,2026-09-27 13:16:02.855775+00,12463de6-733f-4d22-960e-21956a5ab53f,Amenaza high detectada,high,"{slack,email}",2026-09-27 13:16:07.557181+00,2026-09-27 13:16:07.557181+00,sent,f,2026-09-27 13:16:07.557181+00
306,540,540,github,5170317910,2026-09-27 13:16:01.59847+00,2026-09-27 13:16:02.855775+00,5946ffdf-7eeb-4c0c-907c-34dd82dc89fd,Amenaza high detectada,high,"{slack,email}",2026-09-27 13:16:07.557181+00,2026-09-27 13:16:07.557181+00,sent,f,2026-09-27 13:16:07.557181+00
307,541,541,github,3708666868,2026-09-27 13:16:01.59847+00,2026-09-27 13:16:02.855775+00,71eb54f9-e712-4be0-aad6-0711f493c77b,Amenaza critical detectada,critical,"{slack,email}",2026-09-27 13:16:07.557181+00,2026-09-27 13:16:07.557181+00,sent,f,2026-09-27 13:16:07.557181+00
308,543,543,github,5600746377,2026-09-27 13:16:01.59847+00,2026-09-27 13:16:02.855775+00,3d17bf36-6e9d-44c0-a58e-111670fd2bf7,Amenaza critical detectada,critical,"{slack,email}",2026-09-27 13:16:07.557181+00,2026-09-27 13:16:07.557181+00,sent,f,2026-09-27 13:16:07.557181+00
309,545,545,github,1394583391,2026-09-27 13:16:01.59847+00,2026-09-27 13:16:02.855775+00,47864599-d043-4cb5-8f52-64e04e43fead,Amenaza high detectada,high,"{slack,email}",2026-09-27 13:16:07.557181+00,2026-09-27 13:16:07.557181+00,sent,f,2026-09-27 13:16:07.557181+00
310,546,546,github,5593729065,2026-09-27 13:16:01.59847+00,2026-09-27 13:16:02.855775+00,ee98350e-627a-426f-9d46-1cc79fc17dc8,Amenaza high detectada,high,"{slack,email}",2026-09-27 13:16:07.557181+00,2026-09-27 13:16:07.557181+00,sent,f,2026-09-27 13:16:07.557181+00
311,547,547,github,2600042640,2026-09-27 13:16:01.59847+00,2026-09-27 13:16:02.855775+00,bb7d2729-ee6a-46fc-bbc6-6c4df32a03e4,Amenaza critical detectada,critical,"{slack,email}",2026-09-27 13:16:07.557181+00,2026-09-27 13:16:07.557181+00,sent,f,2026-09-27 13:16:07.557181+00
312,549,549,github,2302047023,2026-09-27 13:16:01.59847+00,2026-09-27 13:16:02.855775+00,4049184a-84cc-430a-80e2-743644519faa,Amenaza high detectada,high,"{slack,email}",2026-09-27 13:16:07.557181+00,2026-09-27 13:16:07.557181+00,sent,f,2026-09-27 13:16:07.557181+00
313,550,550,github,1599534632,2026-09-27 13:16:01.59847+00,2026-09-27 13:16:02.855775+00,21585867-8562-4de6-a80c-cbbe2baeb401,Amenaza high detectada,high,"{slack,email}",2026-09-27 13:16:07.557181+00,2026-09-27 13:16:07.557181+00,sent,f,2026-09-27 13:16:07.557181+00
314,551,551,github,4703332506,2026-09-27 13:16:01.59847+00,2026-09-27 13:16:02.855775+00,2f81f934-b901-4abe-92df-ec48689c609b,Amenaza high detectada,high,"{slack,email}",2026-09-27 13:16:07.557181+00,2026-09-27 13:16:07.557181+00,sent,f,2026-09-27 13:16:07.557181+00
315,553,553,github,3671301153,2026-09-27 13:16:01.59847+00,2026-09-27 13:16:02.855775+00,5dc2f31a-1a9a-47bd-8114-cb36fc73ee09,Amenaza high detectada,high,"{slack,email}",2026-09-27 13:16:07.557181+00,2026-09-27 13:16:07.557181+00,sent,f,2026-09-27 13:16:07.557181+00
316,555,555,github,5600947400,2026-09-27 13:16:01.59847+00,2026-09-27 13:16:02.855775+00,d441fc65-5cb1-431c-8313-ad9b81896eb7,Amenaza critical detectada,critical,"{slack,email}",2026-09-27 13:16:07.557181+00,2026-09-27 13:16:07.557181+00,sent,f,2026-09-27 13:16:07.557181+00
317,556,556,github,5171547171,2026-09-27 13:16:01.59847+00,2026-09-27 13:16:02.855775+00,0fac337e-9c0d-4e9b-b339-77e60d9e1f1d,Amenaza high detectada,high,"{slack,email}",2026-09-27 13:16:07.557181+00,2026-09-27 13:16:07.557181+00,sent,f,2026-09-27 13:16:07.557181+00
318,558,558,github,1551820659,2026-09-27 13:16:01.59847+00,2026-09-27 13:16:02.855775+00,2d4eed41-6f9f-41f3-ac3d-9f33c590f552,Amenaza high detectada,high,"{slack,email}",2026-09-27 13:16:07.557181+00,2026-09-27 13:16:07.557181+00,sent,f,2026-09-27 13:16:07.557181+00
319,559,559,github,5034655987,2026-09-27 13:16:01.59847+00,2026-09-27 13:16:02.855775+00,cb930cfe-65c7-4d5c-9a52-2523aeac4da9,Amenaza high detectada,high,"{slack,email}",2026-09-27 13:16:07.557181+00,2026-09-27 13:16:07.557181+00,sent,f,2026-09-27 13:16:07.557181+00
320,560,560,github,5125837602,2026-09-27 13:16:01.59847+00,2026-09-27 13:16:02.855775+00,0d6c9fc6-d838-473b-9203-d2507f89a992,Amenaza high detectada,high,"{slack,email}",2026-09-27 13:16:07.557181+00,2026-09-27 13:16:07.557181+00,sent,f,2026-09-27 13:16:07.557181+00
321,561,561,github,3681781017,2026-09-27 13:16:01.59847+00,2026-09-27 13:16:02.855775+00,680b49b9-4c08-41a3-b532-76a822fe9251,Amenaza critical detectada,critical,"{slack,email}",2026-09-27 13:16:07.557181+00,2026-09-27 13:16:07.557181+00,sent,f,2026-09-27 13:16:07.557181+00
322,562,562,github,5235460310,2026-09-27 13:16:01.59847+00,2026-09-27 13:16:02.855775+00,fdad4ff3-530f-451a-a7fa-2bac04d86113,Amenaza high detectada,high,"{slack,email}",2026-09-27 13:16:07.557181+00,2026-09-27 13:16:07.557181+00,sent,f,2026-09-27 13:16:07.557181+00
323,563,563,github,5235459989,2026-09-27 13:16:01.59847+00,2026-09-27 13:16:02.855775+00,df060785-f5c1-4d3e-a1ce-dcb5f407f028,Amenaza high detectada,high,"{slack,email}",2026-09-27 13:16:07.557181+00,2026-09-27 13:16:07.557181+00,sent,f,2026-09-27 13:16:07.557181+00
324,564,564,github,5235460635,2026-09-27 13:16:01.59847+00,2026-09-27 13:16:02.855775+00,090df962-809f-4cc2-b25a-2c035ea85819,Amenaza high detectada,high,"{slack,email}",2026-09-27 13:16:07.557181+00,2026-09-27 13:16:07.557181+00,sent,f,2026-09-27 13:16:07.557181+00
325,565,565,github,4120892880,2026-09-27 13:16:01.59847+00,2026-09-27 13:16:02.855775+00,8c770fe5-0dd7-4c1d-a64e-d0e6e53243eb,Amenaza high detectada,high,"{slack,email}",2026-09-27 13:16:07.557181+00,2026-09-27 13:16:07.557181+00,sent,f,2026-09-27 13:16:07.557181+00
326,566,566,github,5597982246,2026-09-27 13:16:01.59847+00,2026-09-27 13:16:02.855775+00,aa5c8d46-7cbe-47c9-b4ba-b0d07a2cc238,Amenaza high detectada,high,"{slack,email}",2026-09-27 13:16:07.557181+00,2026-09-27 13:16:07.557181+00,sent,f,2026-09-27 13:16:07.557181+00
327,567,567,github,5347181845,2026-09-27 13:30:59.269011+00,2026-09-27 13:31:00.388161+00,6293ffb8-b0ad-4d3e-aafe-f0d28f952e00,Amenaza high detectada,high,"{slack,email}",2026-09-27 13:31:05.26084+00,2026-09-27 13:31:05.26084+00,sent,f,2026-09-27 13:31:05.26084+00
328,568,568,github,5603018160,2026-09-27 13:30:59.269011+00,2026-09-27 13:31:00.388161+00,529b6f63-3328-46da-b812-9bafb33f577b,Amenaza high detectada,high,"{slack,email}",2026-09-27 13:31:05.26084+00,2026-09-27 13:31:05.26084+00,sent,f,2026-09-27 13:31:05.26084+00
329,570,570,github,2732267370,2026-09-27 13:30:59.269011+00,2026-09-27 13:31:00.388161+00,3e37dd7e-58e7-4527-b6ae-afedbf39d656,Amenaza high detectada,high,"{slack,email}",2026-09-27 13:31:05.26084+00,2026-09-27 13:31:05.26084+00,sent,f,2026-09-27 13:31:05.26084+00
330,573,573,github,5099199371,2026-09-27 13:30:59.269011+00,2026-09-27 13:31:00.388161+00,273f7670-c28c-4ef9-88b5-3000c02e93a8,Amenaza high detectada,high,"{slack,email}",2026-09-27 13:31:05.26084+00,2026-09-27 13:31:05.26084+00,sent,f,2026-09-27 13:31:05.26084+00
331,575,575,github,5603019999,2026-09-27 13:30:59.269011+00,2026-09-27 13:31:00.388161+00,c16a4448-624b-494c-a1bd-81c807d80296,Amenaza critical detectada,critical,"{slack,email}",2026-09-27 13:31:05.26084+00,2026-09-27 13:31:05.26084+00,sent,f,2026-09-27 13:31:05.26084+00
332,576,576,github,5603010222,2026-09-27 13:30:59.269011+00,2026-09-27 13:31:00.388161+00,d1db803d-82d9-4bc9-b826-a7d68c80e6fd,Amenaza critical detectada,critical,"{slack,email}",2026-09-27 13:31:05.26084+00,2026-09-27 13:31:05.26084+00,sent,f,2026-09-27 13:31:05.26084+00
333,577,577,github,4951488119,2026-09-27 13:30:59.269011+00,2026-09-27 13:31:00.388161+00,9568cfde-8672-4288-8234-2842ba9090e0,Amenaza high detectada,high,"{slack,email}",2026-09-27 13:31:05.26084+00,2026-09-27 13:31:05.26084+00,sent,f,2026-09-27 13:31:05.26084+00
334,578,578,github,5603018850,2026-09-27 13:30:59.269011+00,2026-09-27 13:31:00.388161+00,05c7caa9-8393-4fbc-9a31-291bda5604b2,Amenaza high detectada,high,"{slack,email}",2026-09-27 13:31:05.26084+00,2026-09-27 13:31:05.26084+00,sent,f,2026-09-27 13:31:05.26084+00
335,579,579,github,5603019416,2026-09-27 13:30:59.269011+00,2026-09-27 13:31:00.388161+00,3c9aeb7d-cc25-4bf6-87e7-913c079fd8e4,Amenaza high detectada,high,"{slack,email}",2026-09-27 13:31:05.26084+00,2026-09-27 13:31:05.26084+00,sent,f,2026-09-27 13:31:05.26084+00
336,580,580,github,5602486727,2026-09-27 13:30:59.269011+00,2026-09-27 13:31:00.388161+00,ef28b9d8-bc06-4f98-99eb-89798e3ee99f,Amenaza critical detectada,critical,"{slack,email}",2026-09-27 13:31:05.26084+00,2026-09-27 13:31:05.26084+00,sent,f,2026-09-27 13:31:05.26084+00
337,581,581,github,5603018211,2026-09-27 13:30:59.269011+00,2026-09-27 13:31:00.388161+00,ffc3a186-5b36-4a5c-9401-8851c33da829,Amenaza critical detectada,critical,"{slack,email}",2026-09-27 13:31:05.26084+00,2026-09-27 13:31:05.26084+00,sent,f,2026-09-27 13:31:05.26084+00
338,583,583,github,5327900842,2026-09-27 13:30:59.269011+00,2026-09-27 13:31:00.388161+00,7df33917-edd7-466b-8fa0-94b89efc2f49,Amenaza high detectada,high,"{slack,email}",2026-09-27 13:31:05.26084+00,2026-09-27 13:31:05.26084+00,sent,f,2026-09-27 13:31:05.26084+00
339,584,584,github,2554489005,2026-09-27 13:30:59.269011+00,2026-09-27 13:31:00.388161+00,3bb2df29-a423-4331-aed5-b2eeb97862f2,Amenaza high detectada,high,"{slack,email}",2026-09-27 13:31:05.26084+00,2026-09-27 13:31:05.26084+00,sent,f,2026-09-27 13:31:05.26084+00
340,585,585,github,2996186392,2026-09-27 13:30:59.269011+00,2026-09-27 13:31:00.388161+00,f512bcf9-b4c3-4e2a-968a-923d600bbd6f,Amenaza high detectada,high,"{slack,email}",2026-09-27 13:31:05.26084+00,2026-09-27 13:31:05.26084+00,sent,f,2026-09-27 13:31:05.26084+00
341,587,587,github,5603016047,2026-09-27 13:30:59.269011+00,2026-09-27 13:31:00.388161+00,e084c21f-1810-4896-afb5-541a05068fa8,Amenaza critical detectada,critical,"{slack,email}",2026-09-27 13:31:05.26084+00,2026-09-27 13:31:05.26084+00,sent,f,2026-09-27 13:31:05.26084+00
342,588,588,github,3159686246,2026-09-27 13:30:59.269011+00,2026-09-27 13:31:00.388161+00,aa3b14eb-bbef-4654-9c2c-c55c47d58c26,Amenaza high detectada,high,"{slack,email}",2026-09-27 13:31:05.26084+00,2026-09-27 13:31:05.26084+00,sent,f,2026-09-27 13:31:05.26084+00
343,589,589,github,5501108418,2026-09-27 13:30:59.269011+00,2026-09-27 13:31:00.388161+00,e585fc6c-f980-46d1-9c4c-4addafd61aa7,Amenaza critical detectada,critical,"{slack,email}",2026-09-27 13:31:05.26084+00,2026-09-27 13:31:05.26084+00,sent,f,2026-09-27 13:31:05.26084+00
344,590,590,github,5544503282,2026-09-27 13:30:59.269011+00,2026-09-27 13:31:00.388161+00,9fcf21b8-d532-4ab0-b735-7825a1f4cf24,Amenaza critical detectada,critical,"{slack,email}",2026-09-27 13:31:05.26084+00,2026-09-27 13:31:05.26084+00,sent,f,2026-09-27 13:31:05.26084+00
345,591,591,github,5166250504,2026-09-27 13:30:59.269011+00,2026-09-27 13:31:00.388161+00,3d5e343e-a50e-403f-b1cd-c0015a4c6ca0,Amenaza high detectada,high,"{slack,email}",2026-09-27 13:31:05.26084+00,2026-09-27 13:31:05.26084+00,sent,f,2026-09-27 13:31:05.26084+00
346,592,592,github,5416381169,2026-09-27 13:30:59.269011+00,2026-09-27 13:31:00.388161+00,6fb59f53-df64-4f87-8e6b-3d86010252df,Amenaza critical detectada,critical,"{slack,email}",2026-09-27 13:31:05.26084+00,2026-09-27 13:31:05.26084+00,sent,f,2026-09-27 13:31:05.26084+00
347,594,594,github,5227831705,2026-09-27 13:30:59.269011+00,2026-09-27 13:31:00.388161+00,d0bad963-70a1-4867-897c-041d7af07b9e,Amenaza high detectada,high,"{slack,email}",2026-09-27 13:31:05.26084+00,2026-09-27 13:31:05.26084+00,sent,f,2026-09-27 13:31:05.26084+00
348,596,596,github,5603004663,2026-09-27 13:30:59.269011+00,2026-09-27 13:31:00.388161+00,fcf809f7-c555-433e-be3a-d33a3fc3ddb6,Amenaza high detectada,high,"{slack,email}",2026-09-27 13:31:05.26084+00,2026-09-27 13:31:05.26084+00,sent,f,2026-09-27 13:31:05.26084+00
349,599,599,github,5603010226,2026-09-27 13:30:59.269011+00,2026-09-27 13:31:00.388161+00,689e59fb-0b49-4863-9539-4a359b7eb685,Amenaza critical detectada,critical,"{slack,email}",2026-09-27 13:31:05.26084+00,2026-09-27 13:31:05.26084+00,sent,f,2026-09-27 13:31:05.26084+00
350,600,600,github,5603008587,2026-09-27 13:30:59.269011+00,2026-09-27 13:31:00.388161+00,73202fa7-fd70-4d21-bce3-a362d2d3fc8d,Amenaza critical detectada,critical,"{slack,email}",2026-09-27 13:31:05.26084+00,2026-09-27 13:31:05.26084+00,sent,f,2026-09-27 13:31:05.26084+00
351,601,601,github,3883590657,2026-09-27 13:30:59.269011+00,2026-09-27 13:31:00.388161+00,ca61b3bf-f694-47a2-9a69-27cac4cfa7c9,Amenaza high detectada,high,"{slack,email}",2026-09-27 13:31:05.26084+00,2026-09-27 13:31:05.26084+00,sent,f,2026-09-27 13:31:05.26084+00
352,602,602,github,5601845083,2026-09-27 13:30:59.269011+00,2026-09-27 13:31:00.388161+00,80cf2b89-7161-43de-b57c-fdc258346209,Amenaza critical detectada,critical,"{slack,email}",2026-09-27 13:31:05.26084+00,2026-09-27 13:31:05.26084+00,sent,f,2026-09-27 13:31:05.26084+00
353,603,603,github,5603005282,2026-09-27 13:30:59.269011+00,2026-09-27 13:31:00.388161+00,60d927ee-ef00-407b-a42e-b2d535d5cc1d,Amenaza high detectada,high,"{slack,email}",2026-09-27 13:31:05.26084+00,2026-09-27 13:31:05.26084+00,sent,f,2026-09-27 13:31:05.26084+00
354,604,604,github,5603005197,2026-09-27 13:30:59.269011+00,2026-09-27 13:31:00.388161+00,2e09d773-7ad3-4448-be4d-d671ffa45de0,Amenaza high detectada,high,"{slack,email}",2026-09-27 13:31:05.26084+00,2026-09-27 13:31:05.26084+00,sent,f,2026-09-27 13:31:05.26084+00
355,605,605,github,5603005098,2026-09-27 13:30:59.269011+00,2026-09-27 13:31:00.388161+00,e69c1247-333a-4958-995a-aeb0f7098c4d,Amenaza critical detectada,critical,"{slack,email}",2026-09-27 13:31:05.26084+00,2026-09-27 13:31:05.26084+00,sent,f,2026-09-27 13:31:05.26084+00
356,606,606,github,5603004954,2026-09-27 13:30:59.269011+00,2026-09-27 13:31:00.388161+00,ee7f5a3c-7fbd-4765-a2bd-486db6b1a4e0,Amenaza critical detectada,critical,"{slack,email}",2026-09-27 13:31:05.26084+00,2026-09-27 13:31:05.26084+00,sent,f,2026-09-27 13:31:05.26084+00
357,607,607,github,5146524791,2026-09-27 13:30:59.269011+00,2026-09-27 13:31:00.388161+00,4a2f857c-cd23-4c81-8a3b-12341c63b582,Amenaza high detectada,high,"{slack,email}",2026-09-27 13:31:05.26084+00,2026-09-27 13:31:05.26084+00,sent,f,2026-09-27 13:31:05.26084+00
358,608,608,github,4498779287,2026-09-27 13:45:58.870216+00,2026-09-27 13:45:59.961289+00,3a472102-3a26-4672-b11f-3af0a3eabc72,Amenaza high detectada,high,"{slack,email}",2026-09-27 13:46:03.871593+00,2026-09-27 13:46:03.871593+00,sent,f,2026-09-27 13:46:03.871593+00
359,609,609,github,1449709060,2026-09-27 13:45:58.870216+00,2026-09-27 13:45:59.961289+00,256d488c-49e9-4cda-a790-786d36ee7c75,Amenaza high detectada,high,"{slack,email}",2026-09-27 13:46:03.871593+00,2026-09-27 13:46:03.871593+00,sent,f,2026-09-27 13:46:03.871593+00
360,610,610,github,1688419968,2026-09-27 13:45:58.870216+00,2026-09-27 13:45:59.961289+00,41e4efce-8124-4cd6-ad7d-0739729dbdcc,Amenaza high detectada,high,"{slack,email}",2026-09-27 13:46:03.871593+00,2026-09-27 13:46:03.871593+00,sent,f,2026-09-27 13:46:03.871593+00
361,611,611,github,3670694405,2026-09-27 13:45:58.870216+00,2026-09-27 13:45:59.961289+00,d6656c99-721e-4aa8-b153-092feafca70a,Amenaza high detectada,high,"{slack,email}",2026-09-27 13:46:03.871593+00,2026-09-27 13:46:03.871593+00,sent,f,2026-09-27 13:46:03.871593+00
362,612,612,github,2656756040,2026-09-27 13:45:58.870216+00,2026-09-27 13:45:59.961289+00,7da03585-8723-4b59-822c-5dd69763513d,Amenaza high detectada,high,"{slack,email}",2026-09-27 13:46:03.871593+00,2026-09-27 13:46:03.871593+00,sent,f,2026-09-27 13:46:03.871593+00
363,614,614,github,5603114033,2026-09-27 13:45:58.870216+00,2026-09-27 13:45:59.961289+00,edc4d6d3-cee9-4978-9e30-fe9e1ac6b40e,Amenaza high detectada,high,"{slack,email}",2026-09-27 13:46:03.871593+00,2026-09-27 13:46:03.871593+00,sent,f,2026-09-27 13:46:03.871593+00
364,615,615,github,2905099792,2026-09-27 13:45:58.870216+00,2026-09-27 13:45:59.961289+00,f58c1596-78f8-46c6-93bc-9f22cd0db4c2,Amenaza high detectada,high,"{slack,email}",2026-09-27 13:46:03.871593+00,2026-09-27 13:46:03.871593+00,sent,f,2026-09-27 13:46:03.871593+00
365,616,616,github,5597072981,2026-09-27 13:45:58.870216+00,2026-09-27 13:45:59.961289+00,6ef4c819-25b4-455a-a7ce-50ee740fd03f,Amenaza high detectada,high,"{slack,email}",2026-09-27 13:46:03.871593+00,2026-09-27 13:46:03.871593+00,sent,f,2026-09-27 13:46:03.871593+00
366,617,617,github,2615780142,2026-09-27 13:45:58.870216+00,2026-09-27 13:45:59.961289+00,54c63ab6-f8fe-442a-a3df-fddc32102e1a,Amenaza critical detectada,critical,"{slack,email}",2026-09-27 13:46:03.871593+00,2026-09-27 13:46:03.871593+00,sent,f,2026-09-27 13:46:03.871593+00
367,619,619,github,3782504800,2026-09-27 13:45:58.870216+00,2026-09-27 13:45:59.961289+00,7b96904f-ae6d-4373-acfa-b91ed9d33d04,Amenaza high detectada,high,"{slack,email}",2026-09-27 13:46:03.871593+00,2026-09-27 13:46:03.871593+00,sent,f,2026-09-27 13:46:03.871593+00
368,621,621,github,3496910257,2026-09-27 13:45:58.870216+00,2026-09-27 13:45:59.961289+00,1b7470e1-466a-44bc-b288-e74cc1047017,Amenaza high detectada,high,"{slack,email}",2026-09-27 13:46:03.871593+00,2026-09-27 13:46:03.871593+00,sent,f,2026-09-27 13:46:03.871593+00
369,622,622,github,5583004059,2026-09-27 13:45:58.870216+00,2026-09-27 13:45:59.961289+00,3513bc54-973b-473a-bb7d-468bdc006ded,Amenaza critical detectada,critical,"{slack,email}",2026-09-27 13:46:03.871593+00,2026-09-27 13:46:03.871593+00,sent,f,2026-09-27 13:46:03.871593+00
370,623,623,github,982543676,2026-09-27 13:45:58.870216+00,2026-09-27 13:45:59.961289+00,9be6058e-8b91-4cff-ae20-b53931f202ae,Amenaza high detectada,high,"{slack,email}",2026-09-27 13:46:03.871593+00,2026-09-27 13:46:03.871593+00,sent,f,2026-09-27 13:46:03.871593+00
371,625,625,github,5596941933,2026-09-27 13:45:58.870216+00,2026-09-27 13:45:59.961289+00,11afef67-c536-482b-b503-c2c3ab289834,Amenaza critical detectada,critical,"{slack,email}",2026-09-27 13:46:03.871593+00,2026-09-27 13:46:03.871593+00,sent,f,2026-09-27 13:46:03.871593+00
372,626,626,github,1650965284,2026-09-27 13:45:58.870216+00,2026-09-27 13:45:59.961289+00,aff10f11-a13a-40da-b390-ca91d7e3dd26,Amenaza high detectada,high,"{slack,email}",2026-09-27 13:46:03.871593+00,2026-09-27 13:46:03.871593+00,sent,f,2026-09-27 13:46:03.871593+00
373,628,628,github,1449771132,2026-09-27 13:45:58.870216+00,2026-09-27 13:45:59.961289+00,1b63a501-edea-4e4f-81cd-842e2bc87ed0,Amenaza high detectada,high,"{slack,email}",2026-09-27 13:46:03.871593+00,2026-09-27 13:46:03.871593+00,sent,f,2026-09-27 13:46:03.871593+00
374,629,629,github,3260189148,2026-09-27 13:45:58.870216+00,2026-09-27 13:45:59.961289+00,cf8fb77d-3844-4405-8ad6-96c671783cd8,Amenaza critical detectada,critical,"{slack,email}",2026-09-27 13:46:03.871593+00,2026-09-27 13:46:03.871593+00,sent,f,2026-09-27 13:46:03.871593+00
375,631,631,github,5603105055,2026-09-27 13:45:58.870216+00,2026-09-27 13:45:59.961289+00,d850a8f5-2b67-495e-a19e-66ca7912eeb0,Amenaza high detectada,high,"{slack,email}",2026-09-27 13:46:03.871593+00,2026-09-27 13:46:03.871593+00,sent,f,2026-09-27 13:46:03.871593+00
376,632,632,github,5431011460,2026-09-27 13:45:58.870216+00,2026-09-27 13:45:59.961289+00,47ccc104-af9a-4800-9fef-7317c1263685,Amenaza critical detectada,critical,"{slack,email}",2026-09-27 13:46:03.871593+00,2026-09-27 13:46:03.871593+00,sent,f,2026-09-27 13:46:03.871593+00
377,633,633,github,4663572534,2026-09-27 13:45:58.870216+00,2026-09-27 13:45:59.961289+00,a3d01bea-2c70-4f92-be86-dfb25c9d242e,Amenaza high detectada,high,"{slack,email}",2026-09-27 13:46:03.871593+00,2026-09-27 13:46:03.871593+00,sent,f,2026-09-27 13:46:03.871593+00
378,634,634,github,3781841384,2026-09-27 13:45:58.870216+00,2026-09-27 13:45:59.961289+00,69c866b5-33fc-4577-b1ee-0fd2349a2d0c,Amenaza high detectada,high,"{slack,email}",2026-09-27 13:46:03.871593+00,2026-09-27 13:46:03.871593+00,sent,f,2026-09-27 13:46:03.871593+00
379,635,635,github,5203393062,2026-09-27 13:45:58.870216+00,2026-09-27 13:45:59.961289+00,3824c7ba-2f36-4384-8033-1089bf7652a1,Amenaza high detectada,high,"{slack,email}",2026-09-27 13:46:03.871593+00,2026-09-27 13:46:03.871593+00,sent,f,2026-09-27 13:46:03.871593+00
380,636,636,github,2786709514,2026-09-27 13:45:58.870216+00,2026-09-27 13:45:59.961289+00,628c2b53-2f14-40b8-bcbe-7f49d2f4b72c,Amenaza high detectada,high,"{slack,email}",2026-09-27 13:46:03.871593+00,2026-09-27 13:46:03.871593+00,sent,f,2026-09-27 13:46:03.871593+00
381,637,637,github,4672750014,2026-09-27 13:45:58.870216+00,2026-09-27 13:45:59.961289+00,71f8bfcd-43a7-4571-ba1f-eacd9b95c224,Amenaza high detectada,high,"{slack,email}",2026-09-27 13:46:03.871593+00,2026-09-27 13:46:03.871593+00,sent,f,2026-09-27 13:46:03.871593+00
382,644,644,github,2776850104,2026-09-27 13:45:58.870216+00,2026-09-27 13:45:59.961289+00,a51c35f1-0827-42a2-ac73-427b441456cd,Amenaza critical detectada,critical,"{slack,email}",2026-09-27 13:46:03.871593+00,2026-09-27 13:46:03.871593+00,sent,f,2026-09-27 13:46:03.871593+00
383,646,646,github,5409526911,2026-09-27 13:45:58.870216+00,2026-09-27 13:45:59.961289+00,bf9cf02b-9fb3-4e9f-bb69-7e347013ca9d,Amenaza critical detectada,critical,"{slack,email}",2026-09-27 13:46:03.871593+00,2026-09-27 13:46:03.871593+00,sent,f,2026-09-27 13:46:03.871593+00
384,647,647,github,1759344046,2026-09-27 13:45:58.870216+00,2026-09-27 13:45:59.961289+00,44962d25-7e8c-4613-9c22-1a83159b99bc,Amenaza high detectada,high,"{slack,email}",2026-09-27 13:46:03.871593+00,2026-09-27 13:46:03.871593+00,sent,f,2026-09-27 13:46:03.871593+00
385,648,648,github,5600251752,2026-09-27 14:01:00.644645+00,2026-09-27 14:01:01.561965+00,132a589b-2402-4d9c-9f80-2d4ca1205e6b,Amenaza critical detectada,critical,"{slack,email}",2026-09-27 14:01:10.556869+00,2026-09-27 14:01:10.556869+00,sent,f,2026-09-27 14:01:10.556869+00
386,649,649,github,5600250936,2026-09-27 14:01:00.644645+00,2026-09-27 14:01:01.561965+00,26dd7e28-3453-49b9-a436-9186676ad75b,Amenaza critical detectada,critical,"{slack,email}",2026-09-27 14:01:10.556869+00,2026-09-27 14:01:10.556869+00,sent,f,2026-09-27 14:01:10.556869+00
387,650,650,github,978702196,2026-09-27 14:01:00.644645+00,2026-09-27 14:01:01.561965+00,a388b1df-e3ad-4c65-acac-897b9134a11c,Amenaza high detectada,high,"{slack,email}",2026-09-27 14:01:10.556869+00,2026-09-27 14:01:10.556869+00,sent,f,2026-09-27 14:01:10.556869+00
388,651,651,github,2745872876,2026-09-27 14:01:00.644645+00,2026-09-27 14:01:01.561965+00,fa2fd49f-194e-4622-85c0-3008f689fe4d,Amenaza critical detectada,critical,"{slack,email}",2026-09-27 14:01:10.556869+00,2026-09-27 14:01:10.556869+00,sent,f,2026-09-27 14:01:10.556869+00
389,652,652,github,5362602643,2026-09-27 14:01:00.644645+00,2026-09-27 14:01:01.561965+00,b93799a9-25d5-4f4d-9279-a082bc20f660,Amenaza high detectada,high,"{slack,email}",2026-09-27 14:01:10.556869+00,2026-09-27 14:01:10.556869+00,sent,f,2026-09-27 14:01:10.556869+00
390,654,654,github,2169609093,2026-09-27 14:01:00.644645+00,2026-09-27 14:01:01.561965+00,7d4d78ae-33cd-4251-be95-679d01dd0e1d,Amenaza high detectada,high,"{slack,email}",2026-09-27 14:01:10.556869+00,2026-09-27 14:01:10.556869+00,sent,f,2026-09-27 14:01:10.556869+00
391,656,656,github,5203765400,2026-09-27 14:01:00.644645+00,2026-09-27 14:01:01.561965+00,a58392a8-9171-4712-98aa-96f68f9f49be,Amenaza high detectada,high,"{slack,email}",2026-09-27 14:01:10.556869+00,2026-09-27 14:01:10.556869+00,sent,f,2026-09-27 14:01:10.556869+00
392,657,657,github,5596919362,2026-09-27 14:01:00.644645+00,2026-09-27 14:01:01.561965+00,a772047c-3367-487a-90b6-3456b153c141,Amenaza high detectada,high,"{slack,email}",2026-09-27 14:01:10.556869+00,2026-09-27 14:01:10.556869+00,sent,f,2026-09-27 14:01:10.556869+00
393,658,658,github,3804065459,2026-09-27 14:01:00.644645+00,2026-09-27 14:01:01.561965+00,febf6974-4d21-457a-8d9a-d92733c051e8,Amenaza critical detectada,critical,"{slack,email}",2026-09-27 14:01:10.556869+00,2026-09-27 14:01:10.556869+00,sent,f,2026-09-27 14:01:10.556869+00
394,659,659,github,4456922053,2026-09-27 14:01:00.644645+00,2026-09-27 14:01:01.561965+00,26d8403b-9e65-4c2c-8ad8-2e1a9a58e894,Amenaza high detectada,high,"{slack,email}",2026-09-27 14:01:10.556869+00,2026-09-27 14:01:10.556869+00,sent,f,2026-09-27 14:01:10.556869+00
395,661,661,github,1848385989,2026-09-27 14:01:00.644645+00,2026-09-27 14:01:01.561965+00,d42f3fb4-b9c2-4db1-8e2a-0898e360cea5,Amenaza high detectada,high,"{slack,email}",2026-09-27 14:01:10.556869+00,2026-09-27 14:01:10.556869+00,sent,f,2026-09-27 14:01:10.556869+00
396,662,662,github,5603227184,2026-09-27 14:01:00.644645+00,2026-09-27 14:01:01.561965+00,1f82f243-6606-4080-879a-38e93246eccf,Amenaza high detectada,high,"{slack,email}",2026-09-27 14:01:10.556869+00,2026-09-27 14:01:10.556869+00,sent,f,2026-09-27 14:01:10.556869+00
397,664,664,github,5154135923,2026-09-27 14:01:00.644645+00,2026-09-27 14:01:01.561965+00,63f976f5-eec0-4b99-85d7-fa8ead2661db,Amenaza high detectada,high,"{slack,email}",2026-09-27 14:01:10.556869+00,2026-09-27 14:01:10.556869+00,sent,f,2026-09-27 14:01:10.556869+00
398,666,666,github,3901958804,2026-09-27 14:01:00.644645+00,2026-09-27 14:01:01.561965+00,572d36af-3714-4aed-ad4f-1b00361e77a3,Amenaza high detectada,high,"{slack,email}",2026-09-27 14:01:10.556869+00,2026-09-27 14:01:10.556869+00,sent,f,2026-09-27 14:01:10.556869+00
399,667,667,github,5546581119,2026-09-27 14:01:00.644645+00,2026-09-27 14:01:01.561965+00,5e05cb86-cde9-4b68-9e3a-745677332b53,Amenaza high detectada,high,"{slack,email}",2026-09-27 14:01:10.556869+00,2026-09-27 14:01:10.556869+00,sent,f,2026-09-27 14:01:10.556869+00
400,668,668,github,5603231869,2026-09-27 14:01:00.644645+00,2026-09-27 14:01:01.561965+00,ffbeab13-802d-44fb-ae06-846f29df7ca2,Amenaza critical detectada,critical,"{slack,email}",2026-09-27 14:01:10.556869+00,2026-09-27 14:01:10.556869+00,sent,f,2026-09-27 14:01:10.556869+00
401,669,669,github,5546476833,2026-09-27 14:01:00.644645+00,2026-09-27 14:01:01.561965+00,128273bd-6234-4a72-8f64-21a7baaa05d0,Amenaza high detectada,high,"{slack,email}",2026-09-27 14:01:10.556869+00,2026-09-27 14:01:10.556869+00,sent,f,2026-09-27 14:01:10.556869+00
402,670,670,github,5520186595,2026-09-27 14:01:00.644645+00,2026-09-27 14:01:01.561965+00,6e9d5d2a-0b63-4a69-b01f-d71ce1201716,Amenaza high detectada,high,"{slack,email}",2026-09-27 14:01:10.556869+00,2026-09-27 14:01:10.556869+00,sent,f,2026-09-27 14:01:10.556869+00
403,671,671,github,2074882829,2026-09-27 14:01:00.644645+00,2026-09-27 14:01:01.561965+00,9094b36d-75b0-4d1a-89bf-af1a00e3a282,Amenaza high detectada,high,"{slack,email}",2026-09-27 14:01:10.556869+00,2026-09-27 14:01:10.556869+00,sent,f,2026-09-27 14:01:10.556869+00
404,672,672,github,5418168909,2026-09-27 14:01:00.644645+00,2026-09-27 14:01:01.561965+00,f0a79906-fbb8-40e5-a493-c0544f439688,Amenaza high detectada,high,"{slack,email}",2026-09-27 14:01:10.556869+00,2026-09-27 14:01:10.556869+00,sent,f,2026-09-27 14:01:10.556869+00
405,673,673,github,5546330040,2026-09-27 14:01:00.644645+00,2026-09-27 14:01:01.561965+00,8fe27f48-5ea0-4313-a3bb-1c1527bb5bb1,Amenaza high detectada,high,"{slack,email}",2026-09-27 14:01:10.556869+00,2026-09-27 14:01:10.556869+00,sent,f,2026-09-27 14:01:10.556869+00
406,675,675,github,2158221653,2026-09-27 14:01:00.644645+00,2026-09-27 14:01:01.561965+00,92e42c2b-ada4-4d80-a4a2-1b0c6e7f81d2,Amenaza high detectada,high,"{slack,email}",2026-09-27 14:01:10.556869+00,2026-09-27 14:01:10.556869+00,sent,f,2026-09-27 14:01:10.556869+00
407,679,679,github,5462974272,2026-09-27 14:01:00.644645+00,2026-09-27 14:01:01.561965+00,0311be95-f2b0-4430-af8b-aa387be4a28b,Amenaza high detectada,high,"{slack,email}",2026-09-27 14:01:10.556869+00,2026-09-27 14:01:10.556869+00,sent,f,2026-09-27 14:01:10.556869+00
408,681,681,github,4467516892,2026-09-27 14:01:00.644645+00,2026-09-27 14:01:01.561965+00,17f51f0b-7c06-46ba-8800-13e3a3b9ba66,Amenaza high detectada,high,"{slack,email}",2026-09-27 14:01:10.556869+00,2026-09-27 14:01:10.556869+00,sent,f,2026-09-27 14:01:10.556869+00
409,682,682,github,5600405090,2026-09-27 14:01:00.644645+00,2026-09-27 14:01:01.561965+00,1e09ff71-6701-4fa3-871c-2b81e0d3d55c,Amenaza critical detectada,critical,"{slack,email}",2026-09-27 14:01:10.556869+00,2026-09-27 14:01:10.556869+00,sent,f,2026-09-27 14:01:10.556869+00
410,684,684,github,5603222813,2026-09-27 14:01:00.644645+00,2026-09-27 14:01:01.561965+00,5c8ef034-2ee5-40c4-b966-36a05044d747,Amenaza high detectada,high,"{slack,email}",2026-09-27 14:01:10.556869+00,2026-09-27 14:01:10.556869+00,sent,f,2026-09-27 14:01:10.556869+00
411,685,685,github,2723300294,2026-09-27 14:01:00.644645+00,2026-09-27 14:01:01.561965+00,07f025a6-4b45-4971-99fb-3092f4238666,Amenaza critical detectada,critical,"{slack,email}",2026-09-27 14:01:10.556869+00,2026-09-27 14:01:10.556869+00,sent,f,2026-09-27 14:01:10.556869+00
412,687,687,github,2158387262,2026-09-27 14:01:00.644645+00,2026-09-27 14:01:01.561965+00,3fae7e3b-e129-4bf0-81a6-34298a841c8b,Amenaza high detectada,high,"{slack,email}",2026-09-27 14:01:10.556869+00,2026-09-27 14:01:10.556869+00,sent,f,2026-09-27 14:01:10.556869+00
413,688,688,github,3816558475,2026-09-27 14:11:47.117152+00,2026-09-27 14:11:48.081401+00,d2cbeb7b-d5b7-4174-801e-cd4a2d6be46f,Amenaza high detectada,high,"{slack,email}",2026-09-27 14:11:52.46348+00,2026-09-27 14:11:52.46348+00,sent,f,2026-09-27 14:11:52.46348+00
414,689,689,github,3780649987,2026-09-27 14:11:47.117152+00,2026-09-27 14:11:48.081401+00,0bdf7147-69cc-4ad6-b632-d794a007d641,Amenaza high detectada,high,"{slack,email}",2026-09-27 14:11:52.46348+00,2026-09-27 14:11:52.46348+00,sent,f,2026-09-27 14:11:52.46348+00
415,691,691,github,1146332927,2026-09-27 14:11:47.117152+00,2026-09-27 14:11:48.081401+00,1e8ba6e9-f81a-4f62-a4ab-3bb81a216a1e,Amenaza critical detectada,critical,"{slack,email}",2026-09-27 14:11:52.46348+00,2026-09-27 14:11:52.46348+00,sent,f,2026-09-27 14:11:52.46348+00
416,693,693,github,5052429669,2026-09-27 14:11:47.117152+00,2026-09-27 14:11:48.081401+00,039f9492-585b-4b5a-ad43-03a35d2a6601,Amenaza critical detectada,critical,"{slack,email}",2026-09-27 14:11:52.46348+00,2026-09-27 14:11:52.46348+00,sent,f,2026-09-27 14:11:52.46348+00
417,694,694,github,2766828251,2026-09-27 14:11:47.117152+00,2026-09-27 14:11:48.081401+00,9db00009-8dee-439a-b25a-3c038934b57a,Amenaza critical detectada,critical,"{slack,email}",2026-09-27 14:11:52.46348+00,2026-09-27 14:11:52.46348+00,sent,f,2026-09-27 14:11:52.46348+00
418,696,696,github,5318875621,2026-09-27 14:11:47.117152+00,2026-09-27 14:11:48.081401+00,4fd55245-5ad3-4413-adbb-6ae7d42b61f3,Amenaza critical detectada,critical,"{slack,email}",2026-09-27 14:11:52.46348+00,2026-09-27 14:11:52.46348+00,sent,f,2026-09-27 14:11:52.46348+00
419,698,698,github,4891701769,2026-09-27 14:11:47.117152+00,2026-09-27 14:11:48.081401+00,e715610a-d58d-43bf-a74a-aa631bba721c,Amenaza high detectada,high,"{slack,email}",2026-09-27 14:11:52.46348+00,2026-09-27 14:11:52.46348+00,sent,f,2026-09-27 14:11:52.46348+00
420,700,700,github,3293193085,2026-09-27 14:11:47.117152+00,2026-09-27 14:11:48.081401+00,83c3a2a2-02c1-4d8f-8822-b64d6747f465,Amenaza high detectada,high,"{slack,email}",2026-09-27 14:11:52.46348+00,2026-09-27 14:11:52.46348+00,sent,f,2026-09-27 14:11:52.46348+00
421,702,702,github,2140841250,2026-09-27 14:11:47.117152+00,2026-09-27 14:11:48.081401+00,d8822f2a-a683-4d18-8dd7-ef0bcc7e3c9f,Amenaza high detectada,high,"{slack,email}",2026-09-27 14:11:52.46348+00,2026-09-27 14:11:52.46348+00,sent,f,2026-09-27 14:11:52.46348+00
422,705,705,github,1029653429,2026-09-27 14:11:47.117152+00,2026-09-27 14:11:48.081401+00,d35e44c9-0764-4a76-ae68-3eadfab883fb,Amenaza high detectada,high,"{slack,email}",2026-09-27 14:11:52.46348+00,2026-09-27 14:11:52.46348+00,sent,f,2026-09-27 14:11:52.46348+00
423,707,707,github,2921114439,2026-09-27 14:11:47.117152+00,2026-09-27 14:11:48.081401+00,6fe18935-ae0c-40c5-98d0-16e3eaf9babf,Amenaza critical detectada,critical,"{slack,email}",2026-09-27 14:11:52.46348+00,2026-09-27 14:11:52.46348+00,sent,f,2026-09-27 14:11:52.46348+00
424,708,708,github,1165972636,2026-09-27 14:11:47.117152+00,2026-09-27 14:11:48.081401+00,4b68a690-4c6c-4922-97a0-b15a4f9a0506,Amenaza high detectada,high,"{slack,email}",2026-09-27 14:11:52.46348+00,2026-09-27 14:11:52.46348+00,sent,f,2026-09-27 14:11:52.46348+00
425,709,709,github,1335864132,2026-09-27 14:11:47.117152+00,2026-09-27 14:11:48.081401+00,eec9010a-384d-436c-9fcb-9588dc3f8bc3,Amenaza high detectada,high,"{slack,email}",2026-09-27 14:11:52.46348+00,2026-09-27 14:11:52.46348+00,sent,f,2026-09-27 14:11:52.46348+00
426,712,712,github,3295740944,2026-09-27 14:11:47.117152+00,2026-09-27 14:11:48.081401+00,4332a353-3c60-4089-a2b9-31f03ed2b68b,Amenaza high detectada,high,"{slack,email}",2026-09-27 14:11:52.46348+00,2026-09-27 14:11:52.46348+00,sent,f,2026-09-27 14:11:52.46348+00
427,715,715,github,3541305004,2026-09-27 14:11:47.117152+00,2026-09-27 14:11:48.081401+00,7ba61870-fe68-4ffb-b6fd-e7931b357574,Amenaza high detectada,high,"{slack,email}",2026-09-27 14:11:52.46348+00,2026-09-27 14:11:52.46348+00,sent,f,2026-09-27 14:11:52.46348+00
428,717,717,github,1703015409,2026-09-27 14:11:47.117152+00,2026-09-27 14:11:48.081401+00,38a61fc3-d4fc-4aaf-9b2f-84711bc8e7c9,Amenaza high detectada,high,"{slack,email}",2026-09-27 14:11:52.46348+00,2026-09-27 14:11:52.46348+00,sent,f,2026-09-27 14:11:52.46348+00
429,718,718,github,3572064874,2026-09-27 14:11:47.117152+00,2026-09-27 14:11:48.081401+00,311ad5d5-6fd5-48f3-a157-331acdb6cbac,Amenaza high detectada,high,"{slack,email}",2026-09-27 14:11:52.46348+00,2026-09-27 14:11:52.46348+00,sent,f,2026-09-27 14:11:52.46348+00
430,719,719,github,3308978806,2026-09-27 14:11:47.117152+00,2026-09-27 14:11:48.081401+00,64750416-d4ea-47e9-b929-d61f9a36457b,Amenaza high detectada,high,"{slack,email}",2026-09-27 14:11:52.46348+00,2026-09-27 14:11:52.46348+00,sent,f,2026-09-27 14:11:52.46348+00
431,720,720,github,5196506785,2026-09-27 14:11:47.117152+00,2026-09-27 14:11:48.081401+00,0fa6e4be-cf6d-4c05-aa99-7d64b112de47,Amenaza critical detectada,critical,"{slack,email}",2026-09-27 14:11:52.46348+00,2026-09-27 14:11:52.46348+00,sent,f,2026-09-27 14:11:52.46348+00
432,721,721,github,5603302193,2026-09-27 14:11:47.117152+00,2026-09-27 14:11:48.081401+00,06539b33-dcc6-49ad-bedc-938e1b025779,Amenaza critical detectada,critical,"{slack,email}",2026-09-27 14:11:52.46348+00,2026-09-27 14:11:52.46348+00,sent,f,2026-09-27 14:11:52.46348+00
433,722,722,github,5224608936,2026-09-27 14:11:47.117152+00,2026-09-27 14:11:48.081401+00,c8e8e6c7-0a23-4a6e-b34f-f021e7c98157,Amenaza high detectada,high,"{slack,email}",2026-09-27 14:11:52.46348+00,2026-09-27 14:11:52.46348+00,sent,f,2026-09-27 14:11:52.46348+00
434,729,729,github,5604216154,2026-09-27 21:15:59.357696+00,2026-09-27 21:16:00.530974+00,dcc4308f-818f-4ad1-a835-7998e03af7dc,Amenaza high detectada,high,"{slack,email}",2026-09-27 21:16:13.421117+00,2026-09-27 21:16:13.421117+00,sent,f,2026-09-27 21:16:13.421117+00
435,730,730,github,5606348698,2026-09-27 21:15:59.357696+00,2026-09-27 21:16:00.530974+00,8eb0fe78-b7d5-42a7-bc3e-0a20bfde1ba2,Amenaza critical detectada,critical,"{slack,email}",2026-09-27 21:16:13.421117+00,2026-09-27 21:16:13.421117+00,sent,f,2026-09-27 21:16:13.421117+00
436,731,731,github,5561186640,2026-09-27 21:15:59.357696+00,2026-09-27 21:16:00.530974+00,c2c65de9-1525-48af-9fb4-568f218e2a1f,Amenaza critical detectada,critical,"{slack,email}",2026-09-27 21:16:13.421117+00,2026-09-27 21:16:13.421117+00,sent,f,2026-09-27 21:16:13.421117+00
437,734,734,github,5159726431,2026-09-27 21:15:59.357696+00,2026-09-27 21:16:00.530974+00,dc986cf7-f74e-4ed2-8166-a098cf61a24e,Amenaza high detectada,high,"{slack,email}",2026-09-27 21:16:13.421117+00,2026-09-27 21:16:13.421117+00,sent,f,2026-09-27 21:16:13.421117+00
438,735,735,github,3568672286,2026-09-27 21:15:59.357696+00,2026-09-27 21:16:00.530974+00,d241a8da-6cea-49f2-9928-3be26a57cea9,Amenaza critical detectada,critical,"{slack,email}",2026-09-27 21:16:13.421117+00,2026-09-27 21:16:13.421117+00,sent,f,2026-09-27 21:16:13.421117+00
439,736,736,github,3655064124,2026-09-27 21:15:59.357696+00,2026-09-27 21:16:00.530974+00,c2d605d0-da65-4b16-adbe-5a5b3c79163e,Amenaza high detectada,high,"{slack,email}",2026-09-27 21:16:13.421117+00,2026-09-27 21:16:13.421117+00,sent,f,2026-09-27 21:16:13.421117+00
440,737,737,github,5016464365,2026-09-27 21:15:59.357696+00,2026-09-27 21:16:00.530974+00,30aa7faa-9c20-4a3f-b727-d7129fa92438,Amenaza critical detectada,critical,"{slack,email}",2026-09-27 21:16:13.421117+00,2026-09-27 21:16:13.421117+00,sent,f,2026-09-27 21:16:13.421117+00
441,738,738,github,3025085539,2026-09-27 21:15:59.357696+00,2026-09-27 21:16:00.530974+00,39ce6cca-94b7-4a94-8eb8-753ed0883263,Amenaza critical detectada,critical,"{slack,email}",2026-09-27 21:16:13.421117+00,2026-09-27 21:16:13.421117+00,sent,f,2026-09-27 21:16:13.421117+00
442,740,740,github,5606345863,2026-09-27 21:15:59.357696+00,2026-09-27 21:16:00.530974+00,469b60b5-b62c-4483-a839-62a8f7260986,Amenaza critical detectada,critical,"{slack,email}",2026-09-27 21:16:13.421117+00,2026-09-27 21:16:13.421117+00,sent,f,2026-09-27 21:16:13.421117+00
443,741,741,github,5144376009,2026-09-27 21:15:59.357696+00,2026-09-27 21:16:00.530974+00,ebbb20a5-4fcc-48e9-a041-ff59e8d2f01d,Amenaza high detectada,high,"{slack,email}",2026-09-27 21:16:13.421117+00,2026-09-27 21:16:13.421117+00,sent,f,2026-09-27 21:16:13.421117+00
444,743,743,github,4004515787,2026-09-27 21:15:59.357696+00,2026-09-27 21:16:00.530974+00,57d61e45-f488-40e5-bb8e-58b6923ff779,Amenaza critical detectada,critical,"{slack,email}",2026-09-27 21:16:13.421117+00,2026-09-27 21:16:13.421117+00,sent,f,2026-09-27 21:16:13.421117+00
445,744,744,github,3442490975,2026-09-27 21:15:59.357696+00,2026-09-27 21:16:00.530974+00,74dfe1cc-ef4d-4179-92e6-f4771f76a57b,Amenaza high detectada,high,"{slack,email}",2026-09-27 21:16:13.421117+00,2026-09-27 21:16:13.421117+00,sent,f,2026-09-27 21:16:13.421117+00
446,746,746,github,5426956943,2026-09-27 21:15:59.357696+00,2026-09-27 21:16:00.530974+00,383da32e-7893-4ed4-bc8e-7e01c5a66e0a,Amenaza critical detectada,critical,"{slack,email}",2026-09-27 21:16:13.421117+00,2026-09-27 21:16:13.421117+00,sent,f,2026-09-27 21:16:13.421117+00
447,747,747,github,5606340949,2026-09-27 21:15:59.357696+00,2026-09-27 21:16:00.530974+00,ca945c65-02a4-4e14-8b9d-792bd8bfbbc6,Amenaza critical detectada,critical,"{slack,email}",2026-09-27 21:16:13.421117+00,2026-09-27 21:16:13.421117+00,sent,f,2026-09-27 21:16:13.421117+00
448,748,748,github,4774033431,2026-09-27 21:15:59.357696+00,2026-09-27 21:16:00.530974+00,d00c5308-84cb-49d4-b6ab-477d94fdc517,Amenaza critical detectada,critical,"{slack,email}",2026-09-27 21:16:13.421117+00,2026-09-27 21:16:13.421117+00,sent,f,2026-09-27 21:16:13.421117+00
449,750,750,github,1522405791,2026-09-27 21:15:59.357696+00,2026-09-27 21:16:00.530974+00,41fd0a93-1788-4fa6-ab35-7e655f95aa57,Amenaza high detectada,high,"{slack,email}",2026-09-27 21:16:13.421117+00,2026-09-27 21:16:13.421117+00,sent,f,2026-09-27 21:16:13.421117+00
450,751,751,github,5528169037,2026-09-27 21:15:59.357696+00,2026-09-27 21:16:00.530974+00,e8435f02-6921-4824-a460-7f9e4f23f8ac,Amenaza high detectada,high,"{slack,email}",2026-09-27 21:16:13.421117+00,2026-09-27 21:16:13.421117+00,sent,f,2026-09-27 21:16:13.421117+00
451,753,753,github,982547709,2026-09-27 21:15:59.357696+00,2026-09-27 21:16:00.530974+00,33f3b700-0747-4bbd-9e86-e17afc93f9cd,Amenaza high detectada,high,"{slack,email}",2026-09-27 21:16:13.421117+00,2026-09-27 21:16:13.421117+00,sent,f,2026-09-27 21:16:13.421117+00
452,754,754,github,4891883953,2026-09-27 21:15:59.357696+00,2026-09-27 21:16:00.530974+00,80eb7405-0e5f-4966-8878-39b16012efc7,Amenaza critical detectada,critical,"{slack,email}",2026-09-27 21:16:13.421117+00,2026-09-27 21:16:13.421117+00,sent,f,2026-09-27 21:16:13.421117+00
453,757,757,github,3541253564,2026-09-27 21:15:59.357696+00,2026-09-27 21:16:00.530974+00,28537f0d-3e90-4857-8fb0-c819a85dc725,Amenaza high detectada,high,"{slack,email}",2026-09-27 21:16:13.421117+00,2026-09-27 21:16:13.421117+00,sent,f,2026-09-27 21:16:13.421117+00
454,758,758,github,5251685501,2026-09-27 21:15:59.357696+00,2026-09-27 21:16:00.530974+00,f2abdb8e-d57d-4e18-977a-31438d1288d4,Amenaza high detectada,high,"{slack,email}",2026-09-27 21:16:13.421117+00,2026-09-27 21:16:13.421117+00,sent,f,2026-09-27 21:16:13.421117+00
455,762,762,github,5413530107,2026-09-27 21:15:59.357696+00,2026-09-27 21:16:00.530974+00,bab25bf7-a955-4d67-94ee-4fdd353f0305,Amenaza critical detectada,critical,"{slack,email}",2026-09-27 21:16:13.421117+00,2026-09-27 21:16:13.421117+00,sent,f,2026-09-27 21:16:13.421117+00
456,765,765,github,5230472622,2026-09-27 21:15:59.357696+00,2026-09-27 21:16:00.530974+00,bd780574-6e06-4bcc-b141-dfbcc9e299ee,Amenaza high detectada,high,"{slack,email}",2026-09-27 21:16:13.421117+00,2026-09-27 21:16:13.421117+00,sent,f,2026-09-27 21:16:13.421117+00
457,770,770,github,5563317819,2026-09-27 21:30:58.301524+00,2026-09-27 21:30:59.439333+00,79e1f2b6-672e-4fb8-8de1-ac9a79d57dd2,Amenaza critical detectada,critical,"{slack,email}",2026-09-27 21:31:02.954186+00,2026-09-27 21:31:02.954186+00,sent,f,2026-09-27 21:31:02.954186+00
458,773,773,github,5505043434,2026-09-27 21:30:58.301524+00,2026-09-27 21:30:59.439333+00,81d9e76f-831e-4242-95ef-8eca7efc2c27,Amenaza high detectada,high,"{slack,email}",2026-09-27 21:31:02.954186+00,2026-09-27 21:31:02.954186+00,sent,f,2026-09-27 21:31:02.954186+00
459,776,776,github,1989331014,2026-09-27 21:30:58.301524+00,2026-09-27 21:30:59.439333+00,9e92755e-4afc-40e7-8e9e-a6aaad4ade1c,Amenaza critical detectada,critical,"{slack,email}",2026-09-27 21:31:02.954186+00,2026-09-27 21:31:02.954186+00,sent,f,2026-09-27 21:31:02.954186+00
460,777,777,github,5606438218,2026-09-27 21:30:58.301524+00,2026-09-27 21:30:59.439333+00,dbda9317-b0ca-4e4e-9ccd-1411f4c4ea84,Amenaza critical detectada,critical,"{slack,email}",2026-09-27 21:31:02.954186+00,2026-09-27 21:31:02.954186+00,sent,f,2026-09-27 21:31:02.954186+00
461,778,778,github,5606437475,2026-09-27 21:30:58.301524+00,2026-09-27 21:30:59.439333+00,bec07f4f-0426-4097-a9bc-acb429807018,Amenaza high detectada,high,"{slack,email}",2026-09-27 21:31:02.954186+00,2026-09-27 21:31:02.954186+00,sent,f,2026-09-27 21:31:02.954186+00
462,779,779,github,5350553703,2026-09-27 21:30:58.301524+00,2026-09-27 21:30:59.439333+00,a39414fb-e9d1-4d07-8abc-58112b29123a,Amenaza high detectada,high,"{slack,email}",2026-09-27 21:31:02.954186+00,2026-09-27 21:31:02.954186+00,sent,f,2026-09-27 21:31:02.954186+00
463,780,780,github,5604402841,2026-09-27 21:30:58.301524+00,2026-09-27 21:30:59.439333+00,b92eaee6-2a29-4247-add7-82bda4799f6a,Amenaza high detectada,high,"{slack,email}",2026-09-27 21:31:02.954186+00,2026-09-27 21:31:02.954186+00,sent,f,2026-09-27 21:31:02.954186+00
464,782,782,github,982595264,2026-09-27 21:30:58.301524+00,2026-09-27 21:30:59.439333+00,83ebea34-f71c-4fdd-b483-1d1073a25b85,Amenaza high detectada,high,"{slack,email}",2026-09-27 21:31:02.954186+00,2026-09-27 21:31:02.954186+00,sent,f,2026-09-27 21:31:02.954186+00
465,784,784,github,5606435537,2026-09-27 21:30:58.301524+00,2026-09-27 21:30:59.439333+00,f37b579a-c0b9-4123-bf9c-32d3129f2b96,Amenaza high detectada,high,"{slack,email}",2026-09-27 21:31:02.954186+00,2026-09-27 21:31:02.954186+00,sent,f,2026-09-27 21:31:02.954186+00
466,785,785,github,5606183330,2026-09-27 21:30:58.301524+00,2026-09-27 21:30:59.439333+00,ec849022-ab45-4ee4-993e-f23114ad1ac0,Amenaza critical detectada,critical,"{slack,email}",2026-09-27 21:31:02.954186+00,2026-09-27 21:31:02.954186+00,sent,f,2026-09-27 21:31:02.954186+00
467,788,788,github,1334523153,2026-09-27 21:30:58.301524+00,2026-09-27 21:30:59.439333+00,c7abb430-cd63-45a4-aacc-58e45c558784,Amenaza high detectada,high,"{slack,email}",2026-09-27 21:31:02.954186+00,2026-09-27 21:31:02.954186+00,sent,f,2026-09-27 21:31:02.954186+00
468,792,792,github,5606427980,2026-09-27 21:30:58.301524+00,2026-09-27 21:30:59.439333+00,5dd09b95-adf5-48f6-99f7-8a34850cecc9,Amenaza critical detectada,critical,"{slack,email}",2026-09-27 21:31:02.954186+00,2026-09-27 21:31:02.954186+00,sent,f,2026-09-27 21:31:02.954186+00
469,793,793,github,982559316,2026-09-27 21:30:58.301524+00,2026-09-27 21:30:59.439333+00,716b0aec-454d-4cc4-afa6-bb63c5b39b59,Amenaza high detectada,high,"{slack,email}",2026-09-27 21:31:02.954186+00,2026-09-27 21:31:02.954186+00,sent,f,2026-09-27 21:31:02.954186+00
470,796,796,github,5606385354,2026-09-27 21:30:58.301524+00,2026-09-27 21:30:59.439333+00,bdf7d4ed-c5d6-4f05-94e2-b87bd2fe4fb5,Amenaza critical detectada,critical,"{slack,email}",2026-09-27 21:31:02.954186+00,2026-09-27 21:31:02.954186+00,sent,f,2026-09-27 21:31:02.954186+00
471,797,797,github,5459098321,2026-09-27 21:30:58.301524+00,2026-09-27 21:30:59.439333+00,dca8882d-a8a1-4252-9f42-6629e9b73d60,Amenaza high detectada,high,"{slack,email}",2026-09-27 21:31:02.954186+00,2026-09-27 21:31:02.954186+00,sent,f,2026-09-27 21:31:02.954186+00
472,801,801,github,5602708126,2026-09-27 21:30:58.301524+00,2026-09-27 21:30:59.439333+00,bf6b4a45-f753-4248-869b-1e2be78caaa3,Amenaza high detectada,high,"{slack,email}",2026-09-27 21:31:02.954186+00,2026-09-27 21:31:02.954186+00,sent,f,2026-09-27 21:31:02.954186+00
473,804,804,github,4029961321,2026-09-27 21:30:58.301524+00,2026-09-27 21:30:59.439333+00,84860691-cdfa-442a-b47e-4c814e27d619,Amenaza high detectada,high,"{slack,email}",2026-09-27 21:31:02.954186+00,2026-09-27 21:31:02.954186+00,sent,f,2026-09-27 21:31:02.954186+00
474,809,809,hackernews,49879880,2026-09-28 22:45:58.80965+00,2026-09-28 22:46:00.557288+00,e7bdc0a0-025b-46cd-ae80-d5faafd9c8ae,Amenaza critical detectada,critical,"{slack,email}",2026-09-28 22:46:05.657307+00,2026-09-28 22:46:05.657307+00,sent,f,2026-09-28 22:46:05.657307+00
475,815,815,hackernews,49877752,2026-09-28 22:45:58.80965+00,2026-09-28 22:46:00.557288+00,fe77b91d-2469-4b19-82d3-15326ea3fdc6,Amenaza high detectada,high,"{slack,email}",2026-09-28 22:46:05.657307+00,2026-09-28 22:46:05.657307+00,sent,f,2026-09-28 22:46:05.657307+00
476,820,820,hackernews,49875297,2026-09-28 22:45:58.80965+00,2026-09-28 22:46:00.557288+00,e84cd600-bbe4-48d9-a267-3809b6e57ebf,Amenaza high detectada,high,"{slack,email}",2026-09-28 22:46:05.657307+00,2026-09-28 22:46:05.657307+00,sent,f,2026-09-28 22:46:05.657307+00
477,827,827,github,2900969124,2026-09-28 22:45:58.80965+00,2026-09-28 22:46:00.557288+00,4f6b9d01-3127-4339-a2c4-9bc04c4412c9,Amenaza high detectada,high,"{slack,email}",2026-09-28 22:46:05.657307+00,2026-09-28 22:46:05.657307+00,sent,f,2026-09-28 22:46:05.657307+00
478,829,829,github,1899840414,2026-09-28 22:45:58.80965+00,2026-09-28 22:46:00.557288+00,2bdd05f9-b306-4af4-84e6-82610c1b93b6,Amenaza high detectada,high,"{slack,email}",2026-09-28 22:46:05.657307+00,2026-09-28 22:46:05.657307+00,sent,f,2026-09-28 22:46:05.657307+00
479,830,830,github,5513823581,2026-09-28 22:45:58.80965+00,2026-09-28 22:46:00.557288+00,211a010c-b9b1-4704-bd08-49999f9c9233,Amenaza high detectada,high,"{slack,email}",2026-09-28 22:46:05.657307+00,2026-09-28 22:46:05.657307+00,sent,f,2026-09-28 22:46:05.657307+00
480,832,832,github,1892997960,2026-09-28 22:45:58.80965+00,2026-09-28 22:46:00.557288+00,c1edc6c1-7578-423d-aeb7-287d8098fad5,Amenaza high detectada,high,"{slack,email}",2026-09-28 22:46:05.657307+00,2026-09-28 22:46:05.657307+00,sent,f,2026-09-28 22:46:05.657307+00
481,835,835,github,5560821267,2026-09-28 22:45:58.80965+00,2026-09-28 22:46:00.557288+00,a82e6d83-278c-488c-89ce-d4580cb67af7,Amenaza high detectada,high,"{slack,email}",2026-09-28 22:46:05.657307+00,2026-09-28 22:46:05.657307+00,sent,f,2026-09-28 22:46:05.657307+00
482,836,836,github,5429143706,2026-09-28 22:45:58.80965+00,2026-09-28 22:46:00.557288+00,90c7b3b3-bf70-4818-bdc6-7efd78765afa,Amenaza high detectada,high,"{slack,email}",2026-09-28 22:46:05.657307+00,2026-09-28 22:46:05.657307+00,sent,f,2026-09-28 22:46:05.657307+00
483,837,837,github,4750113672,2026-09-28 22:45:58.80965+00,2026-09-28 22:46:00.557288+00,61e98150-fb11-44b3-81dc-9144c095f7a3,Amenaza high detectada,high,"{slack,email}",2026-09-28 22:46:05.657307+00,2026-09-28 22:46:05.657307+00,sent,f,2026-09-28 22:46:05.657307+00
484,839,839,github,1029756944,2026-09-28 22:45:58.80965+00,2026-09-28 22:46:00.557288+00,a06f1946-e8c0-4b3c-a8df-671e4f984eea,Amenaza high detectada,high,"{slack,email}",2026-09-28 22:46:05.657307+00,2026-09-28 22:46:05.657307+00,sent,f,2026-09-28 22:46:05.657307+00
485,840,840,github,5621439867,2026-09-28 22:45:58.80965+00,2026-09-28 22:46:00.557288+00,e6c4b66e-542e-4b9e-b1d9-2ec0633bec76,Amenaza high detectada,high,"{slack,email}",2026-09-28 22:46:05.657307+00,2026-09-28 22:46:05.657307+00,sent,f,2026-09-28 22:46:05.657307+00
486,841,841,github,569661439,2026-09-28 22:45:58.80965+00,2026-09-28 22:46:00.557288+00,947fe02f-0ec3-4216-9592-2e281a057b23,Amenaza high detectada,high,"{slack,email}",2026-09-28 22:46:05.657307+00,2026-09-28 22:46:05.657307+00,sent,f,2026-09-28 22:46:05.657307+00
487,842,842,github,5585627903,2026-09-28 22:45:58.80965+00,2026-09-28 22:46:00.557288+00,f8c3e1d1-c36d-4f89-82fa-aa2bb0dff052,Amenaza high detectada,high,"{slack,email}",2026-09-28 22:46:05.657307+00,2026-09-28 22:46:05.657307+00,sent,f,2026-09-28 22:46:05.657307+00
488,843,843,github,978704658,2026-09-28 22:45:58.80965+00,2026-09-28 22:46:00.557288+00,dec27386-0a3c-46fd-9e10-e9bfcf45a923,Amenaza critical detectada,critical,"{slack,email}",2026-09-28 22:46:05.657307+00,2026-09-28 22:46:05.657307+00,sent,f,2026-09-28 22:46:05.657307+00
489,845,845,github,4772120422,2026-09-28 22:45:58.80965+00,2026-09-28 22:46:00.557288+00,50ed6b88-b73f-4b57-82e4-1e7e8ededee3,Amenaza high detectada,high,"{slack,email}",2026-09-28 22:46:05.657307+00,2026-09-28 22:46:05.657307+00,sent,f,2026-09-28 22:46:05.657307+00
490,846,846,github,3646906923,2026-09-28 22:45:58.80965+00,2026-09-28 22:46:00.557288+00,db8c99ee-da94-427d-99e6-21b83e30098e,Amenaza high detectada,high,"{slack,email}",2026-09-28 22:46:05.657307+00,2026-09-28 22:46:05.657307+00,sent,f,2026-09-28 22:46:05.657307+00
491,848,848,github,982540171,2026-09-28 22:45:58.80965+00,2026-09-28 22:46:00.557288+00,b0794f4b-4f9d-4517-94e6-ae2c7e4df390,Amenaza high detectada,high,"{slack,email}",2026-09-28 22:46:05.657307+00,2026-09-28 22:46:05.657307+00,sent,f,2026-09-28 22:46:05.657307+00
492,851,851,github,2910703924,2026-09-28 22:45:58.80965+00,2026-09-28 22:46:00.557288+00,3d183527-4615-416d-bdcb-eb4eeaef4d5b,Amenaza critical detectada,critical,"{slack,email}",2026-09-28 22:46:05.657307+00,2026-09-28 22:46:05.657307+00,sent,f,2026-09-28 22:46:05.657307+00
493,853,853,github,3282004159,2026-09-28 22:45:58.80965+00,2026-09-28 22:46:00.557288+00,337dfb7a-c6c6-4a4a-8058-f6f1ca582014,Amenaza high detectada,high,"{slack,email}",2026-09-28 22:46:05.657307+00,2026-09-28 22:46:05.657307+00,sent,f,2026-09-28 22:46:05.657307+00
494,854,854,github,5284478859,2026-09-28 22:45:58.80965+00,2026-09-28 22:46:00.557288+00,2bdf6414-962c-45b3-a78a-1cd580483634,Amenaza critical detectada,critical,"{slack,email}",2026-09-28 22:46:05.657307+00,2026-09-28 22:46:05.657307+00,sent,f,2026-09-28 22:46:05.657307+00
495,857,857,github,1869529392,2026-09-28 22:45:58.80965+00,2026-09-28 22:46:00.557288+00,f66acebf-de19-4098-8268-812b0d0674d6,Amenaza critical detectada,critical,"{slack,email}",2026-09-28 22:46:05.657307+00,2026-09-28 22:46:05.657307+00,sent,f,2026-09-28 22:46:05.657307+00
496,858,858,github,4302010856,2026-09-28 22:45:58.80965+00,2026-09-28 22:46:00.557288+00,24e499bb-ecf7-4185-ba9f-ef430e5f5757,Amenaza high detectada,high,"{slack,email}",2026-09-28 22:46:05.657307+00,2026-09-28 22:46:05.657307+00,sent,f,2026-09-28 22:46:05.657307+00
497,859,859,github,1029737476,2026-09-28 22:45:58.80965+00,2026-09-28 22:46:00.557288+00,51adec54-4850-4879-a0f7-379423f4e2a6,Amenaza critical detectada,critical,"{slack,email}",2026-09-28 22:46:05.657307+00,2026-09-28 22:46:05.657307+00,sent,f,2026-09-28 22:46:05.657307+00
498,860,860,github,4473949465,2026-09-28 22:45:58.80965+00,2026-09-28 22:46:00.557288+00,57f39c8d-9871-4501-8cc2-0e88461b2aad,Amenaza high detectada,high,"{slack,email}",2026-09-28 22:46:05.657307+00,2026-09-28 22:46:05.657307+00,sent,f,2026-09-28 22:46:05.657307+00
499,861,861,github,5582386821,2026-09-28 22:45:58.80965+00,2026-09-28 22:46:00.557288+00,e87d4c8d-54a4-4d57-ae10-2d343c98d710,Amenaza high detectada,high,"{slack,email}",2026-09-28 22:46:05.657307+00,2026-09-28 22:46:05.657307+00,sent,f,2026-09-28 22:46:05.657307+00
500,862,862,github,5615117700,2026-09-28 22:45:58.80965+00,2026-09-28 22:46:00.557288+00,61b7ec64-bedc-463b-962c-dfddb983ac5a,Amenaza high detectada,high,"{slack,email}",2026-09-28 22:46:05.657307+00,2026-09-28 22:46:05.657307+00,sent,f,2026-09-28 22:46:05.657307+00
501,866,866,github,2129508452,2026-09-28 22:45:58.80965+00,2026-09-28 22:46:00.557288+00,319fd318-4f6c-4c2e-a8d4-e5fce5bc53bf,Amenaza high detectada,high,"{slack,email}",2026-09-28 22:46:05.657307+00,2026-09-28 22:46:05.657307+00,sent,f,2026-09-28 22:46:05.657307+00
502,868,868,github,3208648169,2026-09-28 22:45:58.80965+00,2026-09-28 22:46:00.557288+00,e53e6818-f58d-4b4e-ad62-aa1e5cdbdf4b,Amenaza critical detectada,critical,"{slack,email}",2026-09-28 22:46:05.657307+00,2026-09-28 22:46:05.657307+00,sent,f,2026-09-28 22:46:05.657307+00
503,869,869,github,4402623087,2026-09-28 22:45:58.80965+00,2026-09-28 22:46:00.557288+00,ea1a6af8-72d2-4a17-a919-eb2ceac437fd,Amenaza critical detectada,critical,"{slack,email}",2026-09-28 22:46:05.657307+00,2026-09-28 22:46:05.657307+00,sent,f,2026-09-28 22:46:05.657307+00
504,870,870,github,5603553816,2026-09-28 22:45:58.80965+00,2026-09-28 22:46:00.557288+00,891cbf8a-8cbc-4c14-92fc-a22ce5b74332,Amenaza critical detectada,critical,"{slack,email}",2026-09-28 22:46:05.657307+00,2026-09-28 22:46:05.657307+00,sent,f,2026-09-28 22:46:05.657307+00
505,872,872,github,3520754840,2026-09-28 22:45:58.80965+00,2026-09-28 22:46:00.557288+00,5d76f1bd-ebd6-4b45-bc2a-57f6b2d6e7bd,Amenaza critical detectada,critical,"{slack,email}",2026-09-28 22:46:05.657307+00,2026-09-28 22:46:05.657307+00,sent,f,2026-09-28 22:46:05.657307+00
506,873,873,github,1455401712,2026-09-28 22:45:58.80965+00,2026-09-28 22:46:00.557288+00,f1cef06c-ddea-46d4-a139-5291f54e08ba,Amenaza high detectada,high,"{slack,email}",2026-09-28 22:46:05.657307+00,2026-09-28 22:46:05.657307+00,sent,f,2026-09-28 22:46:05.657307+00
507,875,875,github,5269497861,2026-09-28 23:46:05.951097+00,2026-09-28 23:46:07.708715+00,b7739ce4-c127-4897-8c51-c8221262a9d9,Amenaza critical detectada,critical,"{slack,email}",2026-09-28 23:46:20.295716+00,2026-09-28 23:46:20.295716+00,sent,f,2026-09-28 23:46:20.295716+00
508,876,876,github,1051075861,2026-09-28 23:46:05.951097+00,2026-09-28 23:46:07.708715+00,2ccb832c-52c9-4eee-a4b6-dd8cbc991adc,Amenaza high detectada,high,"{slack,email}",2026-09-28 23:46:20.295716+00,2026-09-28 23:46:20.295716+00,sent,f,2026-09-28 23:46:20.295716+00
509,877,877,github,5384642826,2026-09-28 23:46:05.951097+00,2026-09-28 23:46:07.708715+00,0ede0ea9-3385-4bce-bc51-e700faff6ec0,Amenaza high detectada,high,"{slack,email}",2026-09-28 23:46:20.295716+00,2026-09-28 23:46:20.295716+00,sent,f,2026-09-28 23:46:20.295716+00
510,880,880,github,5609338289,2026-09-28 23:46:05.951097+00,2026-09-28 23:46:07.708715+00,df0cb3e4-0168-4380-8756-95a14c367b9d,Amenaza high detectada,high,"{slack,email}",2026-09-28 23:46:20.295716+00,2026-09-28 23:46:20.295716+00,sent,f,2026-09-28 23:46:20.295716+00
511,881,881,github,5616041048,2026-09-28 23:46:05.951097+00,2026-09-28 23:46:07.708715+00,6c5d8cbb-1f8c-4f3b-95ce-13b6484c1517,Amenaza critical detectada,critical,"{slack,email}",2026-09-28 23:46:20.295716+00,2026-09-28 23:46:20.295716+00,sent,f,2026-09-28 23:46:20.295716+00
512,883,883,github,5515902676,2026-09-28 23:46:05.951097+00,2026-09-28 23:46:07.708715+00,dab1cd1e-0b8c-4929-bd61-684d8c56de4f,Amenaza high detectada,high,"{slack,email}",2026-09-28 23:46:20.295716+00,2026-09-28 23:46:20.295716+00,sent,f,2026-09-28 23:46:20.295716+00
513,884,884,github,1599972700,2026-09-28 23:46:05.951097+00,2026-09-28 23:46:07.708715+00,1316c9d3-c970-4bcd-96d5-1e129a2bb65b,Amenaza high detectada,high,"{slack,email}",2026-09-28 23:46:20.295716+00,2026-09-28 23:46:20.295716+00,sent,f,2026-09-28 23:46:20.295716+00
514,885,885,github,2608028714,2026-09-28 23:46:05.951097+00,2026-09-28 23:46:07.708715+00,6ae4373e-1f0d-478c-b2f6-48d0770e0af4,Amenaza high detectada,high,"{slack,email}",2026-09-28 23:46:20.295716+00,2026-09-28 23:46:20.295716+00,sent,f,2026-09-28 23:46:20.295716+00
515,886,886,github,1400313598,2026-09-28 23:46:05.951097+00,2026-09-28 23:46:07.708715+00,43cd779b-2f94-4431-a786-e2ac88561fca,Amenaza high detectada,high,"{slack,email}",2026-09-28 23:46:20.295716+00,2026-09-28 23:46:20.295716+00,sent,f,2026-09-28 23:46:20.295716+00
516,890,890,github,1029538384,2026-09-28 23:46:05.951097+00,2026-09-28 23:46:07.708715+00,700b9972-9967-4a91-b5e5-e1243f733c41,Amenaza critical detectada,critical,"{slack,email}",2026-09-28 23:46:20.295716+00,2026-09-28 23:46:20.295716+00,sent,f,2026-09-28 23:46:20.295716+00
517,891,891,github,2374173368,2026-09-28 23:46:05.951097+00,2026-09-28 23:46:07.708715+00,afd9d685-9fe7-4402-ac52-93982e1bd51c,Amenaza high detectada,high,"{slack,email}",2026-09-28 23:46:20.295716+00,2026-09-28 23:46:20.295716+00,sent,f,2026-09-28 23:46:20.295716+00
518,892,892,github,1321603475,2026-09-28 23:46:05.951097+00,2026-09-28 23:46:07.708715+00,42a28f70-5b65-4ee8-b2e1-840163ee87a1,Amenaza high detectada,high,"{slack,email}",2026-09-28 23:46:20.295716+00,2026-09-28 23:46:20.295716+00,sent,f,2026-09-28 23:46:20.295716+00
519,893,893,github,4157193316,2026-09-28 23:46:05.951097+00,2026-09-28 23:46:07.708715+00,31519db0-018b-4f1a-894c-58e4bf6b7204,Amenaza critical detectada,critical,"{slack,email}",2026-09-28 23:46:20.295716+00,2026-09-28 23:46:20.295716+00,sent,f,2026-09-28 23:46:20.295716+00
520,894,894,github,2554205490,2026-09-28 23:46:05.951097+00,2026-09-28 23:46:07.708715+00,f3e2bae9-e374-4e80-9499-f437b911ce64,Amenaza high detectada,high,"{slack,email}",2026-09-28 23:46:20.295716+00,2026-09-28 23:46:20.295716+00,sent,f,2026-09-28 23:46:20.295716+00
521,895,895,github,5541610725,2026-09-28 23:46:05.951097+00,2026-09-28 23:46:07.708715+00,2d219c64-fbf9-4739-8998-10f64dd8ead6,Amenaza high detectada,high,"{slack,email}",2026-09-28 23:46:20.295716+00,2026-09-28 23:46:20.295716+00,sent,f,2026-09-28 23:46:20.295716+00
522,896,896,github,5541627081,2026-09-28 23:46:05.951097+00,2026-09-28 23:46:07.708715+00,73dfaf55-a12b-43e7-9aba-8df8f302d823,Amenaza high detectada,high,"{slack,email}",2026-09-28 23:46:20.295716+00,2026-09-28 23:46:20.295716+00,sent,f,2026-09-28 23:46:20.295716+00
523,897,897,github,5604293668,2026-09-28 23:46:05.951097+00,2026-09-28 23:46:07.708715+00,8ef879c4-cb16-40e7-81e3-fd7d8b76804c,Amenaza high detectada,high,"{slack,email}",2026-09-28 23:46:20.295716+00,2026-09-28 23:46:20.295716+00,sent,f,2026-09-28 23:46:20.295716+00
524,902,902,github,982602589,2026-09-28 23:46:05.951097+00,2026-09-28 23:46:07.708715+00,fac802e2-613f-4715-90cd-408de29c77fc,Amenaza critical detectada,critical,"{slack,email}",2026-09-28 23:46:20.295716+00,2026-09-28 23:46:20.295716+00,sent,f,2026-09-28 23:46:20.295716+00
525,903,903,github,5608128296,2026-09-28 23:46:05.951097+00,2026-09-28 23:46:07.708715+00,cc75107a-37fa-45a8-af3c-e345c4e4ac52,Amenaza high detectada,high,"{slack,email}",2026-09-28 23:46:20.295716+00,2026-09-28 23:46:20.295716+00,sent,f,2026-09-28 23:46:20.295716+00
526,904,904,github,5230468696,2026-09-28 23:46:05.951097+00,2026-09-28 23:46:07.708715+00,71ae4d9a-6c73-40ec-96e0-26d538f98622,Amenaza critical detectada,critical,"{slack,email}",2026-09-28 23:46:20.295716+00,2026-09-28 23:46:20.295716+00,sent,f,2026-09-28 23:46:20.295716+00
527,905,905,github,2962472134,2026-09-28 23:46:05.951097+00,2026-09-28 23:46:07.708715+00,35a1ac8b-6891-498b-a6cd-3fc2681389ab,Amenaza high detectada,high,"{slack,email}",2026-09-28 23:46:20.295716+00,2026-09-28 23:46:20.295716+00,sent,f,2026-09-28 23:46:20.295716+00
528,906,906,github,2459617550,2026-09-28 23:46:05.951097+00,2026-09-28 23:46:07.708715+00,c79b527f-bc72-4c3a-9b27-8c8eb34e6947,Amenaza high detectada,high,"{slack,email}",2026-09-28 23:46:20.295716+00,2026-09-28 23:46:20.295716+00,sent,f,2026-09-28 23:46:20.295716+00
529,908,908,github,5213751283,2026-09-28 23:46:05.951097+00,2026-09-28 23:46:07.708715+00,4b7bd6be-14f7-4bca-af13-f2305105fe52,Amenaza high detectada,high,"{slack,email}",2026-09-28 23:46:20.295716+00,2026-09-28 23:46:20.295716+00,sent,f,2026-09-28 23:46:20.295716+00
530,909,909,github,3246779029,2026-09-28 23:46:05.951097+00,2026-09-28 23:46:07.708715+00,88d82e91-d008-4138-bf26-d22365726024,Amenaza high detectada,high,"{slack,email}",2026-09-28 23:46:20.295716+00,2026-09-28 23:46:20.295716+00,sent,f,2026-09-28 23:46:20.295716+00
531,910,910,github,4038254731,2026-09-28 23:46:05.951097+00,2026-09-28 23:46:07.708715+00,d73ff733-4cc0-4173-912e-97b6b0b90a92,Amenaza critical detectada,critical,"{slack,email}",2026-09-28 23:46:20.295716+00,2026-09-28 23:46:20.295716+00,sent,f,2026-09-28 23:46:20.295716+00
532,911,911,github,4668218730,2026-09-28 23:46:05.951097+00,2026-09-28 23:46:07.708715+00,2faffe48-a900-42af-9548-b1ce5014de3f,Amenaza high detectada,high,"{slack,email}",2026-09-28 23:46:20.295716+00,2026-09-28 23:46:20.295716+00,sent,f,2026-09-28 23:46:20.295716+00
533,912,912,github,982537595,2026-09-28 23:46:05.951097+00,2026-09-28 23:46:07.708715+00,5bb9cba3-2003-40ad-a0d1-1fde0480ee57,Amenaza high detectada,high,"{slack,email}",2026-09-28 23:46:20.295716+00,2026-09-28 23:46:20.295716+00,sent,f,2026-09-28 23:46:20.295716+00
534,913,913,github,3037669711,2026-09-28 23:46:05.951097+00,2026-09-28 23:46:07.708715+00,87aa50c1-623d-47b0-b79b-c16b2fd64efb,Amenaza high detectada,high,"{slack,email}",2026-09-28 23:46:20.295716+00,2026-09-28 23:46:20.295716+00,sent,f,2026-09-28 23:46:20.295716+00
535,914,914,github,4357904718,2026-09-29 00:01:01.57248+00,2026-09-29 00:01:02.634313+00,1cd8d04b-ef99-4fe0-81b9-9a7b647dde0e,Amenaza high detectada,high,"{slack,email}",2026-09-29 00:01:07.688491+00,2026-09-29 00:01:07.688491+00,sent,f,2026-09-29 00:01:07.688491+00
536,915,915,github,1029770292,2026-09-29 00:01:01.57248+00,2026-09-29 00:01:02.634313+00,bf50b831-8a94-466b-a96d-69cb7e65a61e,Amenaza critical detectada,critical,"{slack,email}",2026-09-29 00:01:07.688491+00,2026-09-29 00:01:07.688491+00,sent,f,2026-09-29 00:01:07.688491+00
537,916,916,github,2104288994,2026-09-29 00:01:01.57248+00,2026-09-29 00:01:02.634313+00,19f4ecc5-476f-494a-9929-5c410da13e72,Amenaza high detectada,high,"{slack,email}",2026-09-29 00:01:07.688491+00,2026-09-29 00:01:07.688491+00,sent,f,2026-09-29 00:01:07.688491+00
538,917,917,github,5622938391,2026-09-29 00:01:01.57248+00,2026-09-29 00:01:02.634313+00,d1f260ad-1bd9-41d8-acd5-e7d9bc88ef00,Amenaza high detectada,high,"{slack,email}",2026-09-29 00:01:07.688491+00,2026-09-29 00:01:07.688491+00,sent,f,2026-09-29 00:01:07.688491+00
539,918,918,github,3686820806,2026-09-29 00:01:01.57248+00,2026-09-29 00:01:02.634313+00,975ecb8f-45e2-46d5-8106-23e0ed1a7c32,Amenaza high detectada,high,"{slack,email}",2026-09-29 00:01:07.688491+00,2026-09-29 00:01:07.688491+00,sent,f,2026-09-29 00:01:07.688491+00
540,920,920,github,3686821549,2026-09-29 00:01:01.57248+00,2026-09-29 00:01:02.634313+00,52bf6e7e-efef-4fb6-952e-7206f14fbc58,Amenaza high detectada,high,"{slack,email}",2026-09-29 00:01:07.688491+00,2026-09-29 00:01:07.688491+00,sent,f,2026-09-29 00:01:07.688491+00
541,921,921,github,5573944881,2026-09-29 00:01:01.57248+00,2026-09-29 00:01:02.634313+00,31a85b52-ad2b-4943-a592-cec987471aca,Amenaza high detectada,high,"{slack,email}",2026-09-29 00:01:07.688491+00,2026-09-29 00:01:07.688491+00,sent,f,2026-09-29 00:01:07.688491+00
542,922,922,github,5559584526,2026-09-29 00:01:01.57248+00,2026-09-29 00:01:02.634313+00,aa05ccf6-df57-4a14-9338-c5ec3ae95953,Amenaza high detectada,high,"{slack,email}",2026-09-29 00:01:07.688491+00,2026-09-29 00:01:07.688491+00,sent,f,2026-09-29 00:01:07.688491+00
543,925,925,github,2106687353,2026-09-29 00:01:01.57248+00,2026-09-29 00:01:02.634313+00,98d3e18c-c88c-4069-972e-519ed1f722a7,Amenaza critical detectada,critical,"{slack,email}",2026-09-29 00:01:07.688491+00,2026-09-29 00:01:07.688491+00,sent,f,2026-09-29 00:01:07.688491+00
544,926,926,github,978708170,2026-09-29 00:01:01.57248+00,2026-09-29 00:01:02.634313+00,75ddfb3e-fb8d-4be4-afd8-3e0e3cc6dd45,Amenaza critical detectada,critical,"{slack,email}",2026-09-29 00:01:07.688491+00,2026-09-29 00:01:07.688491+00,sent,f,2026-09-29 00:01:07.688491+00
545,927,927,github,4265618823,2026-09-29 00:01:01.57248+00,2026-09-29 00:01:02.634313+00,0eb9cd2a-14c4-4bde-9c34-a74b770a237a,Amenaza high detectada,high,"{slack,email}",2026-09-29 00:01:07.688491+00,2026-09-29 00:01:07.688491+00,sent,f,2026-09-29 00:01:07.688491+00
546,928,928,github,5577032675,2026-09-29 00:01:01.57248+00,2026-09-29 00:01:02.634313+00,17267a9e-b687-4419-831b-24b501e2a3bf,Amenaza high detectada,high,"{slack,email}",2026-09-29 00:01:07.688491+00,2026-09-29 00:01:07.688491+00,sent,f,2026-09-29 00:01:07.688491+00
547,929,929,github,1696753877,2026-09-29 00:01:01.57248+00,2026-09-29 00:01:02.634313+00,c9cd0d9b-5e02-4f4d-bd03-a0a1fe342898,Amenaza high detectada,high,"{slack,email}",2026-09-29 00:01:07.688491+00,2026-09-29 00:01:07.688491+00,sent,f,2026-09-29 00:01:07.688491+00
548,930,930,github,1029752125,2026-09-29 00:01:01.57248+00,2026-09-29 00:01:02.634313+00,239ee6c2-da7f-4796-b82a-4b4eaf3d998c,Amenaza critical detectada,critical,"{slack,email}",2026-09-29 00:01:07.688491+00,2026-09-29 00:01:07.688491+00,sent,f,2026-09-29 00:01:07.688491+00
549,931,931,github,4473613018,2026-09-29 00:01:01.57248+00,2026-09-29 00:01:02.634313+00,106f315d-9554-46c4-ad7a-e68e765f796c,Amenaza high detectada,high,"{slack,email}",2026-09-29 00:01:07.688491+00,2026-09-29 00:01:07.688491+00,sent,f,2026-09-29 00:01:07.688491+00
550,932,932,github,4624175752,2026-09-29 00:01:01.57248+00,2026-09-29 00:01:02.634313+00,a16816e0-f873-46f1-943b-08b17c495621,Amenaza high detectada,high,"{slack,email}",2026-09-29 00:01:07.688491+00,2026-09-29 00:01:07.688491+00,sent,f,2026-09-29 00:01:07.688491+00
551,935,935,github,1659781467,2026-09-29 00:01:01.57248+00,2026-09-29 00:01:02.634313+00,b0882a2d-f1ad-46d7-965f-587caa9814c5,Amenaza high detectada,high,"{slack,email}",2026-09-29 00:01:07.688491+00,2026-09-29 00:01:07.688491+00,sent,f,2026-09-29 00:01:07.688491+00
552,939,939,github,4023960906,2026-09-29 00:01:01.57248+00,2026-09-29 00:01:02.634313+00,ef66aa00-3501-47d8-8e63-123b9431323a,Amenaza critical detectada,critical,"{slack,email}",2026-09-29 00:01:07.688491+00,2026-09-29 00:01:07.688491+00,sent,f,2026-09-29 00:01:07.688491+00
553,941,941,github,728792528,2026-09-29 00:01:01.57248+00,2026-09-29 00:01:02.634313+00,0823adf9-b78e-4829-a38f-de2058990e5e,Amenaza high detectada,high,"{slack,email}",2026-09-29 00:01:07.688491+00,2026-09-29 00:01:07.688491+00,sent,f,2026-09-29 00:01:07.688491+00
554,942,942,github,5622928317,2026-09-29 00:01:01.57248+00,2026-09-29 00:01:02.634313+00,8516e605-0f11-4f7f-a32e-03d0ea386f4a,Amenaza critical detectada,critical,"{slack,email}",2026-09-29 00:01:07.688491+00,2026-09-29 00:01:07.688491+00,sent,f,2026-09-29 00:01:07.688491+00
555,944,944,github,5612684438,2026-09-29 00:01:01.57248+00,2026-09-29 00:01:02.634313+00,685ca853-9810-4432-ad59-c6459879b0a5,Amenaza high detectada,high,"{slack,email}",2026-09-29 00:01:07.688491+00,2026-09-29 00:01:07.688491+00,sent,f,2026-09-29 00:01:07.688491+00
556,946,946,github,4214524159,2026-09-29 00:01:01.57248+00,2026-09-29 00:01:02.634313+00,35ace2ec-8b25-421a-b12b-e2c568b0578d,Amenaza critical detectada,critical,"{slack,email}",2026-09-29 00:01:07.688491+00,2026-09-29 00:01:07.688491+00,sent,f,2026-09-29 00:01:07.688491+00
557,947,947,github,4413881353,2026-09-29 00:01:01.57248+00,2026-09-29 00:01:02.634313+00,aa5abc13-fd2e-408a-b582-b822b33e781e,Amenaza high detectada,high,"{slack,email}",2026-09-29 00:01:07.688491+00,2026-09-29 00:01:07.688491+00,sent,f,2026-09-29 00:01:07.688491+00
558,949,949,github,5622928443,2026-09-29 00:01:01.57248+00,2026-09-29 00:01:02.634313+00,e6254420-6c8a-4d5d-9977-7e3ca258bfee,Amenaza high detectada,high,"{slack,email}",2026-09-29 00:01:07.688491+00,2026-09-29 00:01:07.688491+00,sent,f,2026-09-29 00:01:07.688491+00
559,952,952,github,2874026692,2026-09-29 00:01:01.57248+00,2026-09-29 00:01:02.634313+00,4d383940-b4e9-46a8-a49c-7507bb376e49,Amenaza high detectada,high,"{slack,email}",2026-09-29 00:01:07.688491+00,2026-09-29 00:01:07.688491+00,sent,f,2026-09-29 00:01:07.688491+00
560,954,954,github,4982582067,2026-09-29 00:01:01.57248+00,2026-09-29 00:01:02.634313+00,50c08325-4226-4ce3-9a41-72d9dd767c3d,Amenaza high detectada,high,"{slack,email}",2026-09-29 00:01:07.688491+00,2026-09-29 00:01:07.688491+00,sent,f,2026-09-29 00:01:07.688491+00
561,955,955,github,2109333438,2026-09-29 00:01:01.57248+00,2026-09-29 00:01:02.634313+00,efc321e5-9a1b-491c-8f2c-9de98c7e7bbe,Amenaza critical detectada,critical,"{slack,email}",2026-09-29 00:01:07.688491+00,2026-09-29 00:01:07.688491+00,sent,f,2026-09-29 00:01:07.688491+00
562,956,956,github,5623065238,2026-09-29 00:16:11.975536+00,2026-09-29 00:16:12.826275+00,8b91a196-d439-4134-8535-7c9aee5d1f84,Amenaza critical detectada,critical,"{slack,email}",2026-09-29 00:16:17.117585+00,2026-09-29 00:16:17.117585+00,sent,f,2026-09-29 00:16:17.117585+00
563,957,957,github,5623065075,2026-09-29 00:16:11.975536+00,2026-09-29 00:16:12.826275+00,014fae1b-cd66-48c5-9168-ccc1f9f9c018,Amenaza critical detectada,critical,"{slack,email}",2026-09-29 00:16:17.117585+00,2026-09-29 00:16:17.117585+00,sent,f,2026-09-29 00:16:17.117585+00
564,958,958,github,5623065009,2026-09-29 00:16:11.975536+00,2026-09-29 00:16:12.826275+00,b633a398-c039-4cb2-9051-1869e20e01d2,Amenaza critical detectada,critical,"{slack,email}",2026-09-29 00:16:17.117585+00,2026-09-29 00:16:17.117585+00,sent,f,2026-09-29 00:16:17.117585+00
565,959,959,github,5623064881,2026-09-29 00:16:11.975536+00,2026-09-29 00:16:12.826275+00,e9c1822c-32b5-4e06-b4b0-41e68757c46a,Amenaza critical detectada,critical,"{slack,email}",2026-09-29 00:16:17.117585+00,2026-09-29 00:16:17.117585+00,sent,f,2026-09-29 00:16:17.117585+00
566,960,960,github,5623064949,2026-09-29 00:16:11.975536+00,2026-09-29 00:16:12.826275+00,1ea498b1-639e-497f-b2c3-9c5f351f25b0,Amenaza critical detectada,critical,"{slack,email}",2026-09-29 00:16:17.117585+00,2026-09-29 00:16:17.117585+00,sent,f,2026-09-29 00:16:17.117585+00
567,961,961,github,5623064760,2026-09-29 00:16:11.975536+00,2026-09-29 00:16:12.826275+00,38cc6344-8955-4be1-99bd-2805dc8dabf9,Amenaza critical detectada,critical,"{slack,email}",2026-09-29 00:16:17.117585+00,2026-09-29 00:16:17.117585+00,sent,f,2026-09-29 00:16:17.117585+00
568,962,962,github,5623064810,2026-09-29 00:16:11.975536+00,2026-09-29 00:16:12.826275+00,c98929c7-197b-4bfd-a399-da110ce902cf,Amenaza critical detectada,critical,"{slack,email}",2026-09-29 00:16:17.117585+00,2026-09-29 00:16:17.117585+00,sent,f,2026-09-29 00:16:17.117585+00
569,963,963,github,5607518840,2026-09-29 00:16:11.975536+00,2026-09-29 00:16:12.826275+00,3b4391fb-c912-439c-a68e-b6a65b5d8d44,Amenaza high detectada,high,"{slack,email}",2026-09-29 00:16:17.117585+00,2026-09-29 00:16:17.117585+00,sent,f,2026-09-29 00:16:17.117585+00
570,964,964,github,2527229626,2026-09-29 00:16:11.975536+00,2026-09-29 00:16:12.826275+00,3698e212-af3b-465c-989c-1af98f8013c5,Amenaza high detectada,high,"{slack,email}",2026-09-29 00:16:17.117585+00,2026-09-29 00:16:17.117585+00,sent,f,2026-09-29 00:16:17.117585+00
571,965,965,github,5618291050,2026-09-29 00:16:11.975536+00,2026-09-29 00:16:12.826275+00,fc8b6116-20fb-42cd-9ac8-f2ce1c0637df,Amenaza critical detectada,critical,"{slack,email}",2026-09-29 00:16:17.117585+00,2026-09-29 00:16:17.117585+00,sent,f,2026-09-29 00:16:17.117585+00
572,967,967,github,5001905977,2026-09-29 00:16:11.975536+00,2026-09-29 00:16:12.826275+00,cc22bdbf-0797-46b8-83c2-b685c2c816d9,Amenaza high detectada,high,"{slack,email}",2026-09-29 00:16:17.117585+00,2026-09-29 00:16:17.117585+00,sent,f,2026-09-29 00:16:17.117585+00
573,968,968,github,978709042,2026-09-29 00:16:11.975536+00,2026-09-29 00:16:12.826275+00,e5a54db1-744a-4feb-9f9f-5baae18ba717,Amenaza high detectada,high,"{slack,email}",2026-09-29 00:16:17.117585+00,2026-09-29 00:16:17.117585+00,sent,f,2026-09-29 00:16:17.117585+00
574,969,969,github,3919484762,2026-09-29 00:16:11.975536+00,2026-09-29 00:16:12.826275+00,57eb56ba-c422-402c-b4b7-7333eb5d8942,Amenaza high detectada,high,"{slack,email}",2026-09-29 00:16:17.117585+00,2026-09-29 00:16:17.117585+00,sent,f,2026-09-29 00:16:17.117585+00
575,970,970,github,4965722394,2026-09-29 00:16:11.975536+00,2026-09-29 00:16:12.826275+00,5c021329-cfa5-4ff0-8a68-b00b063ae980,Amenaza high detectada,high,"{slack,email}",2026-09-29 00:16:17.117585+00,2026-09-29 00:16:17.117585+00,sent,f,2026-09-29 00:16:17.117585+00
576,971,971,github,4725323720,2026-09-29 00:16:11.975536+00,2026-09-29 00:16:12.826275+00,51c9dedf-c142-4946-8e0b-f89d599b8df3,Amenaza high detectada,high,"{slack,email}",2026-09-29 00:16:17.117585+00,2026-09-29 00:16:17.117585+00,sent,f,2026-09-29 00:16:17.117585+00
577,972,972,github,2342244727,2026-09-29 00:16:11.975536+00,2026-09-29 00:16:12.826275+00,b0159343-118c-47d8-a09d-5d5aaeffc20e,Amenaza high detectada,high,"{slack,email}",2026-09-29 00:16:17.117585+00,2026-09-29 00:16:17.117585+00,sent,f,2026-09-29 00:16:17.117585+00
578,973,973,github,4391793956,2026-09-29 00:16:11.975536+00,2026-09-29 00:16:12.826275+00,cdc1b9b2-0359-4f40-af21-2200ee6c3847,Amenaza critical detectada,critical,"{slack,email}",2026-09-29 00:16:17.117585+00,2026-09-29 00:16:17.117585+00,sent,f,2026-09-29 00:16:17.117585+00
579,975,975,github,1415846726,2026-09-29 00:16:11.975536+00,2026-09-29 00:16:12.826275+00,e843730e-461e-4c27-8aca-ee2cf36a1f58,Amenaza high detectada,high,"{slack,email}",2026-09-29 00:16:17.117585+00,2026-09-29 00:16:17.117585+00,sent,f,2026-09-29 00:16:17.117585+00
580,976,976,github,2886433639,2026-09-29 00:16:11.975536+00,2026-09-29 00:16:12.826275+00,b40eef25-be1f-4b95-a895-9daf5323769e,Amenaza high detectada,high,"{slack,email}",2026-09-29 00:16:17.117585+00,2026-09-29 00:16:17.117585+00,sent,f,2026-09-29 00:16:17.117585+00
581,977,977,github,3596085203,2026-09-29 00:16:11.975536+00,2026-09-29 00:16:12.826275+00,5d28325f-328f-4158-ab07-6d8b1d15f2cc,Amenaza high detectada,high,"{slack,email}",2026-09-29 00:16:17.117585+00,2026-09-29 00:16:17.117585+00,sent,f,2026-09-29 00:16:17.117585+00
582,978,978,github,2742818856,2026-09-29 00:16:11.975536+00,2026-09-29 00:16:12.826275+00,6be915f4-95db-4a6e-90cc-aa43fb0f6112,Amenaza high detectada,high,"{slack,email}",2026-09-29 00:16:17.117585+00,2026-09-29 00:16:17.117585+00,sent,f,2026-09-29 00:16:17.117585+00
583,979,979,github,4888620753,2026-09-29 00:16:11.975536+00,2026-09-29 00:16:12.826275+00,ec01daf3-ba08-4696-af48-4e0c35aae58a,Amenaza high detectada,high,"{slack,email}",2026-09-29 00:16:17.117585+00,2026-09-29 00:16:17.117585+00,sent,f,2026-09-29 00:16:17.117585+00
584,980,980,github,5623054302,2026-09-29 00:16:11.975536+00,2026-09-29 00:16:12.826275+00,6f9c3daa-313f-42c2-a12f-0968963a8fb5,Amenaza high detectada,high,"{slack,email}",2026-09-29 00:16:17.117585+00,2026-09-29 00:16:17.117585+00,sent,f,2026-09-29 00:16:17.117585+00
585,981,981,github,3195921440,2026-09-29 00:16:11.975536+00,2026-09-29 00:16:12.826275+00,cf3ec9a7-e965-4e1d-a280-fa158a8c85e6,Amenaza high detectada,high,"{slack,email}",2026-09-29 00:16:17.117585+00,2026-09-29 00:16:17.117585+00,sent,f,2026-09-29 00:16:17.117585+00
586,982,982,github,5600358624,2026-09-29 00:16:11.975536+00,2026-09-29 00:16:12.826275+00,67044953-f8f3-4d2b-ac4a-775c0c59094b,Amenaza high detectada,high,"{slack,email}",2026-09-29 00:16:17.117585+00,2026-09-29 00:16:17.117585+00,sent,f,2026-09-29 00:16:17.117585+00
587,983,983,github,1465338970,2026-09-29 00:16:11.975536+00,2026-09-29 00:16:12.826275+00,33bb7fce-d53c-494b-a6c4-b98f029d525f,Amenaza high detectada,high,"{slack,email}",2026-09-29 00:16:17.117585+00,2026-09-29 00:16:17.117585+00,sent,f,2026-09-29 00:16:17.117585+00
588,985,985,github,3801061810,2026-09-29 00:16:11.975536+00,2026-09-29 00:16:12.826275+00,6d3c01c3-6c9f-472b-ae98-de0d3482f903,Amenaza critical detectada,critical,"{slack,email}",2026-09-29 00:16:17.117585+00,2026-09-29 00:16:17.117585+00,sent,f,2026-09-29 00:16:17.117585+00
589,986,986,github,2960640971,2026-09-29 00:16:11.975536+00,2026-09-29 00:16:12.826275+00,ffe832e6-f604-4094-bae5-493f5734208a,Amenaza critical detectada,critical,"{slack,email}",2026-09-29 00:16:17.117585+00,2026-09-29 00:16:17.117585+00,sent,f,2026-09-29 00:16:17.117585+00
590,988,988,github,5397063110,2026-09-29 00:16:11.975536+00,2026-09-29 00:16:12.826275+00,cb3b1799-69e4-4f7a-8855-802c7e734ad7,Amenaza high detectada,high,"{slack,email}",2026-09-29 00:16:17.117585+00,2026-09-29 00:16:17.117585+00,sent,f,2026-09-29 00:16:17.117585+00
591,989,989,github,3180616123,2026-09-29 00:16:11.975536+00,2026-09-29 00:16:12.826275+00,cc36a0d1-b5e7-4786-9c42-ab80877e7901,Amenaza high detectada,high,"{slack,email}",2026-09-29 00:16:17.117585+00,2026-09-29 00:16:17.117585+00,sent,f,2026-09-29 00:16:17.117585+00
592,990,990,github,4981975271,2026-09-29 00:16:11.975536+00,2026-09-29 00:16:12.826275+00,1c9c896f-6833-4954-9780-c1bb62bac359,Amenaza high detectada,high,"{slack,email}",2026-09-29 00:16:17.117585+00,2026-09-29 00:16:17.117585+00,sent,f,2026-09-29 00:16:17.117585+00
593,992,992,github,1029741898,2026-09-29 00:16:11.975536+00,2026-09-29 00:16:12.826275+00,7ff04ef6-4c14-46c0-8ac4-75f742ee8a10,Amenaza critical detectada,critical,"{slack,email}",2026-09-29 00:16:17.117585+00,2026-09-29 00:16:17.117585+00,sent,f,2026-09-29 00:16:17.117585+00
594,994,994,github,4282633332,2026-09-29 00:31:15.032696+00,2026-09-29 00:31:17.520022+00,e614b5d6-5591-41be-b787-85c70f5d1c9c,Amenaza critical detectada,critical,"{slack,email}",2026-09-29 00:31:24.02455+00,2026-09-29 00:31:24.02455+00,sent,f,2026-09-29 00:31:24.02455+00
595,996,996,github,4886075279,2026-09-29 00:31:15.032696+00,2026-09-29 00:31:17.520022+00,c3b9fea3-7623-4fbc-8147-ae41fb8a635c,Amenaza critical detectada,critical,"{slack,email}",2026-09-29 00:31:24.02455+00,2026-09-29 00:31:24.02455+00,sent,f,2026-09-29 00:31:24.02455+00
596,997,997,github,4033992082,2026-09-29 00:31:15.032696+00,2026-09-29 00:31:17.520022+00,46bca116-5e1e-4344-8d7f-0fc6c1fdd869,Amenaza critical detectada,critical,"{slack,email}",2026-09-29 00:31:24.02455+00,2026-09-29 00:31:24.02455+00,sent,f,2026-09-29 00:31:24.02455+00
597,998,998,github,3993520323,2026-09-29 00:31:15.032696+00,2026-09-29 00:31:17.520022+00,bdfa0829-f58d-4665-a7e2-4cf5b1beb546,Amenaza critical detectada,critical,"{slack,email}",2026-09-29 00:31:24.02455+00,2026-09-29 00:31:24.02455+00,sent,f,2026-09-29 00:31:24.02455+00
598,999,999,github,3918821535,2026-09-29 00:31:15.032696+00,2026-09-29 00:31:17.520022+00,b2a1923d-620e-4167-b547-6ce1df5c51ac,Amenaza critical detectada,critical,"{slack,email}",2026-09-29 00:31:24.02455+00,2026-09-29 00:31:24.02455+00,sent,f,2026-09-29 00:31:24.02455+00
599,1000,1000,github,982560165,2026-09-29 00:31:15.032696+00,2026-09-29 00:31:17.520022+00,c8117ef0-7656-4c24-9311-bb6f6ccbdad9,Amenaza high detectada,high,"{slack,email}",2026-09-29 00:31:24.02455+00,2026-09-29 00:31:24.02455+00,sent,f,2026-09-29 00:31:24.02455+00
600,1001,1001,github,3072855664,2026-09-29 00:31:15.032696+00,2026-09-29 00:31:17.520022+00,75b94b8b-a3b5-4269-af2e-51011a924955,Amenaza high detectada,high,"{slack,email}",2026-09-29 00:31:24.02455+00,2026-09-29 00:31:24.02455+00,sent,f,2026-09-29 00:31:24.02455+00
601,1002,1002,github,3955300673,2026-09-29 00:31:15.032696+00,2026-09-29 00:31:17.520022+00,8db1eb41-bde6-43ee-a95f-bf8e4d00dc3f,Amenaza critical detectada,critical,"{slack,email}",2026-09-29 00:31:24.02455+00,2026-09-29 00:31:24.02455+00,sent,f,2026-09-29 00:31:24.02455+00
602,1005,1005,github,5054596220,2026-09-29 00:31:15.032696+00,2026-09-29 00:31:17.520022+00,29c54d02-f093-4530-b92c-522966353faa,Amenaza high detectada,high,"{slack,email}",2026-09-29 00:31:24.02455+00,2026-09-29 00:31:24.02455+00,sent,f,2026-09-29 00:31:24.02455+00
603,1006,1006,github,982577504,2026-09-29 00:31:15.032696+00,2026-09-29 00:31:17.520022+00,46d32de3-c330-486b-9614-ae7593e333b4,Amenaza high detectada,high,"{slack,email}",2026-09-29 00:31:24.02455+00,2026-09-29 00:31:24.02455+00,sent,f,2026-09-29 00:31:24.02455+00
604,1008,1008,github,3770040218,2026-09-29 00:31:15.032696+00,2026-09-29 00:31:17.520022+00,e4f13f25-a42e-48c1-9cda-a3a3e2b9a53f,Amenaza high detectada,high,"{slack,email}",2026-09-29 00:31:24.02455+00,2026-09-29 00:31:24.02455+00,sent,f,2026-09-29 00:31:24.02455+00
605,1009,1009,github,3696845074,2026-09-29 00:31:15.032696+00,2026-09-29 00:31:17.520022+00,fb9149c7-30a3-4584-a2ec-6113a4638956,Amenaza critical detectada,critical,"{slack,email}",2026-09-29 00:31:24.02455+00,2026-09-29 00:31:24.02455+00,sent,f,2026-09-29 00:31:24.02455+00
606,1011,1011,github,1261608098,2026-09-29 00:31:15.032696+00,2026-09-29 00:31:17.520022+00,b3d3b5c5-db60-43d0-bbb3-c5c178847a49,Amenaza critical detectada,critical,"{slack,email}",2026-09-29 00:31:24.02455+00,2026-09-29 00:31:24.02455+00,sent,f,2026-09-29 00:31:24.02455+00
607,1012,1012,github,2267104474,2026-09-29 00:31:15.032696+00,2026-09-29 00:31:17.520022+00,ebad35c3-3868-4456-91d0-6ba93c7c40fb,Amenaza high detectada,high,"{slack,email}",2026-09-29 00:31:24.02455+00,2026-09-29 00:31:24.02455+00,sent,f,2026-09-29 00:31:24.02455+00
608,1013,1013,github,5083419428,2026-09-29 00:31:15.032696+00,2026-09-29 00:31:17.520022+00,0da04cd0-34da-4265-99b9-b62bcef43384,Amenaza critical detectada,critical,"{slack,email}",2026-09-29 00:31:24.02455+00,2026-09-29 00:31:24.02455+00,sent,f,2026-09-29 00:31:24.02455+00
609,1015,1015,github,1261608010,2026-09-29 00:31:15.032696+00,2026-09-29 00:31:17.520022+00,05f340e9-21c2-4236-a866-dfffbbb415d6,Amenaza critical detectada,critical,"{slack,email}",2026-09-29 00:31:24.02455+00,2026-09-29 00:31:24.02455+00,sent,f,2026-09-29 00:31:24.02455+00
610,1016,1016,github,1465654844,2026-09-29 00:31:15.032696+00,2026-09-29 00:31:17.520022+00,bad11f76-2ae5-4407-bbfd-263c765485b4,Amenaza critical detectada,critical,"{slack,email}",2026-09-29 00:31:24.02455+00,2026-09-29 00:31:24.02455+00,sent,f,2026-09-29 00:31:24.02455+00
611,1017,1017,github,1261607883,2026-09-29 00:31:15.032696+00,2026-09-29 00:31:17.520022+00,d25bc692-0ee5-46c7-a47e-fed309a49876,Amenaza critical detectada,critical,"{slack,email}",2026-09-29 00:31:24.02455+00,2026-09-29 00:31:24.02455+00,sent,f,2026-09-29 00:31:24.02455+00
612,1018,1018,github,1261607805,2026-09-29 00:31:15.032696+00,2026-09-29 00:31:17.520022+00,df9b7771-394a-443b-b7b9-e232c500a125,Amenaza critical detectada,critical,"{slack,email}",2026-09-29 00:31:24.02455+00,2026-09-29 00:31:24.02455+00,sent,f,2026-09-29 00:31:24.02455+00
613,1019,1019,github,3819713622,2026-09-29 00:31:15.032696+00,2026-09-29 00:31:17.520022+00,6448d41e-b817-4cfc-9d86-9e95d74d7a6d,Amenaza high detectada,high,"{slack,email}",2026-09-29 00:31:24.02455+00,2026-09-29 00:31:24.02455+00,sent,f,2026-09-29 00:31:24.02455+00
614,1020,1020,github,1261607718,2026-09-29 00:31:15.032696+00,2026-09-29 00:31:17.520022+00,0d416341-b759-4e5a-a8c0-04448127ee47,Amenaza critical detectada,critical,"{slack,email}",2026-09-29 00:31:24.02455+00,2026-09-29 00:31:24.02455+00,sent,f,2026-09-29 00:31:24.02455+00
615,1021,1021,github,1455768435,2026-09-29 00:31:15.032696+00,2026-09-29 00:31:17.520022+00,c50f9215-cdc2-4fd6-b506-c28a929e1d41,Amenaza critical detectada,critical,"{slack,email}",2026-09-29 00:31:24.02455+00,2026-09-29 00:31:24.02455+00,sent,f,2026-09-29 00:31:24.02455+00
616,1022,1022,github,1261607471,2026-09-29 00:31:15.032696+00,2026-09-29 00:31:17.520022+00,1c62a216-0c14-4df8-83e7-5220a5707ab2,Amenaza critical detectada,critical,"{slack,email}",2026-09-29 00:31:24.02455+00,2026-09-29 00:31:24.02455+00,sent,f,2026-09-29 00:31:24.02455+00
617,1025,1025,github,1261608055,2026-09-29 00:31:15.032696+00,2026-09-29 00:31:17.520022+00,140c6ead-a175-4d0e-993f-f59900919393,Amenaza critical detectada,critical,"{slack,email}",2026-09-29 00:31:24.02455+00,2026-09-29 00:31:24.02455+00,sent,f,2026-09-29 00:31:24.02455+00
618,1026,1026,github,1261607835,2026-09-29 00:31:15.032696+00,2026-09-29 00:31:17.520022+00,43fab4ea-7b29-49f0-81f2-ba1e37322b27,Amenaza critical detectada,critical,"{slack,email}",2026-09-29 00:31:24.02455+00,2026-09-29 00:31:24.02455+00,sent,f,2026-09-29 00:31:24.02455+00
619,1027,1027,github,4902484212,2026-09-29 00:31:15.032696+00,2026-09-29 00:31:17.520022+00,e356ea89-ca60-4c56-9801-02a2877b372c,Amenaza critical detectada,critical,"{slack,email}",2026-09-29 00:31:24.02455+00,2026-09-29 00:31:24.02455+00,sent,f,2026-09-29 00:31:24.02455+00
620,1029,1029,github,5621404912,2026-09-29 00:31:15.032696+00,2026-09-29 00:31:17.520022+00,39c03b67-a77e-472f-a714-30f9881dfd71,Amenaza high detectada,high,"{slack,email}",2026-09-29 00:31:24.02455+00,2026-09-29 00:31:24.02455+00,sent,f,2026-09-29 00:31:24.02455+00
621,1030,1030,github,3843004376,2026-09-29 00:31:15.032696+00,2026-09-29 00:31:17.520022+00,b833e83b-ff28-4ef3-970f-84158f7f7926,Amenaza critical detectada,critical,"{slack,email}",2026-09-29 00:31:24.02455+00,2026-09-29 00:31:24.02455+00,sent,f,2026-09-29 00:31:24.02455+00
622,1031,1031,github,1307220582,2026-09-29 00:31:15.032696+00,2026-09-29 00:31:17.520022+00,edc3dac9-a8ad-4b69-b924-bc71cced32f1,Amenaza critical detectada,critical,"{slack,email}",2026-09-29 00:31:24.02455+00,2026-09-29 00:31:24.02455+00,sent,f,2026-09-29 00:31:24.02455+00
623,1032,1032,github,4492439368,2026-09-29 00:31:15.032696+00,2026-09-29 00:31:17.520022+00,e5ae064d-d570-4df8-8911-ad502359ead7,Amenaza critical detectada,critical,"{slack,email}",2026-09-29 00:31:24.02455+00,2026-09-29 00:31:24.02455+00,sent,f,2026-09-29 00:31:24.02455+00
624,1034,1034,github,5592036805,2026-09-29 00:46:05.624358+00,2026-09-29 00:46:06.870479+00,a95ab288-2ab2-4c27-b8f1-9556451a8355,Amenaza critical detectada,critical,"{slack,email}",2026-09-29 00:46:14.666164+00,2026-09-29 00:46:14.666164+00,sent,f,2026-09-29 00:46:14.666164+00
625,1036,1036,github,3935297819,2026-09-29 00:46:05.624358+00,2026-09-29 00:46:06.870479+00,4daf7fe4-6e66-4d14-9978-a71cf483a00a,Amenaza high detectada,high,"{slack,email}",2026-09-29 00:46:14.666164+00,2026-09-29 00:46:14.666164+00,sent,f,2026-09-29 00:46:14.666164+00
626,1037,1037,github,5561717392,2026-09-29 00:46:05.624358+00,2026-09-29 00:46:06.870479+00,4f72184c-ea53-4cb6-ac15-85d162d5e5f9,Amenaza critical detectada,critical,"{slack,email}",2026-09-29 00:46:14.666164+00,2026-09-29 00:46:14.666164+00,sent,f,2026-09-29 00:46:14.666164+00
627,1038,1038,github,1870240721,2026-09-29 00:46:05.624358+00,2026-09-29 00:46:06.870479+00,9cbd30d6-672e-4e88-a58f-5f7dd49e6541,Amenaza critical detectada,critical,"{slack,email}",2026-09-29 00:46:14.666164+00,2026-09-29 00:46:14.666164+00,sent,f,2026-09-29 00:46:14.666164+00
628,1039,1039,github,5362708777,2026-09-29 00:46:05.624358+00,2026-09-29 00:46:06.870479+00,652c71d4-2b35-4cb4-ae3a-cd9e48fb2680,Amenaza high detectada,high,"{slack,email}",2026-09-29 00:46:14.666164+00,2026-09-29 00:46:14.666164+00,sent,f,2026-09-29 00:46:14.666164+00
629,1041,1041,github,1870240134,2026-09-29 00:46:05.624358+00,2026-09-29 00:46:06.870479+00,a33f4c0e-05ce-4906-b7cf-58961aa06201,Amenaza critical detectada,critical,"{slack,email}",2026-09-29 00:46:14.666164+00,2026-09-29 00:46:14.666164+00,sent,f,2026-09-29 00:46:14.666164+00
630,1043,1043,github,5605057719,2026-09-29 00:46:05.624358+00,2026-09-29 00:46:06.870479+00,1b5e94f0-ddb5-4478-8cae-d7a04d0611ae,Amenaza critical detectada,critical,"{slack,email}",2026-09-29 00:46:14.666164+00,2026-09-29 00:46:14.666164+00,sent,f,2026-09-29 00:46:14.666164+00
631,1044,1044,github,5605057196,2026-09-29 00:46:05.624358+00,2026-09-29 00:46:06.870479+00,5719aaaa-6dc5-4805-9313-c36d49a30cc0,Amenaza critical detectada,critical,"{slack,email}",2026-09-29 00:46:14.666164+00,2026-09-29 00:46:14.666164+00,sent,f,2026-09-29 00:46:14.666164+00
632,1045,1045,github,5585139451,2026-09-29 00:46:05.624358+00,2026-09-29 00:46:06.870479+00,354e17b0-7266-46ff-a72d-26a757d218fe,Amenaza critical detectada,critical,"{slack,email}",2026-09-29 00:46:14.666164+00,2026-09-29 00:46:14.666164+00,sent,f,2026-09-29 00:46:14.666164+00
633,1047,1047,github,5597188063,2026-09-29 00:46:05.624358+00,2026-09-29 00:46:06.870479+00,5c81eb92-f87c-40a2-b57c-932858f16ce9,Amenaza critical detectada,critical,"{slack,email}",2026-09-29 00:46:14.666164+00,2026-09-29 00:46:14.666164+00,sent,f,2026-09-29 00:46:14.666164+00
634,1048,1048,github,5605057048,2026-09-29 00:46:05.624358+00,2026-09-29 00:46:06.870479+00,d7151de3-239c-4bdc-bc88-c5a0f39e41dd,Amenaza critical detectada,critical,"{slack,email}",2026-09-29 00:46:14.666164+00,2026-09-29 00:46:14.666164+00,sent,f,2026-09-29 00:46:14.666164+00
635,1049,1049,github,5597186985,2026-09-29 00:46:05.624358+00,2026-09-29 00:46:06.870479+00,cd4b9738-4304-4181-afee-ba9a554f6707,Amenaza critical detectada,critical,"{slack,email}",2026-09-29 00:46:14.666164+00,2026-09-29 00:46:14.666164+00,sent,f,2026-09-29 00:46:14.666164+00
636,1050,1050,github,5605056889,2026-09-29 00:46:05.624358+00,2026-09-29 00:46:06.870479+00,991eb8f5-258d-410a-ba2d-fb272a0bcde2,Amenaza critical detectada,critical,"{slack,email}",2026-09-29 00:46:14.666164+00,2026-09-29 00:46:14.666164+00,sent,f,2026-09-29 00:46:14.666164+00
637,1052,1052,github,5449964959,2026-09-29 00:46:05.624358+00,2026-09-29 00:46:06.870479+00,cb336455-7b9c-406f-806f-26a55bb8a445,Amenaza critical detectada,critical,"{slack,email}",2026-09-29 00:46:14.666164+00,2026-09-29 00:46:14.666164+00,sent,f,2026-09-29 00:46:14.666164+00
638,1054,1054,github,5621098135,2026-09-29 00:46:05.624358+00,2026-09-29 00:46:06.870479+00,92139724-29bb-4142-b4ac-700550a4c24a,Amenaza high detectada,high,"{slack,email}",2026-09-29 00:46:14.666164+00,2026-09-29 00:46:14.666164+00,sent,f,2026-09-29 00:46:14.666164+00
639,1055,1055,github,5324215723,2026-09-29 00:46:05.624358+00,2026-09-29 00:46:06.870479+00,0f8fa681-bebc-41d7-bcd5-db95c8b6add5,Amenaza critical detectada,critical,"{slack,email}",2026-09-29 00:46:14.666164+00,2026-09-29 00:46:14.666164+00,sent,f,2026-09-29 00:46:14.666164+00
640,1056,1056,github,5246822874,2026-09-29 00:46:05.624358+00,2026-09-29 00:46:06.870479+00,04b8bb73-3801-49f1-8ecd-ef948e6c4e3c,Amenaza critical detectada,critical,"{slack,email}",2026-09-29 00:46:14.666164+00,2026-09-29 00:46:14.666164+00,sent,f,2026-09-29 00:46:14.666164+00
641,1058,1058,github,5605057368,2026-09-29 00:46:05.624358+00,2026-09-29 00:46:06.870479+00,b4b7fcd1-0b7e-4ade-a8b1-e9f21f2c2c3c,Amenaza critical detectada,critical,"{slack,email}",2026-09-29 00:46:14.666164+00,2026-09-29 00:46:14.666164+00,sent,f,2026-09-29 00:46:14.666164+00
642,1059,1059,github,4732374316,2026-09-29 00:46:05.624358+00,2026-09-29 00:46:06.870479+00,408968ec-0a5c-49aa-88de-58bed4829711,Amenaza critical detectada,critical,"{slack,email}",2026-09-29 00:46:14.666164+00,2026-09-29 00:46:14.666164+00,sent,f,2026-09-29 00:46:14.666164+00
643,1060,1060,github,5312059648,2026-09-29 00:46:05.624358+00,2026-09-29 00:46:06.870479+00,3550aeaa-c450-48eb-a0bf-5f5a96646186,Amenaza critical detectada,critical,"{slack,email}",2026-09-29 00:46:14.666164+00,2026-09-29 00:46:14.666164+00,sent,f,2026-09-29 00:46:14.666164+00
644,1061,1061,github,4446335312,2026-09-29 00:46:05.624358+00,2026-09-29 00:46:06.870479+00,a95b7b57-d266-4c27-90c1-84ebc81363f3,Amenaza critical detectada,critical,"{slack,email}",2026-09-29 00:46:14.666164+00,2026-09-29 00:46:14.666164+00,sent,f,2026-09-29 00:46:14.666164+00
645,1063,1063,github,4446335120,2026-09-29 00:46:05.624358+00,2026-09-29 00:46:06.870479+00,8442bd23-3b54-4ffd-8200-28634033d850,Amenaza critical detectada,critical,"{slack,email}",2026-09-29 00:46:14.666164+00,2026-09-29 00:46:14.666164+00,sent,f,2026-09-29 00:46:14.666164+00
646,1065,1065,github,2958848062,2026-09-29 00:46:05.624358+00,2026-09-29 00:46:06.870479+00,add7cd51-3f54-4f49-9d56-dd15e05b48ef,Amenaza critical detectada,critical,"{slack,email}",2026-09-29 00:46:14.666164+00,2026-09-29 00:46:14.666164+00,sent,f,2026-09-29 00:46:14.666164+00
647,1068,1068,github,1111770000,2026-09-29 00:46:05.624358+00,2026-09-29 00:46:06.870479+00,f6a64fa5-6bcd-4648-873a-98f50544c4d6,Amenaza high detectada,high,"{slack,email}",2026-09-29 00:46:14.666164+00,2026-09-29 00:46:14.666164+00,sent,f,2026-09-29 00:46:14.666164+00
648,1070,1070,github,5261240491,2026-09-29 00:46:05.624358+00,2026-09-29 00:46:06.870479+00,63b141f7-f050-4952-8c62-14273741da67,Amenaza high detectada,high,"{slack,email}",2026-09-29 00:46:14.666164+00,2026-09-29 00:46:14.666164+00,sent,f,2026-09-29 00:46:14.666164+00
649,1071,1071,github,4907094786,2026-09-29 00:46:05.624358+00,2026-09-29 00:46:06.870479+00,b100e45c-cb2c-4758-a8e3-6910aa9f237c,Amenaza critical detectada,critical,"{slack,email}",2026-09-29 00:46:14.666164+00,2026-09-29 00:46:14.666164+00,sent,f,2026-09-29 00:46:14.666164+00
650,1073,1073,github,1388588657,2026-09-29 00:46:05.624358+00,2026-09-29 00:46:06.870479+00,5a485100-b2aa-4dbf-a2c6-4bc917500cb4,Amenaza high detectada,high,"{slack,email}",2026-09-29 00:46:14.666164+00,2026-09-29 00:46:14.666164+00,sent,f,2026-09-29 00:46:14.666164+00
651,1074,1074,github,5617816796,2026-09-29 00:46:05.624358+00,2026-09-29 00:46:06.870479+00,3b2cdc4e-a150-4ae8-834f-d5c8402d9f2c,Amenaza high detectada,high,"{slack,email}",2026-09-29 00:46:14.666164+00,2026-09-29 00:46:14.666164+00,sent,f,2026-09-29 00:46:14.666164+00
652,1075,1075,github,5341355626,2026-09-29 00:46:05.624358+00,2026-09-29 00:46:06.870479+00,c93fdc31-c989-4063-b9e6-3059f1a31510,Amenaza critical detectada,critical,"{slack,email}",2026-09-29 00:46:14.666164+00,2026-09-29 00:46:14.666164+00,sent,f,2026-09-29 00:46:14.666164+00
653,1076,1076,github,5471833400,2026-09-29 00:46:05.624358+00,2026-09-29 00:46:06.870479+00,22f89c3c-e3b3-4bae-8062-d07f1d42b700,Amenaza high detectada,high,"{slack,email}",2026-09-29 00:46:14.666164+00,2026-09-29 00:46:14.666164+00,sent,f,2026-09-29 00:46:14.666164+00
654,1077,1077,github,2061110239,2026-09-29 00:46:05.624358+00,2026-09-29 00:46:06.870479+00,261aabef-4a46-437e-b820-d840e19a91dc,Amenaza high detectada,high,"{slack,email}",2026-09-29 00:46:14.666164+00,2026-09-29 00:46:14.666164+00,sent,f,2026-09-29 00:46:14.666164+00
655,1080,1080,github,4221355072,2026-09-29 01:01:00.551728+00,2026-09-29 01:01:02.020198+00,4bb2d220-6908-4e68-a554-e82809c65828,Amenaza high detectada,high,"{slack,email}",2026-09-29 01:01:08.461542+00,2026-09-29 01:01:08.461542+00,sent,t,2026-09-29 01:07:23.255379+00
656,1081,1081,github,3048832380,2026-09-29 01:01:00.551728+00,2026-09-29 01:01:02.020198+00,097bea14-5122-441d-9330-4eb92cb5e9b3,Amenaza high detectada,high,"{slack,email}",2026-09-29 01:01:08.461542+00,2026-09-29 01:01:08.461542+00,sent,t,2026-09-29 01:07:24.247136+00
657,1082,1082,github,4344307273,2026-09-29 01:01:00.551728+00,2026-09-29 01:01:02.020198+00,3f887d24-e676-4149-a51b-a15e9e20d517,Amenaza high detectada,high,"{slack,email}",2026-09-29 01:01:08.461542+00,2026-09-29 01:01:08.461542+00,sent,t,2026-09-29 01:07:26.069762+00
658,1083,1083,github,5623417401,2026-09-29 01:01:00.551728+00,2026-09-29 01:01:02.020198+00,3dce861f-3533-4d1a-b360-b1a6ce1af3da,Amenaza high detectada,high,"{slack,email}",2026-09-29 01:01:08.461542+00,2026-09-29 01:01:08.461542+00,sent,t,2026-09-29 01:07:26.803873+00
659,1086,1086,github,4777102840,2026-09-29 01:01:00.551728+00,2026-09-29 01:01:02.020198+00,23859ba7-8005-4724-9d45-622866e8ec95,Amenaza high detectada,high,"{slack,email}",2026-09-29 01:01:08.461542+00,2026-09-29 01:01:08.461542+00,sent,t,2026-09-29 01:07:27.410785+00
660,1088,1088,github,2873378813,2026-09-29 01:01:00.551728+00,2026-09-29 01:01:02.020198+00,284206ca-d03f-464e-81d7-3f28a876349d,Amenaza critical detectada,critical,"{slack,email}",2026-09-29 01:01:08.461542+00,2026-09-29 01:01:08.461542+00,sent,t,2026-09-29 01:07:27.885889+00
661,1089,1089,github,978704829,2026-09-29 01:01:00.551728+00,2026-09-29 01:01:02.020198+00,e0a4e762-2caf-4661-89e3-9e61c4b9cc94,Amenaza high detectada,high,"{slack,email}",2026-09-29 01:01:08.461542+00,2026-09-29 01:01:08.461542+00,sent,t,2026-09-29 01:07:28.355862+00
662,1090,1090,github,2873378806,2026-09-29 01:01:00.551728+00,2026-09-29 01:01:02.020198+00,447d2e4d-5dd3-4aca-bd4d-179eca048af7,Amenaza critical detectada,critical,"{slack,email}",2026-09-29 01:01:08.461542+00,2026-09-29 01:01:08.461542+00,sent,t,2026-09-29 01:07:28.575535+00
663,1091,1091,github,4732396224,2026-09-29 01:01:00.551728+00,2026-09-29 01:01:02.020198+00,dcf83af5-6ddd-4e76-8fea-88d94c57849b,Amenaza critical detectada,critical,"{slack,email}",2026-09-29 01:01:08.461542+00,2026-09-29 01:01:08.461542+00,sent,t,2026-09-29 01:07:28.781146+00
664,1092,1092,github,1505549337,2026-09-29 01:01:00.551728+00,2026-09-29 01:01:02.020198+00,2c460c34-4696-4697-8631-d421a3ee77c3,Amenaza critical detectada,critical,"{slack,email}",2026-09-29 01:01:08.461542+00,2026-09-29 01:01:08.461542+00,sent,t,2026-09-29 01:07:28.949526+00
665,1094,1094,github,1215176831,2026-09-29 01:01:00.551728+00,2026-09-29 01:01:02.020198+00,826b299c-ee36-450a-ad02-2f6e451f499d,Amenaza high detectada,high,"{slack,email}",2026-09-29 01:01:08.461542+00,2026-09-29 01:01:08.461542+00,sent,t,2026-09-29 01:07:29.259825+00
666,1095,1095,github,2873378762,2026-09-29 01:01:00.551728+00,2026-09-29 01:01:02.020198+00,b2e83bfb-cadd-4f96-ad58-8c81bf61ef29,Amenaza critical detectada,critical,"{slack,email}",2026-09-29 01:01:08.461542+00,2026-09-29 01:01:08.461542+00,sent,t,2026-09-29 01:07:29.837758+00
667,1098,1098,github,5594065632,2026-09-29 01:01:00.551728+00,2026-09-29 01:01:02.020198+00,5f602fc1-89cc-4d29-9602-360ca5ad7c69,Amenaza high detectada,high,"{slack,email}",2026-09-29 01:01:08.461542+00,2026-09-29 01:01:08.461542+00,sent,t,2026-09-29 01:07:30.172936+00
668,1099,1099,github,3542152091,2026-09-29 01:01:00.551728+00,2026-09-29 01:01:02.020198+00,fc3b5114-9195-42fb-acf9-ddccf4799563,Amenaza critical detectada,critical,"{slack,email}",2026-09-29 01:01:08.461542+00,2026-09-29 01:01:08.461542+00,sent,f,2026-09-29 01:01:08.461542+00
669,1101,1101,github,5623412640,2026-09-29 01:01:00.551728+00,2026-09-29 01:01:02.020198+00,e8f16537-8e70-460a-8be7-02e0de6751b8,Amenaza high detectada,high,"{slack,email}",2026-09-29 01:01:08.461542+00,2026-09-29 01:01:08.461542+00,sent,f,2026-09-29 01:01:08.461542+00
670,1102,1102,github,5610897122,2026-09-29 01:01:00.551728+00,2026-09-29 01:01:02.020198+00,8bd22e4c-5110-44e7-b257-3d0b34188add,Amenaza critical detectada,critical,"{slack,email}",2026-09-29 01:01:08.461542+00,2026-09-29 01:01:08.461542+00,sent,f,2026-09-29 01:01:08.461542+00
671,1103,1103,github,3902047525,2026-09-29 01:01:00.551728+00,2026-09-29 01:01:02.020198+00,6218cc68-eabe-46c3-b4c7-4f27b306e18f,Amenaza critical detectada,critical,"{slack,email}",2026-09-29 01:01:08.461542+00,2026-09-29 01:01:08.461542+00,sent,f,2026-09-29 01:01:08.461542+00
672,1105,1105,github,5623306061,2026-09-29 01:01:00.551728+00,2026-09-29 01:01:02.020198+00,c1b65364-0648-4bc2-9ecc-f08b3ef87136,Amenaza critical detectada,critical,"{slack,email}",2026-09-29 01:01:08.461542+00,2026-09-29 01:01:08.461542+00,sent,f,2026-09-29 01:01:08.461542+00
673,1108,1108,github,2836519679,2026-09-29 01:01:00.551728+00,2026-09-29 01:01:02.020198+00,87c1aa43-f7fb-4fd1-8f81-439cef978e95,Amenaza high detectada,high,"{slack,email}",2026-09-29 01:01:08.461542+00,2026-09-29 01:01:08.461542+00,sent,f,2026-09-29 01:01:08.461542+00
674,1109,1109,github,5612939836,2026-09-29 01:01:00.551728+00,2026-09-29 01:01:02.020198+00,bbcf3df0-ca87-4654-92d7-be49857e7465,Amenaza critical detectada,critical,"{slack,email}",2026-09-29 01:01:08.461542+00,2026-09-29 01:01:08.461542+00,sent,f,2026-09-29 01:01:08.461542+00
675,1110,1110,github,2377745558,2026-09-29 01:01:00.551728+00,2026-09-29 01:01:02.020198+00,4196e64c-8f3a-4e60-90f1-619597ea3179,Amenaza high detectada,high,"{slack,email}",2026-09-29 01:01:08.461542+00,2026-09-29 01:01:08.461542+00,sent,f,2026-09-29 01:01:08.461542+00
676,1112,1112,github,5614238158,2026-09-29 01:01:00.551728+00,2026-09-29 01:01:02.020198+00,e6685640-c8f9-44fd-ae57-89cbc6fd2174,Amenaza critical detectada,critical,"{slack,email}",2026-09-29 01:01:08.461542+00,2026-09-29 01:01:08.461542+00,sent,f,2026-09-29 01:01:08.461542+00
677,1113,1113,github,5623406190,2026-09-29 01:01:00.551728+00,2026-09-29 01:01:02.020198+00,4d1a5111-8e05-4ef1-b94f-0a8009a3c569,Amenaza critical detectada,critical,"{slack,email}",2026-09-29 01:01:08.461542+00,2026-09-29 01:01:08.461542+00,sent,f,2026-09-29 01:01:08.461542+00
678,1114,1114,github,2550824730,2026-09-29 01:01:00.551728+00,2026-09-29 01:01:02.020198+00,05927dc2-ac36-4d1f-9f8c-22ff2dbd2d4b,Amenaza high detectada,high,"{slack,email}",2026-09-29 01:01:08.461542+00,2026-09-29 01:01:08.461542+00,sent,f,2026-09-29 01:01:08.461542+00
679,1115,1115,github,4346372334,2026-09-29 01:01:00.551728+00,2026-09-29 01:01:02.020198+00,d7ff2e8c-d9ba-451d-90fc-e09ae098c0be,Amenaza high detectada,high,"{slack,email}",2026-09-29 01:01:08.461542+00,2026-09-29 01:01:08.461542+00,sent,f,2026-09-29 01:01:08.461542+00
680,1116,1116,github,5614238743,2026-09-29 01:01:00.551728+00,2026-09-29 01:01:02.020198+00,2f9be61b-50ce-438c-9680-1460722bebab,Amenaza critical detectada,critical,"{slack,email}",2026-09-29 01:01:08.461542+00,2026-09-29 01:01:08.461542+00,sent,f,2026-09-29 01:01:08.461542+00
681,1118,1118,github,5563542698,2026-09-29 01:01:00.551728+00,2026-09-29 01:01:02.020198+00,940299e9-262c-452a-b748-d41df4011387,Amenaza high detectada,high,"{slack,email}",2026-09-29 01:01:08.461542+00,2026-09-29 01:01:08.461542+00,sent,f,2026-09-29 01:01:08.461542+00
682,1119,1119,github,5463246534,2026-09-29 01:15:57.672891+00,2026-09-29 01:15:59.240134+00,006b62df-72f5-4309-bf27-fca3dcbdc1d0,Amenaza high detectada,high,"{slack,email}",2026-09-29 01:16:05.164637+00,2026-09-29 01:16:05.164637+00,sent,f,2026-09-29 01:16:05.164637+00
683,1120,1120,github,2584677277,2026-09-29 01:15:57.672891+00,2026-09-29 01:15:59.240134+00,ca2ea845-ab27-45a1-bca0-3bb231785c2a,Amenaza high detectada,high,"{slack,email}",2026-09-29 01:16:05.164637+00,2026-09-29 01:16:05.164637+00,sent,f,2026-09-29 01:16:05.164637+00
684,1122,1122,github,3790907105,2026-09-29 01:15:57.672891+00,2026-09-29 01:15:59.240134+00,559e4ebb-142c-403a-b62a-c247ffd42f0a,Amenaza high detectada,high,"{slack,email}",2026-09-29 01:16:05.164637+00,2026-09-29 01:16:05.164637+00,sent,f,2026-09-29 01:16:05.164637+00
685,1123,1123,github,3687841428,2026-09-29 01:15:57.672891+00,2026-09-29 01:15:59.240134+00,2d6041df-96cf-4f98-b243-61c45c1b61d7,Amenaza high detectada,high,"{slack,email}",2026-09-29 01:16:05.164637+00,2026-09-29 01:16:05.164637+00,sent,f,2026-09-29 01:16:05.164637+00
686,1124,1124,github,3429419282,2026-09-29 01:15:57.672891+00,2026-09-29 01:15:59.240134+00,49f10ff0-ec1e-407d-8e90-4c7c9622ced5,Amenaza critical detectada,critical,"{slack,email}",2026-09-29 01:16:05.164637+00,2026-09-29 01:16:05.164637+00,sent,f,2026-09-29 01:16:05.164637+00
687,1125,1125,github,2641798335,2026-09-29 01:15:57.672891+00,2026-09-29 01:15:59.240134+00,bd3d9fe4-387a-42e1-b8b2-0221c2b9a0cb,Amenaza high detectada,high,"{slack,email}",2026-09-29 01:16:05.164637+00,2026-09-29 01:16:05.164637+00,sent,f,2026-09-29 01:16:05.164637+00
688,1126,1126,github,5500141422,2026-09-29 01:15:57.672891+00,2026-09-29 01:15:59.240134+00,96fda43f-dd9a-47e6-98c3-bbd0afdcded5,Amenaza high detectada,high,"{slack,email}",2026-09-29 01:16:05.164637+00,2026-09-29 01:16:05.164637+00,sent,f,2026-09-29 01:16:05.164637+00
689,1129,1129,github,2143467431,2026-09-29 01:15:57.672891+00,2026-09-29 01:15:59.240134+00,b5e57c6d-6a1a-45cc-b5f9-a80257133d86,Amenaza high detectada,high,"{slack,email}",2026-09-29 01:16:05.164637+00,2026-09-29 01:16:05.164637+00,sent,f,2026-09-29 01:16:05.164637+00
690,1130,1130,github,5607266772,2026-09-29 01:15:57.672891+00,2026-09-29 01:15:59.240134+00,1f84c973-2cc7-449e-8e15-2651adbee215,Amenaza critical detectada,critical,"{slack,email}",2026-09-29 01:16:05.164637+00,2026-09-29 01:16:05.164637+00,sent,f,2026-09-29 01:16:05.164637+00
691,1132,1132,github,3834457018,2026-09-29 01:15:57.672891+00,2026-09-29 01:15:59.240134+00,70c4c013-16a5-4520-a899-20f45c79583a,Amenaza high detectada,high,"{slack,email}",2026-09-29 01:16:05.164637+00,2026-09-29 01:16:05.164637+00,sent,f,2026-09-29 01:16:05.164637+00
692,1134,1134,github,5618965402,2026-09-29 01:15:57.672891+00,2026-09-29 01:15:59.240134+00,700172ca-ed50-4f7b-880b-0639782ac23e,Amenaza high detectada,high,"{slack,email}",2026-09-29 01:16:05.164637+00,2026-09-29 01:16:05.164637+00,sent,f,2026-09-29 01:16:05.164637+00
693,1135,1135,github,5368015547,2026-09-29 01:15:57.672891+00,2026-09-29 01:15:59.240134+00,59879e3b-cb60-4aa6-bd77-f7f665af94d3,Amenaza critical detectada,critical,"{slack,email}",2026-09-29 01:16:05.164637+00,2026-09-29 01:16:05.164637+00,sent,f,2026-09-29 01:16:05.164637+00
694,1136,1136,github,5532806165,2026-09-29 01:15:57.672891+00,2026-09-29 01:15:59.240134+00,2620e9b3-aec7-466f-a993-aea2d0f056a4,Amenaza high detectada,high,"{slack,email}",2026-09-29 01:16:05.164637+00,2026-09-29 01:16:05.164637+00,sent,f,2026-09-29 01:16:05.164637+00
695,1137,1137,github,5623510462,2026-09-29 01:15:57.672891+00,2026-09-29 01:15:59.240134+00,74a69f01-e99f-4411-8b71-fbbe12766c62,Amenaza critical detectada,critical,"{slack,email}",2026-09-29 01:16:05.164637+00,2026-09-29 01:16:05.164637+00,sent,f,2026-09-29 01:16:05.164637+00
696,1138,1138,github,3768404420,2026-09-29 01:15:57.672891+00,2026-09-29 01:15:59.240134+00,c1082f9e-3049-48e0-b5b3-410c6696669b,Amenaza high detectada,high,"{slack,email}",2026-09-29 01:16:05.164637+00,2026-09-29 01:16:05.164637+00,sent,f,2026-09-29 01:16:05.164637+00
697,1139,1139,github,5623531467,2026-09-29 01:15:57.672891+00,2026-09-29 01:15:59.240134+00,267b9ca1-fcce-47dc-b830-78695718174b,Amenaza high detectada,high,"{slack,email}",2026-09-29 01:16:05.164637+00,2026-09-29 01:16:05.164637+00,sent,f,2026-09-29 01:16:05.164637+00
698,1140,1140,github,1738321257,2026-09-29 01:15:57.672891+00,2026-09-29 01:15:59.240134+00,14053777-15de-491d-a1cd-cb8542dbd291,Amenaza high detectada,high,"{slack,email}",2026-09-29 01:16:05.164637+00,2026-09-29 01:16:05.164637+00,sent,f,2026-09-29 01:16:05.164637+00
699,1141,1141,github,4144012114,2026-09-29 01:15:57.672891+00,2026-09-29 01:15:59.240134+00,343d5caa-35c5-46f8-90ba-9f1c69683451,Amenaza high detectada,high,"{slack,email}",2026-09-29 01:16:05.164637+00,2026-09-29 01:16:05.164637+00,sent,f,2026-09-29 01:16:05.164637+00
700,1147,1147,github,1517663952,2026-09-29 01:15:57.672891+00,2026-09-29 01:15:59.240134+00,ba1d8c04-2ad8-4c79-9da0-9623989bab73,Amenaza high detectada,high,"{slack,email}",2026-09-29 01:16:05.164637+00,2026-09-29 01:16:05.164637+00,sent,f,2026-09-29 01:16:05.164637+00
701,1148,1148,github,5615367904,2026-09-29 01:15:57.672891+00,2026-09-29 01:15:59.240134+00,e805e881-c715-428b-847d-c464be32fa05,Amenaza high detectada,high,"{slack,email}",2026-09-29 01:16:05.164637+00,2026-09-29 01:16:05.164637+00,sent,f,2026-09-29 01:16:05.164637+00
702,1149,1149,github,5055652647,2026-09-29 01:15:57.672891+00,2026-09-29 01:15:59.240134+00,658d23c4-967c-4f2b-82e0-5ced194ee73d,Amenaza critical detectada,critical,"{slack,email}",2026-09-29 01:16:05.164637+00,2026-09-29 01:16:05.164637+00,sent,f,2026-09-29 01:16:05.164637+00
703,1151,1151,github,2097543785,2026-09-29 01:15:57.672891+00,2026-09-29 01:15:59.240134+00,313fbd20-4f98-4a46-b0e3-56978b4cb38b,Amenaza high detectada,high,"{slack,email}",2026-09-29 01:16:05.164637+00,2026-09-29 01:16:05.164637+00,sent,f,2026-09-29 01:16:05.164637+00
704,1152,1152,github,5520806063,2026-09-29 01:15:57.672891+00,2026-09-29 01:15:59.240134+00,0bd6c3c3-00ed-4a76-afce-257e2910413b,Amenaza critical detectada,critical,"{slack,email}",2026-09-29 01:16:05.164637+00,2026-09-29 01:16:05.164637+00,sent,f,2026-09-29 01:16:05.164637+00
705,1153,1153,github,569663864,2026-09-29 01:15:57.672891+00,2026-09-29 01:15:59.240134+00,50ca7783-af49-4135-8b56-b984b6e71f7b,Amenaza high detectada,high,"{slack,email}",2026-09-29 01:16:05.164637+00,2026-09-29 01:16:05.164637+00,sent,f,2026-09-29 01:16:05.164637+00
706,1156,1156,github,2933501188,2026-09-29 01:15:57.672891+00,2026-09-29 01:15:59.240134+00,bb4fbc2b-24a9-4df5-bacc-7b14fcdebd83,Amenaza critical detectada,critical,"{slack,email}",2026-09-29 01:16:05.164637+00,2026-09-29 01:16:05.164637+00,sent,f,2026-09-29 01:16:05.164637+00
707,1159,1158,github,3809563557,2026-09-29 01:36:58.013436+00,2026-09-29 01:36:59.322755+00,d37cae15-5844-4d87-a4a8-256fd21946ba,Amenaza high detectada,high,"{slack,email}",2026-09-29 01:37:07.224854+00,2026-09-29 01:37:07.224854+00,sent,f,2026-09-29 01:37:07.224854+00
708,1160,1159,github,5607854310,2026-09-29 01:36:58.013436+00,2026-09-29 01:36:59.322755+00,51f75221-0645-4b9c-8197-9d31c8110bb9,Amenaza high detectada,high,"{slack,email}",2026-09-29 01:37:07.224854+00,2026-09-29 01:37:07.224854+00,sent,f,2026-09-29 01:37:07.224854+00
709,1161,1160,github,3236540341,2026-09-29 01:36:58.013436+00,2026-09-29 01:36:59.322755+00,762e5d66-6ea5-4499-8133-88a55715b92b,Amenaza critical detectada,critical,"{slack,email}",2026-09-29 01:37:07.224854+00,2026-09-29 01:37:07.224854+00,sent,f,2026-09-29 01:37:07.224854+00
710,1162,1161,github,3684649510,2026-09-29 01:36:58.013436+00,2026-09-29 01:36:59.322755+00,1fd35cf7-0679-4854-a5d5-4804ce9712c9,Amenaza high detectada,high,"{slack,email}",2026-09-29 01:37:07.224854+00,2026-09-29 01:37:07.224854+00,sent,f,2026-09-29 01:37:07.224854+00
711,1163,1162,github,5623716367,2026-09-29 01:36:58.013436+00,2026-09-29 01:36:59.322755+00,2c6f718b-c9d0-4d4f-a7ae-512b6a2e70d9,Amenaza high detectada,high,"{slack,email}",2026-09-29 01:37:07.224854+00,2026-09-29 01:37:07.224854+00,sent,f,2026-09-29 01:37:07.224854+00
712,1165,1164,github,3308526139,2026-09-29 01:36:58.013436+00,2026-09-29 01:36:59.322755+00,4d74e03b-c44f-49df-bada-36f160ff7f5c,Amenaza critical detectada,critical,"{slack,email}",2026-09-29 01:37:07.224854+00,2026-09-29 01:37:07.224854+00,sent,f,2026-09-29 01:37:07.224854+00
713,1167,1166,github,5590586553,2026-09-29 01:36:58.013436+00,2026-09-29 01:36:59.322755+00,4459743c-4b35-4992-946f-cd1d1519ba4b,Amenaza critical detectada,critical,"{slack,email}",2026-09-29 01:37:07.224854+00,2026-09-29 01:37:07.224854+00,sent,f,2026-09-29 01:37:07.224854+00
714,1168,1167,github,5623711475,2026-09-29 01:36:58.013436+00,2026-09-29 01:36:59.322755+00,fabbce98-4d91-4f4f-9bf7-c08d82d0a010,Amenaza high detectada,high,"{slack,email}",2026-09-29 01:37:07.224854+00,2026-09-29 01:37:07.224854+00,sent,f,2026-09-29 01:37:07.224854+00
715,1169,1168,github,3952829536,2026-09-29 01:36:58.013436+00,2026-09-29 01:36:59.322755+00,42743d52-4fb4-4de6-b13a-a4fe253f5d04,Amenaza high detectada,high,"{slack,email}",2026-09-29 01:37:07.224854+00,2026-09-29 01:37:07.224854+00,sent,f,2026-09-29 01:37:07.224854+00
716,1170,1169,github,3751034003,2026-09-29 01:36:58.013436+00,2026-09-29 01:36:59.322755+00,a4ff830c-991c-4fa6-bdd3-7e6427c8a0cc,Amenaza high detectada,high,"{slack,email}",2026-09-29 01:37:07.224854+00,2026-09-29 01:37:07.224854+00,sent,f,2026-09-29 01:37:07.224854+00
717,1172,1171,github,2164009823,2026-09-29 01:36:58.013436+00,2026-09-29 01:36:59.322755+00,93f87bf9-9b84-46dd-8e13-1bb6274ee5fb,Amenaza critical detectada,critical,"{slack,email}",2026-09-29 01:37:07.224854+00,2026-09-29 01:37:07.224854+00,sent,f,2026-09-29 01:37:07.224854+00
718,1174,1173,github,5081539814,2026-09-29 01:36:58.013436+00,2026-09-29 01:36:59.322755+00,1024665d-3b40-4c18-b123-a9d8b70761b3,Amenaza high detectada,high,"{slack,email}",2026-09-29 01:37:07.224854+00,2026-09-29 01:37:07.224854+00,sent,f,2026-09-29 01:37:07.224854+00
719,1175,1174,github,5589908021,2026-09-29 01:36:58.013436+00,2026-09-29 01:36:59.322755+00,d333c8ee-85a2-44b2-94aa-9fa4b9ca6804,Amenaza critical detectada,critical,"{slack,email}",2026-09-29 01:37:07.224854+00,2026-09-29 01:37:07.224854+00,sent,f,2026-09-29 01:37:07.224854+00
720,1176,1175,github,3484996974,2026-09-29 01:36:58.013436+00,2026-09-29 01:36:59.322755+00,a6690650-19b1-46e1-ba90-9050ffce975f,Amenaza high detectada,high,"{slack,email}",2026-09-29 01:37:07.224854+00,2026-09-29 01:37:07.224854+00,sent,f,2026-09-29 01:37:07.224854+00
721,1177,1176,github,982561162,2026-09-29 01:36:58.013436+00,2026-09-29 01:36:59.322755+00,d869372d-daaa-48b4-a9a1-760961bdf017,Amenaza high detectada,high,"{slack,email}",2026-09-29 01:37:07.224854+00,2026-09-29 01:37:07.224854+00,sent,f,2026-09-29 01:37:07.224854+00
722,1178,1177,github,5369482080,2026-09-29 01:36:58.013436+00,2026-09-29 01:36:59.322755+00,0dd0116f-33fd-4420-a56b-aa100b1952b7,Amenaza critical detectada,critical,"{slack,email}",2026-09-29 01:37:07.224854+00,2026-09-29 01:37:07.224854+00,sent,f,2026-09-29 01:37:07.224854+00
723,1179,1178,github,5511257362,2026-09-29 01:36:58.013436+00,2026-09-29 01:36:59.322755+00,725de053-58a1-499d-b7df-341b22e4abd3,Amenaza critical detectada,critical,"{slack,email}",2026-09-29 01:37:07.224854+00,2026-09-29 01:37:07.224854+00,sent,f,2026-09-29 01:37:07.224854+00
724,1180,1179,github,5104299273,2026-09-29 01:36:58.013436+00,2026-09-29 01:36:59.322755+00,6dd7cafd-b1b9-40da-b8e0-78d32555b564,Amenaza high detectada,high,"{slack,email}",2026-09-29 01:37:07.224854+00,2026-09-29 01:37:07.224854+00,sent,f,2026-09-29 01:37:07.224854+00
725,1181,1180,github,3037645901,2026-09-29 01:36:58.013436+00,2026-09-29 01:36:59.322755+00,2bd72813-9431-486f-a036-91935c807cc5,Amenaza high detectada,high,"{slack,email}",2026-09-29 01:37:07.224854+00,2026-09-29 01:37:07.224854+00,sent,f,2026-09-29 01:37:07.224854+00
726,1182,1181,github,4672612740,2026-09-29 01:36:58.013436+00,2026-09-29 01:36:59.322755+00,a0c8e00c-ddb4-43a7-9b7f-585ec783e2a4,Amenaza high detectada,high,"{slack,email}",2026-09-29 01:37:07.224854+00,2026-09-29 01:37:07.224854+00,sent,f,2026-09-29 01:37:07.224854+00
727,1183,1182,github,5623211558,2026-09-29 01:36:58.013436+00,2026-09-29 01:36:59.322755+00,4b24a172-8723-461a-8944-fe69f8e7c300,Amenaza high detectada,high,"{slack,email}",2026-09-29 01:37:07.224854+00,2026-09-29 01:37:07.224854+00,sent,f,2026-09-29 01:37:07.224854+00
728,1184,1183,github,5623209642,2026-09-29 01:36:58.013436+00,2026-09-29 01:36:59.322755+00,1d51ca12-fcce-4955-a074-82666a74cd90,Amenaza critical detectada,critical,"{slack,email}",2026-09-29 01:37:07.224854+00,2026-09-29 01:37:07.224854+00,sent,f,2026-09-29 01:37:07.224854+00
729,1185,1184,github,5623207239,2026-09-29 01:36:58.013436+00,2026-09-29 01:36:59.322755+00,a50d2810-27a0-4a22-801e-39f171294c0f,Amenaza critical detectada,critical,"{slack,email}",2026-09-29 01:37:07.224854+00,2026-09-29 01:37:07.224854+00,sent,f,2026-09-29 01:37:07.224854+00
730,1186,1185,github,4265055455,2026-09-29 01:36:58.013436+00,2026-09-29 01:36:59.322755+00,c18f3781-baba-44e6-a688-979e0381d2c5,Amenaza high detectada,high,"{slack,email}",2026-09-29 01:37:07.224854+00,2026-09-29 01:37:07.224854+00,sent,f,2026-09-29 01:37:07.224854+00
731,1187,1186,github,4525458317,2026-09-29 01:36:58.013436+00,2026-09-29 01:36:59.322755+00,709f2afa-97c4-4e36-aefd-e61bf7efaee1,Amenaza high detectada,high,"{slack,email}",2026-09-29 01:37:07.224854+00,2026-09-29 01:37:07.224854+00,sent,f,2026-09-29 01:37:07.224854+00
732,1188,1187,github,4951626429,2026-09-29 01:36:58.013436+00,2026-09-29 01:36:59.322755+00,2dcc61cd-dbe8-489c-bd00-9d2eb792af38,Amenaza high detectada,high,"{slack,email}",2026-09-29 01:37:07.224854+00,2026-09-29 01:37:07.224854+00,sent,f,2026-09-29 01:37:07.224854+00
733,1189,1188,github,4889994353,2026-09-29 01:36:58.013436+00,2026-09-29 01:36:59.322755+00,9d18d075-2748-4460-bb98-ad96c6fb55ce,Amenaza critical detectada,critical,"{slack,email}",2026-09-29 01:37:07.224854+00,2026-09-29 01:37:07.224854+00,sent,f,2026-09-29 01:37:07.224854+00
734,1190,1189,github,4186991115,2026-09-29 01:36:58.013436+00,2026-09-29 01:36:59.322755+00,fb29fa1b-2993-4503-a3d0-67ec56aba4c5,Amenaza high detectada,high,"{slack,email}",2026-09-29 01:37:07.224854+00,2026-09-29 01:37:07.224854+00,sent,f,2026-09-29 01:37:07.224854+00
735,1191,1190,github,5514636200,2026-09-29 01:36:58.013436+00,2026-09-29 01:36:59.322755+00,71038456-4c18-49c7-ba99-1d99a04400da,Amenaza high detectada,high,"{slack,email}",2026-09-29 01:37:07.224854+00,2026-09-29 01:37:07.224854+00,sent,f,2026-09-29 01:37:07.224854+00
736,1192,1191,github,2357396686,2026-09-29 01:36:58.013436+00,2026-09-29 01:36:59.322755+00,67756271-cef8-4f54-a3ef-253e1508b097,Amenaza critical detectada,critical,"{slack,email}",2026-09-29 01:37:07.224854+00,2026-09-29 01:37:07.224854+00,sent,f,2026-09-29 01:37:07.224854+00
737,1193,1192,github,5623189295,2026-09-29 01:36:58.013436+00,2026-09-29 01:36:59.322755+00,9363bd06-0179-495d-a1d6-a12138191f06,Amenaza critical detectada,critical,"{slack,email}",2026-09-29 01:37:07.224854+00,2026-09-29 01:37:07.224854+00,sent,f,2026-09-29 01:37:07.224854+00
738,1194,1193,github,655107029,2026-09-29 01:36:58.013436+00,2026-09-29 01:36:59.322755+00,7341b334-fd9a-4303-aa0b-d042a5ae5817,Amenaza critical detectada,critical,"{slack,email}",2026-09-29 01:37:07.224854+00,2026-09-29 01:37:07.224854+00,sent,f,2026-09-29 01:37:07.224854+00
739,1195,1194,github,3324102903,2026-09-29 01:36:58.013436+00,2026-09-29 01:36:59.322755+00,f9d6f2f5-04e9-4200-8a8b-d2e880f3b8ec,Amenaza high detectada,high,"{slack,email}",2026-09-29 01:37:07.224854+00,2026-09-29 01:37:07.224854+00,sent,f,2026-09-29 01:37:07.224854+00
740,1196,1195,github,5623699692,2026-09-29 01:36:58.013436+00,2026-09-29 01:36:59.322755+00,afa2a76c-78b2-46f3-9480-72b25d80f912,Amenaza critical detectada,critical,"{slack,email}",2026-09-29 01:37:07.224854+00,2026-09-29 01:37:07.224854+00,sent,f,2026-09-29 01:37:07.224854+00
741,1198,1197,github,3358961385,2026-09-29 01:36:58.013436+00,2026-09-29 01:36:59.322755+00,0ded998d-1be3-493d-a0d6-d8a02f5ec40c,Amenaza critical detectada,critical,"{slack,email}",2026-09-29 01:37:07.224854+00,2026-09-29 01:37:07.224854+00,sent,f,2026-09-29 01:37:07.224854+00
742,1199,1198,github,3005496591,2026-09-29 01:36:58.013436+00,2026-09-29 01:36:59.322755+00,9987454e-5207-416e-9a06-bd7891b66b6d,Amenaza critical detectada,critical,"{slack,email}",2026-09-29 01:37:07.224854+00,2026-09-29 01:37:07.224854+00,sent,f,2026-09-29 01:37:07.224854+00
743,1200,1199,github,4075169779,2026-09-29 01:45:57.677942+00,2026-09-29 01:45:58.862473+00,f861933b-a17e-4eb6-8c27-184dd4c7d1e8,Amenaza high detectada,high,"{slack,email}",2026-09-29 01:46:14.026923+00,2026-09-29 01:46:14.026923+00,sent,f,2026-09-29 01:46:14.026923+00
744,1201,1200,github,1160050749,2026-09-29 01:45:57.677942+00,2026-09-29 01:45:58.862473+00,51a72e34-3b49-4f5b-a4fe-6775df4c2303,Amenaza high detectada,high,"{slack,email}",2026-09-29 01:46:14.026923+00,2026-09-29 01:46:14.026923+00,sent,f,2026-09-29 01:46:14.026923+00
745,1202,1201,github,5161123639,2026-09-29 01:45:57.677942+00,2026-09-29 01:45:58.862473+00,c55d5a26-96db-4813-9efa-34212fefe7a2,Amenaza critical detectada,critical,"{slack,email}",2026-09-29 01:46:14.026923+00,2026-09-29 01:46:14.026923+00,sent,f,2026-09-29 01:46:14.026923+00
746,1203,1202,github,5621618335,2026-09-29 01:45:57.677942+00,2026-09-29 01:45:58.862473+00,028fde64-12d1-41ab-bf8f-1210a6a46cfb,Amenaza high detectada,high,"{slack,email}",2026-09-29 01:46:14.026923+00,2026-09-29 01:46:14.026923+00,sent,f,2026-09-29 01:46:14.026923+00
747,1204,1203,github,5161123972,2026-09-29 01:45:57.677942+00,2026-09-29 01:45:58.862473+00,675f3800-97a8-4f63-8171-365ef7fbf5fa,Amenaza critical detectada,critical,"{slack,email}",2026-09-29 01:46:14.026923+00,2026-09-29 01:46:14.026923+00,sent,f,2026-09-29 01:46:14.026923+00
748,1208,1207,github,2669109468,2026-09-29 01:45:57.677942+00,2026-09-29 01:45:58.862473+00,1649aef1-23f4-4af4-97a7-012cf8235967,Amenaza high detectada,high,"{slack,email}",2026-09-29 01:46:14.026923+00,2026-09-29 01:46:14.026923+00,sent,f,2026-09-29 01:46:14.026923+00
749,1210,1209,github,5320585810,2026-09-29 01:45:57.677942+00,2026-09-29 01:45:58.862473+00,2b1b43f2-c062-47e5-bd7c-f3da5ca735b8,Amenaza high detectada,high,"{slack,email}",2026-09-29 01:46:14.026923+00,2026-09-29 01:46:14.026923+00,sent,f,2026-09-29 01:46:14.026923+00
750,1211,1210,github,5161123913,2026-09-29 01:45:57.677942+00,2026-09-29 01:45:58.862473+00,7de8ba7f-fc7a-400f-a80e-257ba61f03f8,Amenaza critical detectada,critical,"{slack,email}",2026-09-29 01:46:14.026923+00,2026-09-29 01:46:14.026923+00,sent,f,2026-09-29 01:46:14.026923+00
751,1212,1211,github,3501046667,2026-09-29 01:45:57.677942+00,2026-09-29 01:45:58.862473+00,5fba0661-7f4b-450e-93d3-11b2c538c671,Amenaza high detectada,high,"{slack,email}",2026-09-29 01:46:14.026923+00,2026-09-29 01:46:14.026923+00,sent,f,2026-09-29 01:46:14.026923+00
752,1213,1212,github,5570324638,2026-09-29 01:45:57.677942+00,2026-09-29 01:45:58.862473+00,a59ad30a-2482-40a1-ad31-e39969220795,Amenaza high detectada,high,"{slack,email}",2026-09-29 01:46:14.026923+00,2026-09-29 01:46:14.026923+00,sent,f,2026-09-29 01:46:14.026923+00
753,1214,1213,github,780778454,2026-09-29 01:45:57.677942+00,2026-09-29 01:45:58.862473+00,4e7ceb47-95c0-47c4-8faa-626e5c2e0890,Amenaza high detectada,high,"{slack,email}",2026-09-29 01:46:14.026923+00,2026-09-29 01:46:14.026923+00,sent,f,2026-09-29 01:46:14.026923+00
754,1216,1215,github,5161123688,2026-09-29 01:45:57.677942+00,2026-09-29 01:45:58.862473+00,d1f268d3-80a2-4bba-b9ac-095e6ce8a361,Amenaza critical detectada,critical,"{slack,email}",2026-09-29 01:46:14.026923+00,2026-09-29 01:46:14.026923+00,sent,f,2026-09-29 01:46:14.026923+00
755,1217,1216,github,5314226140,2026-09-29 01:45:57.677942+00,2026-09-29 01:45:58.862473+00,84eca12c-184c-4606-98e3-2cf1ed45c580,Amenaza high detectada,high,"{slack,email}",2026-09-29 01:46:14.026923+00,2026-09-29 01:46:14.026923+00,sent,f,2026-09-29 01:46:14.026923+00
756,1218,1217,github,5161123737,2026-09-29 01:45:57.677942+00,2026-09-29 01:45:58.862473+00,cfcf4b3c-a070-4ae6-8128-8e00288dd424,Amenaza critical detectada,critical,"{slack,email}",2026-09-29 01:46:14.026923+00,2026-09-29 01:46:14.026923+00,sent,f,2026-09-29 01:46:14.026923+00
757,1219,1218,github,1243785736,2026-09-29 01:45:57.677942+00,2026-09-29 01:45:58.862473+00,298a4d49-b227-4f43-b9ed-0d750489e935,Amenaza high detectada,high,"{slack,email}",2026-09-29 01:46:14.026923+00,2026-09-29 01:46:14.026923+00,sent,f,2026-09-29 01:46:14.026923+00
758,1220,1219,github,4255147080,2026-09-29 01:45:57.677942+00,2026-09-29 01:45:58.862473+00,5f4713e7-435f-4d7c-a639-46a74452c30b,Amenaza high detectada,high,"{slack,email}",2026-09-29 01:46:14.026923+00,2026-09-29 01:46:14.026923+00,sent,f,2026-09-29 01:46:14.026923+00
759,1222,1221,github,5393681437,2026-09-29 01:45:57.677942+00,2026-09-29 01:45:58.862473+00,fb9ba252-70cd-4064-a667-96102f9b1555,Amenaza high detectada,high,"{slack,email}",2026-09-29 01:46:14.026923+00,2026-09-29 01:46:14.026923+00,sent,f,2026-09-29 01:46:14.026923+00
760,1223,1222,github,2764925965,2026-09-29 01:45:57.677942+00,2026-09-29 01:45:58.862473+00,52c041e7-b96d-4abb-8bca-8a9352318208,Amenaza high detectada,high,"{slack,email}",2026-09-29 01:46:14.026923+00,2026-09-29 01:46:14.026923+00,sent,f,2026-09-29 01:46:14.026923+00
761,1224,1223,github,1716170908,2026-09-29 01:45:57.677942+00,2026-09-29 01:45:58.862473+00,902f37fc-66cc-4942-b6cc-6b8071f28d42,Amenaza critical detectada,critical,"{slack,email}",2026-09-29 01:46:14.026923+00,2026-09-29 01:46:14.026923+00,sent,f,2026-09-29 01:46:14.026923+00
762,1225,1224,github,1308105546,2026-09-29 01:45:57.677942+00,2026-09-29 01:45:58.862473+00,7dbb40cc-92e3-4263-b5fa-04c2461c2dcf,Amenaza high detectada,high,"{slack,email}",2026-09-29 01:46:14.026923+00,2026-09-29 01:46:14.026923+00,sent,f,2026-09-29 01:46:14.026923+00
763,1226,1225,github,1134547370,2026-09-29 01:45:57.677942+00,2026-09-29 01:45:58.862473+00,7a04148d-66ef-4fe5-828d-f2fe6e5761cf,Amenaza critical detectada,critical,"{slack,email}",2026-09-29 01:46:14.026923+00,2026-09-29 01:46:14.026923+00,sent,f,2026-09-29 01:46:14.026923+00
764,1227,1226,github,5000846864,2026-09-29 01:45:57.677942+00,2026-09-29 01:45:58.862473+00,72e43b3b-f7ec-4bf3-9cd1-6772399858ea,Amenaza high detectada,high,"{slack,email}",2026-09-29 01:46:14.026923+00,2026-09-29 01:46:14.026923+00,sent,f,2026-09-29 01:46:14.026923+00
765,1228,1227,github,1660886487,2026-09-29 01:45:57.677942+00,2026-09-29 01:45:58.862473+00,7045a1ad-eeb0-4494-ae98-35b32dee4612,Amenaza high detectada,high,"{slack,email}",2026-09-29 01:46:14.026923+00,2026-09-29 01:46:14.026923+00,sent,f,2026-09-29 01:46:14.026923+00
766,1229,1228,github,3353602457,2026-09-29 01:45:57.677942+00,2026-09-29 01:45:58.862473+00,3dde609a-b629-43bb-9ebd-e896545d9b13,Amenaza critical detectada,critical,"{slack,email}",2026-09-29 01:46:14.026923+00,2026-09-29 01:46:14.026923+00,sent,f,2026-09-29 01:46:14.026923+00
767,1232,1231,github,4006547074,2026-09-29 01:45:57.677942+00,2026-09-29 01:45:58.862473+00,6077e058-bec4-4674-a4ac-c7fdb9a9470d,Amenaza high detectada,high,"{slack,email}",2026-09-29 01:46:14.026923+00,2026-09-29 01:46:14.026923+00,sent,f,2026-09-29 01:46:14.026923+00
768,1233,1232,github,3807490444,2026-09-29 01:45:57.677942+00,2026-09-29 01:45:58.862473+00,92c1f520-cfea-4dc0-93ba-d4e58fe319d7,Amenaza high detectada,high,"{slack,email}",2026-09-29 01:46:14.026923+00,2026-09-29 01:46:14.026923+00,sent,f,2026-09-29 01:46:14.026923+00
769,1235,1234,github,2071182678,2026-09-29 01:45:57.677942+00,2026-09-29 01:45:58.862473+00,cf1177b0-f636-4db3-ae9c-d5c76d012c95,Amenaza high detectada,high,"{slack,email}",2026-09-29 01:46:14.026923+00,2026-09-29 01:46:14.026923+00,sent,f,2026-09-29 01:46:14.026923+00
770,1239,1238,github,4270725018,2026-09-29 01:45:57.677942+00,2026-09-29 01:45:58.862473+00,85f875a7-8eb3-4e09-bd62-f39c93040626,Amenaza high detectada,high,"{slack,email}",2026-09-29 01:46:14.026923+00,2026-09-29 01:46:14.026923+00,sent,f,2026-09-29 01:46:14.026923+00
771,1247,1246,hackernews,49889344,2026-09-29 14:45:58.949203+00,2026-09-29 14:46:00.383077+00,14581696-c50e-49b3-8fe1-b340be7cadab,Amenaza high detectada,high,"{slack,email}",2026-09-29 14:46:15.041308+00,2026-09-29 14:46:15.041308+00,sent,f,2026-09-29 14:46:15.041308+00
772,1251,1250,github,3346589174,2026-09-29 14:45:58.949203+00,2026-09-29 14:46:00.383077+00,4c130c13-fc53-4eae-a8a2-9947532e7b87,Amenaza high detectada,high,"{slack,email}",2026-09-29 14:46:15.041308+00,2026-09-29 14:46:15.041308+00,sent,f,2026-09-29 14:46:15.041308+00
773,1252,1251,github,5627458323,2026-09-29 14:45:58.949203+00,2026-09-29 14:46:00.383077+00,02d999d9-d366-46e4-b6b3-d7bb3b6a9f70,Amenaza high detectada,high,"{slack,email}",2026-09-29 14:46:15.041308+00,2026-09-29 14:46:15.041308+00,sent,f,2026-09-29 14:46:15.041308+00
774,1254,1253,github,2159585662,2026-09-29 14:45:58.949203+00,2026-09-29 14:46:00.383077+00,424b2b80-8bc0-423d-96d5-ea05af17cdbf,Amenaza critical detectada,critical,"{slack,email}",2026-09-29 14:46:15.041308+00,2026-09-29 14:46:15.041308+00,sent,f,2026-09-29 14:46:15.041308+00
775,1255,1254,github,5630163845,2026-09-29 14:45:58.949203+00,2026-09-29 14:46:00.383077+00,f4d56fc3-b6c2-424e-95cd-6766145f6e97,Amenaza critical detectada,critical,"{slack,email}",2026-09-29 14:46:15.041308+00,2026-09-29 14:46:15.041308+00,sent,f,2026-09-29 14:46:15.041308+00
776,1256,1255,github,2159585594,2026-09-29 14:45:58.949203+00,2026-09-29 14:46:00.383077+00,fb9afed5-1929-434e-b22b-cdc01aab038b,Amenaza critical detectada,critical,"{slack,email}",2026-09-29 14:46:15.041308+00,2026-09-29 14:46:15.041308+00,sent,f,2026-09-29 14:46:15.041308+00
777,1257,1256,github,5631981204,2026-09-29 14:45:58.949203+00,2026-09-29 14:46:00.383077+00,6653c09a-b843-49b9-92e9-4843c314efcc,Amenaza high detectada,high,"{slack,email}",2026-09-29 14:46:15.041308+00,2026-09-29 14:46:15.041308+00,sent,f,2026-09-29 14:46:15.041308+00
778,1258,1257,github,2159585512,2026-09-29 14:45:58.949203+00,2026-09-29 14:46:00.383077+00,fc93121e-7276-4821-8af6-c40e2b3a2502,Amenaza critical detectada,critical,"{slack,email}",2026-09-29 14:46:15.041308+00,2026-09-29 14:46:15.041308+00,sent,f,2026-09-29 14:46:15.041308+00
779,1259,1258,github,4268707164,2026-09-29 14:45:58.949203+00,2026-09-29 14:46:00.383077+00,273dc7b8-775b-42ca-9c4d-db0f2458f8ed,Amenaza high detectada,high,"{slack,email}",2026-09-29 14:46:15.041308+00,2026-09-29 14:46:15.041308+00,sent,f,2026-09-29 14:46:15.041308+00
780,1261,1260,github,2159585319,2026-09-29 14:45:58.949203+00,2026-09-29 14:46:00.383077+00,0cb5c1e1-54f0-4fb8-b544-f104390dea85,Amenaza critical detectada,critical,"{slack,email}",2026-09-29 14:46:15.041308+00,2026-09-29 14:46:15.041308+00,sent,f,2026-09-29 14:46:15.041308+00
781,1263,1262,github,2159585420,2026-09-29 14:45:58.949203+00,2026-09-29 14:46:00.383077+00,bab08f04-b604-428e-8e1a-872b0bf29af6,Amenaza critical detectada,critical,"{slack,email}",2026-09-29 14:46:15.041308+00,2026-09-29 14:46:15.041308+00,sent,f,2026-09-29 14:46:15.041308+00
782,1264,1263,github,2159585102,2026-09-29 14:45:58.949203+00,2026-09-29 14:46:00.383077+00,99ed916d-6698-4fdd-862d-0a80e19b2bcf,Amenaza critical detectada,critical,"{slack,email}",2026-09-29 14:46:15.041308+00,2026-09-29 14:46:15.041308+00,sent,f,2026-09-29 14:46:15.041308+00
783,1265,1264,github,5619068073,2026-09-29 14:45:58.949203+00,2026-09-29 14:46:00.383077+00,d78e07f3-7886-470b-a72a-440efd696052,Amenaza critical detectada,critical,"{slack,email}",2026-09-29 14:46:15.041308+00,2026-09-29 14:46:15.041308+00,sent,f,2026-09-29 14:46:15.041308+00
784,1266,1265,github,2159584905,2026-09-29 14:45:58.949203+00,2026-09-29 14:46:00.383077+00,2871c89d-aea0-4ad7-a255-43f95082b4bf,Amenaza critical detectada,critical,"{slack,email}",2026-09-29 14:46:15.041308+00,2026-09-29 14:46:15.041308+00,sent,f,2026-09-29 14:46:15.041308+00
785,1267,1266,github,5478659535,2026-09-29 14:45:58.949203+00,2026-09-29 14:46:00.383077+00,93b85111-ed25-4602-bc31-383f893499f1,Amenaza critical detectada,critical,"{slack,email}",2026-09-29 14:46:15.041308+00,2026-09-29 14:46:15.041308+00,sent,f,2026-09-29 14:46:15.041308+00
786,1269,1268,github,2159584816,2026-09-29 14:45:58.949203+00,2026-09-29 14:46:00.383077+00,c8b03710-c648-4e59-8a98-416fc1b98808,Amenaza critical detectada,critical,"{slack,email}",2026-09-29 14:46:15.041308+00,2026-09-29 14:46:15.041308+00,sent,f,2026-09-29 14:46:15.041308+00
787,1270,1269,github,2159584743,2026-09-29 14:45:58.949203+00,2026-09-29 14:46:00.383077+00,ab34750a-ec56-4ec5-90d4-4f3d23046499,Amenaza critical detectada,critical,"{slack,email}",2026-09-29 14:46:15.041308+00,2026-09-29 14:46:15.041308+00,sent,f,2026-09-29 14:46:15.041308+00
788,1271,1270,github,2159584592,2026-09-29 14:45:58.949203+00,2026-09-29 14:46:00.383077+00,5eaf738f-05d4-4fd1-9d30-88ee590604ec,Amenaza critical detectada,critical,"{slack,email}",2026-09-29 14:46:15.041308+00,2026-09-29 14:46:15.041308+00,sent,f,2026-09-29 14:46:15.041308+00
789,1272,1271,github,5563593959,2026-09-29 14:45:58.949203+00,2026-09-29 14:46:00.383077+00,adf0ebab-5019-43cb-8c76-992f8721ce4e,Amenaza critical detectada,critical,"{slack,email}",2026-09-29 14:46:15.041308+00,2026-09-29 14:46:15.041308+00,sent,f,2026-09-29 14:46:15.041308+00
790,1273,1272,github,2159584525,2026-09-29 14:45:58.949203+00,2026-09-29 14:46:00.383077+00,416743ed-eece-4658-890a-61c4641d2e3d,Amenaza critical detectada,critical,"{slack,email}",2026-09-29 14:46:15.041308+00,2026-09-29 14:46:15.041308+00,sent,f,2026-09-29 14:46:15.041308+00
791,1274,1273,github,5477475233,2026-09-29 14:45:58.949203+00,2026-09-29 14:46:00.383077+00,3efa22fe-8d28-4285-aa36-cb9ce371a786,Amenaza critical detectada,critical,"{slack,email}",2026-09-29 14:46:15.041308+00,2026-09-29 14:46:15.041308+00,sent,f,2026-09-29 14:46:15.041308+00
792,1275,1274,github,2159584469,2026-09-29 14:45:58.949203+00,2026-09-29 14:46:00.383077+00,ab3fd7df-a9cb-4db7-8118-3a61f39279c9,Amenaza critical detectada,critical,"{slack,email}",2026-09-29 14:46:15.041308+00,2026-09-29 14:46:15.041308+00,sent,f,2026-09-29 14:46:15.041308+00
793,1276,1275,github,2159584402,2026-09-29 14:45:58.949203+00,2026-09-29 14:46:00.383077+00,2b57c25b-cadd-4e26-9b57-c22446e1395b,Amenaza critical detectada,critical,"{slack,email}",2026-09-29 14:46:15.041308+00,2026-09-29 14:46:15.041308+00,sent,f,2026-09-29 14:46:15.041308+00
794,1277,1276,github,2159584338,2026-09-29 14:45:58.949203+00,2026-09-29 14:46:00.383077+00,fbffb4ab-5539-410b-8400-e06263ec829a,Amenaza critical detectada,critical,"{slack,email}",2026-09-29 14:46:15.041308+00,2026-09-29 14:46:15.041308+00,sent,f,2026-09-29 14:46:15.041308+00
795,1278,1277,github,1009461110,2026-09-29 14:45:58.949203+00,2026-09-29 14:46:00.383077+00,1e8113a4-9a6b-4aa8-ae98-325a70fb642e,Amenaza critical detectada,critical,"{slack,email}",2026-09-29 14:46:15.041308+00,2026-09-29 14:46:15.041308+00,sent,f,2026-09-29 14:46:15.041308+00
796,1279,1278,github,2159584261,2026-09-29 14:45:58.949203+00,2026-09-29 14:46:00.383077+00,db3bad24-5153-48f5-b09c-789fbd2f625f,Amenaza critical detectada,critical,"{slack,email}",2026-09-29 14:46:15.041308+00,2026-09-29 14:46:15.041308+00,sent,f,2026-09-29 14:46:15.041308+00
797,1280,1279,github,5538023555,2026-09-29 14:45:58.949203+00,2026-09-29 14:46:00.383077+00,33cedd32-a025-4fd1-890f-9f1f987dcabd,Amenaza high detectada,high,"{slack,email}",2026-09-29 14:46:15.041308+00,2026-09-29 14:46:15.041308+00,sent,f,2026-09-29 14:46:15.041308+00
798,1282,1281,github,2539973751,2026-09-29 14:45:58.949203+00,2026-09-29 14:46:00.383077+00,f53832da-110b-49ed-b463-565ddd8e242c,Amenaza high detectada,high,"{slack,email}",2026-09-29 14:46:15.041308+00,2026-09-29 14:46:15.041308+00,sent,f,2026-09-29 14:46:15.041308+00
799,1283,1282,github,5632370134,2026-09-29 14:45:58.949203+00,2026-09-29 14:46:00.383077+00,780bc17c-d5bd-4a95-8015-cab9b0cf0f26,Amenaza critical detectada,critical,"{slack,email}",2026-09-29 14:46:15.041308+00,2026-09-29 14:46:15.041308+00,sent,f,2026-09-29 14:46:15.041308+00
800,1284,1283,github,5632369761,2026-09-29 14:45:58.949203+00,2026-09-29 14:46:00.383077+00,b346642a-3f80-4817-8ffe-edb2d255989f,Amenaza critical detectada,critical,"{slack,email}",2026-09-29 14:46:15.041308+00,2026-09-29 14:46:15.041308+00,sent,f,2026-09-29 14:46:15.041308+00
801,1285,1284,github,2096328290,2026-09-29 14:45:58.949203+00,2026-09-29 14:46:00.383077+00,a317c6b3-c50d-4749-b428-d35d01b97f59,Amenaza high detectada,high,"{slack,email}",2026-09-29 14:46:15.041308+00,2026-09-29 14:46:15.041308+00,sent,f,2026-09-29 14:46:15.041308+00
802,1286,1285,github,5632369355,2026-09-29 14:45:58.949203+00,2026-09-29 14:46:00.383077+00,cf613250-b38b-4d00-a8d7-ba1effd83505,Amenaza critical detectada,critical,"{slack,email}",2026-09-29 14:46:15.041308+00,2026-09-29 14:46:15.041308+00,sent,f,2026-09-29 14:46:15.041308+00
803,1287,1286,github,5621536475,2026-09-29 14:45:58.949203+00,2026-09-29 14:46:00.383077+00,10ec014a-d0c8-4a25-a0a1-b2f160a794d6,Amenaza high detectada,high,"{slack,email}",2026-09-29 14:46:15.041308+00,2026-09-29 14:46:15.041308+00,sent,f,2026-09-29 14:46:15.041308+00
804,1288,1287,github,5632368931,2026-09-29 14:45:58.949203+00,2026-09-29 14:46:00.383077+00,d0663172-710c-4078-b7f3-f04de2e4122f,Amenaza critical detectada,critical,"{slack,email}",2026-09-29 14:46:15.041308+00,2026-09-29 14:46:15.041308+00,sent,f,2026-09-29 14:46:15.041308+00
805,1290,1289,github,5632368556,2026-09-29 14:45:58.949203+00,2026-09-29 14:46:00.383077+00,2d315157-d413-4be6-9653-df1ac45909c2,Amenaza critical detectada,critical,"{slack,email}",2026-09-29 14:46:15.041308+00,2026-09-29 14:46:15.041308+00,sent,f,2026-09-29 14:46:15.041308+00
806,1291,1290,github,5632368059,2026-09-29 14:45:58.949203+00,2026-09-29 14:46:00.383077+00,319ec540-e9db-4988-b2df-38901773fc14,Amenaza critical detectada,critical,"{slack,email}",2026-09-29 14:46:15.041308+00,2026-09-29 14:46:15.041308+00,sent,f,2026-09-29 14:46:15.041308+00
807,1292,1291,github,5632367708,2026-09-29 14:45:58.949203+00,2026-09-29 14:46:00.383077+00,fcffd745-0b09-4ff6-9c36-70b82607796d,Amenaza critical detectada,critical,"{slack,email}",2026-09-29 14:46:15.041308+00,2026-09-29 14:46:15.041308+00,sent,f,2026-09-29 14:46:15.041308+00
808,1293,1292,github,5632367328,2026-09-29 14:45:58.949203+00,2026-09-29 14:46:00.383077+00,19088b25-4e55-4cc5-9e20-821b950d8ddf,Amenaza critical detectada,critical,"{slack,email}",2026-09-29 14:46:15.041308+00,2026-09-29 14:46:15.041308+00,sent,f,2026-09-29 14:46:15.041308+00
809,1294,1293,github,5632366940,2026-09-29 14:45:58.949203+00,2026-09-29 14:46:00.383077+00,242df24e-b543-42a4-a45f-4d7bcd055cb8,Amenaza critical detectada,critical,"{slack,email}",2026-09-29 14:46:15.041308+00,2026-09-29 14:46:15.041308+00,sent,f,2026-09-29 14:46:15.041308+00
810,1295,1294,github,4893773851,2026-09-29 14:45:58.949203+00,2026-09-29 14:46:00.383077+00,9804ee0f-ee41-4c6b-9003-4f77f1ce1bde,Amenaza high detectada,high,"{slack,email}",2026-09-29 14:46:15.041308+00,2026-09-29 14:46:15.041308+00,sent,f,2026-09-29 14:46:15.041308+00
811,1296,1295,github,5631975170,2026-09-29 14:45:58.949203+00,2026-09-29 14:46:00.383077+00,2106fa2b-03cd-4af4-b87c-5eeffb2bb0c9,Amenaza critical detectada,critical,"{slack,email}",2026-09-29 14:46:15.041308+00,2026-09-29 14:46:15.041308+00,sent,f,2026-09-29 14:46:15.041308+00
812,1297,1296,github,1257900050,2026-09-29 15:01:02.293444+00,2026-09-29 15:01:03.348054+00,3eb5aba9-4888-42ef-a123-79fca385f0bf,Amenaza critical detectada,critical,"{slack,email}",2026-09-29 15:01:09.491189+00,2026-09-29 15:01:09.491189+00,sent,f,2026-09-29 15:01:09.491189+00
813,1298,1297,github,2329873539,2026-09-29 15:01:02.293444+00,2026-09-29 15:01:03.348054+00,451d1903-c98d-498e-83b1-38e87018b569,Amenaza critical detectada,critical,"{slack,email}",2026-09-29 15:01:09.491189+00,2026-09-29 15:01:09.491189+00,sent,f,2026-09-29 15:01:09.491189+00
814,1299,1298,github,1465653734,2026-09-29 15:01:02.293444+00,2026-09-29 15:01:03.348054+00,3bba4505-92b8-477e-a972-cbb340806be1,Amenaza critical detectada,critical,"{slack,email}",2026-09-29 15:01:09.491189+00,2026-09-29 15:01:09.491189+00,sent,f,2026-09-29 15:01:09.491189+00
815,1300,1299,github,1257900006,2026-09-29 15:01:02.293444+00,2026-09-29 15:01:03.348054+00,d1dbffd0-d06c-48b4-9343-87de543781ed,Amenaza critical detectada,critical,"{slack,email}",2026-09-29 15:01:09.491189+00,2026-09-29 15:01:09.491189+00,sent,f,2026-09-29 15:01:09.491189+00
816,1301,1300,github,3544443814,2026-09-29 15:01:02.293444+00,2026-09-29 15:01:03.348054+00,fcb51cc6-68c6-4c1d-ab5d-79f4b3117adc,Amenaza high detectada,high,"{slack,email}",2026-09-29 15:01:09.491189+00,2026-09-29 15:01:09.491189+00,sent,f,2026-09-29 15:01:09.491189+00
817,1302,1301,github,2724179429,2026-09-29 15:01:02.293444+00,2026-09-29 15:01:03.348054+00,c14ccc63-f1e3-47bc-88ee-b5d4fe546895,Amenaza critical detectada,critical,"{slack,email}",2026-09-29 15:01:09.491189+00,2026-09-29 15:01:09.491189+00,sent,f,2026-09-29 15:01:09.491189+00
818,1303,1302,github,4145651473,2026-09-29 15:01:02.293444+00,2026-09-29 15:01:03.348054+00,ac2473c1-7f5a-4a67-803d-926dca241e4b,Amenaza high detectada,high,"{slack,email}",2026-09-29 15:01:09.491189+00,2026-09-29 15:01:09.491189+00,sent,f,2026-09-29 15:01:09.491189+00
819,1304,1303,github,4139599890,2026-09-29 15:01:02.293444+00,2026-09-29 15:01:03.348054+00,dbee73f4-0efc-4875-8a2b-7b2087c1f9da,Amenaza critical detectada,critical,"{slack,email}",2026-09-29 15:01:09.491189+00,2026-09-29 15:01:09.491189+00,sent,f,2026-09-29 15:01:09.491189+00
820,1305,1304,github,2915971587,2026-09-29 15:01:02.293444+00,2026-09-29 15:01:03.348054+00,35ef6504-458b-4b24-853e-5e4facac4e12,Amenaza critical detectada,critical,"{slack,email}",2026-09-29 15:01:09.491189+00,2026-09-29 15:01:09.491189+00,sent,f,2026-09-29 15:01:09.491189+00
821,1306,1305,github,4092140020,2026-09-29 15:01:02.293444+00,2026-09-29 15:01:03.348054+00,010478d2-f5cd-4b0b-b953-3ba3f3b3ae11,Amenaza high detectada,high,"{slack,email}",2026-09-29 15:01:09.491189+00,2026-09-29 15:01:09.491189+00,sent,f,2026-09-29 15:01:09.491189+00
822,1307,1306,github,5598857286,2026-09-29 15:01:02.293444+00,2026-09-29 15:01:03.348054+00,0d32ab98-575a-46bc-a8b5-865f18892935,Amenaza high detectada,high,"{slack,email}",2026-09-29 15:01:09.491189+00,2026-09-29 15:01:09.491189+00,sent,f,2026-09-29 15:01:09.491189+00
823,1308,1307,github,5091510568,2026-09-29 15:01:02.293444+00,2026-09-29 15:01:03.348054+00,2c961736-839d-420b-8fcb-f30cf0cb78d0,Amenaza high detectada,high,"{slack,email}",2026-09-29 15:01:09.491189+00,2026-09-29 15:01:09.491189+00,sent,f,2026-09-29 15:01:09.491189+00
824,1309,1308,github,3665202791,2026-09-29 15:01:02.293444+00,2026-09-29 15:01:03.348054+00,237001ba-36d0-425f-9a37-ba5f320c644d,Amenaza critical detectada,critical,"{slack,email}",2026-09-29 15:01:09.491189+00,2026-09-29 15:01:09.491189+00,sent,f,2026-09-29 15:01:09.491189+00
825,1310,1309,github,3843023995,2026-09-29 15:01:02.293444+00,2026-09-29 15:01:03.348054+00,83ef7521-a12b-474e-b038-03fedbf361c9,Amenaza critical detectada,critical,"{slack,email}",2026-09-29 15:01:09.491189+00,2026-09-29 15:01:09.491189+00,sent,f,2026-09-29 15:01:09.491189+00
826,1311,1310,github,5632567841,2026-09-29 15:01:02.293444+00,2026-09-29 15:01:03.348054+00,8d459429-4b73-431f-87ee-5c458b603cb5,Amenaza high detectada,high,"{slack,email}",2026-09-29 15:01:09.491189+00,2026-09-29 15:01:09.491189+00,sent,f,2026-09-29 15:01:09.491189+00
827,1312,1311,github,4668580500,2026-09-29 15:01:02.293444+00,2026-09-29 15:01:03.348054+00,3e7cc327-8f2d-40d6-816c-0667d133a40c,Amenaza critical detectada,critical,"{slack,email}",2026-09-29 15:01:09.491189+00,2026-09-29 15:01:09.491189+00,sent,f,2026-09-29 15:01:09.491189+00
828,1313,1312,github,3246810150,2026-09-29 15:01:02.293444+00,2026-09-29 15:01:03.348054+00,44134204-0ccd-4bd0-949d-e6e2aca24d89,Amenaza critical detectada,critical,"{slack,email}",2026-09-29 15:01:09.491189+00,2026-09-29 15:01:09.491189+00,sent,f,2026-09-29 15:01:09.491189+00
829,1314,1313,github,2885190193,2026-09-29 15:01:02.293444+00,2026-09-29 15:01:03.348054+00,ecc4c3ce-a6ae-4f90-98aa-664276596d83,Amenaza high detectada,high,"{slack,email}",2026-09-29 15:01:09.491189+00,2026-09-29 15:01:09.491189+00,sent,f,2026-09-29 15:01:09.491189+00
830,1317,1316,github,1230936657,2026-09-29 15:01:02.293444+00,2026-09-29 15:01:03.348054+00,3fa50950-56aa-4cc7-8270-1b95d88146ae,Amenaza high detectada,high,"{slack,email}",2026-09-29 15:01:09.491189+00,2026-09-29 15:01:09.491189+00,sent,f,2026-09-29 15:01:09.491189+00
831,1322,1321,github,5470222002,2026-09-29 15:01:02.293444+00,2026-09-29 15:01:03.348054+00,aa95aeac-1d47-406f-ace4-05b55f0cdc1f,Amenaza critical detectada,critical,"{slack,email}",2026-09-29 15:01:09.491189+00,2026-09-29 15:01:09.491189+00,sent,f,2026-09-29 15:01:09.491189+00
832,1327,1326,github,5629979746,2026-09-29 15:01:02.293444+00,2026-09-29 15:01:03.348054+00,e5c66e0d-8f50-4530-ae08-6375f0a6196f,Amenaza high detectada,high,"{slack,email}",2026-09-29 15:01:09.491189+00,2026-09-29 15:01:09.491189+00,sent,f,2026-09-29 15:01:09.491189+00
833,1329,1328,github,5613703593,2026-09-29 15:01:02.293444+00,2026-09-29 15:01:03.348054+00,68bdf7f0-b455-4040-9cf2-18d5d7ce93fb,Amenaza critical detectada,critical,"{slack,email}",2026-09-29 15:01:09.491189+00,2026-09-29 15:01:09.491189+00,sent,f,2026-09-29 15:01:09.491189+00
834,1330,1329,github,4330172298,2026-09-29 15:01:02.293444+00,2026-09-29 15:01:03.348054+00,44660ac5-ecd9-454c-bdb7-11449eca7d6f,Amenaza critical detectada,critical,"{slack,email}",2026-09-29 15:01:09.491189+00,2026-09-29 15:01:09.491189+00,sent,f,2026-09-29 15:01:09.491189+00
835,1331,1330,github,5508303700,2026-09-29 15:01:02.293444+00,2026-09-29 15:01:03.348054+00,28ef5fe1-f29b-4628-8353-854eff19aba8,Amenaza high detectada,high,"{slack,email}",2026-09-29 15:01:09.491189+00,2026-09-29 15:01:09.491189+00,sent,f,2026-09-29 15:01:09.491189+00
836,1333,1332,github,4088098794,2026-09-29 15:01:02.293444+00,2026-09-29 15:01:03.348054+00,09a4583a-8fec-47a6-b5c9-45aff32c2f32,Amenaza critical detectada,critical,"{slack,email}",2026-09-29 15:01:09.491189+00,2026-09-29 15:01:09.491189+00,sent,f,2026-09-29 15:01:09.491189+00
837,1334,1333,github,4330172254,2026-09-29 15:01:02.293444+00,2026-09-29 15:01:03.348054+00,9137ef3a-f67b-45df-abad-25e2e129a0a9,Amenaza critical detectada,critical,"{slack,email}",2026-09-29 15:01:09.491189+00,2026-09-29 15:01:09.491189+00,sent,f,2026-09-29 15:01:09.491189+00
838,1335,1334,github,1142937786,2026-09-29 15:01:02.293444+00,2026-09-29 15:01:03.348054+00,76c0bab0-bc82-467a-b522-e90873dcc5b2,Amenaza critical detectada,critical,"{slack,email}",2026-09-29 15:01:09.491189+00,2026-09-29 15:01:09.491189+00,sent,f,2026-09-29 15:01:09.491189+00
839,1336,1335,github,1145198379,2026-09-29 15:01:02.293444+00,2026-09-29 15:01:03.348054+00,19661133-4957-4d9d-b414-871e72acda01,Amenaza critical detectada,critical,"{slack,email}",2026-09-29 15:01:09.491189+00,2026-09-29 15:01:09.491189+00,sent,f,2026-09-29 15:01:09.491189+00
840,1337,1336,github,3918738392,2026-09-29 15:01:02.293444+00,2026-09-29 15:01:03.348054+00,f4c6ac9c-8638-46b8-9efb-25af01423d54,Amenaza critical detectada,critical,"{slack,email}",2026-09-29 15:01:09.491189+00,2026-09-29 15:01:09.491189+00,sent,f,2026-09-29 15:01:09.491189+00
841,1338,1337,github,1080448174,2026-09-29 15:01:02.293444+00,2026-09-29 15:01:03.348054+00,c300e720-579a-479f-afc9-0da310b870bb,Amenaza critical detectada,critical,"{slack,email}",2026-09-29 15:01:09.491189+00,2026-09-29 15:01:09.491189+00,sent,f,2026-09-29 15:01:09.491189+00
842,1339,1338,github,1235773828,2026-09-29 15:01:02.293444+00,2026-09-29 15:01:03.348054+00,d9509a44-e8bf-4650-aac6-ab39c451ca3f,Amenaza critical detectada,critical,"{slack,email}",2026-09-29 15:01:09.491189+00,2026-09-29 15:01:09.491189+00,sent,f,2026-09-29 15:01:09.491189+00
843,1340,1339,github,4330172206,2026-09-29 15:01:02.293444+00,2026-09-29 15:01:03.348054+00,233ed593-6b3f-48ee-8884-5f6a200e4b73,Amenaza critical detectada,critical,"{slack,email}",2026-09-29 15:01:09.491189+00,2026-09-29 15:01:09.491189+00,sent,f,2026-09-29 15:01:09.491189+00
844,1343,1342,github,2818950262,2026-09-29 15:15:59.062686+00,2026-09-29 15:16:00.325203+00,0df69054-6f9d-4cba-a1a4-70dc40ca1079,Amenaza critical detectada,critical,"{slack,email}",2026-09-29 15:16:05.558158+00,2026-09-29 15:16:05.558158+00,sent,f,2026-09-29 15:16:05.558158+00
845,1344,1343,github,2818950204,2026-09-29 15:15:59.062686+00,2026-09-29 15:16:00.325203+00,0301c92b-dfc7-4a83-af35-2957c4f28fbb,Amenaza critical detectada,critical,"{slack,email}",2026-09-29 15:16:05.558158+00,2026-09-29 15:16:05.558158+00,sent,f,2026-09-29 15:16:05.558158+00
846,1345,1344,github,3843331578,2026-09-29 15:15:59.062686+00,2026-09-29 15:16:00.325203+00,2acc2fca-98e2-4de3-b669-cc378a5dd152,Amenaza critical detectada,critical,"{slack,email}",2026-09-29 15:16:05.558158+00,2026-09-29 15:16:05.558158+00,sent,f,2026-09-29 15:16:05.558158+00
847,1346,1345,github,2818950048,2026-09-29 15:15:59.062686+00,2026-09-29 15:16:00.325203+00,e6ebf7b5-04ce-4a37-8a92-c39c4da00c3c,Amenaza critical detectada,critical,"{slack,email}",2026-09-29 15:16:05.558158+00,2026-09-29 15:16:05.558158+00,sent,f,2026-09-29 15:16:05.558158+00
848,1347,1346,github,1309406653,2026-09-29 15:15:59.062686+00,2026-09-29 15:16:00.325203+00,ed24e6a9-f950-4c36-bfc4-2849cee21780,Amenaza high detectada,high,"{slack,email}",2026-09-29 15:16:05.558158+00,2026-09-29 15:16:05.558158+00,sent,f,2026-09-29 15:16:05.558158+00
849,1348,1347,github,2162340091,2026-09-29 15:15:59.062686+00,2026-09-29 15:16:00.325203+00,7981376f-166b-4ce6-9814-b3704d976eff,Amenaza critical detectada,critical,"{slack,email}",2026-09-29 15:16:05.558158+00,2026-09-29 15:16:05.558158+00,sent,f,2026-09-29 15:16:05.558158+00
850,1350,1349,github,2162340041,2026-09-29 15:15:59.062686+00,2026-09-29 15:16:00.325203+00,38781490-6dd6-4a6a-85c3-1063fd79e886,Amenaza critical detectada,critical,"{slack,email}",2026-09-29 15:16:05.558158+00,2026-09-29 15:16:05.558158+00,sent,f,2026-09-29 15:16:05.558158+00
851,1351,1350,github,2818949932,2026-09-29 15:15:59.062686+00,2026-09-29 15:16:00.325203+00,5b47be30-d720-466e-822a-df59f5d25a85,Amenaza critical detectada,critical,"{slack,email}",2026-09-29 15:16:05.558158+00,2026-09-29 15:16:05.558158+00,sent,f,2026-09-29 15:16:05.558158+00
852,1352,1351,github,982594161,2026-09-29 15:15:59.062686+00,2026-09-29 15:16:00.325203+00,6edc0d53-cb6e-44ac-b197-5e9107d7a393,Amenaza high detectada,high,"{slack,email}",2026-09-29 15:16:05.558158+00,2026-09-29 15:16:05.558158+00,sent,f,2026-09-29 15:16:05.558158+00
853,1353,1352,github,3843331338,2026-09-29 15:15:59.062686+00,2026-09-29 15:16:00.325203+00,4b68a5ad-b911-450d-911c-81e91f786a5c,Amenaza critical detectada,critical,"{slack,email}",2026-09-29 15:16:05.558158+00,2026-09-29 15:16:05.558158+00,sent,f,2026-09-29 15:16:05.558158+00
854,1354,1353,github,5610875685,2026-09-29 15:15:59.062686+00,2026-09-29 15:16:00.325203+00,86b01b6a-3b6a-41f9-adc7-f99538d40f87,Amenaza high detectada,high,"{slack,email}",2026-09-29 15:16:05.558158+00,2026-09-29 15:16:05.558158+00,sent,f,2026-09-29 15:16:05.558158+00
855,1355,1354,github,1114804270,2026-09-29 15:15:59.062686+00,2026-09-29 15:16:00.325203+00,e76d4b50-244e-47af-92a7-0daac127ed34,Amenaza high detectada,high,"{slack,email}",2026-09-29 15:16:05.558158+00,2026-09-29 15:16:05.558158+00,sent,f,2026-09-29 15:16:05.558158+00
856,1356,1355,github,2818949672,2026-09-29 15:15:59.062686+00,2026-09-29 15:16:00.325203+00,7c41512b-a864-44d7-b71c-5d34085a5989,Amenaza critical detectada,critical,"{slack,email}",2026-09-29 15:16:05.558158+00,2026-09-29 15:16:05.558158+00,sent,f,2026-09-29 15:16:05.558158+00
857,1357,1356,github,4893364443,2026-09-29 15:15:59.062686+00,2026-09-29 15:16:00.325203+00,b549fb09-0bbe-4823-8a43-4352c45ca73e,Amenaza high detectada,high,"{slack,email}",2026-09-29 15:16:05.558158+00,2026-09-29 15:16:05.558158+00,sent,f,2026-09-29 15:16:05.558158+00
858,1358,1357,github,2245515296,2026-09-29 15:15:59.062686+00,2026-09-29 15:16:00.325203+00,da9ea1c6-e4c2-4383-946d-be31bb549667,Amenaza critical detectada,critical,"{slack,email}",2026-09-29 15:16:05.558158+00,2026-09-29 15:16:05.558158+00,sent,f,2026-09-29 15:16:05.558158+00
859,1360,1359,github,2162339297,2026-09-29 15:15:59.062686+00,2026-09-29 15:16:00.325203+00,5dabed7d-3cda-4a3e-b357-641d0431ed70,Amenaza critical detectada,critical,"{slack,email}",2026-09-29 15:16:05.558158+00,2026-09-29 15:16:05.558158+00,sent,f,2026-09-29 15:16:05.558158+00
860,1361,1360,github,2162339249,2026-09-29 15:15:59.062686+00,2026-09-29 15:16:00.325203+00,44bb03ff-a292-4283-a10e-501677616536,Amenaza critical detectada,critical,"{slack,email}",2026-09-29 15:16:05.558158+00,2026-09-29 15:16:05.558158+00,sent,f,2026-09-29 15:16:05.558158+00
861,1362,1361,github,2818949406,2026-09-29 15:15:59.062686+00,2026-09-29 15:16:00.325203+00,ebc60061-8d06-4f7d-b9f7-69d23c382839,Amenaza critical detectada,critical,"{slack,email}",2026-09-29 15:16:05.558158+00,2026-09-29 15:16:05.558158+00,sent,f,2026-09-29 15:16:05.558158+00
862,1364,1363,github,2818949348,2026-09-29 15:15:59.062686+00,2026-09-29 15:16:00.325203+00,b3e85947-b37e-47b7-9770-fddd9dd0c025,Amenaza critical detectada,critical,"{slack,email}",2026-09-29 15:16:05.558158+00,2026-09-29 15:16:05.558158+00,sent,f,2026-09-29 15:16:05.558158+00
863,1365,1364,github,5625950111,2026-09-29 15:15:59.062686+00,2026-09-29 15:16:00.325203+00,6a417bcf-fb0b-4b14-adb8-cf1ede1fbad0,Amenaza high detectada,high,"{slack,email}",2026-09-29 15:16:05.558158+00,2026-09-29 15:16:05.558158+00,sent,f,2026-09-29 15:16:05.558158+00
864,1366,1365,github,5603992668,2026-09-29 15:15:59.062686+00,2026-09-29 15:16:00.325203+00,6810a49d-e313-416a-abe3-d8d3d39c664a,Amenaza high detectada,high,"{slack,email}",2026-09-29 15:16:05.558158+00,2026-09-29 15:16:05.558158+00,sent,f,2026-09-29 15:16:05.558158+00
865,1367,1366,github,5623218718,2026-09-29 15:15:59.062686+00,2026-09-29 15:16:00.325203+00,386065fb-3df0-40e6-802c-e87ee8a83e50,Amenaza high detectada,high,"{slack,email}",2026-09-29 15:16:05.558158+00,2026-09-29 15:16:05.558158+00,sent,f,2026-09-29 15:16:05.558158+00
866,1368,1367,github,3843330787,2026-09-29 15:15:59.062686+00,2026-09-29 15:16:00.325203+00,58044634-bb02-4999-bf4e-be23588750f1,Amenaza critical detectada,critical,"{slack,email}",2026-09-29 15:16:05.558158+00,2026-09-29 15:16:05.558158+00,sent,f,2026-09-29 15:16:05.558158+00
867,1369,1368,github,5611128219,2026-09-29 15:15:59.062686+00,2026-09-29 15:16:00.325203+00,d5db652d-86e8-4588-a0a9-daaab96a74e0,Amenaza high detectada,high,"{slack,email}",2026-09-29 15:16:05.558158+00,2026-09-29 15:16:05.558158+00,sent,f,2026-09-29 15:16:05.558158+00
868,1370,1369,github,1257900149,2026-09-29 15:15:59.062686+00,2026-09-29 15:16:00.325203+00,fffbedc8-1546-4e03-be3f-c4a9fa4f8907,Amenaza critical detectada,critical,"{slack,email}",2026-09-29 15:16:05.558158+00,2026-09-29 15:16:05.558158+00,sent,f,2026-09-29 15:16:05.558158+00
869,1371,1370,github,2291490352,2026-09-29 15:15:59.062686+00,2026-09-29 15:16:00.325203+00,b5dc56ae-6094-464d-8759-af747f5349be,Amenaza critical detectada,critical,"{slack,email}",2026-09-29 15:16:05.558158+00,2026-09-29 15:16:05.558158+00,sent,f,2026-09-29 15:16:05.558158+00
870,1372,1371,github,2162339130,2026-09-29 15:15:59.062686+00,2026-09-29 15:16:00.325203+00,0df5f2d1-8f54-4157-8ad6-804b2ec32a78,Amenaza critical detectada,critical,"{slack,email}",2026-09-29 15:16:05.558158+00,2026-09-29 15:16:05.558158+00,sent,f,2026-09-29 15:16:05.558158+00
871,1373,1372,github,1257900099,2026-09-29 15:15:59.062686+00,2026-09-29 15:16:00.325203+00,a66078d4-c787-440e-9410-716610e97ff2,Amenaza critical detectada,critical,"{slack,email}",2026-09-29 15:16:05.558158+00,2026-09-29 15:16:05.558158+00,sent,f,2026-09-29 15:16:05.558158+00
872,1374,1373,github,5632745793,2026-09-29 15:15:59.062686+00,2026-09-29 15:16:00.325203+00,aad1fcd7-0616-406f-abe8-1bd8ac98e2e4,Amenaza critical detectada,critical,"{slack,email}",2026-09-29 15:16:05.558158+00,2026-09-29 15:16:05.558158+00,sent,f,2026-09-29 15:16:05.558158+00
873,1375,1374,github,4433201141,2026-09-29 15:15:59.062686+00,2026-09-29 15:16:00.325203+00,9468ccb7-f784-4295-b990-3f64398b5570,Amenaza high detectada,high,"{slack,email}",2026-09-29 15:16:05.558158+00,2026-09-29 15:16:05.558158+00,sent,f,2026-09-29 15:16:05.558158+00
874,1376,1375,github,1454307241,2026-09-29 15:15:59.062686+00,2026-09-29 15:16:00.325203+00,b0c4b6bc-99c0-4a7d-9538-871b64fe7b48,Amenaza high detectada,high,"{slack,email}",2026-09-29 15:16:05.558158+00,2026-09-29 15:16:05.558158+00,sent,f,2026-09-29 15:16:05.558158+00
875,1377,1376,github,1031017839,2026-09-29 15:15:59.062686+00,2026-09-29 15:16:00.325203+00,21b2f07c-7ba9-4697-bf8c-da065c340785,Amenaza critical detectada,critical,"{slack,email}",2026-09-29 15:16:05.558158+00,2026-09-29 15:16:05.558158+00,sent,f,2026-09-29 15:16:05.558158+00
876,1378,1377,github,5618230595,2026-09-29 15:15:59.062686+00,2026-09-29 15:16:00.325203+00,9e902c78-ec77-4ade-bb17-329d1d2ff7eb,Amenaza critical detectada,critical,"{slack,email}",2026-09-29 15:16:05.558158+00,2026-09-29 15:16:05.558158+00,sent,f,2026-09-29 15:16:05.558158+00
877,1379,1378,github,2736097826,2026-09-29 15:15:59.062686+00,2026-09-29 15:16:00.325203+00,5d041a60-c830-4878-9452-7c80ad9f3d87,Amenaza high detectada,high,"{slack,email}",2026-09-29 15:16:05.558158+00,2026-09-29 15:16:05.558158+00,sent,f,2026-09-29 15:16:05.558158+00
878,1382,1381,github,5632759035,2026-09-29 15:15:59.062686+00,2026-09-29 15:16:00.325203+00,0439c1d5-f3fa-4b25-a80e-dacfffd23ee9,Amenaza high detectada,high,"{slack,email}",2026-09-29 15:16:05.558158+00,2026-09-29 15:16:05.558158+00,sent,f,2026-09-29 15:16:05.558158+00
879,1383,1382,github,5632758148,2026-09-29 15:15:59.062686+00,2026-09-29 15:16:00.325203+00,73b2b2b5-555a-48c3-8aa2-becfb90f0ca7,Amenaza critical detectada,critical,"{slack,email}",2026-09-29 15:16:05.558158+00,2026-09-29 15:16:05.558158+00,sent,f,2026-09-29 15:16:05.558158+00
880,1384,1383,github,2307743208,2026-09-29 15:15:59.062686+00,2026-09-29 15:16:00.325203+00,86fbacad-e775-442a-be79-8f21b02921e5,Amenaza critical detectada,critical,"{slack,email}",2026-09-29 15:16:05.558158+00,2026-09-29 15:16:05.558158+00,sent,f,2026-09-29 15:16:05.558158+00
881,1388,1387,github,5632991791,2026-09-29 15:32:49.768221+00,2026-09-29 15:32:51.141657+00,b9f5a343-43f3-4f06-8a97-5c80dd87f3a6,Amenaza critical detectada,critical,"{slack,email}",2026-09-29 15:32:57.758612+00,2026-09-29 15:32:57.758612+00,sent,f,2026-09-29 15:32:57.758612+00
882,1389,1388,github,1325180643,2026-09-29 15:32:49.768221+00,2026-09-29 15:32:51.141657+00,087cd9f6-515f-4e4a-8604-5eacfb081852,Amenaza high detectada,high,"{slack,email}",2026-09-29 15:32:57.758612+00,2026-09-29 15:32:57.758612+00,sent,f,2026-09-29 15:32:57.758612+00
883,1390,1389,github,5632990389,2026-09-29 15:32:49.768221+00,2026-09-29 15:32:51.141657+00,a29061bd-eddf-4a22-aa7e-6dc0e90956e2,Amenaza high detectada,high,"{slack,email}",2026-09-29 15:32:57.758612+00,2026-09-29 15:32:57.758612+00,sent,f,2026-09-29 15:32:57.758612+00
884,1391,1390,github,2660656206,2026-09-29 15:32:49.768221+00,2026-09-29 15:32:51.141657+00,5abc3afe-aeed-4c41-bdc2-ea974b012bff,Amenaza critical detectada,critical,"{slack,email}",2026-09-29 15:32:57.758612+00,2026-09-29 15:32:57.758612+00,sent,f,2026-09-29 15:32:57.758612+00
885,1392,1391,github,5632989018,2026-09-29 15:32:49.768221+00,2026-09-29 15:32:51.141657+00,a962392c-f983-414c-b542-bbb259fbc9fa,Amenaza critical detectada,critical,"{slack,email}",2026-09-29 15:32:57.758612+00,2026-09-29 15:32:57.758612+00,sent,f,2026-09-29 15:32:57.758612+00
886,1393,1392,github,5632987794,2026-09-29 15:32:49.768221+00,2026-09-29 15:32:51.141657+00,d5593aa7-9bca-4fae-b8b3-f023662def4a,Amenaza critical detectada,critical,"{slack,email}",2026-09-29 15:32:57.758612+00,2026-09-29 15:32:57.758612+00,sent,f,2026-09-29 15:32:57.758612+00
887,1394,1393,github,4985468045,2026-09-29 15:32:49.768221+00,2026-09-29 15:32:51.141657+00,6624113a-f356-4e30-9ebc-daabc9a40ae2,Amenaza high detectada,high,"{slack,email}",2026-09-29 15:32:57.758612+00,2026-09-29 15:32:57.758612+00,sent,f,2026-09-29 15:32:57.758612+00
888,1396,1395,github,5632986500,2026-09-29 15:32:49.768221+00,2026-09-29 15:32:51.141657+00,945515a4-d83f-4764-9f63-84a43b3c47d9,Amenaza high detectada,high,"{slack,email}",2026-09-29 15:32:57.758612+00,2026-09-29 15:32:57.758612+00,sent,f,2026-09-29 15:32:57.758612+00
889,1397,1396,github,5463283530,2026-09-29 15:32:49.768221+00,2026-09-29 15:32:51.141657+00,661cd0f6-9494-4b29-b9c6-e8735f47faae,Amenaza critical detectada,critical,"{slack,email}",2026-09-29 15:32:57.758612+00,2026-09-29 15:32:57.758612+00,sent,f,2026-09-29 15:32:57.758612+00
890,1398,1397,github,5632985068,2026-09-29 15:32:49.768221+00,2026-09-29 15:32:51.141657+00,f43e9a83-d7bd-41cb-bdf3-9a887447a892,Amenaza critical detectada,critical,"{slack,email}",2026-09-29 15:32:57.758612+00,2026-09-29 15:32:57.758612+00,sent,f,2026-09-29 15:32:57.758612+00
891,1399,1398,github,5085788425,2026-09-29 15:32:49.768221+00,2026-09-29 15:32:51.141657+00,775bcbbe-8185-421d-89b1-063cabcc78e5,Amenaza critical detectada,critical,"{slack,email}",2026-09-29 15:32:57.758612+00,2026-09-29 15:32:57.758612+00,sent,f,2026-09-29 15:32:57.758612+00
892,1400,1399,github,5135950045,2026-09-29 15:32:49.768221+00,2026-09-29 15:32:51.141657+00,8b4adf3b-018e-48e7-b681-bd7367897355,Amenaza critical detectada,critical,"{slack,email}",2026-09-29 15:32:57.758612+00,2026-09-29 15:32:57.758612+00,sent,f,2026-09-29 15:32:57.758612+00
893,1401,1400,github,2821292014,2026-09-29 15:32:49.768221+00,2026-09-29 15:32:51.141657+00,4971f3d4-0583-40c1-97da-d6f82db7a220,Amenaza high detectada,high,"{slack,email}",2026-09-29 15:32:57.758612+00,2026-09-29 15:32:57.758612+00,sent,f,2026-09-29 15:32:57.758612+00
894,1403,1402,github,5632983723,2026-09-29 15:32:49.768221+00,2026-09-29 15:32:51.141657+00,9cf28fb1-564c-4903-9d89-c6d930cdf728,Amenaza critical detectada,critical,"{slack,email}",2026-09-29 15:32:57.758612+00,2026-09-29 15:32:57.758612+00,sent,f,2026-09-29 15:32:57.758612+00
895,1404,1403,github,1494280962,2026-09-29 15:32:49.768221+00,2026-09-29 15:32:51.141657+00,7c632445-54f3-4218-986a-df6fe475cb82,Amenaza high detectada,high,"{slack,email}",2026-09-29 15:32:57.758612+00,2026-09-29 15:32:57.758612+00,sent,f,2026-09-29 15:32:57.758612+00
896,1405,1404,github,5632982898,2026-09-29 15:32:49.768221+00,2026-09-29 15:32:51.141657+00,baff009e-85b6-4aaf-b105-a98540b6de3d,Amenaza critical detectada,critical,"{slack,email}",2026-09-29 15:32:57.758612+00,2026-09-29 15:32:57.758612+00,sent,f,2026-09-29 15:32:57.758612+00
897,1406,1405,github,5632982393,2026-09-29 15:32:49.768221+00,2026-09-29 15:32:51.141657+00,10e2b0f4-f66e-4801-b6f4-971d803a29aa,Amenaza critical detectada,critical,"{slack,email}",2026-09-29 15:32:57.758612+00,2026-09-29 15:32:57.758612+00,sent,f,2026-09-29 15:32:57.758612+00
898,1407,1406,github,5597581365,2026-09-29 15:32:49.768221+00,2026-09-29 15:32:51.141657+00,54c7a31d-1482-41e2-9d47-b547cb442db1,Amenaza critical detectada,critical,"{slack,email}",2026-09-29 15:32:57.758612+00,2026-09-29 15:32:57.758612+00,sent,f,2026-09-29 15:32:57.758612+00
899,1408,1407,github,5632981075,2026-09-29 15:32:49.768221+00,2026-09-29 15:32:51.141657+00,b77edaa9-44d1-475e-8c32-dcbd8da4e52e,Amenaza high detectada,high,"{slack,email}",2026-09-29 15:32:57.758612+00,2026-09-29 15:32:57.758612+00,sent,f,2026-09-29 15:32:57.758612+00
900,1410,1409,github,5632979743,2026-09-29 15:32:49.768221+00,2026-09-29 15:32:51.141657+00,ecb5ea74-c6e9-4151-b30c-9646300bd6e6,Amenaza critical detectada,critical,"{slack,email}",2026-09-29 15:32:57.758612+00,2026-09-29 15:32:57.758612+00,sent,f,2026-09-29 15:32:57.758612+00
901,1411,1410,github,5605648587,2026-09-29 15:32:49.768221+00,2026-09-29 15:32:51.141657+00,a81ee5f8-8f47-4bb4-a718-7aa99e06b332,Amenaza high detectada,high,"{slack,email}",2026-09-29 15:32:57.758612+00,2026-09-29 15:32:57.758612+00,sent,f,2026-09-29 15:32:57.758612+00
902,1412,1411,github,1331121826,2026-09-29 15:32:49.768221+00,2026-09-29 15:32:51.141657+00,25d548c7-0d1a-4109-97af-a92911485db2,Amenaza high detectada,high,"{slack,email}",2026-09-29 15:32:57.758612+00,2026-09-29 15:32:57.758612+00,sent,f,2026-09-29 15:32:57.758612+00
903,1413,1412,github,5632978322,2026-09-29 15:32:49.768221+00,2026-09-29 15:32:51.141657+00,db3d3307-f289-4930-81bd-0c4a478cec78,Amenaza high detectada,high,"{slack,email}",2026-09-29 15:32:57.758612+00,2026-09-29 15:32:57.758612+00,sent,f,2026-09-29 15:32:57.758612+00
904,1415,1414,github,5632977087,2026-09-29 15:32:49.768221+00,2026-09-29 15:32:51.141657+00,9586973a-9560-462f-a144-f2978163436a,Amenaza critical detectada,critical,"{slack,email}",2026-09-29 15:32:57.758612+00,2026-09-29 15:32:57.758612+00,sent,f,2026-09-29 15:32:57.758612+00
905,1416,1415,github,5632975714,2026-09-29 15:32:49.768221+00,2026-09-29 15:32:51.141657+00,0e1e52ba-6c30-4647-8e71-5176f49565d8,Amenaza critical detectada,critical,"{slack,email}",2026-09-29 15:32:57.758612+00,2026-09-29 15:32:57.758612+00,sent,f,2026-09-29 15:32:57.758612+00
906,1418,1417,github,5632974489,2026-09-29 15:32:49.768221+00,2026-09-29 15:32:51.141657+00,62fc768e-041c-46eb-b32d-04bea2158649,Amenaza high detectada,high,"{slack,email}",2026-09-29 15:32:57.758612+00,2026-09-29 15:32:57.758612+00,sent,f,2026-09-29 15:32:57.758612+00
907,1419,1418,github,5304267686,2026-09-29 15:32:49.768221+00,2026-09-29 15:32:51.141657+00,a239e0b9-19db-44dc-994d-c478db61c61c,Amenaza high detectada,high,"{slack,email}",2026-09-29 15:32:57.758612+00,2026-09-29 15:32:57.758612+00,sent,f,2026-09-29 15:32:57.758612+00
908,1420,1419,github,5632973269,2026-09-29 15:32:49.768221+00,2026-09-29 15:32:51.141657+00,e85cf286-10e7-4422-af0b-facb0ceb0682,Amenaza high detectada,high,"{slack,email}",2026-09-29 15:32:57.758612+00,2026-09-29 15:32:57.758612+00,sent,f,2026-09-29 15:32:57.758612+00
909,1423,1422,github,5632971775,2026-09-29 15:32:49.768221+00,2026-09-29 15:32:51.141657+00,ae6958f2-d2b0-4175-ad4e-df3f0d3da5e5,Amenaza critical detectada,critical,"{slack,email}",2026-09-29 15:32:57.758612+00,2026-09-29 15:32:57.758612+00,sent,f,2026-09-29 15:32:57.758612+00
910,1425,1424,github,4750184308,2026-09-29 15:32:49.768221+00,2026-09-29 15:32:51.141657+00,bc505d34-fc07-45c7-b685-b79bdcf3304f,Amenaza high detectada,high,"{slack,email}",2026-09-29 15:32:57.758612+00,2026-09-29 15:32:57.758612+00,sent,f,2026-09-29 15:32:57.758612+00
911,1426,1425,github,5632970456,2026-09-29 15:32:49.768221+00,2026-09-29 15:32:51.141657+00,68945a2f-0b37-4667-ab67-529e34498a32,Amenaza high detectada,high,"{slack,email}",2026-09-29 15:32:57.758612+00,2026-09-29 15:32:57.758612+00,sent,f,2026-09-29 15:32:57.758612+00
912,1427,1426,github,5632969073,2026-09-29 15:32:49.768221+00,2026-09-29 15:32:51.141657+00,ad22ac50-d8ba-4ea3-8a63-813f445654b2,Amenaza critical detectada,critical,"{slack,email}",2026-09-29 15:32:57.758612+00,2026-09-29 15:32:57.758612+00,sent,f,2026-09-29 15:32:57.758612+00
913,1428,1427,github,5587518686,2026-09-29 15:32:49.768221+00,2026-09-29 15:32:51.141657+00,ddd8ef39-4913-4071-b62f-7d446667016e,Amenaza high detectada,high,"{slack,email}",2026-09-29 15:32:57.758612+00,2026-09-29 15:32:57.758612+00,sent,f,2026-09-29 15:32:57.758612+00
914,1430,1429,github,1590532421,2026-09-29 15:46:00.093216+00,2026-09-29 15:46:01.16417+00,1dff4051-9f3d-49e9-8f13-e5aa13933611,Amenaza high detectada,high,"{slack,email}",2026-09-29 15:46:07.031025+00,2026-09-29 15:46:07.031025+00,sent,f,2026-09-29 15:46:07.031025+00
915,1431,1430,github,5633176226,2026-09-29 15:46:00.093216+00,2026-09-29 15:46:01.16417+00,e5055c6a-f88e-4637-8d18-c6a388750e1f,Amenaza high detectada,high,"{slack,email}",2026-09-29 15:46:07.031025+00,2026-09-29 15:46:07.031025+00,sent,f,2026-09-29 15:46:07.031025+00
916,1432,1431,github,2556049319,2026-09-29 15:46:00.093216+00,2026-09-29 15:46:01.16417+00,b56d0940-d82d-424d-94dd-18ed7567a2e7,Amenaza critical detectada,critical,"{slack,email}",2026-09-29 15:46:07.031025+00,2026-09-29 15:46:07.031025+00,sent,f,2026-09-29 15:46:07.031025+00
917,1435,1434,github,5633178900,2026-09-29 15:46:00.093216+00,2026-09-29 15:46:01.16417+00,0ffeb9f2-036a-4803-9da3-b45c3982da95,Amenaza critical detectada,critical,"{slack,email}",2026-09-29 15:46:07.031025+00,2026-09-29 15:46:07.031025+00,sent,f,2026-09-29 15:46:07.031025+00
918,1436,1435,github,5633178812,2026-09-29 15:46:00.093216+00,2026-09-29 15:46:01.16417+00,600610d4-e445-4e07-99f2-2b488d2a0570,Amenaza high detectada,high,"{slack,email}",2026-09-29 15:46:07.031025+00,2026-09-29 15:46:07.031025+00,sent,f,2026-09-29 15:46:07.031025+00
919,1437,1436,github,5633178502,2026-09-29 15:46:00.093216+00,2026-09-29 15:46:01.16417+00,057c4f8a-b947-4f96-b9e0-6eea8f1f6d84,Amenaza high detectada,high,"{slack,email}",2026-09-29 15:46:07.031025+00,2026-09-29 15:46:07.031025+00,sent,f,2026-09-29 15:46:07.031025+00
920,1438,1437,github,5633178120,2026-09-29 15:46:00.093216+00,2026-09-29 15:46:01.16417+00,313eb298-3731-4c85-9ff1-31f3038dcb6d,Amenaza high detectada,high,"{slack,email}",2026-09-29 15:46:07.031025+00,2026-09-29 15:46:07.031025+00,sent,f,2026-09-29 15:46:07.031025+00
921,1439,1438,github,5627829632,2026-09-29 15:46:00.093216+00,2026-09-29 15:46:01.16417+00,788fef82-6557-4ece-8365-1ae1b5647ecd,Amenaza critical detectada,critical,"{slack,email}",2026-09-29 15:46:07.031025+00,2026-09-29 15:46:07.031025+00,sent,f,2026-09-29 15:46:07.031025+00
922,1440,1439,github,2363541485,2026-09-29 15:46:00.093216+00,2026-09-29 15:46:01.16417+00,a968008e-e26d-4a16-adbd-35ef7c1c6b01,Amenaza high detectada,high,"{slack,email}",2026-09-29 15:46:07.031025+00,2026-09-29 15:46:07.031025+00,sent,f,2026-09-29 15:46:07.031025+00
923,1441,1440,github,3843084745,2026-09-29 15:46:00.093216+00,2026-09-29 15:46:01.16417+00,9f8edd56-2b99-497d-aab4-7525f2ad2b77,Amenaza critical detectada,critical,"{slack,email}",2026-09-29 15:46:07.031025+00,2026-09-29 15:46:07.031025+00,sent,f,2026-09-29 15:46:07.031025+00
924,1442,1441,github,2818226816,2026-09-29 15:46:00.093216+00,2026-09-29 15:46:01.16417+00,81213171-a89e-42b4-a4a6-df2a74e18b05,Amenaza critical detectada,critical,"{slack,email}",2026-09-29 15:46:07.031025+00,2026-09-29 15:46:07.031025+00,sent,f,2026-09-29 15:46:07.031025+00
925,1443,1442,github,5603883768,2026-09-29 15:46:00.093216+00,2026-09-29 15:46:01.16417+00,0d2eecd1-c2aa-446b-8e43-711009d692c6,Amenaza high detectada,high,"{slack,email}",2026-09-29 15:46:07.031025+00,2026-09-29 15:46:07.031025+00,sent,f,2026-09-29 15:46:07.031025+00
926,1445,1444,github,3135658158,2026-09-29 15:46:00.093216+00,2026-09-29 15:46:01.16417+00,9b0803c2-1fb0-47de-8672-4e59b40fc081,Amenaza critical detectada,critical,"{slack,email}",2026-09-29 15:46:07.031025+00,2026-09-29 15:46:07.031025+00,sent,f,2026-09-29 15:46:07.031025+00
927,1446,1445,github,1793273934,2026-09-29 15:46:00.093216+00,2026-09-29 15:46:01.16417+00,ed2c1729-59c7-45f2-95b1-fc52569ef3e3,Amenaza high detectada,high,"{slack,email}",2026-09-29 15:46:07.031025+00,2026-09-29 15:46:07.031025+00,sent,f,2026-09-29 15:46:07.031025+00
928,1447,1446,github,2621063389,2026-09-29 15:46:00.093216+00,2026-09-29 15:46:01.16417+00,f0b7bb2c-e234-4b52-9123-e9377edec345,Amenaza critical detectada,critical,"{slack,email}",2026-09-29 15:46:07.031025+00,2026-09-29 15:46:07.031025+00,sent,f,2026-09-29 15:46:07.031025+00
929,1449,1448,github,3770731909,2026-09-29 15:46:00.093216+00,2026-09-29 15:46:01.16417+00,ba3dd38b-3e2f-42a2-9757-82e293c5bcc9,Amenaza critical detectada,critical,"{slack,email}",2026-09-29 15:46:07.031025+00,2026-09-29 15:46:07.031025+00,sent,f,2026-09-29 15:46:07.031025+00
930,1451,1450,github,3625975275,2026-09-29 15:46:00.093216+00,2026-09-29 15:46:01.16417+00,9ab9a3a7-1eb0-4f86-8a8a-e918e6ebc59a,Amenaza critical detectada,critical,"{slack,email}",2026-09-29 15:46:07.031025+00,2026-09-29 15:46:07.031025+00,sent,f,2026-09-29 15:46:07.031025+00
931,1452,1451,github,2956864548,2026-09-29 15:46:00.093216+00,2026-09-29 15:46:01.16417+00,9753296f-c52f-4c1f-b41a-069941419246,Amenaza critical detectada,critical,"{slack,email}",2026-09-29 15:46:07.031025+00,2026-09-29 15:46:07.031025+00,sent,f,2026-09-29 15:46:07.031025+00
932,1453,1452,github,3775380983,2026-09-29 15:46:00.093216+00,2026-09-29 15:46:01.16417+00,f2b0e305-1058-42fd-9c21-7a21c49768c0,Amenaza high detectada,high,"{slack,email}",2026-09-29 15:46:07.031025+00,2026-09-29 15:46:07.031025+00,sent,f,2026-09-29 15:46:07.031025+00
933,1454,1453,github,2818226455,2026-09-29 15:46:00.093216+00,2026-09-29 15:46:01.16417+00,0ec50a7d-ea4e-4897-9855-60d895a722be,Amenaza critical detectada,critical,"{slack,email}",2026-09-29 15:46:07.031025+00,2026-09-29 15:46:07.031025+00,sent,f,2026-09-29 15:46:07.031025+00
934,1455,1454,github,5529199028,2026-09-29 15:46:00.093216+00,2026-09-29 15:46:01.16417+00,954c7ed6-bc17-4a9b-9220-9c40ec8043aa,Amenaza critical detectada,critical,"{slack,email}",2026-09-29 15:46:07.031025+00,2026-09-29 15:46:07.031025+00,sent,f,2026-09-29 15:46:07.031025+00
935,1456,1455,github,3961588194,2026-09-29 15:46:00.093216+00,2026-09-29 15:46:01.16417+00,88809c14-61fb-40c0-8300-e9e97141db3b,Amenaza critical detectada,critical,"{slack,email}",2026-09-29 15:46:07.031025+00,2026-09-29 15:46:07.031025+00,sent,f,2026-09-29 15:46:07.031025+00
936,1458,1457,github,5632421286,2026-09-29 15:46:00.093216+00,2026-09-29 15:46:01.16417+00,eb4a95a2-31ee-44ec-8591-b612d93561ed,Amenaza high detectada,high,"{slack,email}",2026-09-29 15:46:07.031025+00,2026-09-29 15:46:07.031025+00,sent,f,2026-09-29 15:46:07.031025+00
937,1459,1458,github,4670814521,2026-09-29 15:46:00.093216+00,2026-09-29 15:46:01.16417+00,8dbd6a7f-c5a4-4b71-86b5-50e8793f5757,Amenaza critical detectada,critical,"{slack,email}",2026-09-29 15:46:07.031025+00,2026-09-29 15:46:07.031025+00,sent,f,2026-09-29 15:46:07.031025+00
938,1460,1459,github,2336537805,2026-09-29 15:46:00.093216+00,2026-09-29 15:46:01.16417+00,d24ae536-7dee-4dae-a992-b71898223440,Amenaza critical detectada,critical,"{slack,email}",2026-09-29 15:46:07.031025+00,2026-09-29 15:46:07.031025+00,sent,f,2026-09-29 15:46:07.031025+00
939,1463,1462,github,2818226223,2026-09-29 15:46:00.093216+00,2026-09-29 15:46:01.16417+00,9cc487b3-1c99-4459-8a0f-0db4de368870,Amenaza critical detectada,critical,"{slack,email}",2026-09-29 15:46:07.031025+00,2026-09-29 15:46:07.031025+00,sent,f,2026-09-29 15:46:07.031025+00
940,1464,1463,github,3798062040,2026-09-29 15:46:00.093216+00,2026-09-29 15:46:01.16417+00,3452827c-1248-4da8-860d-30136f14bfd3,Amenaza critical detectada,critical,"{slack,email}",2026-09-29 15:46:07.031025+00,2026-09-29 15:46:07.031025+00,sent,f,2026-09-29 15:46:07.031025+00
941,1465,1464,github,2387857142,2026-09-29 15:46:00.093216+00,2026-09-29 15:46:01.16417+00,88f6c96d-f12a-4229-87f6-4ad38798f7ee,Amenaza critical detectada,critical,"{slack,email}",2026-09-29 15:46:07.031025+00,2026-09-29 15:46:07.031025+00,sent,f,2026-09-29 15:46:07.031025+00
942,1466,1465,github,3848981207,2026-09-29 15:46:00.093216+00,2026-09-29 15:46:01.16417+00,14bfebab-25e2-4282-9400-0fc574a0dc61,Amenaza critical detectada,critical,"{slack,email}",2026-09-29 15:46:07.031025+00,2026-09-29 15:46:07.031025+00,sent,f,2026-09-29 15:46:07.031025+00
943,1467,1466,github,5601198651,2026-09-29 15:46:00.093216+00,2026-09-29 15:46:01.16417+00,7bfdc13d-74cf-45dc-8ef8-b4ccd69f762c,Amenaza critical detectada,critical,"{slack,email}",2026-09-29 15:46:07.031025+00,2026-09-29 15:46:07.031025+00,sent,f,2026-09-29 15:46:07.031025+00
944,1468,1467,github,2856100744,2026-09-29 15:46:00.093216+00,2026-09-29 15:46:01.16417+00,4a53522a-29ac-474e-ae9d-5d4a27b205ea,Amenaza critical detectada,critical,"{slack,email}",2026-09-29 15:46:07.031025+00,2026-09-29 15:46:07.031025+00,sent,f,2026-09-29 15:46:07.031025+00
945,1469,1468,github,3843084314,2026-09-29 15:46:00.093216+00,2026-09-29 15:46:01.16417+00,28ee4fc5-37d0-473d-8660-b129841a8a38,Amenaza critical detectada,critical,"{slack,email}",2026-09-29 15:46:07.031025+00,2026-09-29 15:46:07.031025+00,sent,f,2026-09-29 15:46:07.031025+00
946,1470,1469,github,3625974758,2026-09-29 15:46:00.093216+00,2026-09-29 15:46:01.16417+00,72fc9cf3-caa7-418b-9516-6a9b4beff034,Amenaza critical detectada,critical,"{slack,email}",2026-09-29 15:46:07.031025+00,2026-09-29 15:46:07.031025+00,sent,f,2026-09-29 15:46:07.031025+00
947,1471,1470,github,2724194607,2026-09-29 15:46:00.093216+00,2026-09-29 15:46:01.16417+00,30f11fb9-fa21-4202-90c9-c502d42ead4e,Amenaza critical detectada,critical,"{slack,email}",2026-09-29 15:46:07.031025+00,2026-09-29 15:46:07.031025+00,sent,f,2026-09-29 15:46:07.031025+00
948,1475,1474,github,5633381671,2026-09-29 16:01:00.830814+00,2026-09-29 16:01:01.777071+00,71aededc-57e9-4659-93af-1d0fa4742850,Amenaza critical detectada,critical,"{slack,email}",2026-09-29 16:01:07.174573+00,2026-09-29 16:01:07.174573+00,sent,f,2026-09-29 16:01:07.174573+00
949,1476,1475,github,5633380492,2026-09-29 16:01:00.830814+00,2026-09-29 16:01:01.777071+00,325ceb4d-6988-4796-b0ac-38eaed9fa137,Amenaza critical detectada,critical,"{slack,email}",2026-09-29 16:01:07.174573+00,2026-09-29 16:01:07.174573+00,sent,f,2026-09-29 16:01:07.174573+00
950,1478,1477,github,5633379619,2026-09-29 16:01:00.830814+00,2026-09-29 16:01:01.777071+00,bacb0c85-fed4-4558-914d-b9fc5443562f,Amenaza critical detectada,critical,"{slack,email}",2026-09-29 16:01:07.174573+00,2026-09-29 16:01:07.174573+00,sent,f,2026-09-29 16:01:07.174573+00
951,1479,1478,github,5633379239,2026-09-29 16:01:00.830814+00,2026-09-29 16:01:01.777071+00,199bc4fb-6e10-4daa-8545-f53614be936b,Amenaza critical detectada,critical,"{slack,email}",2026-09-29 16:01:07.174573+00,2026-09-29 16:01:07.174573+00,sent,f,2026-09-29 16:01:07.174573+00
952,1480,1479,github,2861201701,2026-09-29 16:01:00.830814+00,2026-09-29 16:01:01.777071+00,70812e35-89d1-4770-8eb7-dff145a9aab7,Amenaza critical detectada,critical,"{slack,email}",2026-09-29 16:01:07.174573+00,2026-09-29 16:01:07.174573+00,sent,f,2026-09-29 16:01:07.174573+00
953,1481,1480,github,5633378057,2026-09-29 16:01:00.830814+00,2026-09-29 16:01:01.777071+00,92ac8fb0-c6e2-4686-9637-7b59c43844b8,Amenaza critical detectada,critical,"{slack,email}",2026-09-29 16:01:07.174573+00,2026-09-29 16:01:07.174573+00,sent,f,2026-09-29 16:01:07.174573+00
954,1482,1481,github,1159750108,2026-09-29 16:01:00.830814+00,2026-09-29 16:01:01.777071+00,ab300a0b-2c97-4522-a2da-3f27bf5b264f,Amenaza critical detectada,critical,"{slack,email}",2026-09-29 16:01:07.174573+00,2026-09-29 16:01:07.174573+00,sent,f,2026-09-29 16:01:07.174573+00
955,1483,1482,github,5633376861,2026-09-29 16:01:00.830814+00,2026-09-29 16:01:01.777071+00,17b7c19b-8b36-4346-92d2-3d71aa646162,Amenaza critical detectada,critical,"{slack,email}",2026-09-29 16:01:07.174573+00,2026-09-29 16:01:07.174573+00,sent,f,2026-09-29 16:01:07.174573+00
956,1485,1484,github,2164915197,2026-09-29 16:01:00.830814+00,2026-09-29 16:01:01.777071+00,f696190a-aa98-4de4-b9b3-287d5155f61b,Amenaza critical detectada,critical,"{slack,email}",2026-09-29 16:01:07.174573+00,2026-09-29 16:01:07.174573+00,sent,f,2026-09-29 16:01:07.174573+00
957,1486,1485,github,5468785122,2026-09-29 16:01:00.830814+00,2026-09-29 16:01:01.777071+00,df934983-c0ff-457d-936b-89c3378aff86,Amenaza critical detectada,critical,"{slack,email}",2026-09-29 16:01:07.174573+00,2026-09-29 16:01:07.174573+00,sent,f,2026-09-29 16:01:07.174573+00
958,1487,1486,github,1331072311,2026-09-29 16:01:00.830814+00,2026-09-29 16:01:01.777071+00,c0e2649d-e801-4bd4-b0b3-b8fb43cc4646,Amenaza critical detectada,critical,"{slack,email}",2026-09-29 16:01:07.174573+00,2026-09-29 16:01:07.174573+00,sent,f,2026-09-29 16:01:07.174573+00
959,1488,1487,github,5633375525,2026-09-29 16:01:00.830814+00,2026-09-29 16:01:01.777071+00,e76e0eb4-f8af-4ace-97dd-8768a7c53e49,Amenaza critical detectada,critical,"{slack,email}",2026-09-29 16:01:07.174573+00,2026-09-29 16:01:07.174573+00,sent,f,2026-09-29 16:01:07.174573+00
960,1490,1489,github,5633374060,2026-09-29 16:01:00.830814+00,2026-09-29 16:01:01.777071+00,ad32b75d-d98c-4121-87ea-349074233659,Amenaza critical detectada,critical,"{slack,email}",2026-09-29 16:01:07.174573+00,2026-09-29 16:01:07.174573+00,sent,f,2026-09-29 16:01:07.174573+00
961,1492,1491,github,5633372783,2026-09-29 16:01:00.830814+00,2026-09-29 16:01:01.777071+00,0c0b696f-2932-4b28-aee6-cd3632348a67,Amenaza critical detectada,critical,"{slack,email}",2026-09-29 16:01:07.174573+00,2026-09-29 16:01:07.174573+00,sent,f,2026-09-29 16:01:07.174573+00
962,1493,1492,github,5631876645,2026-09-29 16:01:00.830814+00,2026-09-29 16:01:01.777071+00,2f78362f-0568-4354-9911-7b3500100e79,Amenaza critical detectada,critical,"{slack,email}",2026-09-29 16:01:07.174573+00,2026-09-29 16:01:07.174573+00,sent,f,2026-09-29 16:01:07.174573+00
963,1494,1493,github,5633371500,2026-09-29 16:01:00.830814+00,2026-09-29 16:01:01.777071+00,bab954d4-6a5a-4b3a-b6f9-1cadf67badbf,Amenaza critical detectada,critical,"{slack,email}",2026-09-29 16:01:07.174573+00,2026-09-29 16:01:07.174573+00,sent,f,2026-09-29 16:01:07.174573+00
964,1496,1495,github,2264575222,2026-09-29 16:01:00.830814+00,2026-09-29 16:01:01.777071+00,be036eac-45c4-4feb-953e-ece197c80f01,Amenaza high detectada,high,"{slack,email}",2026-09-29 16:01:07.174573+00,2026-09-29 16:01:07.174573+00,sent,f,2026-09-29 16:01:07.174573+00
965,1497,1496,github,1445202441,2026-09-29 16:01:00.830814+00,2026-09-29 16:01:01.777071+00,7d3981ac-d847-4afa-b774-eb05b07b4844,Amenaza critical detectada,critical,"{slack,email}",2026-09-29 16:01:07.174573+00,2026-09-29 16:01:07.174573+00,sent,f,2026-09-29 16:01:07.174573+00
966,1498,1497,github,5633370281,2026-09-29 16:01:00.830814+00,2026-09-29 16:01:01.777071+00,4d27c257-1c7c-47f3-9158-a7b29e96d537,Amenaza high detectada,high,"{slack,email}",2026-09-29 16:01:07.174573+00,2026-09-29 16:01:07.174573+00,sent,f,2026-09-29 16:01:07.174573+00
967,1499,1498,github,4979653718,2026-09-29 16:01:00.830814+00,2026-09-29 16:01:01.777071+00,9d295595-be2b-4faa-b071-6973a099ca32,Amenaza high detectada,high,"{slack,email}",2026-09-29 16:01:07.174573+00,2026-09-29 16:01:07.174573+00,sent,f,2026-09-29 16:01:07.174573+00
968,1500,1499,github,5633369062,2026-09-29 16:01:00.830814+00,2026-09-29 16:01:01.777071+00,ec24ab7a-c5a1-4e2d-ba27-5a320349fb58,Amenaza critical detectada,critical,"{slack,email}",2026-09-29 16:01:07.174573+00,2026-09-29 16:01:07.174573+00,sent,f,2026-09-29 16:01:07.174573+00
969,1501,1500,github,1734602499,2026-09-29 16:01:00.830814+00,2026-09-29 16:01:01.777071+00,f0f297e0-6908-4732-b9e1-deae4b442a51,Amenaza high detectada,high,"{slack,email}",2026-09-29 16:01:07.174573+00,2026-09-29 16:01:07.174573+00,sent,f,2026-09-29 16:01:07.174573+00
970,1503,1502,github,5633367856,2026-09-29 16:01:00.830814+00,2026-09-29 16:01:01.777071+00,d5b1e9da-702e-4089-a862-a7b15a9fed5e,Amenaza critical detectada,critical,"{slack,email}",2026-09-29 16:01:07.174573+00,2026-09-29 16:01:07.174573+00,sent,f,2026-09-29 16:01:07.174573+00
971,1507,1506,github,5633366679,2026-09-29 16:01:00.830814+00,2026-09-29 16:01:01.777071+00,76f2cfaf-adf7-49ac-9618-7801cd359f39,Amenaza critical detectada,critical,"{slack,email}",2026-09-29 16:01:07.174573+00,2026-09-29 16:01:07.174573+00,sent,f,2026-09-29 16:01:07.174573+00
972,1508,1507,github,5633364134,2026-09-29 16:01:00.830814+00,2026-09-29 16:01:01.777071+00,25428afb-0a07-4bb0-bef0-1fdeb4d377ed,Amenaza high detectada,high,"{slack,email}",2026-09-29 16:01:07.174573+00,2026-09-29 16:01:07.174573+00,sent,f,2026-09-29 16:01:07.174573+00
973,1510,1509,github,5271129903,2026-09-29 16:15:57.587508+00,2026-09-29 16:15:58.548397+00,bc22cc65-4b9d-4c24-890a-d994ccbcc1d3,Amenaza critical detectada,critical,"{slack,email}",2026-09-29 16:16:22.068946+00,2026-09-29 16:16:22.068946+00,sent,f,2026-09-29 16:16:22.068946+00
974,1511,1510,github,2600814651,2026-09-29 16:15:57.587508+00,2026-09-29 16:15:58.548397+00,40bf2395-e265-459c-836b-1a5bf30f4795,Amenaza critical detectada,critical,"{slack,email}",2026-09-29 16:16:22.068946+00,2026-09-29 16:16:22.068946+00,sent,f,2026-09-29 16:16:22.068946+00
975,1512,1511,github,5408271025,2026-09-29 16:15:57.587508+00,2026-09-29 16:15:58.548397+00,daf926bc-70a9-4af5-83b5-912d74129b19,Amenaza high detectada,high,"{slack,email}",2026-09-29 16:16:22.068946+00,2026-09-29 16:16:22.068946+00,sent,f,2026-09-29 16:16:22.068946+00
976,1513,1512,github,5560723513,2026-09-29 16:15:57.587508+00,2026-09-29 16:15:58.548397+00,b2cba6a8-4a61-43c5-8b1f-5b5561a0f3b3,Amenaza high detectada,high,"{slack,email}",2026-09-29 16:16:22.068946+00,2026-09-29 16:16:22.068946+00,sent,f,2026-09-29 16:16:22.068946+00
977,1514,1513,github,5606544311,2026-09-29 16:15:57.587508+00,2026-09-29 16:15:58.548397+00,da63ef0e-e490-45df-9b2d-a0b39d31f7e4,Amenaza high detectada,high,"{slack,email}",2026-09-29 16:16:22.068946+00,2026-09-29 16:16:22.068946+00,sent,f,2026-09-29 16:16:22.068946+00
978,1517,1516,github,1748954402,2026-09-29 16:15:57.587508+00,2026-09-29 16:15:58.548397+00,5f590ea4-e11e-415d-aa3f-aee9a405b341,Amenaza high detectada,high,"{slack,email}",2026-09-29 16:16:22.068946+00,2026-09-29 16:16:22.068946+00,sent,f,2026-09-29 16:16:22.068946+00
979,1519,1518,github,5633130336,2026-09-29 16:15:57.587508+00,2026-09-29 16:15:58.548397+00,992f16e2-13a9-46c5-8317-1d32aa76ee6f,Amenaza critical detectada,critical,"{slack,email}",2026-09-29 16:16:22.068946+00,2026-09-29 16:16:22.068946+00,sent,f,2026-09-29 16:16:22.068946+00
980,1522,1521,github,5442502403,2026-09-29 16:15:57.587508+00,2026-09-29 16:15:58.548397+00,6355035e-e152-451c-a0da-cba24324a1e6,Amenaza critical detectada,critical,"{slack,email}",2026-09-29 16:16:22.068946+00,2026-09-29 16:16:22.068946+00,sent,f,2026-09-29 16:16:22.068946+00
981,1523,1522,github,5633410976,2026-09-29 16:15:57.587508+00,2026-09-29 16:15:58.548397+00,ac7dcb85-7b7f-4055-9cb5-f83e35731306,Amenaza high detectada,high,"{slack,email}",2026-09-29 16:16:22.068946+00,2026-09-29 16:16:22.068946+00,sent,f,2026-09-29 16:16:22.068946+00
982,1525,1524,github,5024942945,2026-09-29 16:15:57.587508+00,2026-09-29 16:15:58.548397+00,9e544a65-1038-4d48-bde5-72481da3c1e5,Amenaza high detectada,high,"{slack,email}",2026-09-29 16:16:22.068946+00,2026-09-29 16:16:22.068946+00,sent,f,2026-09-29 16:16:22.068946+00
983,1526,1525,github,4708599897,2026-09-29 16:15:57.587508+00,2026-09-29 16:15:58.548397+00,84396198-0d53-4e58-8e31-dd15f6e49ba7,Amenaza critical detectada,critical,"{slack,email}",2026-09-29 16:16:22.068946+00,2026-09-29 16:16:22.068946+00,sent,f,2026-09-29 16:16:22.068946+00
984,1528,1527,github,4007917567,2026-09-29 16:15:57.587508+00,2026-09-29 16:15:58.548397+00,de08809d-4cf0-4b15-bdfc-a75f9c07e411,Amenaza high detectada,high,"{slack,email}",2026-09-29 16:16:22.068946+00,2026-09-29 16:16:22.068946+00,sent,f,2026-09-29 16:16:22.068946+00
985,1530,1529,github,2072678294,2026-09-29 16:15:57.587508+00,2026-09-29 16:15:58.548397+00,90df9479-0fe3-4493-8abd-942be34ad067,Amenaza critical detectada,critical,"{slack,email}",2026-09-29 16:16:22.068946+00,2026-09-29 16:16:22.068946+00,sent,f,2026-09-29 16:16:22.068946+00
986,1532,1531,github,1035762557,2026-09-29 16:15:57.587508+00,2026-09-29 16:15:58.548397+00,aa0b6de5-b715-4140-9073-f0fbb4b549b0,Amenaza high detectada,high,"{slack,email}",2026-09-29 16:16:22.068946+00,2026-09-29 16:16:22.068946+00,sent,f,2026-09-29 16:16:22.068946+00
987,1533,1532,github,2559199001,2026-09-29 16:15:57.587508+00,2026-09-29 16:15:58.548397+00,456d2bb4-c8b4-45b7-970b-439c15766c73,Amenaza critical detectada,critical,"{slack,email}",2026-09-29 16:16:22.068946+00,2026-09-29 16:16:22.068946+00,sent,f,2026-09-29 16:16:22.068946+00
988,1534,1533,github,5523447422,2026-09-29 16:15:57.587508+00,2026-09-29 16:15:58.548397+00,2d1753c6-0ea0-4bdc-b1fc-e46070cfdd59,Amenaza high detectada,high,"{slack,email}",2026-09-29 16:16:22.068946+00,2026-09-29 16:16:22.068946+00,sent,f,2026-09-29 16:16:22.068946+00
989,1537,1536,github,2519453795,2026-09-29 16:15:57.587508+00,2026-09-29 16:15:58.548397+00,ae7fe321-0bd9-4ba6-bb11-c03e705c34fe,Amenaza high detectada,high,"{slack,email}",2026-09-29 16:16:22.068946+00,2026-09-29 16:16:22.068946+00,sent,f,2026-09-29 16:16:22.068946+00
990,1539,1538,github,2039284472,2026-09-29 16:15:57.587508+00,2026-09-29 16:15:58.548397+00,9c6d7751-e83b-45c6-abda-eae0b355315c,Amenaza high detectada,high,"{slack,email}",2026-09-29 16:16:22.068946+00,2026-09-29 16:16:22.068946+00,sent,f,2026-09-29 16:16:22.068946+00
991,1541,1540,github,5623025803,2026-09-29 16:15:57.587508+00,2026-09-29 16:15:58.548397+00,fc0e83f6-a6f4-4d08-9a78-104da372fafa,Amenaza high detectada,high,"{slack,email}",2026-09-29 16:16:22.068946+00,2026-09-29 16:16:22.068946+00,sent,f,2026-09-29 16:16:22.068946+00
992,1542,1541,github,5632918611,2026-09-29 16:15:57.587508+00,2026-09-29 16:15:58.548397+00,0446bb78-bb62-4401-b74a-f661a796ebe6,Amenaza high detectada,high,"{slack,email}",2026-09-29 16:16:22.068946+00,2026-09-29 16:16:22.068946+00,sent,f,2026-09-29 16:16:22.068946+00
993,1543,1542,github,5575844192,2026-09-29 16:15:57.587508+00,2026-09-29 16:15:58.548397+00,4a01533b-4fb4-4a99-b668-cb1526f4d827,Amenaza critical detectada,critical,"{slack,email}",2026-09-29 16:16:22.068946+00,2026-09-29 16:16:22.068946+00,sent,f,2026-09-29 16:16:22.068946+00
994,1545,1544,github,5633543409,2026-09-29 16:15:57.587508+00,2026-09-29 16:15:58.548397+00,f3d08232-df86-4f43-8749-f06517283153,Amenaza critical detectada,critical,"{slack,email}",2026-09-29 16:16:22.068946+00,2026-09-29 16:16:22.068946+00,sent,f,2026-09-29 16:16:22.068946+00
995,1546,1545,github,982534418,2026-09-29 16:15:57.587508+00,2026-09-29 16:15:58.548397+00,c688ae83-16ed-4276-9bb7-906f2ea020bf,Amenaza critical detectada,critical,"{slack,email}",2026-09-29 16:16:22.068946+00,2026-09-29 16:16:22.068946+00,sent,f,2026-09-29 16:16:22.068946+00
996,1548,1547,github,5313055434,2026-09-29 16:30:58.664841+00,2026-09-29 16:30:59.663786+00,c04f2953-c545-4c21-9289-27d7bdb0b24e,Amenaza high detectada,high,"{slack,email}",2026-09-29 16:31:07.881529+00,2026-09-29 16:31:07.881529+00,sent,f,2026-09-29 16:31:07.881529+00
997,1549,1548,github,3545240558,2026-09-29 16:30:58.664841+00,2026-09-29 16:30:59.663786+00,9c275e1f-ad03-4c06-9652-fae1e3b0587b,Amenaza high detectada,high,"{slack,email}",2026-09-29 16:31:07.881529+00,2026-09-29 16:31:07.881529+00,sent,f,2026-09-29 16:31:07.881529+00
998,1551,1550,github,5629585634,2026-09-29 16:30:58.664841+00,2026-09-29 16:30:59.663786+00,167bcf17-a186-442c-98b7-298f28438a72,Amenaza critical detectada,critical,"{slack,email}",2026-09-29 16:31:07.881529+00,2026-09-29 16:31:07.881529+00,sent,f,2026-09-29 16:31:07.881529+00
999,1552,1551,github,5064391621,2026-09-29 16:30:58.664841+00,2026-09-29 16:30:59.663786+00,d948511a-d361-4d6c-9573-71dd84db9c10,Amenaza high detectada,high,"{slack,email}",2026-09-29 16:31:07.881529+00,2026-09-29 16:31:07.881529+00,sent,f,2026-09-29 16:31:07.881529+00
1000,1553,1552,github,4805346628,2026-09-29 16:30:58.664841+00,2026-09-29 16:30:59.663786+00,ca14dde2-4192-4efb-9d0e-82ce34c17197,Amenaza high detectada,high,"{slack,email}",2026-09-29 16:31:07.881529+00,2026-09-29 16:31:07.881529+00,sent,f,2026-09-29 16:31:07.881529+00
1001,1555,1554,github,3165218236,2026-09-29 16:30:58.664841+00,2026-09-29 16:30:59.663786+00,5d4a673b-1986-4228-8ae6-3eb4a648d32a,Amenaza high detectada,high,"{slack,email}",2026-09-29 16:31:07.881529+00,2026-09-29 16:31:07.881529+00,sent,f,2026-09-29 16:31:07.881529+00
1002,1557,1556,github,3430052844,2026-09-29 16:30:58.664841+00,2026-09-29 16:30:59.663786+00,1d0e21f6-568f-40be-a82e-131b9f6f99d7,Amenaza critical detectada,critical,"{slack,email}",2026-09-29 16:31:07.881529+00,2026-09-29 16:31:07.881529+00,sent,f,2026-09-29 16:31:07.881529+00
1003,1558,1557,github,5631742520,2026-09-29 16:30:58.664841+00,2026-09-29 16:30:59.663786+00,c92c83c1-87f8-4d5e-95c1-d766467be5c4,Amenaza high detectada,high,"{slack,email}",2026-09-29 16:31:07.881529+00,2026-09-29 16:31:07.881529+00,sent,f,2026-09-29 16:31:07.881529+00
1004,1559,1558,github,5617232573,2026-09-29 16:30:58.664841+00,2026-09-29 16:30:59.663786+00,180660e5-7dd1-47ba-bc5e-75602442dbd1,Amenaza high detectada,high,"{slack,email}",2026-09-29 16:31:07.881529+00,2026-09-29 16:31:07.881529+00,sent,f,2026-09-29 16:31:07.881529+00
1005,1562,1561,github,5491091047,2026-09-29 16:30:58.664841+00,2026-09-29 16:30:59.663786+00,0272e724-cec5-464e-8213-d4602fb4d060,Amenaza high detectada,high,"{slack,email}",2026-09-29 16:31:07.881529+00,2026-09-29 16:31:07.881529+00,sent,f,2026-09-29 16:31:07.881529+00
1006,1563,1562,github,4651238282,2026-09-29 16:30:58.664841+00,2026-09-29 16:30:59.663786+00,095f1e4b-85ce-4fd9-b7b9-7922a7f9b47d,Amenaza critical detectada,critical,"{slack,email}",2026-09-29 16:31:07.881529+00,2026-09-29 16:31:07.881529+00,sent,f,2026-09-29 16:31:07.881529+00
1007,1564,1563,github,3545367379,2026-09-29 16:30:58.664841+00,2026-09-29 16:30:59.663786+00,3c850abf-e43a-426f-a97a-18a18a603a22,Amenaza high detectada,high,"{slack,email}",2026-09-29 16:31:07.881529+00,2026-09-29 16:31:07.881529+00,sent,f,2026-09-29 16:31:07.881529+00
1008,1566,1565,github,5633739988,2026-09-29 16:30:58.664841+00,2026-09-29 16:30:59.663786+00,f3a0d381-7cc0-4e46-a57b-dd061a694f87,Amenaza critical detectada,critical,"{slack,email}",2026-09-29 16:31:07.881529+00,2026-09-29 16:31:07.881529+00,sent,f,2026-09-29 16:31:07.881529+00
1009,1567,1566,github,5545607142,2026-09-29 16:30:58.664841+00,2026-09-29 16:30:59.663786+00,bf3775ca-6d57-4184-83cb-e0dc7ce73f2d,Amenaza critical detectada,critical,"{slack,email}",2026-09-29 16:31:07.881529+00,2026-09-29 16:31:07.881529+00,sent,f,2026-09-29 16:31:07.881529+00
1010,1570,1569,github,5628494659,2026-09-29 16:30:58.664841+00,2026-09-29 16:30:59.663786+00,943f5a2b-0be7-4f24-8ff1-f309f123a7a9,Amenaza critical detectada,critical,"{slack,email}",2026-09-29 16:31:07.881529+00,2026-09-29 16:31:07.881529+00,sent,f,2026-09-29 16:31:07.881529+00
1011,1572,1571,github,5051942176,2026-09-29 16:30:58.664841+00,2026-09-29 16:30:59.663786+00,c41718ae-676f-4d12-80d6-8296995ba4c8,Amenaza critical detectada,critical,"{slack,email}",2026-09-29 16:31:07.881529+00,2026-09-29 16:31:07.881529+00,sent,f,2026-09-29 16:31:07.881529+00
1012,1574,1573,github,5625030187,2026-09-29 16:30:58.664841+00,2026-09-29 16:30:59.663786+00,8d908502-fc5b-43fb-9876-827da41d1a32,Amenaza high detectada,high,"{slack,email}",2026-09-29 16:31:07.881529+00,2026-09-29 16:31:07.881529+00,sent,f,2026-09-29 16:31:07.881529+00
1013,1575,1574,github,5633684506,2026-09-29 16:30:58.664841+00,2026-09-29 16:30:59.663786+00,8c6cd5cf-63dc-45aa-94c5-9589c7f51653,Amenaza high detectada,high,"{slack,email}",2026-09-29 16:31:07.881529+00,2026-09-29 16:31:07.881529+00,sent,f,2026-09-29 16:31:07.881529+00
1014,1576,1575,github,5633729208,2026-09-29 16:30:58.664841+00,2026-09-29 16:30:59.663786+00,cd22a320-a105-49ec-87c0-81279c010e62,Amenaza critical detectada,critical,"{slack,email}",2026-09-29 16:31:07.881529+00,2026-09-29 16:31:07.881529+00,sent,f,2026-09-29 16:31:07.881529+00
1015,1577,1576,github,4736292061,2026-09-29 16:30:58.664841+00,2026-09-29 16:30:59.663786+00,1e2fa3cd-37b0-4096-bb51-fd379263b6d3,Amenaza critical detectada,critical,"{slack,email}",2026-09-29 16:31:07.881529+00,2026-09-29 16:31:07.881529+00,sent,f,2026-09-29 16:31:07.881529+00
1016,1579,1578,github,5282282271,2026-09-29 16:30:58.664841+00,2026-09-29 16:30:59.663786+00,7dd0b522-e7f1-44ce-849f-332019e61417,Amenaza high detectada,high,"{slack,email}",2026-09-29 16:31:07.881529+00,2026-09-29 16:31:07.881529+00,sent,f,2026-09-29 16:31:07.881529+00
1017,1580,1579,github,5461968758,2026-09-29 16:30:58.664841+00,2026-09-29 16:30:59.663786+00,60036624-742c-46b1-93d5-ea8d45f9bdac,Amenaza high detectada,high,"{slack,email}",2026-09-29 16:31:07.881529+00,2026-09-29 16:31:07.881529+00,sent,f,2026-09-29 16:31:07.881529+00
1018,1582,1581,github,3415779304,2026-09-29 16:30:58.664841+00,2026-09-29 16:30:59.663786+00,44d79c5d-0662-4769-9da7-34640dacac71,Amenaza high detectada,high,"{slack,email}",2026-09-29 16:31:07.881529+00,2026-09-29 16:31:07.881529+00,sent,f,2026-09-29 16:31:07.881529+00
1019,1589,1588,github,1589099075,2026-09-29 16:45:58.563828+00,2026-09-29 16:45:59.554598+00,403bf4e4-a4cc-4e38-ab4b-f55e5b4277c3,Amenaza high detectada,high,"{slack,email}",2026-09-29 16:46:05.767114+00,2026-09-29 16:46:05.767114+00,sent,f,2026-09-29 16:46:05.767114+00
1020,1590,1589,github,978706662,2026-09-29 16:45:58.563828+00,2026-09-29 16:45:59.554598+00,256bd0e4-3044-4406-b008-7ddac695cfe9,Amenaza high detectada,high,"{slack,email}",2026-09-29 16:46:05.767114+00,2026-09-29 16:46:05.767114+00,sent,f,2026-09-29 16:46:05.767114+00
1021,1591,1590,github,5627108893,2026-09-29 16:45:58.563828+00,2026-09-29 16:45:59.554598+00,22267fd8-6e8c-493c-950f-f885a9c07e35,Amenaza high detectada,high,"{slack,email}",2026-09-29 16:46:05.767114+00,2026-09-29 16:46:05.767114+00,sent,f,2026-09-29 16:46:05.767114+00
1022,1592,1591,github,5633940543,2026-09-29 16:45:58.563828+00,2026-09-29 16:45:59.554598+00,681646ae-f58a-42ad-ac9e-8d7f9783d49d,Amenaza high detectada,high,"{slack,email}",2026-09-29 16:46:05.767114+00,2026-09-29 16:46:05.767114+00,sent,f,2026-09-29 16:46:05.767114+00
1023,1595,1594,github,5625084411,2026-09-29 16:45:58.563828+00,2026-09-29 16:45:59.554598+00,c4dcdb16-5399-4e09-9719-c34a804d657e,Amenaza critical detectada,critical,"{slack,email}",2026-09-29 16:46:05.767114+00,2026-09-29 16:46:05.767114+00,sent,f,2026-09-29 16:46:05.767114+00
1024,1596,1595,github,4375290069,2026-09-29 16:45:58.563828+00,2026-09-29 16:45:59.554598+00,ccc4d252-fc72-4dc7-b728-09ee74bca021,Amenaza critical detectada,critical,"{slack,email}",2026-09-29 16:46:05.767114+00,2026-09-29 16:46:05.767114+00,sent,f,2026-09-29 16:46:05.767114+00
1025,1597,1596,github,5625084617,2026-09-29 16:45:58.563828+00,2026-09-29 16:45:59.554598+00,a055cd63-7105-496c-b20e-35c54ec900c0,Amenaza critical detectada,critical,"{slack,email}",2026-09-29 16:46:05.767114+00,2026-09-29 16:46:05.767114+00,sent,f,2026-09-29 16:46:05.767114+00
1026,1598,1597,github,1747351179,2026-09-29 16:45:58.563828+00,2026-09-29 16:45:59.554598+00,ea112a8a-b56e-427f-8774-23387fef1f75,Amenaza high detectada,high,"{slack,email}",2026-09-29 16:46:05.767114+00,2026-09-29 16:46:05.767114+00,sent,f,2026-09-29 16:46:05.767114+00
1027,1599,1598,github,4013479054,2026-09-29 16:45:58.563828+00,2026-09-29 16:45:59.554598+00,0d07c134-25e2-472f-8022-16e3887c4f84,Amenaza critical detectada,critical,"{slack,email}",2026-09-29 16:46:05.767114+00,2026-09-29 16:46:05.767114+00,sent,f,2026-09-29 16:46:05.767114+00
1028,1601,1600,github,1852060791,2026-09-29 16:45:58.563828+00,2026-09-29 16:45:59.554598+00,b58c6f82-2ca0-4f8c-9646-987eb8f2bacf,Amenaza high detectada,high,"{slack,email}",2026-09-29 16:46:05.767114+00,2026-09-29 16:46:05.767114+00,sent,f,2026-09-29 16:46:05.767114+00
1029,1602,1601,github,5625085601,2026-09-29 16:45:58.563828+00,2026-09-29 16:45:59.554598+00,3d1259b7-3deb-4ac5-9b59-2a8597dfbbde,Amenaza critical detectada,critical,"{slack,email}",2026-09-29 16:46:05.767114+00,2026-09-29 16:46:05.767114+00,sent,f,2026-09-29 16:46:05.767114+00
1030,1603,1602,github,2857226985,2026-09-29 16:45:58.563828+00,2026-09-29 16:45:59.554598+00,242b453f-5043-4818-a58e-8323b281057a,Amenaza high detectada,high,"{slack,email}",2026-09-29 16:46:05.767114+00,2026-09-29 16:46:05.767114+00,sent,f,2026-09-29 16:46:05.767114+00
1031,1604,1603,github,4059154962,2026-09-29 16:45:58.563828+00,2026-09-29 16:45:59.554598+00,f8cfb8b1-b0c2-4d2e-9d3b-18dc31e00263,Amenaza high detectada,high,"{slack,email}",2026-09-29 16:46:05.767114+00,2026-09-29 16:46:05.767114+00,sent,f,2026-09-29 16:46:05.767114+00
1032,1605,1604,github,5625086024,2026-09-29 16:45:58.563828+00,2026-09-29 16:45:59.554598+00,8548acbb-c8e0-4d64-bdf1-28a0eca76463,Amenaza critical detectada,critical,"{slack,email}",2026-09-29 16:46:05.767114+00,2026-09-29 16:46:05.767114+00,sent,f,2026-09-29 16:46:05.767114+00
1033,1608,1607,github,5625086496,2026-09-29 16:45:58.563828+00,2026-09-29 16:45:59.554598+00,c4108ba8-cd74-41c0-859a-ef6bdd1e2da7,Amenaza high detectada,high,"{slack,email}",2026-09-29 16:46:05.767114+00,2026-09-29 16:46:05.767114+00,sent,f,2026-09-29 16:46:05.767114+00
1034,1609,1608,github,5633927468,2026-09-29 16:45:58.563828+00,2026-09-29 16:45:59.554598+00,bc869abb-52bc-4e0b-8c81-77838b15782a,Amenaza critical detectada,critical,"{slack,email}",2026-09-29 16:46:05.767114+00,2026-09-29 16:46:05.767114+00,sent,f,2026-09-29 16:46:05.767114+00
1035,1610,1609,github,2335561241,2026-09-29 16:45:58.563828+00,2026-09-29 16:45:59.554598+00,9e146bc9-bcef-477d-9d87-2b2403458b12,Amenaza high detectada,high,"{slack,email}",2026-09-29 16:46:05.767114+00,2026-09-29 16:46:05.767114+00,sent,f,2026-09-29 16:46:05.767114+00
1036,1612,1611,github,5625086693,2026-09-29 16:45:58.563828+00,2026-09-29 16:45:59.554598+00,c754cb4c-30aa-45ad-9dae-ebd3668e8c0f,Amenaza critical detectada,critical,"{slack,email}",2026-09-29 16:46:05.767114+00,2026-09-29 16:46:05.767114+00,sent,f,2026-09-29 16:46:05.767114+00
1037,1613,1612,github,5633915873,2026-09-29 16:45:58.563828+00,2026-09-29 16:45:59.554598+00,f4153b3d-0975-4afc-bd61-602042f2a9f9,Amenaza critical detectada,critical,"{slack,email}",2026-09-29 16:46:05.767114+00,2026-09-29 16:46:05.767114+00,sent,f,2026-09-29 16:46:05.767114+00
1038,1614,1613,github,5625086858,2026-09-29 16:45:58.563828+00,2026-09-29 16:45:59.554598+00,4cc98755-b565-4079-a93e-2870ee2bdfbb,Amenaza high detectada,high,"{slack,email}",2026-09-29 16:46:05.767114+00,2026-09-29 16:46:05.767114+00,sent,f,2026-09-29 16:46:05.767114+00
1039,1615,1614,github,5633927641,2026-09-29 16:45:58.563828+00,2026-09-29 16:45:59.554598+00,24aa5479-613c-4863-ae1f-a0ad7106e578,Amenaza high detectada,high,"{slack,email}",2026-09-29 16:46:05.767114+00,2026-09-29 16:46:05.767114+00,sent,f,2026-09-29 16:46:05.767114+00
1040,1617,1616,github,4791652937,2026-09-29 16:45:58.563828+00,2026-09-29 16:45:59.554598+00,27d2f5e9-243e-461c-a922-e7332db5298f,Amenaza high detectada,high,"{slack,email}",2026-09-29 16:46:05.767114+00,2026-09-29 16:46:05.767114+00,sent,f,2026-09-29 16:46:05.767114+00
1041,1618,1617,github,1093197921,2026-09-29 16:45:58.563828+00,2026-09-29 16:45:59.554598+00,cac65e54-61ec-41f3-9fad-2f6f9a9a9377,Amenaza high detectada,high,"{slack,email}",2026-09-29 16:46:05.767114+00,2026-09-29 16:46:05.767114+00,sent,f,2026-09-29 16:46:05.767114+00
1042,1621,1620,github,2316310451,2026-09-29 16:45:58.563828+00,2026-09-29 16:45:59.554598+00,c1a71674-470b-4c73-9bef-9a3e58baa0ea,Amenaza critical detectada,critical,"{slack,email}",2026-09-29 16:46:05.767114+00,2026-09-29 16:46:05.767114+00,sent,f,2026-09-29 16:46:05.767114+00
1043,1622,1621,github,5633327117,2026-09-29 16:45:58.563828+00,2026-09-29 16:45:59.554598+00,7c0c1a77-af3e-441d-ae11-84f34ecf3eeb,Amenaza critical detectada,critical,"{slack,email}",2026-09-29 16:46:05.767114+00,2026-09-29 16:46:05.767114+00,sent,f,2026-09-29 16:46:05.767114+00
1044,1623,1622,github,5633920598,2026-09-29 16:45:58.563828+00,2026-09-29 16:45:59.554598+00,4b8b2b65-91a4-4d22-a827-c374ef385030,Amenaza high detectada,high,"{slack,email}",2026-09-29 16:46:05.767114+00,2026-09-29 16:46:05.767114+00,sent,f,2026-09-29 16:46:05.767114+00
1045,1628,1627,github,5625089190,2026-09-29 16:45:58.563828+00,2026-09-29 16:45:59.554598+00,8110e670-784e-4e67-a3ee-625a3aaea211,Amenaza high detectada,high,"{slack,email}",2026-09-29 16:46:05.767114+00,2026-09-29 16:46:05.767114+00,sent,f,2026-09-29 16:46:05.767114+00
1046,1629,1628,github,5542514095,2026-09-29 16:45:58.563828+00,2026-09-29 16:45:59.554598+00,361435fa-0579-4bf0-b244-a55b51a554f3,Amenaza high detectada,high,"{slack,email}",2026-09-29 16:46:05.767114+00,2026-09-29 16:46:05.767114+00,sent,f,2026-09-29 16:46:05.767114+00
1047,1630,1629,github,5463175375,2026-09-29 17:01:00.769442+00,2026-09-29 17:01:01.537079+00,847d871b-cbee-470d-b81c-91230ac6196b,Amenaza critical detectada,critical,"{slack,email}",2026-09-29 17:01:08.661027+00,2026-09-29 17:01:08.661027+00,sent,f,2026-09-29 17:01:08.661027+00
1048,1631,1630,github,5463175209,2026-09-29 17:01:00.769442+00,2026-09-29 17:01:01.537079+00,1ada3efd-9c37-4792-92cd-b22d588ef74d,Amenaza critical detectada,critical,"{slack,email}",2026-09-29 17:01:08.661027+00,2026-09-29 17:01:08.661027+00,sent,f,2026-09-29 17:01:08.661027+00
1049,1632,1631,github,5629404496,2026-09-29 17:01:00.769442+00,2026-09-29 17:01:01.537079+00,b5cc7345-b35d-4adf-b372-9b1917480171,Amenaza critical detectada,critical,"{slack,email}",2026-09-29 17:01:08.661027+00,2026-09-29 17:01:08.661027+00,sent,f,2026-09-29 17:01:08.661027+00
1050,1633,1632,github,5463175018,2026-09-29 17:01:00.769442+00,2026-09-29 17:01:01.537079+00,f88f3086-389f-419a-bfe8-18522f284a44,Amenaza critical detectada,critical,"{slack,email}",2026-09-29 17:01:08.661027+00,2026-09-29 17:01:08.661027+00,sent,f,2026-09-29 17:01:08.661027+00
1051,1634,1633,github,5463174889,2026-09-29 17:01:00.769442+00,2026-09-29 17:01:01.537079+00,c781b9d6-0ebc-49aa-8308-4d76f076f1ea,Amenaza critical detectada,critical,"{slack,email}",2026-09-29 17:01:08.661027+00,2026-09-29 17:01:08.661027+00,sent,f,2026-09-29 17:01:08.661027+00
1052,1635,1634,github,2416125576,2026-09-29 17:01:00.769442+00,2026-09-29 17:01:01.537079+00,8d215e0d-068b-4afd-a36b-42f0de15dc99,Amenaza high detectada,high,"{slack,email}",2026-09-29 17:01:08.661027+00,2026-09-29 17:01:08.661027+00,sent,f,2026-09-29 17:01:08.661027+00
1053,1636,1635,github,982554130,2026-09-29 17:01:00.769442+00,2026-09-29 17:01:01.537079+00,b3073a28-a154-4a35-b7a7-44a93b4bd1d3,Amenaza critical detectada,critical,"{slack,email}",2026-09-29 17:01:08.661027+00,2026-09-29 17:01:08.661027+00,sent,f,2026-09-29 17:01:08.661027+00
1054,1637,1636,github,5463174754,2026-09-29 17:01:00.769442+00,2026-09-29 17:01:01.537079+00,0ae7c3cf-38a4-43e2-9e98-ff82960fd26b,Amenaza critical detectada,critical,"{slack,email}",2026-09-29 17:01:08.661027+00,2026-09-29 17:01:08.661027+00,sent,f,2026-09-29 17:01:08.661027+00
1055,1639,1638,github,5463174558,2026-09-29 17:01:00.769442+00,2026-09-29 17:01:01.537079+00,b35d04bc-d07b-4524-804c-178e405e8a50,Amenaza critical detectada,critical,"{slack,email}",2026-09-29 17:01:08.661027+00,2026-09-29 17:01:08.661027+00,sent,f,2026-09-29 17:01:08.661027+00
1056,1641,1640,github,5463174379,2026-09-29 17:01:00.769442+00,2026-09-29 17:01:01.537079+00,a791e45a-b08a-4769-b63f-8ab28514da93,Amenaza critical detectada,critical,"{slack,email}",2026-09-29 17:01:08.661027+00,2026-09-29 17:01:08.661027+00,sent,f,2026-09-29 17:01:08.661027+00
1057,1642,1641,github,5463174147,2026-09-29 17:01:00.769442+00,2026-09-29 17:01:01.537079+00,9fa67319-1f8a-4cfb-8f43-5c173a5d98d1,Amenaza critical detectada,critical,"{slack,email}",2026-09-29 17:01:08.661027+00,2026-09-29 17:01:08.661027+00,sent,f,2026-09-29 17:01:08.661027+00
1058,1643,1642,github,5463173939,2026-09-29 17:01:00.769442+00,2026-09-29 17:01:01.537079+00,98b3d059-1116-4511-930d-c468ab019fd9,Amenaza critical detectada,critical,"{slack,email}",2026-09-29 17:01:08.661027+00,2026-09-29 17:01:08.661027+00,sent,f,2026-09-29 17:01:08.661027+00
1059,1644,1643,github,5463173764,2026-09-29 17:01:00.769442+00,2026-09-29 17:01:01.537079+00,b5999e67-015b-4b37-9c45-075b5588ac30,Amenaza critical detectada,critical,"{slack,email}",2026-09-29 17:01:08.661027+00,2026-09-29 17:01:08.661027+00,sent,f,2026-09-29 17:01:08.661027+00
1060,1645,1644,github,5463173613,2026-09-29 17:01:00.769442+00,2026-09-29 17:01:01.537079+00,4902aee8-9144-4b90-afe2-335846a43c73,Amenaza critical detectada,critical,"{slack,email}",2026-09-29 17:01:08.661027+00,2026-09-29 17:01:08.661027+00,sent,f,2026-09-29 17:01:08.661027+00
1061,1646,1645,github,5634112844,2026-09-29 17:01:00.769442+00,2026-09-29 17:01:01.537079+00,2bb7bec1-632d-4cc1-988d-8e70d4cd3c6b,Amenaza critical detectada,critical,"{slack,email}",2026-09-29 17:01:08.661027+00,2026-09-29 17:01:08.661027+00,sent,f,2026-09-29 17:01:08.661027+00
1062,1647,1646,github,5634111982,2026-09-29 17:01:00.769442+00,2026-09-29 17:01:01.537079+00,af647900-76db-496d-a670-d6b498997189,Amenaza critical detectada,critical,"{slack,email}",2026-09-29 17:01:08.661027+00,2026-09-29 17:01:08.661027+00,sent,f,2026-09-29 17:01:08.661027+00
1063,1648,1647,github,954155978,2026-09-29 17:01:00.769442+00,2026-09-29 17:01:01.537079+00,4888e4ad-a9d8-49c0-942e-3ae9eec3b405,Amenaza critical detectada,critical,"{slack,email}",2026-09-29 17:01:08.661027+00,2026-09-29 17:01:08.661027+00,sent,f,2026-09-29 17:01:08.661027+00
1064,1649,1648,github,5634072725,2026-09-29 17:01:00.769442+00,2026-09-29 17:01:01.537079+00,09ad045d-5317-4406-8cfb-bc8c06ff85f1,Amenaza critical detectada,critical,"{slack,email}",2026-09-29 17:01:08.661027+00,2026-09-29 17:01:08.661027+00,sent,f,2026-09-29 17:01:08.661027+00
1065,1650,1649,github,3826306832,2026-09-29 17:01:00.769442+00,2026-09-29 17:01:01.537079+00,4c2350fa-903c-4b1e-81da-13160e15ff59,Amenaza high detectada,high,"{slack,email}",2026-09-29 17:01:08.661027+00,2026-09-29 17:01:08.661027+00,sent,f,2026-09-29 17:01:08.661027+00
1066,1653,1652,github,5000112576,2026-09-29 17:01:00.769442+00,2026-09-29 17:01:01.537079+00,fb92cc83-9d96-4e55-831a-ac519f837909,Amenaza high detectada,high,"{slack,email}",2026-09-29 17:01:08.661027+00,2026-09-29 17:01:08.661027+00,sent,f,2026-09-29 17:01:08.661027+00
1067,1658,1657,github,1253100106,2026-09-29 17:01:00.769442+00,2026-09-29 17:01:01.537079+00,d1a8f3bb-c159-4e05-8da3-a51805408955,Amenaza high detectada,high,"{slack,email}",2026-09-29 17:01:08.661027+00,2026-09-29 17:01:08.661027+00,sent,f,2026-09-29 17:01:08.661027+00
1068,1659,1658,github,5459997316,2026-09-29 17:01:00.769442+00,2026-09-29 17:01:01.537079+00,68782903-f36a-4ae4-a3cc-801b16d6a810,Amenaza high detectada,high,"{slack,email}",2026-09-29 17:01:08.661027+00,2026-09-29 17:01:08.661027+00,sent,f,2026-09-29 17:01:08.661027+00
1069,1660,1659,github,2648688733,2026-09-29 17:01:00.769442+00,2026-09-29 17:01:01.537079+00,c832df1f-ad80-442a-8437-85caa72dbf20,Amenaza high detectada,high,"{slack,email}",2026-09-29 17:01:08.661027+00,2026-09-29 17:01:08.661027+00,sent,f,2026-09-29 17:01:08.661027+00
1070,1662,1661,github,2543079359,2026-09-29 17:01:00.769442+00,2026-09-29 17:01:01.537079+00,44f74e58-74c7-4b5c-8905-f10cb0502d6e,Amenaza high detectada,high,"{slack,email}",2026-09-29 17:01:08.661027+00,2026-09-29 17:01:08.661027+00,sent,f,2026-09-29 17:01:08.661027+00
1071,1663,1662,github,2034223182,2026-09-29 17:01:00.769442+00,2026-09-29 17:01:01.537079+00,b3c6ce11-2543-4d63-83a8-8a2337c100f3,Amenaza high detectada,high,"{slack,email}",2026-09-29 17:01:08.661027+00,2026-09-29 17:01:08.661027+00,sent,f,2026-09-29 17:01:08.661027+00
1072,1664,1663,github,5622092846,2026-09-29 17:01:00.769442+00,2026-09-29 17:01:01.537079+00,a1a0ce1f-deea-4e4f-9188-a1e70e228885,Amenaza critical detectada,critical,"{slack,email}",2026-09-29 17:01:08.661027+00,2026-09-29 17:01:08.661027+00,sent,f,2026-09-29 17:01:08.661027+00
1073,1665,1664,github,1156800127,2026-09-29 17:01:00.769442+00,2026-09-29 17:01:01.537079+00,9f994c92-c2f4-43bc-9b59-4dd3f9f3a2c7,Amenaza high detectada,high,"{slack,email}",2026-09-29 17:01:08.661027+00,2026-09-29 17:01:08.661027+00,sent,f,2026-09-29 17:01:08.661027+00
1074,1666,1665,hackernews,49896625,2026-09-29 17:15:58.075183+00,2026-09-29 17:15:59.183316+00,55656670-9e73-4555-9830-68abeaa7b1c7,Amenaza critical detectada,critical,"{slack,email}",2026-09-29 17:16:03.891947+00,2026-09-29 17:16:03.891947+00,sent,f,2026-09-29 17:16:03.891947+00
1075,1667,1666,github,3057864662,2026-09-29 17:15:58.075183+00,2026-09-29 17:15:59.183316+00,443791e4-677a-4460-bd17-8f1eddfc9d35,Amenaza high detectada,high,"{slack,email}",2026-09-29 17:16:03.891947+00,2026-09-29 17:16:03.891947+00,sent,f,2026-09-29 17:16:03.891947+00
1076,1668,1667,github,5622931546,2026-09-29 17:15:58.075183+00,2026-09-29 17:15:59.183316+00,9f6d0528-75a0-4add-89ea-445bcf61633c,Amenaza high detectada,high,"{slack,email}",2026-09-29 17:16:03.891947+00,2026-09-29 17:16:03.891947+00,sent,f,2026-09-29 17:16:03.891947+00
1077,1672,1671,github,5461724080,2026-09-29 17:15:58.075183+00,2026-09-29 17:15:59.183316+00,14945456-ded7-4dfc-b5da-e20e94aee0c4,Amenaza high detectada,high,"{slack,email}",2026-09-29 17:16:03.891947+00,2026-09-29 17:16:03.891947+00,sent,f,2026-09-29 17:16:03.891947+00
1078,1673,1672,github,2268411684,2026-09-29 17:15:58.075183+00,2026-09-29 17:15:59.183316+00,ef50c47a-eb87-4814-bea1-7d3377dfb6dd,Amenaza high detectada,high,"{slack,email}",2026-09-29 17:16:03.891947+00,2026-09-29 17:16:03.891947+00,sent,f,2026-09-29 17:16:03.891947+00
1079,1674,1673,github,3517091023,2026-09-29 17:15:58.075183+00,2026-09-29 17:15:59.183316+00,c7501992-3d0d-4728-93e8-f5f4dfab3399,Amenaza high detectada,high,"{slack,email}",2026-09-29 17:16:03.891947+00,2026-09-29 17:16:03.891947+00,sent,f,2026-09-29 17:16:03.891947+00
1080,1675,1674,github,1029545145,2026-09-29 17:15:58.075183+00,2026-09-29 17:15:59.183316+00,8560163a-03c9-4ac9-a7c9-2d85fb6dfce6,Amenaza critical detectada,critical,"{slack,email}",2026-09-29 17:16:03.891947+00,2026-09-29 17:16:03.891947+00,sent,f,2026-09-29 17:16:03.891947+00
1081,1676,1675,github,2024417125,2026-09-29 17:15:58.075183+00,2026-09-29 17:15:59.183316+00,10d6b23f-e4d9-4664-89f3-2eace880d225,Amenaza critical detectada,critical,"{slack,email}",2026-09-29 17:16:03.891947+00,2026-09-29 17:16:03.891947+00,sent,f,2026-09-29 17:16:03.891947+00
1082,1677,1676,github,4429016676,2026-09-29 17:15:58.075183+00,2026-09-29 17:15:59.183316+00,903c2e4f-bdcb-472b-81e2-2527d2396a02,Amenaza critical detectada,critical,"{slack,email}",2026-09-29 17:16:03.891947+00,2026-09-29 17:16:03.891947+00,sent,f,2026-09-29 17:16:03.891947+00
1083,1678,1677,github,1353051177,2026-09-29 17:15:58.075183+00,2026-09-29 17:15:59.183316+00,3373a7f7-569a-4d0a-97b8-91f93931f42e,Amenaza high detectada,high,"{slack,email}",2026-09-29 17:16:03.891947+00,2026-09-29 17:16:03.891947+00,sent,f,2026-09-29 17:16:03.891947+00
1084,1679,1678,github,4194310127,2026-09-29 17:15:58.075183+00,2026-09-29 17:15:59.183316+00,15199254-3348-49de-aca3-b5a3f7e836d6,Amenaza high detectada,high,"{slack,email}",2026-09-29 17:16:03.891947+00,2026-09-29 17:16:03.891947+00,sent,f,2026-09-29 17:16:03.891947+00
1085,1680,1679,github,5248812605,2026-09-29 17:15:58.075183+00,2026-09-29 17:15:59.183316+00,29745a7b-be40-485f-a918-122d6c5c2413,Amenaza critical detectada,critical,"{slack,email}",2026-09-29 17:16:03.891947+00,2026-09-29 17:16:03.891947+00,sent,f,2026-09-29 17:16:03.891947+00
1086,1681,1680,github,5634279896,2026-09-29 17:15:58.075183+00,2026-09-29 17:15:59.183316+00,2f8e3a5a-d781-4f56-9588-7a0cddf5728d,Amenaza critical detectada,critical,"{slack,email}",2026-09-29 17:16:03.891947+00,2026-09-29 17:16:03.891947+00,sent,f,2026-09-29 17:16:03.891947+00
1087,1682,1681,github,4859679928,2026-09-29 17:15:58.075183+00,2026-09-29 17:15:59.183316+00,2048078e-e8d7-4d5e-a3e5-57f9eaa11dd5,Amenaza high detectada,high,"{slack,email}",2026-09-29 17:16:03.891947+00,2026-09-29 17:16:03.891947+00,sent,f,2026-09-29 17:16:03.891947+00
1088,1683,1682,github,4273204360,2026-09-29 17:15:58.075183+00,2026-09-29 17:15:59.183316+00,11fc7217-62a0-4374-b2e3-47e9e53e9605,Amenaza high detectada,high,"{slack,email}",2026-09-29 17:16:03.891947+00,2026-09-29 17:16:03.891947+00,sent,f,2026-09-29 17:16:03.891947+00
1089,1684,1683,github,1056221491,2026-09-29 17:15:58.075183+00,2026-09-29 17:15:59.183316+00,af4e1b90-46ad-45b6-8001-7c11b340062a,Amenaza high detectada,high,"{slack,email}",2026-09-29 17:16:03.891947+00,2026-09-29 17:16:03.891947+00,sent,f,2026-09-29 17:16:03.891947+00
1090,1686,1685,github,2763829663,2026-09-29 17:15:58.075183+00,2026-09-29 17:15:59.183316+00,eddca9d3-a756-47a9-bca6-22c48e067562,Amenaza high detectada,high,"{slack,email}",2026-09-29 17:16:03.891947+00,2026-09-29 17:16:03.891947+00,sent,f,2026-09-29 17:16:03.891947+00
1091,1687,1686,github,4601487790,2026-09-29 17:15:58.075183+00,2026-09-29 17:15:59.183316+00,07284047-c33d-4243-a234-002fd254f17f,Amenaza high detectada,high,"{slack,email}",2026-09-29 17:16:03.891947+00,2026-09-29 17:16:03.891947+00,sent,f,2026-09-29 17:16:03.891947+00
1092,1688,1687,github,4193893821,2026-09-29 17:15:58.075183+00,2026-09-29 17:15:59.183316+00,8c210ddf-5e07-46a0-b831-8d2ffc26a9b6,Amenaza high detectada,high,"{slack,email}",2026-09-29 17:16:03.891947+00,2026-09-29 17:16:03.891947+00,sent,f,2026-09-29 17:16:03.891947+00
1093,1689,1688,github,3228100274,2026-09-29 17:15:58.075183+00,2026-09-29 17:15:59.183316+00,ab791113-6d09-41c0-a1b8-d0cf60daf254,Amenaza high detectada,high,"{slack,email}",2026-09-29 17:16:03.891947+00,2026-09-29 17:16:03.891947+00,sent,f,2026-09-29 17:16:03.891947+00
1094,1691,1690,github,1518329977,2026-09-29 17:15:58.075183+00,2026-09-29 17:15:59.183316+00,61df2a1b-b5d2-422f-ac34-2d5b1e8e56ce,Amenaza high detectada,high,"{slack,email}",2026-09-29 17:16:03.891947+00,2026-09-29 17:16:03.891947+00,sent,f,2026-09-29 17:16:03.891947+00
1095,1693,1692,github,2724677841,2026-09-29 17:15:58.075183+00,2026-09-29 17:15:59.183316+00,0f235b97-af36-4b99-8cbf-dd16a2d5fbc8,Amenaza high detectada,high,"{slack,email}",2026-09-29 17:16:03.891947+00,2026-09-29 17:16:03.891947+00,sent,f,2026-09-29 17:16:03.891947+00
1096,1694,1693,github,4640049606,2026-09-29 17:15:58.075183+00,2026-09-29 17:15:59.183316+00,76629605-490d-425a-aa30-9368683028ee,Amenaza high detectada,high,"{slack,email}",2026-09-29 17:16:03.891947+00,2026-09-29 17:16:03.891947+00,sent,f,2026-09-29 17:16:03.891947+00
1097,1696,1695,github,4613956225,2026-09-29 17:15:58.075183+00,2026-09-29 17:15:59.183316+00,8058f099-28d5-453f-8c34-5bdeede7f9a1,Amenaza high detectada,high,"{slack,email}",2026-09-29 17:16:03.891947+00,2026-09-29 17:16:03.891947+00,sent,f,2026-09-29 17:16:03.891947+00
1098,1698,1697,github,3068171501,2026-09-29 17:15:58.075183+00,2026-09-29 17:15:59.183316+00,123dc4dc-86c3-48d8-8b4f-24f5e01619b9,Amenaza high detectada,high,"{slack,email}",2026-09-29 17:16:03.891947+00,2026-09-29 17:16:03.891947+00,sent,f,2026-09-29 17:16:03.891947+00
1099,1699,1698,github,2511706473,2026-09-29 17:15:58.075183+00,2026-09-29 17:15:59.183316+00,7c62504d-e601-40e8-92e7-0466def8e945,Amenaza high detectada,high,"{slack,email}",2026-09-29 17:16:03.891947+00,2026-09-29 17:16:03.891947+00,sent,f,2026-09-29 17:16:03.891947+00
1100,1700,1699,github,5625639986,2026-09-29 17:15:58.075183+00,2026-09-29 17:15:59.183316+00,a3548b52-8e47-4fee-94ee-3792a7b2a659,Amenaza high detectada,high,"{slack,email}",2026-09-29 17:16:03.891947+00,2026-09-29 17:16:03.891947+00,sent,f,2026-09-29 17:16:03.891947+00
1101,1702,1701,github,3686793283,2026-09-29 17:15:58.075183+00,2026-09-29 17:15:59.183316+00,0d3c3293-bb8e-4736-9252-dd63ca18d255,Amenaza high detectada,high,"{slack,email}",2026-09-29 17:16:03.891947+00,2026-09-29 17:16:03.891947+00,sent,f,2026-09-29 17:16:03.891947+00
1102,1703,1702,github,5349582687,2026-09-29 17:15:58.075183+00,2026-09-29 17:15:59.183316+00,069f6114-2e38-4363-b91a-366af4393dbc,Amenaza high detectada,high,"{slack,email}",2026-09-29 17:16:03.891947+00,2026-09-29 17:16:03.891947+00,sent,f,2026-09-29 17:16:03.891947+00
1103,1704,1703,github,5600116340,2026-09-29 17:15:58.075183+00,2026-09-29 17:15:59.183316+00,cdfdf918-1f07-4f7c-a085-2b6ea2d03634,Amenaza high detectada,high,"{slack,email}",2026-09-29 17:16:03.891947+00,2026-09-29 17:16:03.891947+00,sent,f,2026-09-29 17:16:03.891947+00
1104,1707,1706,github,3686822654,2026-09-29 17:15:58.075183+00,2026-09-29 17:15:59.183316+00,dfee0fec-43ac-481b-a6a5-28e299d26321,Amenaza high detectada,high,"{slack,email}",2026-09-29 17:16:03.891947+00,2026-09-29 17:16:03.891947+00,sent,f,2026-09-29 17:16:03.891947+00
1105,1708,1707,github,5436806842,2026-09-29 17:15:58.075183+00,2026-09-29 17:15:59.183316+00,64e49d6f-4d6c-4ed3-b76a-fef610f7d205,Amenaza high detectada,high,"{slack,email}",2026-09-29 17:16:03.891947+00,2026-09-29 17:16:03.891947+00,sent,f,2026-09-29 17:16:03.891947+00
1106,1710,1709,github,5632096627,2026-09-29 17:30:57.954876+00,2026-09-29 17:30:59.407283+00,e57e3287-c428-499d-916a-6ed83b340d30,Amenaza high detectada,high,"{slack,email}",2026-09-29 17:31:04.121947+00,2026-09-29 17:31:04.121947+00,sent,f,2026-09-29 17:31:04.121947+00
1107,1711,1710,github,5628541314,2026-09-29 17:30:57.954876+00,2026-09-29 17:30:59.407283+00,f1fa48a6-5539-4a69-8db1-436bb5e22993,Amenaza critical detectada,critical,"{slack,email}",2026-09-29 17:31:04.121947+00,2026-09-29 17:31:04.121947+00,sent,f,2026-09-29 17:31:04.121947+00
1108,1712,1711,github,5628540973,2026-09-29 17:30:57.954876+00,2026-09-29 17:30:59.407283+00,9ad869aa-1eaa-4e5d-81dd-d9d148cdc17b,Amenaza critical detectada,critical,"{slack,email}",2026-09-29 17:31:04.121947+00,2026-09-29 17:31:04.121947+00,sent,f,2026-09-29 17:31:04.121947+00
1109,1713,1712,github,5628540641,2026-09-29 17:30:57.954876+00,2026-09-29 17:30:59.407283+00,ba3ed276-3b36-4a26-820b-5dc0763f7b2a,Amenaza critical detectada,critical,"{slack,email}",2026-09-29 17:31:04.121947+00,2026-09-29 17:31:04.121947+00,sent,f,2026-09-29 17:31:04.121947+00
1110,1714,1713,github,5628540206,2026-09-29 17:30:57.954876+00,2026-09-29 17:30:59.407283+00,d17fdb54-34f3-4b16-b45e-ce996cc522db,Amenaza critical detectada,critical,"{slack,email}",2026-09-29 17:31:04.121947+00,2026-09-29 17:31:04.121947+00,sent,f,2026-09-29 17:31:04.121947+00
1111,1715,1714,github,5628539827,2026-09-29 17:30:57.954876+00,2026-09-29 17:30:59.407283+00,e243176f-d0d5-402a-9649-e82f42f72f0c,Amenaza critical detectada,critical,"{slack,email}",2026-09-29 17:31:04.121947+00,2026-09-29 17:31:04.121947+00,sent,f,2026-09-29 17:31:04.121947+00
1112,1716,1715,github,5628539521,2026-09-29 17:30:57.954876+00,2026-09-29 17:30:59.407283+00,f38b8270-ce27-4357-96bc-9e789050418e,Amenaza critical detectada,critical,"{slack,email}",2026-09-29 17:31:04.121947+00,2026-09-29 17:31:04.121947+00,sent,f,2026-09-29 17:31:04.121947+00
1113,1717,1716,github,5628539155,2026-09-29 17:30:57.954876+00,2026-09-29 17:30:59.407283+00,5e811234-eadc-424a-b24f-c35d49edbea2,Amenaza critical detectada,critical,"{slack,email}",2026-09-29 17:31:04.121947+00,2026-09-29 17:31:04.121947+00,sent,f,2026-09-29 17:31:04.121947+00
1114,1719,1718,github,5628538653,2026-09-29 17:30:57.954876+00,2026-09-29 17:30:59.407283+00,ecd9ab79-1ffc-4608-ac3a-1909ec3f61ea,Amenaza critical detectada,critical,"{slack,email}",2026-09-29 17:31:04.121947+00,2026-09-29 17:31:04.121947+00,sent,f,2026-09-29 17:31:04.121947+00
1115,1720,1719,github,5628538305,2026-09-29 17:30:57.954876+00,2026-09-29 17:30:59.407283+00,f60557b8-5fdf-46cc-953e-8a4a23530cbd,Amenaza critical detectada,critical,"{slack,email}",2026-09-29 17:31:04.121947+00,2026-09-29 17:31:04.121947+00,sent,f,2026-09-29 17:31:04.121947+00
1116,1721,1720,github,5628537949,2026-09-29 17:30:57.954876+00,2026-09-29 17:30:59.407283+00,ac1c34de-cf2c-4c3c-9ee8-d578edf914a9,Amenaza critical detectada,critical,"{slack,email}",2026-09-29 17:31:04.121947+00,2026-09-29 17:31:04.121947+00,sent,f,2026-09-29 17:31:04.121947+00
1117,1722,1721,github,5606124196,2026-09-29 17:30:57.954876+00,2026-09-29 17:30:59.407283+00,a5e26c0d-2926-41d4-a866-d25ad66fe300,Amenaza high detectada,high,"{slack,email}",2026-09-29 17:31:04.121947+00,2026-09-29 17:31:04.121947+00,sent,f,2026-09-29 17:31:04.121947+00
1118,1723,1722,github,5628537576,2026-09-29 17:30:57.954876+00,2026-09-29 17:30:59.407283+00,ce2ba86b-e11d-409c-9dcf-df0fb06541a8,Amenaza critical detectada,critical,"{slack,email}",2026-09-29 17:31:04.121947+00,2026-09-29 17:31:04.121947+00,sent,f,2026-09-29 17:31:04.121947+00
1119,1724,1723,github,5628537058,2026-09-29 17:30:57.954876+00,2026-09-29 17:30:59.407283+00,d151d39d-2b29-4837-b3c9-20c30114f181,Amenaza critical detectada,critical,"{slack,email}",2026-09-29 17:31:04.121947+00,2026-09-29 17:31:04.121947+00,sent,f,2026-09-29 17:31:04.121947+00
1120,1725,1724,github,5628536715,2026-09-29 17:30:57.954876+00,2026-09-29 17:30:59.407283+00,dc2ded5e-f86f-41fa-af36-962cd89d06cf,Amenaza critical detectada,critical,"{slack,email}",2026-09-29 17:31:04.121947+00,2026-09-29 17:31:04.121947+00,sent,f,2026-09-29 17:31:04.121947+00
1121,1726,1725,github,5628536384,2026-09-29 17:30:57.954876+00,2026-09-29 17:30:59.407283+00,469ecca3-1e23-4f9b-aea6-7bf615728277,Amenaza critical detectada,critical,"{slack,email}",2026-09-29 17:31:04.121947+00,2026-09-29 17:31:04.121947+00,sent,f,2026-09-29 17:31:04.121947+00
1122,1727,1726,github,5628536075,2026-09-29 17:30:57.954876+00,2026-09-29 17:30:59.407283+00,0a7f5459-abdb-4413-96f3-4e5d6cdf43f3,Amenaza critical detectada,critical,"{slack,email}",2026-09-29 17:31:04.121947+00,2026-09-29 17:31:04.121947+00,sent,f,2026-09-29 17:31:04.121947+00
1123,1728,1727,github,4859727136,2026-09-29 17:30:57.954876+00,2026-09-29 17:30:59.407283+00,1950569d-a071-4088-a64e-e9f328604881,Amenaza high detectada,high,"{slack,email}",2026-09-29 17:31:04.121947+00,2026-09-29 17:31:04.121947+00,sent,f,2026-09-29 17:31:04.121947+00
1124,1729,1728,github,5628535659,2026-09-29 17:30:57.954876+00,2026-09-29 17:30:59.407283+00,20786563-ccb5-4397-b150-2cc0ecece139,Amenaza critical detectada,critical,"{slack,email}",2026-09-29 17:31:04.121947+00,2026-09-29 17:31:04.121947+00,sent,f,2026-09-29 17:31:04.121947+00
1125,1730,1729,github,5628535305,2026-09-29 17:30:57.954876+00,2026-09-29 17:30:59.407283+00,d4661de6-a0ba-4071-b25c-db05ee287d66,Amenaza critical detectada,critical,"{slack,email}",2026-09-29 17:31:04.121947+00,2026-09-29 17:31:04.121947+00,sent,f,2026-09-29 17:31:04.121947+00
1126,1731,1730,github,5628534934,2026-09-29 17:30:57.954876+00,2026-09-29 17:30:59.407283+00,8f2c1c8c-7b37-4427-8470-671f2b9270a5,Amenaza critical detectada,critical,"{slack,email}",2026-09-29 17:31:04.121947+00,2026-09-29 17:31:04.121947+00,sent,f,2026-09-29 17:31:04.121947+00
1127,1732,1731,github,5628534495,2026-09-29 17:30:57.954876+00,2026-09-29 17:30:59.407283+00,334eccb3-852c-4a7d-9ff5-ba6f5c73e4e5,Amenaza critical detectada,critical,"{slack,email}",2026-09-29 17:31:04.121947+00,2026-09-29 17:31:04.121947+00,sent,f,2026-09-29 17:31:04.121947+00
1128,1733,1732,github,5633864291,2026-09-29 17:30:57.954876+00,2026-09-29 17:30:59.407283+00,122a2aec-8457-4c0c-8c69-ba5a8c2fea9b,Amenaza high detectada,high,"{slack,email}",2026-09-29 17:31:04.121947+00,2026-09-29 17:31:04.121947+00,sent,f,2026-09-29 17:31:04.121947+00
1129,1734,1733,github,5628534200,2026-09-29 17:30:57.954876+00,2026-09-29 17:30:59.407283+00,c25af290-32d4-4cd2-b213-d004bddd93ac,Amenaza critical detectada,critical,"{slack,email}",2026-09-29 17:31:04.121947+00,2026-09-29 17:31:04.121947+00,sent,f,2026-09-29 17:31:04.121947+00
1130,1735,1734,github,1031041282,2026-09-29 17:30:57.954876+00,2026-09-29 17:30:59.407283+00,fd9f754e-2a63-4816-93e0-d36de6a23c83,Amenaza critical detectada,critical,"{slack,email}",2026-09-29 17:31:04.121947+00,2026-09-29 17:31:04.121947+00,sent,f,2026-09-29 17:31:04.121947+00
1131,1736,1735,github,5628533858,2026-09-29 17:30:57.954876+00,2026-09-29 17:30:59.407283+00,7c692b6a-1144-4956-a7b3-0caf5b610196,Amenaza critical detectada,critical,"{slack,email}",2026-09-29 17:31:04.121947+00,2026-09-29 17:31:04.121947+00,sent,f,2026-09-29 17:31:04.121947+00
1132,1737,1736,github,5628533499,2026-09-29 17:30:57.954876+00,2026-09-29 17:30:59.407283+00,cc8ad400-314d-4fd6-92b6-0b9dbc0ff123,Amenaza critical detectada,critical,"{slack,email}",2026-09-29 17:31:04.121947+00,2026-09-29 17:31:04.121947+00,sent,f,2026-09-29 17:31:04.121947+00
1133,1738,1737,github,5628533181,2026-09-29 17:30:57.954876+00,2026-09-29 17:30:59.407283+00,945efde4-7cbe-4204-a2ff-850c0e1af20d,Amenaza critical detectada,critical,"{slack,email}",2026-09-29 17:31:04.121947+00,2026-09-29 17:31:04.121947+00,sent,f,2026-09-29 17:31:04.121947+00
1134,1739,1738,github,5628532732,2026-09-29 17:30:57.954876+00,2026-09-29 17:30:59.407283+00,e6ad994f-34c2-4778-864a-f78b76196245,Amenaza critical detectada,critical,"{slack,email}",2026-09-29 17:31:04.121947+00,2026-09-29 17:31:04.121947+00,sent,f,2026-09-29 17:31:04.121947+00
1135,1740,1739,github,5628532309,2026-09-29 17:30:57.954876+00,2026-09-29 17:30:59.407283+00,e34ceaa5-ed01-45d0-b3a4-c668c7cfbe69,Amenaza critical detectada,critical,"{slack,email}",2026-09-29 17:31:04.121947+00,2026-09-29 17:31:04.121947+00,sent,f,2026-09-29 17:31:04.121947+00
1136,1741,1740,github,5628531951,2026-09-29 17:30:57.954876+00,2026-09-29 17:30:59.407283+00,3341a135-dc83-4d39-9a6f-76b07564fdc7,Amenaza critical detectada,critical,"{slack,email}",2026-09-29 17:31:04.121947+00,2026-09-29 17:31:04.121947+00,sent,f,2026-09-29 17:31:04.121947+00
1137,1742,1741,github,5628531645,2026-09-29 17:30:57.954876+00,2026-09-29 17:30:59.407283+00,0eae3451-1934-4257-b0e8-de0a032db078,Amenaza critical detectada,critical,"{slack,email}",2026-09-29 17:31:04.121947+00,2026-09-29 17:31:04.121947+00,sent,f,2026-09-29 17:31:04.121947+00
1138,1743,1742,github,5628531165,2026-09-29 17:30:57.954876+00,2026-09-29 17:30:59.407283+00,feca22d6-a1dc-4abf-94e0-cacfcf0ff34e,Amenaza critical detectada,critical,"{slack,email}",2026-09-29 17:31:04.121947+00,2026-09-29 17:31:04.121947+00,sent,f,2026-09-29 17:31:04.121947+00
1139,1744,1743,github,5628530807,2026-09-29 17:30:57.954876+00,2026-09-29 17:30:59.407283+00,454f538a-4fb7-4738-956c-e78765f63f98,Amenaza critical detectada,critical,"{slack,email}",2026-09-29 17:31:04.121947+00,2026-09-29 17:31:04.121947+00,sent,f,2026-09-29 17:31:04.121947+00
1140,1745,1744,github,5628530461,2026-09-29 17:30:57.954876+00,2026-09-29 17:30:59.407283+00,31e3fd92-31a3-41f7-9f1f-4a06bdfc0b30,Amenaza critical detectada,critical,"{slack,email}",2026-09-29 17:31:04.121947+00,2026-09-29 17:31:04.121947+00,sent,f,2026-09-29 17:31:04.121947+00
1141,1746,1745,github,5628530124,2026-09-29 17:30:57.954876+00,2026-09-29 17:30:59.407283+00,6c65e31b-5b7b-401b-8f06-8439342022ab,Amenaza critical detectada,critical,"{slack,email}",2026-09-29 17:31:04.121947+00,2026-09-29 17:31:04.121947+00,sent,f,2026-09-29 17:31:04.121947+00
1142,1747,1746,github,5628529775,2026-09-29 17:30:57.954876+00,2026-09-29 17:30:59.407283+00,08d34868-5159-4828-bee2-af5cc36b0ed9,Amenaza critical detectada,critical,"{slack,email}",2026-09-29 17:31:04.121947+00,2026-09-29 17:31:04.121947+00,sent,f,2026-09-29 17:31:04.121947+00
1143,1748,1747,github,5628529311,2026-09-29 17:30:57.954876+00,2026-09-29 17:30:59.407283+00,32e2bda1-25ed-43c0-822a-5a373422a532,Amenaza critical detectada,critical,"{slack,email}",2026-09-29 17:31:04.121947+00,2026-09-29 17:31:04.121947+00,sent,f,2026-09-29 17:31:04.121947+00
1144,1749,1748,github,5628528970,2026-09-29 17:30:57.954876+00,2026-09-29 17:30:59.407283+00,cc5bbce2-06c3-437e-abb4-efa67538b1af,Amenaza critical detectada,critical,"{slack,email}",2026-09-29 17:31:04.121947+00,2026-09-29 17:31:04.121947+00,sent,f,2026-09-29 17:31:04.121947+00
1145,1751,1750,github,5628528625,2026-09-29 17:30:57.954876+00,2026-09-29 17:30:59.407283+00,0a5b85e8-5f96-4751-a365-b9acdbdc6d5d,Amenaza critical detectada,critical,"{slack,email}",2026-09-29 17:31:04.121947+00,2026-09-29 17:31:04.121947+00,sent,f,2026-09-29 17:31:04.121947+00
1146,1752,1751,github,5628528309,2026-09-29 17:30:57.954876+00,2026-09-29 17:30:59.407283+00,d7cedcde-6d88-488b-9be2-df786c15180b,Amenaza critical detectada,critical,"{slack,email}",2026-09-29 17:31:04.121947+00,2026-09-29 17:31:04.121947+00,sent,f,2026-09-29 17:31:04.121947+00
1147,1753,1752,github,5628527966,2026-09-29 17:30:57.954876+00,2026-09-29 17:30:59.407283+00,8726f798-d8b3-45d5-b995-addefbcf34b0,Amenaza critical detectada,critical,"{slack,email}",2026-09-29 17:31:04.121947+00,2026-09-29 17:31:04.121947+00,sent,f,2026-09-29 17:31:04.121947+00
1148,1754,1753,github,5628527610,2026-09-29 17:30:57.954876+00,2026-09-29 17:30:59.407283+00,9548d19d-c35f-4f5a-9da1-6c8d135ef149,Amenaza critical detectada,critical,"{slack,email}",2026-09-29 17:31:04.121947+00,2026-09-29 17:31:04.121947+00,sent,f,2026-09-29 17:31:04.121947+00
1149,1755,1754,github,4226170919,2026-09-29 17:45:58.146905+00,2026-09-29 17:45:59.40509+00,a82ef917-3425-4ab5-bcec-b6ede848842a,Amenaza high detectada,high,"{slack,email}",2026-09-29 17:46:04.531335+00,2026-09-29 17:46:04.531335+00,sent,f,2026-09-29 17:46:04.531335+00
1150,1756,1755,github,772683159,2026-09-29 17:45:58.146905+00,2026-09-29 17:45:59.40509+00,449d152c-f2f6-4ec7-80ed-5965c4738f4f,Amenaza critical detectada,critical,"{slack,email}",2026-09-29 17:46:04.531335+00,2026-09-29 17:46:04.531335+00,sent,f,2026-09-29 17:46:04.531335+00
1151,1758,1757,github,1224630220,2026-09-29 17:45:58.146905+00,2026-09-29 17:45:59.40509+00,c6be7cce-f175-4cc8-bdef-4c529fd1e935,Amenaza high detectada,high,"{slack,email}",2026-09-29 17:46:04.531335+00,2026-09-29 17:46:04.531335+00,sent,f,2026-09-29 17:46:04.531335+00
1152,1762,1761,github,5634179178,2026-09-29 17:45:58.146905+00,2026-09-29 17:45:59.40509+00,cfa3fda9-3639-4aea-8e0b-f91660404c57,Amenaza high detectada,high,"{slack,email}",2026-09-29 17:46:04.531335+00,2026-09-29 17:46:04.531335+00,sent,f,2026-09-29 17:46:04.531335+00
1153,1763,1762,github,1046463887,2026-09-29 17:45:58.146905+00,2026-09-29 17:45:59.40509+00,19912852-cedc-4d1c-b151-3271ca456c2b,Amenaza high detectada,high,"{slack,email}",2026-09-29 17:46:04.531335+00,2026-09-29 17:46:04.531335+00,sent,f,2026-09-29 17:46:04.531335+00
1154,1764,1763,github,2528603847,2026-09-29 17:45:58.146905+00,2026-09-29 17:45:59.40509+00,e54323ba-e798-4d97-bdb6-3dc735ca44ab,Amenaza high detectada,high,"{slack,email}",2026-09-29 17:46:04.531335+00,2026-09-29 17:46:04.531335+00,sent,f,2026-09-29 17:46:04.531335+00
1155,1765,1764,github,978716496,2026-09-29 17:45:58.146905+00,2026-09-29 17:45:59.40509+00,0daf27c8-8a29-4970-afe3-ece29b78e06f,Amenaza high detectada,high,"{slack,email}",2026-09-29 17:46:04.531335+00,2026-09-29 17:46:04.531335+00,sent,f,2026-09-29 17:46:04.531335+00
1156,1766,1765,github,5383229655,2026-09-29 17:45:58.146905+00,2026-09-29 17:45:59.40509+00,c34b6456-4142-4d8f-bd23-f5a87bd78000,Amenaza high detectada,high,"{slack,email}",2026-09-29 17:46:04.531335+00,2026-09-29 17:46:04.531335+00,sent,f,2026-09-29 17:46:04.531335+00
1157,1771,1770,github,5634120396,2026-09-29 17:45:58.146905+00,2026-09-29 17:45:59.40509+00,5710c64f-e4fd-4091-accd-c865c5f6f7f4,Amenaza critical detectada,critical,"{slack,email}",2026-09-29 17:46:04.531335+00,2026-09-29 17:46:04.531335+00,sent,f,2026-09-29 17:46:04.531335+00
1158,1772,1771,github,5630913587,2026-09-29 17:45:58.146905+00,2026-09-29 17:45:59.40509+00,b8617103-a42a-4e86-80db-bcc9f9dc8a34,Amenaza critical detectada,critical,"{slack,email}",2026-09-29 17:46:04.531335+00,2026-09-29 17:46:04.531335+00,sent,f,2026-09-29 17:46:04.531335+00
1159,1773,1772,github,2007017453,2026-09-29 17:45:58.146905+00,2026-09-29 17:45:59.40509+00,9075dc09-19ef-4ba0-b392-14815c331397,Amenaza high detectada,high,"{slack,email}",2026-09-29 17:46:04.531335+00,2026-09-29 17:46:04.531335+00,sent,f,2026-09-29 17:46:04.531335+00
1160,1774,1773,github,1998978784,2026-09-29 17:45:58.146905+00,2026-09-29 17:45:59.40509+00,e8bbf173-4666-4da2-a9fd-1ae42f12246a,Amenaza high detectada,high,"{slack,email}",2026-09-29 17:46:04.531335+00,2026-09-29 17:46:04.531335+00,sent,f,2026-09-29 17:46:04.531335+00
1161,1775,1774,github,4751003397,2026-09-29 17:45:58.146905+00,2026-09-29 17:45:59.40509+00,84e2536d-2a79-4378-9028-a8fa90d5d4a8,Amenaza high detectada,high,"{slack,email}",2026-09-29 17:46:04.531335+00,2026-09-29 17:46:04.531335+00,sent,f,2026-09-29 17:46:04.531335+00
1162,1776,1775,github,1366938147,2026-09-29 17:45:58.146905+00,2026-09-29 17:45:59.40509+00,143f3271-1252-4993-85fa-066660eb5ab0,Amenaza high detectada,high,"{slack,email}",2026-09-29 17:46:04.531335+00,2026-09-29 17:46:04.531335+00,sent,f,2026-09-29 17:46:04.531335+00
1163,1779,1778,github,1956285704,2026-09-29 17:45:58.146905+00,2026-09-29 17:45:59.40509+00,c3d3039a-e46b-4286-a1f9-3fedb031dc90,Amenaza high detectada,high,"{slack,email}",2026-09-29 17:46:04.531335+00,2026-09-29 17:46:04.531335+00,sent,f,2026-09-29 17:46:04.531335+00
1164,1780,1779,github,3147872589,2026-09-29 17:45:58.146905+00,2026-09-29 17:45:59.40509+00,070826e7-8282-4baf-8f98-d81a79eff129,Amenaza high detectada,high,"{slack,email}",2026-09-29 17:46:04.531335+00,2026-09-29 17:46:04.531335+00,sent,f,2026-09-29 17:46:04.531335+00
1165,1781,1780,github,2860616232,2026-09-29 17:45:58.146905+00,2026-09-29 17:45:59.40509+00,d2d3f249-348e-49d1-befe-5084a717d2f0,Amenaza high detectada,high,"{slack,email}",2026-09-29 17:46:04.531335+00,2026-09-29 17:46:04.531335+00,sent,f,2026-09-29 17:46:04.531335+00
1166,1783,1782,github,5589031291,2026-09-29 17:45:58.146905+00,2026-09-29 17:45:59.40509+00,c89134aa-65e8-4cc9-88b6-17cb766c8999,Amenaza high detectada,high,"{slack,email}",2026-09-29 17:46:04.531335+00,2026-09-29 17:46:04.531335+00,sent,f,2026-09-29 17:46:04.531335+00
1167,1784,1783,github,2335988083,2026-09-29 17:45:58.146905+00,2026-09-29 17:45:59.40509+00,59ae330a-250e-488f-9bab-9868249c7829,Amenaza high detectada,high,"{slack,email}",2026-09-29 17:46:04.531335+00,2026-09-29 17:46:04.531335+00,sent,f,2026-09-29 17:46:04.531335+00
1168,1785,1784,github,3743904095,2026-09-29 17:45:58.146905+00,2026-09-29 17:45:59.40509+00,9059e4ae-75cd-439c-af50-ecd37fb608a2,Amenaza critical detectada,critical,"{slack,email}",2026-09-29 17:46:04.531335+00,2026-09-29 17:46:04.531335+00,sent,f,2026-09-29 17:46:04.531335+00
1169,1786,1785,github,3961130304,2026-09-29 17:45:58.146905+00,2026-09-29 17:45:59.40509+00,55566df1-4581-4017-b134-d6b0dd495647,Amenaza high detectada,high,"{slack,email}",2026-09-29 17:46:04.531335+00,2026-09-29 17:46:04.531335+00,sent,f,2026-09-29 17:46:04.531335+00
1170,1787,1786,github,3044388720,2026-09-29 17:45:58.146905+00,2026-09-29 17:45:59.40509+00,aeb2a1a5-d891-4596-95d4-2eba0fc5b6cf,Amenaza high detectada,high,"{slack,email}",2026-09-29 17:46:04.531335+00,2026-09-29 17:46:04.531335+00,sent,f,2026-09-29 17:46:04.531335+00
1171,1793,1792,github,5633650557,2026-09-29 18:01:00.874779+00,2026-09-29 18:01:02.181191+00,a4e2705b-cffd-492c-8801-60a45f1559d7,Amenaza high detectada,high,"{slack,email}",2026-09-29 18:01:08.250429+00,2026-09-29 18:01:08.250429+00,sent,f,2026-09-29 18:01:08.250429+00
1172,1795,1794,github,5623077979,2026-09-29 18:01:00.874779+00,2026-09-29 18:01:02.181191+00,3efb7486-8540-47f2-984f-d3f2c6d4148a,Amenaza high detectada,high,"{slack,email}",2026-09-29 18:01:08.250429+00,2026-09-29 18:01:08.250429+00,sent,f,2026-09-29 18:01:08.250429+00
1173,1796,1795,github,3216369258,2026-09-29 18:01:00.874779+00,2026-09-29 18:01:02.181191+00,2905e3e2-0372-4b0a-8b82-93a7ad5838d1,Amenaza high detectada,high,"{slack,email}",2026-09-29 18:01:08.250429+00,2026-09-29 18:01:08.250429+00,sent,f,2026-09-29 18:01:08.250429+00
1174,1797,1796,github,1313494362,2026-09-29 18:01:00.874779+00,2026-09-29 18:01:02.181191+00,4954b4c9-a8f6-4619-bf97-075127aa8b7c,Amenaza high detectada,high,"{slack,email}",2026-09-29 18:01:08.250429+00,2026-09-29 18:01:08.250429+00,sent,f,2026-09-29 18:01:08.250429+00
1175,1798,1797,github,5558619825,2026-09-29 18:01:00.874779+00,2026-09-29 18:01:02.181191+00,32af5c37-b856-4acc-b8af-78b873e6f14b,Amenaza high detectada,high,"{slack,email}",2026-09-29 18:01:08.250429+00,2026-09-29 18:01:08.250429+00,sent,f,2026-09-29 18:01:08.250429+00
1176,1799,1798,github,5292123901,2026-09-29 18:01:00.874779+00,2026-09-29 18:01:02.181191+00,a1bd5d03-cd9b-4caf-9713-8c4a7f5ea79d,Amenaza high detectada,high,"{slack,email}",2026-09-29 18:01:08.250429+00,2026-09-29 18:01:08.250429+00,sent,f,2026-09-29 18:01:08.250429+00
1177,1800,1799,github,2392681453,2026-09-29 18:01:00.874779+00,2026-09-29 18:01:02.181191+00,7313d95c-0dfe-4e9b-96a8-1df7a465441e,Amenaza critical detectada,critical,"{slack,email}",2026-09-29 18:01:08.250429+00,2026-09-29 18:01:08.250429+00,sent,f,2026-09-29 18:01:08.250429+00
1178,1802,1801,github,978723991,2026-09-29 18:01:00.874779+00,2026-09-29 18:01:02.181191+00,01b64906-e4b9-4cd8-bdb9-d942d980e66d,Amenaza high detectada,high,"{slack,email}",2026-09-29 18:01:08.250429+00,2026-09-29 18:01:08.250429+00,sent,f,2026-09-29 18:01:08.250429+00
1179,1804,1803,github,5634811452,2026-09-29 18:01:00.874779+00,2026-09-29 18:01:02.181191+00,7a140b51-354f-4b8e-bf4f-73733d741823,Amenaza critical detectada,critical,"{slack,email}",2026-09-29 18:01:08.250429+00,2026-09-29 18:01:08.250429+00,sent,f,2026-09-29 18:01:08.250429+00
1180,1805,1804,github,5634810896,2026-09-29 18:01:00.874779+00,2026-09-29 18:01:02.181191+00,a54d4460-af68-4693-b152-3bed75e3d2a2,Amenaza critical detectada,critical,"{slack,email}",2026-09-29 18:01:08.250429+00,2026-09-29 18:01:08.250429+00,sent,f,2026-09-29 18:01:08.250429+00
1181,1806,1805,github,5596303893,2026-09-29 18:01:00.874779+00,2026-09-29 18:01:02.181191+00,91ecfa0d-30e4-4dd4-9f01-c1bce5014be5,Amenaza high detectada,high,"{slack,email}",2026-09-29 18:01:08.250429+00,2026-09-29 18:01:08.250429+00,sent,f,2026-09-29 18:01:08.250429+00
1182,1807,1806,github,982551176,2026-09-29 18:01:00.874779+00,2026-09-29 18:01:02.181191+00,6ad44855-c96d-4e11-add7-d12c1a20bfef,Amenaza high detectada,high,"{slack,email}",2026-09-29 18:01:08.250429+00,2026-09-29 18:01:08.250429+00,sent,f,2026-09-29 18:01:08.250429+00
1183,1808,1807,github,2956170084,2026-09-29 18:01:00.874779+00,2026-09-29 18:01:02.181191+00,59137515-51e9-46ab-8ee0-e61e66de5ed2,Amenaza high detectada,high,"{slack,email}",2026-09-29 18:01:08.250429+00,2026-09-29 18:01:08.250429+00,sent,f,2026-09-29 18:01:08.250429+00
1184,1809,1808,github,5633861914,2026-09-29 18:01:00.874779+00,2026-09-29 18:01:02.181191+00,8609312d-2317-4bd4-9f8a-eb603871b72b,Amenaza high detectada,high,"{slack,email}",2026-09-29 18:01:08.250429+00,2026-09-29 18:01:08.250429+00,sent,f,2026-09-29 18:01:08.250429+00
1185,1810,1809,github,5634386605,2026-09-29 18:01:00.874779+00,2026-09-29 18:01:02.181191+00,580177e2-ca6f-41f8-97cc-a923d8ebbff0,Amenaza high detectada,high,"{slack,email}",2026-09-29 18:01:08.250429+00,2026-09-29 18:01:08.250429+00,sent,f,2026-09-29 18:01:08.250429+00
1186,1812,1811,github,5634617824,2026-09-29 18:01:00.874779+00,2026-09-29 18:01:02.181191+00,34af448d-ae49-46e9-bd9f-9cf475ac7b88,Amenaza high detectada,high,"{slack,email}",2026-09-29 18:01:08.250429+00,2026-09-29 18:01:08.250429+00,sent,f,2026-09-29 18:01:08.250429+00
1187,1813,1812,github,3035700846,2026-09-29 18:01:00.874779+00,2026-09-29 18:01:02.181191+00,8a9a5273-44fd-4350-9cd7-a70157c87983,Amenaza high detectada,high,"{slack,email}",2026-09-29 18:01:08.250429+00,2026-09-29 18:01:08.250429+00,sent,f,2026-09-29 18:01:08.250429+00
1188,1814,1813,github,1373598040,2026-09-29 18:01:00.874779+00,2026-09-29 18:01:02.181191+00,d1f58a92-0c6e-4f48-97d4-b2be3316af39,Amenaza high detectada,high,"{slack,email}",2026-09-29 18:01:08.250429+00,2026-09-29 18:01:08.250429+00,sent,f,2026-09-29 18:01:08.250429+00
1189,1815,1814,github,1316876157,2026-09-29 18:01:00.874779+00,2026-09-29 18:01:02.181191+00,61412ee9-2ab7-4aad-885e-eb983045270a,Amenaza critical detectada,critical,"{slack,email}",2026-09-29 18:01:08.250429+00,2026-09-29 18:01:08.250429+00,sent,f,2026-09-29 18:01:08.250429+00
1190,1816,1815,github,4245694404,2026-09-29 18:01:00.874779+00,2026-09-29 18:01:02.181191+00,de7fc574-d96b-4449-b0f4-cfca6a24c1e5,Amenaza critical detectada,critical,"{slack,email}",2026-09-29 18:01:08.250429+00,2026-09-29 18:01:08.250429+00,sent,f,2026-09-29 18:01:08.250429+00
1191,1819,1818,github,5634806005,2026-09-29 18:01:00.874779+00,2026-09-29 18:01:02.181191+00,1616f661-0d3b-4b3e-8787-72cc9efae6e8,Amenaza high detectada,high,"{slack,email}",2026-09-29 18:01:08.250429+00,2026-09-29 18:01:08.250429+00,sent,f,2026-09-29 18:01:08.250429+00
1192,1820,1819,github,3480563644,2026-09-29 18:01:00.874779+00,2026-09-29 18:01:02.181191+00,ec789885-ee25-4bca-a442-9a937de9dfc0,Amenaza high detectada,high,"{slack,email}",2026-09-29 18:01:08.250429+00,2026-09-29 18:01:08.250429+00,sent,f,2026-09-29 18:01:08.250429+00
1193,1821,1820,github,2108650840,2026-09-29 18:01:00.874779+00,2026-09-29 18:01:02.181191+00,46846a18-7380-4e56-b5a1-2f9e76a5ad9f,Amenaza high detectada,high,"{slack,email}",2026-09-29 18:01:08.250429+00,2026-09-29 18:01:08.250429+00,sent,f,2026-09-29 18:01:08.250429+00
1194,1822,1821,github,5633862134,2026-09-29 18:01:00.874779+00,2026-09-29 18:01:02.181191+00,b653703a-2371-4d1e-87f1-36ed9deebb19,Amenaza critical detectada,critical,"{slack,email}",2026-09-29 18:01:08.250429+00,2026-09-29 18:01:08.250429+00,sent,f,2026-09-29 18:01:08.250429+00
1195,1823,1822,github,3402995870,2026-09-29 18:01:00.874779+00,2026-09-29 18:01:02.181191+00,e58e69eb-8b8f-4e91-8d2d-adce51f85f8b,Amenaza critical detectada,critical,"{slack,email}",2026-09-29 18:01:08.250429+00,2026-09-29 18:01:08.250429+00,sent,f,2026-09-29 18:01:08.250429+00
1196,1824,1823,github,1756250923,2026-09-29 18:01:00.874779+00,2026-09-29 18:01:02.181191+00,9725c90f-1f72-4195-b9ab-3d8216b146a4,Amenaza high detectada,high,"{slack,email}",2026-09-29 18:01:08.250429+00,2026-09-29 18:01:08.250429+00,sent,f,2026-09-29 18:01:08.250429+00
1197,1825,1824,github,5620152584,2026-09-29 18:01:00.874779+00,2026-09-29 18:01:02.181191+00,7c728d08-5c36-48c2-8291-d784456dd9ac,Amenaza high detectada,high,"{slack,email}",2026-09-29 18:01:08.250429+00,2026-09-29 18:01:08.250429+00,sent,f,2026-09-29 18:01:08.250429+00
1198,1828,1827,github,2004109288,2026-09-29 18:01:00.874779+00,2026-09-29 18:01:02.181191+00,fc28862e-5bfa-4fd4-bfea-e1e73ee4f8e8,Amenaza critical detectada,critical,"{slack,email}",2026-09-29 18:01:08.250429+00,2026-09-29 18:01:08.250429+00,sent,f,2026-09-29 18:01:08.250429+00
1199,1829,1828,github,4336233011,2026-09-29 18:01:00.874779+00,2026-09-29 18:01:02.181191+00,16faa5d7-a3de-4773-83fa-161a2f206e76,Amenaza high detectada,high,"{slack,email}",2026-09-29 18:01:08.250429+00,2026-09-29 18:01:08.250429+00,sent,f,2026-09-29 18:01:08.250429+00
1200,1830,1829,github,5495851344,2026-09-29 18:01:00.874779+00,2026-09-29 18:01:02.181191+00,9edccc88-8545-4b0f-9f06-4aca1524115d,Amenaza critical detectada,critical,"{slack,email}",2026-09-29 18:01:08.250429+00,2026-09-29 18:01:08.250429+00,sent,f,2026-09-29 18:01:08.250429+00
1201,1832,1831,github,5634789566,2026-09-29 18:01:00.874779+00,2026-09-29 18:01:02.181191+00,7ec2b8a1-253e-456d-9c1d-cc585b318d01,Amenaza critical detectada,critical,"{slack,email}",2026-09-29 18:01:08.250429+00,2026-09-29 18:01:08.250429+00,sent,f,2026-09-29 18:01:08.250429+00
1202,1833,1832,github,5558620354,2026-09-29 18:01:00.874779+00,2026-09-29 18:01:02.181191+00,e1e64dfe-14c0-4ec3-aa32-8bd25ec6cbe5,Amenaza high detectada,high,"{slack,email}",2026-09-29 18:01:08.250429+00,2026-09-29 18:01:08.250429+00,sent,f,2026-09-29 18:01:08.250429+00
1203,1837,1836,github,1531124691,2026-09-29 18:15:58.594466+00,2026-09-29 18:15:59.730177+00,f93fa232-df19-4ecb-9e8e-4bc8a1485858,Amenaza critical detectada,critical,"{slack,email}",2026-09-29 18:16:03.956281+00,2026-09-29 18:16:03.956281+00,sent,f,2026-09-29 18:16:03.956281+00
1204,1839,1838,github,5519165205,2026-09-29 18:15:58.594466+00,2026-09-29 18:15:59.730177+00,94183938-7328-4844-b32f-5e27bd0d29ae,Amenaza high detectada,high,"{slack,email}",2026-09-29 18:16:03.956281+00,2026-09-29 18:16:03.956281+00,sent,f,2026-09-29 18:16:03.956281+00
1205,1840,1839,github,3677041117,2026-09-29 18:15:58.594466+00,2026-09-29 18:15:59.730177+00,22a5b606-0ee2-4d77-91d3-7008bcdd0f3a,Amenaza critical detectada,critical,"{slack,email}",2026-09-29 18:16:03.956281+00,2026-09-29 18:16:03.956281+00,sent,f,2026-09-29 18:16:03.956281+00
1206,1844,1843,github,5633859560,2026-09-29 18:15:58.594466+00,2026-09-29 18:15:59.730177+00,0e4d05c6-2537-4b33-869f-ff4963a54b25,Amenaza critical detectada,critical,"{slack,email}",2026-09-29 18:16:03.956281+00,2026-09-29 18:16:03.956281+00,sent,f,2026-09-29 18:16:03.956281+00
1207,1845,1844,github,994423688,2026-09-29 18:15:58.594466+00,2026-09-29 18:15:59.730177+00,176f2e67-803f-4a2a-844a-292e1745ae5b,Amenaza high detectada,high,"{slack,email}",2026-09-29 18:16:03.956281+00,2026-09-29 18:16:03.956281+00,sent,f,2026-09-29 18:16:03.956281+00
1208,1846,1845,github,1683791183,2026-09-29 18:15:58.594466+00,2026-09-29 18:15:59.730177+00,edcf02cf-23e9-4285-8d08-3c8f3cbc7166,Amenaza critical detectada,critical,"{slack,email}",2026-09-29 18:16:03.956281+00,2026-09-29 18:16:03.956281+00,sent,f,2026-09-29 18:16:03.956281+00
1209,1847,1846,github,1775273073,2026-09-29 18:15:58.594466+00,2026-09-29 18:15:59.730177+00,6c2a644a-5b84-457f-83e6-e5a3ab3c312f,Amenaza high detectada,high,"{slack,email}",2026-09-29 18:16:03.956281+00,2026-09-29 18:16:03.956281+00,sent,f,2026-09-29 18:16:03.956281+00
1210,1848,1847,github,4242148835,2026-09-29 18:15:58.594466+00,2026-09-29 18:15:59.730177+00,a294b236-8f70-4838-a4bc-209761d56e87,Amenaza high detectada,high,"{slack,email}",2026-09-29 18:16:03.956281+00,2026-09-29 18:16:03.956281+00,sent,f,2026-09-29 18:16:03.956281+00
1211,1849,1848,github,1762656654,2026-09-29 18:15:58.594466+00,2026-09-29 18:15:59.730177+00,f5c86c8f-dc59-445a-a613-0e01824cc68c,Amenaza high detectada,high,"{slack,email}",2026-09-29 18:16:03.956281+00,2026-09-29 18:16:03.956281+00,sent,f,2026-09-29 18:16:03.956281+00
1212,1851,1850,github,3005717221,2026-09-29 18:15:58.594466+00,2026-09-29 18:15:59.730177+00,501e0334-96f1-44f7-b9af-67663aeabb7c,Amenaza high detectada,high,"{slack,email}",2026-09-29 18:16:03.956281+00,2026-09-29 18:16:03.956281+00,sent,f,2026-09-29 18:16:03.956281+00
1213,1852,1851,github,5260251548,2026-09-29 18:15:58.594466+00,2026-09-29 18:15:59.730177+00,d6351208-68c4-4cac-968a-1785e9b2ae0a,Amenaza critical detectada,critical,"{slack,email}",2026-09-29 18:16:03.956281+00,2026-09-29 18:16:03.956281+00,sent,f,2026-09-29 18:16:03.956281+00
1214,1856,1855,github,2877125537,2026-09-29 18:15:58.594466+00,2026-09-29 18:15:59.730177+00,095f80e9-0132-4418-9309-0b8b4f7851c2,Amenaza high detectada,high,"{slack,email}",2026-09-29 18:16:03.956281+00,2026-09-29 18:16:03.956281+00,sent,f,2026-09-29 18:16:03.956281+00
1215,1858,1857,github,1708930248,2026-09-29 18:15:58.594466+00,2026-09-29 18:15:59.730177+00,6c9aca36-2381-4398-b902-6667475fdf4c,Amenaza high detectada,high,"{slack,email}",2026-09-29 18:16:03.956281+00,2026-09-29 18:16:03.956281+00,sent,f,2026-09-29 18:16:03.956281+00
1216,1860,1859,github,4978821875,2026-09-29 18:15:58.594466+00,2026-09-29 18:15:59.730177+00,30d4a56f-6c08-4970-b501-59e0b77bcd77,Amenaza high detectada,high,"{slack,email}",2026-09-29 18:16:03.956281+00,2026-09-29 18:16:03.956281+00,sent,f,2026-09-29 18:16:03.956281+00
1217,1861,1860,github,4975779253,2026-09-29 18:15:58.594466+00,2026-09-29 18:15:59.730177+00,7d57800a-9c77-4d85-b1af-daacca168c48,Amenaza critical detectada,critical,"{slack,email}",2026-09-29 18:16:03.956281+00,2026-09-29 18:16:03.956281+00,sent,f,2026-09-29 18:16:03.956281+00
1218,1862,1861,github,5629393083,2026-09-29 18:15:58.594466+00,2026-09-29 18:15:59.730177+00,e462549c-01cc-4465-a921-2dc2955c5943,Amenaza high detectada,high,"{slack,email}",2026-09-29 18:16:03.956281+00,2026-09-29 18:16:03.956281+00,sent,f,2026-09-29 18:16:03.956281+00
1219,1863,1862,github,3219386268,2026-09-29 18:15:58.594466+00,2026-09-29 18:15:59.730177+00,66a6625d-7d10-45f1-85eb-8eab864742dc,Amenaza high detectada,high,"{slack,email}",2026-09-29 18:16:03.956281+00,2026-09-29 18:16:03.956281+00,sent,f,2026-09-29 18:16:03.956281+00
1220,1864,1863,github,5587608711,2026-09-29 18:15:58.594466+00,2026-09-29 18:15:59.730177+00,760c7f21-f383-48db-9405-5e1bd8857788,Amenaza high detectada,high,"{slack,email}",2026-09-29 18:16:03.956281+00,2026-09-29 18:16:03.956281+00,sent,f,2026-09-29 18:16:03.956281+00
1221,1865,1864,github,5634977472,2026-09-29 18:15:58.594466+00,2026-09-29 18:15:59.730177+00,cf0d2675-1c7a-4829-aa5f-41c2784e7850,Amenaza critical detectada,critical,"{slack,email}",2026-09-29 18:16:03.956281+00,2026-09-29 18:16:03.956281+00,sent,f,2026-09-29 18:16:03.956281+00
1222,1866,1865,github,5634977326,2026-09-29 18:15:58.594466+00,2026-09-29 18:15:59.730177+00,53515d2b-d92c-4019-b6b2-679da4265ed1,Amenaza high detectada,high,"{slack,email}",2026-09-29 18:16:03.956281+00,2026-09-29 18:16:03.956281+00,sent,f,2026-09-29 18:16:03.956281+00
1223,1868,1867,github,1319479757,2026-09-29 18:15:58.594466+00,2026-09-29 18:15:59.730177+00,1ae2248a-0638-4416-b30c-38f6185c010c,Amenaza high detectada,high,"{slack,email}",2026-09-29 18:16:03.956281+00,2026-09-29 18:16:03.956281+00,sent,f,2026-09-29 18:16:03.956281+00
1224,1872,1871,github,5600938827,2026-09-29 18:15:58.594466+00,2026-09-29 18:15:59.730177+00,3a0b8e62-fa33-48c9-9778-844375e3dc8e,Amenaza critical detectada,critical,"{slack,email}",2026-09-29 18:16:03.956281+00,2026-09-29 18:16:03.956281+00,sent,f,2026-09-29 18:16:03.956281+00
1225,1874,1873,github,5634732720,2026-09-29 18:15:58.594466+00,2026-09-29 18:15:59.730177+00,9879d173-81c2-491f-bbee-972d8d444c49,Amenaza high detectada,high,"{slack,email}",2026-09-29 18:16:03.956281+00,2026-09-29 18:16:03.956281+00,sent,f,2026-09-29 18:16:03.956281+00
1226,1875,1874,github,3096579747,2026-09-29 18:30:58.337719+00,2026-09-29 18:30:59.776782+00,773626c8-81a6-4aaf-93ff-6ad1e2c90301,Amenaza critical detectada,critical,"{slack,email}",2026-09-29 18:31:04.70479+00,2026-09-29 18:31:04.70479+00,sent,f,2026-09-29 18:31:04.70479+00
1227,1876,1875,github,3096581037,2026-09-29 18:30:58.337719+00,2026-09-29 18:30:59.776782+00,1ec33bbb-fa89-4bfe-82fa-ddc7e77cbf3a,Amenaza critical detectada,critical,"{slack,email}",2026-09-29 18:31:04.70479+00,2026-09-29 18:31:04.70479+00,sent,f,2026-09-29 18:31:04.70479+00
1228,1877,1876,github,2619031199,2026-09-29 18:30:58.337719+00,2026-09-29 18:30:59.776782+00,944bd3f6-4c32-4813-8e65-0ef3e921bad1,Amenaza high detectada,high,"{slack,email}",2026-09-29 18:31:04.70479+00,2026-09-29 18:31:04.70479+00,sent,f,2026-09-29 18:31:04.70479+00
1229,1878,1877,github,5246155074,2026-09-29 18:30:58.337719+00,2026-09-29 18:30:59.776782+00,6874d4ea-fb8b-4d43-8756-8d5da70ccf27,Amenaza critical detectada,critical,"{slack,email}",2026-09-29 18:31:04.70479+00,2026-09-29 18:31:04.70479+00,sent,f,2026-09-29 18:31:04.70479+00
1230,1880,1879,github,2472108263,2026-09-29 18:30:58.337719+00,2026-09-29 18:30:59.776782+00,8425356a-e814-4d0d-ad7b-f8e417b41311,Amenaza critical detectada,critical,"{slack,email}",2026-09-29 18:31:04.70479+00,2026-09-29 18:31:04.70479+00,sent,f,2026-09-29 18:31:04.70479+00
1231,1881,1880,github,5635164941,2026-09-29 18:30:58.337719+00,2026-09-29 18:30:59.776782+00,f434af96-93da-4a8e-ba38-dc97e793ca4d,Amenaza critical detectada,critical,"{slack,email}",2026-09-29 18:31:04.70479+00,2026-09-29 18:31:04.70479+00,sent,f,2026-09-29 18:31:04.70479+00
1232,1882,1881,github,3843127358,2026-09-29 18:30:58.337719+00,2026-09-29 18:30:59.776782+00,1a5dd51b-ad8a-4c56-9fab-03d07b2cdb1d,Amenaza critical detectada,critical,"{slack,email}",2026-09-29 18:31:04.70479+00,2026-09-29 18:31:04.70479+00,sent,f,2026-09-29 18:31:04.70479+00
1233,1883,1882,github,5633628786,2026-09-29 18:30:58.337719+00,2026-09-29 18:30:59.776782+00,2b6e02a2-7211-4a17-a9a0-4aed84833903,Amenaza high detectada,high,"{slack,email}",2026-09-29 18:31:04.70479+00,2026-09-29 18:31:04.70479+00,sent,f,2026-09-29 18:31:04.70479+00
1234,1884,1883,github,4330862806,2026-09-29 18:30:58.337719+00,2026-09-29 18:30:59.776782+00,072b8fab-14fc-4145-8586-b74a5d680dcf,Amenaza critical detectada,critical,"{slack,email}",2026-09-29 18:31:04.70479+00,2026-09-29 18:31:04.70479+00,sent,f,2026-09-29 18:31:04.70479+00
1235,1885,1884,github,5246153477,2026-09-29 18:30:58.337719+00,2026-09-29 18:30:59.776782+00,1423241a-4cb2-4cbf-ba3e-eddc4f8816f1,Amenaza critical detectada,critical,"{slack,email}",2026-09-29 18:31:04.70479+00,2026-09-29 18:31:04.70479+00,sent,f,2026-09-29 18:31:04.70479+00
1236,1886,1885,github,3096580954,2026-09-29 18:30:58.337719+00,2026-09-29 18:30:59.776782+00,f4c6ae87-412c-426c-bc86-0e4c1510a082,Amenaza critical detectada,critical,"{slack,email}",2026-09-29 18:31:04.70479+00,2026-09-29 18:31:04.70479+00,sent,f,2026-09-29 18:31:04.70479+00
1237,1887,1886,github,3636607564,2026-09-29 18:30:58.337719+00,2026-09-29 18:30:59.776782+00,e3f506ea-01a6-401d-a849-7f12b69cc2a6,Amenaza critical detectada,critical,"{slack,email}",2026-09-29 18:31:04.70479+00,2026-09-29 18:31:04.70479+00,sent,f,2026-09-29 18:31:04.70479+00
1238,1888,1887,github,3449263946,2026-09-29 18:30:58.337719+00,2026-09-29 18:30:59.776782+00,60aa3804-4288-476a-a27f-3265657ff50e,Amenaza critical detectada,critical,"{slack,email}",2026-09-29 18:31:04.70479+00,2026-09-29 18:31:04.70479+00,sent,f,2026-09-29 18:31:04.70479+00
1239,1889,1888,github,4416450109,2026-09-29 18:30:58.337719+00,2026-09-29 18:30:59.776782+00,7a108040-fd24-4f93-825f-8f3f1769e9e8,Amenaza critical detectada,critical,"{slack,email}",2026-09-29 18:31:04.70479+00,2026-09-29 18:31:04.70479+00,sent,f,2026-09-29 18:31:04.70479+00
1240,1890,1889,github,3096580362,2026-09-29 18:30:58.337719+00,2026-09-29 18:30:59.776782+00,8d6174bc-6b11-4152-a879-2b887429a106,Amenaza critical detectada,critical,"{slack,email}",2026-09-29 18:31:04.70479+00,2026-09-29 18:31:04.70479+00,sent,f,2026-09-29 18:31:04.70479+00
1241,1892,1891,github,4330483720,2026-09-29 18:30:58.337719+00,2026-09-29 18:30:59.776782+00,53b51b93-8bb3-497a-90fd-7ba05fc7fcd6,Amenaza critical detectada,critical,"{slack,email}",2026-09-29 18:31:04.70479+00,2026-09-29 18:31:04.70479+00,sent,f,2026-09-29 18:31:04.70479+00
1242,1893,1892,github,3931750712,2026-09-29 18:30:58.337719+00,2026-09-29 18:30:59.776782+00,86b364bc-22ae-4145-8d60-89ead32aead9,Amenaza critical detectada,critical,"{slack,email}",2026-09-29 18:31:04.70479+00,2026-09-29 18:31:04.70479+00,sent,f,2026-09-29 18:31:04.70479+00
1243,1894,1893,github,2472108126,2026-09-29 18:30:58.337719+00,2026-09-29 18:30:59.776782+00,24dc00b5-32ba-4ff9-92fd-6eb3d20903a6,Amenaza critical detectada,critical,"{slack,email}",2026-09-29 18:31:04.70479+00,2026-09-29 18:31:04.70479+00,sent,f,2026-09-29 18:31:04.70479+00
1244,1895,1894,github,1629895186,2026-09-29 18:30:58.337719+00,2026-09-29 18:30:59.776782+00,6ad94ec9-7f5c-4621-9003-7ff888678860,Amenaza high detectada,high,"{slack,email}",2026-09-29 18:31:04.70479+00,2026-09-29 18:31:04.70479+00,sent,f,2026-09-29 18:31:04.70479+00
1245,1896,1895,github,3096579836,2026-09-29 18:30:58.337719+00,2026-09-29 18:30:59.776782+00,0c5ba327-cbb6-4875-96dc-e1e5955a1887,Amenaza critical detectada,critical,"{slack,email}",2026-09-29 18:31:04.70479+00,2026-09-29 18:31:04.70479+00,sent,f,2026-09-29 18:31:04.70479+00
1246,1897,1896,github,3096579662,2026-09-29 18:30:58.337719+00,2026-09-29 18:30:59.776782+00,708dce76-189d-4816-a6bf-b9bfdab06953,Amenaza critical detectada,critical,"{slack,email}",2026-09-29 18:31:04.70479+00,2026-09-29 18:31:04.70479+00,sent,f,2026-09-29 18:31:04.70479+00
1247,1898,1897,github,1377557844,2026-09-29 18:30:58.337719+00,2026-09-29 18:30:59.776782+00,e60575b4-1ecc-4a0c-a11f-da7535f0fe99,Amenaza high detectada,high,"{slack,email}",2026-09-29 18:31:04.70479+00,2026-09-29 18:31:04.70479+00,sent,f,2026-09-29 18:31:04.70479+00
1248,1899,1898,github,5626245995,2026-09-29 18:30:58.337719+00,2026-09-29 18:30:59.776782+00,f440db47-4dba-4bad-9029-5da1b12a3682,Amenaza high detectada,high,"{slack,email}",2026-09-29 18:31:04.70479+00,2026-09-29 18:31:04.70479+00,sent,f,2026-09-29 18:31:04.70479+00
1249,1900,1899,github,1029340880,2026-09-29 18:30:58.337719+00,2026-09-29 18:30:59.776782+00,574d16c1-7fd8-4413-9759-ab29cca66a47,Amenaza high detectada,high,"{slack,email}",2026-09-29 18:31:04.70479+00,2026-09-29 18:31:04.70479+00,sent,f,2026-09-29 18:31:04.70479+00
1250,1901,1900,github,4074036897,2026-09-29 18:30:58.337719+00,2026-09-29 18:30:59.776782+00,6024d61e-fd89-4077-8d93-525c8d02a7af,Amenaza critical detectada,critical,"{slack,email}",2026-09-29 18:31:04.70479+00,2026-09-29 18:31:04.70479+00,sent,f,2026-09-29 18:31:04.70479+00
1251,1902,1901,github,4454033735,2026-09-29 18:30:58.337719+00,2026-09-29 18:30:59.776782+00,8143fcb8-e351-4eba-a1d9-f21e2a7159d0,Amenaza critical detectada,critical,"{slack,email}",2026-09-29 18:31:04.70479+00,2026-09-29 18:31:04.70479+00,sent,f,2026-09-29 18:31:04.70479+00
1252,1903,1902,github,2103821042,2026-09-29 18:30:58.337719+00,2026-09-29 18:30:59.776782+00,86c15a7b-2a10-464d-88c3-1430192c86de,Amenaza critical detectada,critical,"{slack,email}",2026-09-29 18:31:04.70479+00,2026-09-29 18:31:04.70479+00,sent,f,2026-09-29 18:31:04.70479+00
1253,1904,1903,github,4330890580,2026-09-29 18:30:58.337719+00,2026-09-29 18:30:59.776782+00,52636b34-dca6-4363-aca3-2ab609e0d698,Amenaza critical detectada,critical,"{slack,email}",2026-09-29 18:31:04.70479+00,2026-09-29 18:31:04.70479+00,sent,f,2026-09-29 18:31:04.70479+00
1254,1905,1904,github,809774091,2026-09-29 18:30:58.337719+00,2026-09-29 18:30:59.776782+00,d2639257-f5b2-4521-8224-328d2bd2538f,Amenaza critical detectada,critical,"{slack,email}",2026-09-29 18:31:04.70479+00,2026-09-29 18:31:04.70479+00,sent,f,2026-09-29 18:31:04.70479+00
1255,1906,1905,github,3232153990,2026-09-29 18:30:58.337719+00,2026-09-29 18:30:59.776782+00,6f13061a-29f9-495e-a298-1685ac916dce,Amenaza critical detectada,critical,"{slack,email}",2026-09-29 18:31:04.70479+00,2026-09-29 18:31:04.70479+00,sent,f,2026-09-29 18:31:04.70479+00
1256,1908,1907,github,4454033101,2026-09-29 18:30:58.337719+00,2026-09-29 18:30:59.776782+00,9558f56c-61af-499d-acd6-9a217da91a7c,Amenaza critical detectada,critical,"{slack,email}",2026-09-29 18:31:04.70479+00,2026-09-29 18:31:04.70479+00,sent,f,2026-09-29 18:31:04.70479+00
1257,1909,1908,github,4609176099,2026-09-29 18:30:58.337719+00,2026-09-29 18:30:59.776782+00,4f861c62-4dfd-4768-ba66-25b5a19281e3,Amenaza high detectada,high,"{slack,email}",2026-09-29 18:31:04.70479+00,2026-09-29 18:31:04.70479+00,sent,f,2026-09-29 18:31:04.70479+00
1258,1910,1909,github,4667604220,2026-09-29 18:30:58.337719+00,2026-09-29 18:30:59.776782+00,c0986a82-1b91-489e-ba49-01b26f376c7d,Amenaza critical detectada,critical,"{slack,email}",2026-09-29 18:31:04.70479+00,2026-09-29 18:31:04.70479+00,sent,f,2026-09-29 18:31:04.70479+00
1259,1911,1910,github,3636606688,2026-09-29 18:30:58.337719+00,2026-09-29 18:30:59.776782+00,51fee7e9-ba43-47dc-b2e7-6dfd92c4b1b4,Amenaza critical detectada,critical,"{slack,email}",2026-09-29 18:31:04.70479+00,2026-09-29 18:31:04.70479+00,sent,f,2026-09-29 18:31:04.70479+00
1260,1912,1911,github,1121108956,2026-09-29 18:30:58.337719+00,2026-09-29 18:30:59.776782+00,9966c24a-fdab-49cc-a2d1-c94b67c0c726,Amenaza critical detectada,critical,"{slack,email}",2026-09-29 18:31:04.70479+00,2026-09-29 18:31:04.70479+00,sent,f,2026-09-29 18:31:04.70479+00
1261,1913,1912,github,1121108892,2026-09-29 18:30:58.337719+00,2026-09-29 18:30:59.776782+00,1c962d83-ad77-408e-a0ca-640be528e053,Amenaza critical detectada,critical,"{slack,email}",2026-09-29 18:31:04.70479+00,2026-09-29 18:31:04.70479+00,sent,f,2026-09-29 18:31:04.70479+00
1262,1914,1913,github,2647601215,2026-09-29 18:30:58.337719+00,2026-09-29 18:30:59.776782+00,38cdad1f-ae2d-4994-951e-c93888e4bea5,Amenaza critical detectada,critical,"{slack,email}",2026-09-29 18:31:04.70479+00,2026-09-29 18:31:04.70479+00,sent,f,2026-09-29 18:31:04.70479+00
1263,1916,1915,github,2425054129,2026-09-29 18:30:58.337719+00,2026-09-29 18:30:59.776782+00,187a41cc-ea44-4060-92cf-fbfe1e9c4e6c,Amenaza critical detectada,critical,"{slack,email}",2026-09-29 18:31:04.70479+00,2026-09-29 18:31:04.70479+00,sent,f,2026-09-29 18:31:04.70479+00
1264,1917,1916,github,3841391617,2026-09-29 18:30:58.337719+00,2026-09-29 18:30:59.776782+00,e5352910-d218-4e8e-9191-7ded6361d1c6,Amenaza critical detectada,critical,"{slack,email}",2026-09-29 18:31:04.70479+00,2026-09-29 18:31:04.70479+00,sent,f,2026-09-29 18:31:04.70479+00
1265,1919,1918,github,1432580059,2026-09-29 18:30:58.337719+00,2026-09-29 18:30:59.776782+00,20f7239a-988c-4bdb-88af-81ba23d77418,Amenaza critical detectada,critical,"{slack,email}",2026-09-29 18:31:04.70479+00,2026-09-29 18:31:04.70479+00,sent,f,2026-09-29 18:31:04.70479+00
1266,1920,1919,github,3073619944,2026-09-29 18:30:58.337719+00,2026-09-29 18:30:59.776782+00,2d3c348a-5ae3-4cc9-85d4-cf7fb9b86380,Amenaza critical detectada,critical,"{slack,email}",2026-09-29 18:31:04.70479+00,2026-09-29 18:31:04.70479+00,sent,f,2026-09-29 18:31:04.70479+00
1267,1921,1920,github,5295162926,2026-09-29 18:30:58.337719+00,2026-09-29 18:30:59.776782+00,e9688846-9808-4458-a585-6660e3fed6f6,Amenaza critical detectada,critical,"{slack,email}",2026-09-29 18:31:04.70479+00,2026-09-29 18:31:04.70479+00,sent,f,2026-09-29 18:31:04.70479+00
1268,1922,1921,github,2743521827,2026-09-29 18:30:58.337719+00,2026-09-29 18:30:59.776782+00,5549997e-0eab-4d04-bd10-3c4b80a1edf1,Amenaza high detectada,high,"{slack,email}",2026-09-29 18:31:04.70479+00,2026-09-29 18:31:04.70479+00,sent,f,2026-09-29 18:31:04.70479+00
1269,1925,1924,github,4669941339,2026-09-29 18:45:58.345736+00,2026-09-29 18:45:59.537707+00,0de2690f-a071-4b2e-b35b-b5dca0365086,Amenaza critical detectada,critical,"{slack,email}",2026-09-29 18:46:05.478783+00,2026-09-29 18:46:05.478783+00,sent,f,2026-09-29 18:46:05.478783+00
1270,1926,1925,github,5635352865,2026-09-29 18:45:58.345736+00,2026-09-29 18:45:59.537707+00,c4ece739-3344-4340-b7ac-cb7a55cfadf1,Amenaza critical detectada,critical,"{slack,email}",2026-09-29 18:46:05.478783+00,2026-09-29 18:46:05.478783+00,sent,f,2026-09-29 18:46:05.478783+00
1271,1928,1927,github,4669941268,2026-09-29 18:45:58.345736+00,2026-09-29 18:45:59.537707+00,cba4dbaf-c5d1-4a53-b246-1285587bd106,Amenaza critical detectada,critical,"{slack,email}",2026-09-29 18:46:05.478783+00,2026-09-29 18:46:05.478783+00,sent,f,2026-09-29 18:46:05.478783+00
1272,1929,1928,github,4228864406,2026-09-29 18:45:58.345736+00,2026-09-29 18:45:59.537707+00,b236f194-ec71-42d9-adf4-4e9532bc25b5,Amenaza critical detectada,critical,"{slack,email}",2026-09-29 18:46:05.478783+00,2026-09-29 18:46:05.478783+00,sent,f,2026-09-29 18:46:05.478783+00
1273,1931,1930,github,4433668382,2026-09-29 18:45:58.345736+00,2026-09-29 18:45:59.537707+00,28b21b51-d005-4c93-9a2f-fb94b67dcbf7,Amenaza critical detectada,critical,"{slack,email}",2026-09-29 18:46:05.478783+00,2026-09-29 18:46:05.478783+00,sent,f,2026-09-29 18:46:05.478783+00
1274,1932,1931,github,2036895801,2026-09-29 18:45:58.345736+00,2026-09-29 18:45:59.537707+00,ae1231fb-27bf-4154-8e7c-e458f2a09b9f,Amenaza critical detectada,critical,"{slack,email}",2026-09-29 18:46:05.478783+00,2026-09-29 18:46:05.478783+00,sent,f,2026-09-29 18:46:05.478783+00
1275,1933,1932,github,5635352142,2026-09-29 18:45:58.345736+00,2026-09-29 18:45:59.537707+00,9ac0bf09-db7e-4650-ac50-7bb308d49cc4,Amenaza critical detectada,critical,"{slack,email}",2026-09-29 18:46:05.478783+00,2026-09-29 18:46:05.478783+00,sent,f,2026-09-29 18:46:05.478783+00
1276,1934,1933,github,4433668280,2026-09-29 18:45:58.345736+00,2026-09-29 18:45:59.537707+00,3542eabb-1823-4c9b-8af3-d13e310d1d4a,Amenaza critical detectada,critical,"{slack,email}",2026-09-29 18:46:05.478783+00,2026-09-29 18:46:05.478783+00,sent,f,2026-09-29 18:46:05.478783+00
1277,1935,1934,github,4672882735,2026-09-29 18:45:58.345736+00,2026-09-29 18:45:59.537707+00,d38a1daf-cc77-462e-8e53-efe4593d7c45,Amenaza critical detectada,critical,"{slack,email}",2026-09-29 18:46:05.478783+00,2026-09-29 18:46:05.478783+00,sent,f,2026-09-29 18:46:05.478783+00
1278,1936,1935,github,3971500999,2026-09-29 18:45:58.345736+00,2026-09-29 18:45:59.537707+00,3a4ee0e2-6e35-441a-8e32-0818c5b28b7b,Amenaza critical detectada,critical,"{slack,email}",2026-09-29 18:46:05.478783+00,2026-09-29 18:46:05.478783+00,sent,f,2026-09-29 18:46:05.478783+00
1279,1937,1936,github,2970415750,2026-09-29 18:45:58.345736+00,2026-09-29 18:45:59.537707+00,25dec31a-078a-46da-9bc7-7e89ce8d8c86,Amenaza high detectada,high,"{slack,email}",2026-09-29 18:46:05.478783+00,2026-09-29 18:46:05.478783+00,sent,f,2026-09-29 18:46:05.478783+00
1280,1938,1937,github,5222842203,2026-09-29 18:45:58.345736+00,2026-09-29 18:45:59.537707+00,4be15a68-94d3-4ab1-991f-dff868b2e13d,Amenaza high detectada,high,"{slack,email}",2026-09-29 18:46:05.478783+00,2026-09-29 18:46:05.478783+00,sent,f,2026-09-29 18:46:05.478783+00
1281,1939,1938,github,4471195789,2026-09-29 18:45:58.345736+00,2026-09-29 18:45:59.537707+00,620979a1-f664-4609-a841-2c617d1e4fe9,Amenaza high detectada,high,"{slack,email}",2026-09-29 18:46:05.478783+00,2026-09-29 18:46:05.478783+00,sent,f,2026-09-29 18:46:05.478783+00
1282,1940,1939,github,4433668037,2026-09-29 18:45:58.345736+00,2026-09-29 18:45:59.537707+00,e6d70933-f0e5-4b06-850d-91ed96e218fb,Amenaza critical detectada,critical,"{slack,email}",2026-09-29 18:46:05.478783+00,2026-09-29 18:46:05.478783+00,sent,f,2026-09-29 18:46:05.478783+00
1283,1941,1940,github,5246386616,2026-09-29 18:45:58.345736+00,2026-09-29 18:45:59.537707+00,f32d1a04-db3c-4773-8ebe-2e1fccfde368,Amenaza critical detectada,critical,"{slack,email}",2026-09-29 18:46:05.478783+00,2026-09-29 18:46:05.478783+00,sent,f,2026-09-29 18:46:05.478783+00
1284,1942,1941,github,4672882427,2026-09-29 18:45:58.345736+00,2026-09-29 18:45:59.537707+00,02c46216-d000-426e-884b-3deb0a672f9d,Amenaza critical detectada,critical,"{slack,email}",2026-09-29 18:46:05.478783+00,2026-09-29 18:46:05.478783+00,sent,f,2026-09-29 18:46:05.478783+00
1285,1943,1942,github,3048325706,2026-09-29 18:45:58.345736+00,2026-09-29 18:45:59.537707+00,aa9d71df-183c-491c-8662-f6bc136cebc8,Amenaza high detectada,high,"{slack,email}",2026-09-29 18:46:05.478783+00,2026-09-29 18:46:05.478783+00,sent,f,2026-09-29 18:46:05.478783+00
1286,1944,1943,github,5605937903,2026-09-29 18:45:58.345736+00,2026-09-29 18:45:59.537707+00,b6841d02-536b-413b-820e-e3f6cedc2f47,Amenaza high detectada,high,"{slack,email}",2026-09-29 18:46:05.478783+00,2026-09-29 18:46:05.478783+00,sent,f,2026-09-29 18:46:05.478783+00
1287,1945,1944,github,4433667938,2026-09-29 18:45:58.345736+00,2026-09-29 18:45:59.537707+00,ee85a30a-9091-4473-b863-a8a9fbaad2b3,Amenaza critical detectada,critical,"{slack,email}",2026-09-29 18:46:05.478783+00,2026-09-29 18:46:05.478783+00,sent,f,2026-09-29 18:46:05.478783+00
1288,1946,1945,github,5635350894,2026-09-29 18:45:58.345736+00,2026-09-29 18:45:59.537707+00,7a9e2ed3-4e8a-40fd-8d05-082be8a35dd0,Amenaza critical detectada,critical,"{slack,email}",2026-09-29 18:46:05.478783+00,2026-09-29 18:46:05.478783+00,sent,f,2026-09-29 18:46:05.478783+00
1289,1947,1946,github,4141701490,2026-09-29 18:45:58.345736+00,2026-09-29 18:45:59.537707+00,9361ec71-82af-4238-9652-c4760ab1ac56,Amenaza critical detectada,critical,"{slack,email}",2026-09-29 18:46:05.478783+00,2026-09-29 18:46:05.478783+00,sent,f,2026-09-29 18:46:05.478783+00
1290,1950,1949,github,4433667844,2026-09-29 18:45:58.345736+00,2026-09-29 18:45:59.537707+00,3e84effb-39ca-4410-8c91-ba2bdf2d5f76,Amenaza critical detectada,critical,"{slack,email}",2026-09-29 18:46:05.478783+00,2026-09-29 18:46:05.478783+00,sent,f,2026-09-29 18:46:05.478783+00
1291,1951,1950,github,5635344011,2026-09-29 18:45:58.345736+00,2026-09-29 18:45:59.537707+00,6284bed2-e969-4b19-b657-204a7f1bde28,Amenaza critical detectada,critical,"{slack,email}",2026-09-29 18:46:05.478783+00,2026-09-29 18:46:05.478783+00,sent,f,2026-09-29 18:46:05.478783+00
1292,1952,1951,github,5635343457,2026-09-29 18:45:58.345736+00,2026-09-29 18:45:59.537707+00,e0492f81-cc90-4d62-91df-0dceb0592be3,Amenaza critical detectada,critical,"{slack,email}",2026-09-29 18:46:05.478783+00,2026-09-29 18:46:05.478783+00,sent,f,2026-09-29 18:46:05.478783+00
1293,1953,1952,github,2905392493,2026-09-29 18:45:58.345736+00,2026-09-29 18:45:59.537707+00,1e0424be-ed8b-486e-bb60-ec1b3708f4c3,Amenaza critical detectada,critical,"{slack,email}",2026-09-29 18:46:05.478783+00,2026-09-29 18:46:05.478783+00,sent,f,2026-09-29 18:46:05.478783+00
1294,1954,1953,github,4139709574,2026-09-29 18:45:58.345736+00,2026-09-29 18:45:59.537707+00,a136090e-cae5-4f81-b0b2-8ee4f2b3ae38,Amenaza critical detectada,critical,"{slack,email}",2026-09-29 18:46:05.478783+00,2026-09-29 18:46:05.478783+00,sent,f,2026-09-29 18:46:05.478783+00
1295,1955,1954,github,5043150541,2026-09-29 18:45:58.345736+00,2026-09-29 18:45:59.537707+00,5f8c422b-4c63-4065-8948-84cd4dde5907,Amenaza critical detectada,critical,"{slack,email}",2026-09-29 18:46:05.478783+00,2026-09-29 18:46:05.478783+00,sent,f,2026-09-29 18:46:05.478783+00
1296,1956,1955,github,5635350243,2026-09-29 18:45:58.345736+00,2026-09-29 18:45:59.537707+00,1f9cb701-47c3-4335-8286-4ef0db02f7b2,Amenaza critical detectada,critical,"{slack,email}",2026-09-29 18:46:05.478783+00,2026-09-29 18:46:05.478783+00,sent,f,2026-09-29 18:46:05.478783+00
1297,1957,1956,github,3675667549,2026-09-29 18:45:58.345736+00,2026-09-29 18:45:59.537707+00,b026b78d-0430-4125-ac5b-23ef48838808,Amenaza critical detectada,critical,"{slack,email}",2026-09-29 18:46:05.478783+00,2026-09-29 18:46:05.478783+00,sent,f,2026-09-29 18:46:05.478783+00
1298,1958,1957,github,3244714779,2026-09-29 18:45:58.345736+00,2026-09-29 18:45:59.537707+00,c86b304b-ddae-4dd3-a5fb-a4ec0a1dd915,Amenaza high detectada,high,"{slack,email}",2026-09-29 18:46:05.478783+00,2026-09-29 18:46:05.478783+00,sent,f,2026-09-29 18:46:05.478783+00
1299,1959,1958,github,4672882123,2026-09-29 18:45:58.345736+00,2026-09-29 18:45:59.537707+00,939870ce-26a8-45a9-b64e-bf9080ab0c5b,Amenaza critical detectada,critical,"{slack,email}",2026-09-29 18:46:05.478783+00,2026-09-29 18:46:05.478783+00,sent,f,2026-09-29 18:46:05.478783+00
1300,1960,1959,github,4472377768,2026-09-29 18:45:58.345736+00,2026-09-29 18:45:59.537707+00,ab65a155-a87d-4894-bb1c-31a869d6f4f7,Amenaza critical detectada,critical,"{slack,email}",2026-09-29 18:46:05.478783+00,2026-09-29 18:46:05.478783+00,sent,f,2026-09-29 18:46:05.478783+00
1301,1961,1960,github,2650091002,2026-09-29 18:45:58.345736+00,2026-09-29 18:45:59.537707+00,97a4016e-4552-412f-b667-a22f1f625ae0,Amenaza critical detectada,critical,"{slack,email}",2026-09-29 18:46:05.478783+00,2026-09-29 18:46:05.478783+00,sent,f,2026-09-29 18:46:05.478783+00
1302,1962,1961,github,4591565473,2026-09-29 18:45:58.345736+00,2026-09-29 18:45:59.537707+00,d9583990-2266-4c8f-b36e-8f1ba44ac48f,Amenaza critical detectada,critical,"{slack,email}",2026-09-29 18:46:05.478783+00,2026-09-29 18:46:05.478783+00,sent,f,2026-09-29 18:46:05.478783+00
1303,1963,1962,github,4480800325,2026-09-29 18:45:58.345736+00,2026-09-29 18:45:59.537707+00,cec6d762-b7f1-4ba7-89f2-d8519e760565,Amenaza critical detectada,critical,"{slack,email}",2026-09-29 18:46:05.478783+00,2026-09-29 18:46:05.478783+00,sent,f,2026-09-29 18:46:05.478783+00
1304,1964,1963,github,3232335127,2026-09-29 18:45:58.345736+00,2026-09-29 18:45:59.537707+00,36d5bc2c-53c8-4170-83f1-614a4daf3aa5,Amenaza critical detectada,critical,"{slack,email}",2026-09-29 18:46:05.478783+00,2026-09-29 18:46:05.478783+00,sent,f,2026-09-29 18:46:05.478783+00
1305,1965,1964,github,5165696074,2026-09-29 18:45:58.345736+00,2026-09-29 18:45:59.537707+00,72a25c71-e1dd-4645-a50f-1e14980f17ad,Amenaza critical detectada,critical,"{slack,email}",2026-09-29 18:46:05.478783+00,2026-09-29 18:46:05.478783+00,sent,f,2026-09-29 18:46:05.478783+00
1306,1966,1965,github,4591565346,2026-09-29 18:45:58.345736+00,2026-09-29 18:45:59.537707+00,de5bad99-a01b-4549-8f46-c8d6338a12e3,Amenaza critical detectada,critical,"{slack,email}",2026-09-29 18:46:05.478783+00,2026-09-29 18:46:05.478783+00,sent,f,2026-09-29 18:46:05.478783+00
1307,1967,1966,github,5044660742,2026-09-29 18:45:58.345736+00,2026-09-29 18:45:59.537707+00,d90f8e5d-9f62-4348-a317-94e0d5c885a7,Amenaza critical detectada,critical,"{slack,email}",2026-09-29 18:46:05.478783+00,2026-09-29 18:46:05.478783+00,sent,f,2026-09-29 18:46:05.478783+00
1308,1969,1968,github,5224316677,2026-09-29 18:45:58.345736+00,2026-09-29 18:45:59.537707+00,220d77e6-e75f-48d2-8b40-1e2972668a89,Amenaza high detectada,high,"{slack,email}",2026-09-29 18:46:05.478783+00,2026-09-29 18:46:05.478783+00,sent,f,2026-09-29 18:46:05.478783+00
1309,1971,1970,github,5293701389,2026-09-29 19:00:58.520816+00,2026-09-29 19:00:59.868016+00,09e0dfd1-92c3-4cce-8337-f5006bac7dd4,Amenaza critical detectada,critical,"{slack,email}",2026-09-29 19:01:04.644132+00,2026-09-29 19:01:04.644132+00,sent,f,2026-09-29 19:01:04.644132+00
1310,1972,1971,github,4633866117,2026-09-29 19:00:58.520816+00,2026-09-29 19:00:59.868016+00,ad34fcdb-2003-49c3-a41f-25d272a5294b,Amenaza critical detectada,critical,"{slack,email}",2026-09-29 19:01:04.644132+00,2026-09-29 19:01:04.644132+00,sent,f,2026-09-29 19:01:04.644132+00
1311,1973,1972,github,3961463801,2026-09-29 19:00:58.520816+00,2026-09-29 19:00:59.868016+00,2d278e2c-ca2a-4c6f-b44b-868475f2e679,Amenaza critical detectada,critical,"{slack,email}",2026-09-29 19:01:04.644132+00,2026-09-29 19:01:04.644132+00,sent,f,2026-09-29 19:01:04.644132+00
1312,1974,1973,github,4167963374,2026-09-29 19:00:58.520816+00,2026-09-29 19:00:59.868016+00,12589f5a-86d9-49aa-88ab-f21a9c4c62c4,Amenaza high detectada,high,"{slack,email}",2026-09-29 19:01:04.644132+00,2026-09-29 19:01:04.644132+00,sent,f,2026-09-29 19:01:04.644132+00
1313,1975,1974,github,2609443070,2026-09-29 19:00:58.520816+00,2026-09-29 19:00:59.868016+00,0349f7b3-1dda-4da2-8698-82e10b653d16,Amenaza critical detectada,critical,"{slack,email}",2026-09-29 19:01:04.644132+00,2026-09-29 19:01:04.644132+00,sent,f,2026-09-29 19:01:04.644132+00
1314,1976,1975,github,5056053378,2026-09-29 19:00:58.520816+00,2026-09-29 19:00:59.868016+00,5f306e72-d3d7-49ea-a276-c933478f4033,Amenaza critical detectada,critical,"{slack,email}",2026-09-29 19:01:04.644132+00,2026-09-29 19:01:04.644132+00,sent,f,2026-09-29 19:01:04.644132+00
1315,1978,1977,github,5147763894,2026-09-29 19:00:58.520816+00,2026-09-29 19:00:59.868016+00,da4839e8-0c4a-4561-bbd4-84b6230388ee,Amenaza critical detectada,critical,"{slack,email}",2026-09-29 19:01:04.644132+00,2026-09-29 19:01:04.644132+00,sent,f,2026-09-29 19:01:04.644132+00
1316,1979,1978,github,4235788186,2026-09-29 19:00:58.520816+00,2026-09-29 19:00:59.868016+00,a5a2211c-042b-458e-a4e2-ddd05c2a0f55,Amenaza critical detectada,critical,"{slack,email}",2026-09-29 19:01:04.644132+00,2026-09-29 19:01:04.644132+00,sent,f,2026-09-29 19:01:04.644132+00
1317,1980,1979,github,3233294272,2026-09-29 19:00:58.520816+00,2026-09-29 19:00:59.868016+00,28bee572-bbfc-4819-98d5-af85d27b4946,Amenaza critical detectada,critical,"{slack,email}",2026-09-29 19:01:04.644132+00,2026-09-29 19:01:04.644132+00,sent,f,2026-09-29 19:01:04.644132+00
1318,1981,1980,github,5133326862,2026-09-29 19:00:58.520816+00,2026-09-29 19:00:59.868016+00,3e550171-8453-4728-8adf-e5744ac8a3e4,Amenaza critical detectada,critical,"{slack,email}",2026-09-29 19:01:04.644132+00,2026-09-29 19:01:04.644132+00,sent,f,2026-09-29 19:01:04.644132+00
1319,1982,1981,github,5294324305,2026-09-29 19:00:58.520816+00,2026-09-29 19:00:59.868016+00,afbf6e39-5b91-4f06-97d3-213e1bde87a2,Amenaza critical detectada,critical,"{slack,email}",2026-09-29 19:01:04.644132+00,2026-09-29 19:01:04.644132+00,sent,f,2026-09-29 19:01:04.644132+00
1320,1983,1982,github,4695217687,2026-09-29 19:00:58.520816+00,2026-09-29 19:00:59.868016+00,d34ae2d4-44df-46a3-8d70-7c4e3eb0c4df,Amenaza critical detectada,critical,"{slack,email}",2026-09-29 19:01:04.644132+00,2026-09-29 19:01:04.644132+00,sent,f,2026-09-29 19:01:04.644132+00
1321,1984,1983,github,3851364350,2026-09-29 19:00:58.520816+00,2026-09-29 19:00:59.868016+00,6e065d43-fba0-4ffe-8f9d-ff9df42cba1d,Amenaza critical detectada,critical,"{slack,email}",2026-09-29 19:01:04.644132+00,2026-09-29 19:01:04.644132+00,sent,f,2026-09-29 19:01:04.644132+00
1322,1985,1984,github,1101205911,2026-09-29 19:00:58.520816+00,2026-09-29 19:00:59.868016+00,1fcecf9d-9d62-4845-a4b9-e5ebe04068b7,Amenaza critical detectada,critical,"{slack,email}",2026-09-29 19:01:04.644132+00,2026-09-29 19:01:04.644132+00,sent,f,2026-09-29 19:01:04.644132+00
1323,1986,1985,github,5635531633,2026-09-29 19:00:58.520816+00,2026-09-29 19:00:59.868016+00,63ee91da-0a4b-45f1-92f6-fb2d3354ed71,Amenaza high detectada,high,"{slack,email}",2026-09-29 19:01:04.644132+00,2026-09-29 19:01:04.644132+00,sent,f,2026-09-29 19:01:04.644132+00
1324,1987,1986,github,5133326672,2026-09-29 19:00:58.520816+00,2026-09-29 19:00:59.868016+00,7e6cab2e-bec1-4b6e-a204-88d8ebb7f625,Amenaza critical detectada,critical,"{slack,email}",2026-09-29 19:01:04.644132+00,2026-09-29 19:01:04.644132+00,sent,f,2026-09-29 19:01:04.644132+00
1325,1988,1987,github,2598140708,2026-09-29 19:00:58.520816+00,2026-09-29 19:00:59.868016+00,a62d7f0a-c46b-419f-81c5-94dede3ea2fc,Amenaza critical detectada,critical,"{slack,email}",2026-09-29 19:01:04.644132+00,2026-09-29 19:01:04.644132+00,sent,f,2026-09-29 19:01:04.644132+00
1326,1989,1988,github,2650135032,2026-09-29 19:00:58.520816+00,2026-09-29 19:00:59.868016+00,dcb6e6cd-e913-432b-ba15-9fcf8305caaf,Amenaza critical detectada,critical,"{slack,email}",2026-09-29 19:01:04.644132+00,2026-09-29 19:01:04.644132+00,sent,f,2026-09-29 19:01:04.644132+00
1327,1990,1989,github,4633865958,2026-09-29 19:00:58.520816+00,2026-09-29 19:00:59.868016+00,03a4704d-b545-4d54-b1b1-62efe8570bfa,Amenaza critical detectada,critical,"{slack,email}",2026-09-29 19:01:04.644132+00,2026-09-29 19:01:04.644132+00,sent,f,2026-09-29 19:01:04.644132+00
1328,1991,1990,github,2600098574,2026-09-29 19:00:58.520816+00,2026-09-29 19:00:59.868016+00,54d9f884-eeda-4fcc-a992-5921f58d76cd,Amenaza critical detectada,critical,"{slack,email}",2026-09-29 19:01:04.644132+00,2026-09-29 19:01:04.644132+00,sent,f,2026-09-29 19:01:04.644132+00
1329,1992,1991,github,5056053263,2026-09-29 19:00:58.520816+00,2026-09-29 19:00:59.868016+00,8c885958-5299-45f8-81bc-568bfa26080e,Amenaza critical detectada,critical,"{slack,email}",2026-09-29 19:01:04.644132+00,2026-09-29 19:01:04.644132+00,sent,f,2026-09-29 19:01:04.644132+00
1330,1993,1992,github,3932161308,2026-09-29 19:00:58.520816+00,2026-09-29 19:00:59.868016+00,f60367af-051a-4ba8-b5f3-9892d5f793b6,Amenaza critical detectada,critical,"{slack,email}",2026-09-29 19:01:04.644132+00,2026-09-29 19:01:04.644132+00,sent,f,2026-09-29 19:01:04.644132+00
1331,1994,1993,github,4156613419,2026-09-29 19:00:58.520816+00,2026-09-29 19:00:59.868016+00,37d8fcb2-6b9c-4cd7-9320-3a6d9399ea26,Amenaza critical detectada,critical,"{slack,email}",2026-09-29 19:01:04.644132+00,2026-09-29 19:01:04.644132+00,sent,f,2026-09-29 19:01:04.644132+00
1332,1995,1994,github,1252100510,2026-09-29 19:00:58.520816+00,2026-09-29 19:00:59.868016+00,4580c750-0847-4251-aed1-9acb98c0bc97,Amenaza critical detectada,critical,"{slack,email}",2026-09-29 19:01:04.644132+00,2026-09-29 19:01:04.644132+00,sent,f,2026-09-29 19:01:04.644132+00
1333,1996,1995,github,1101205701,2026-09-29 19:00:58.520816+00,2026-09-29 19:00:59.868016+00,c320a54a-4c65-4880-8591-799d56f5723b,Amenaza critical detectada,critical,"{slack,email}",2026-09-29 19:01:04.644132+00,2026-09-29 19:01:04.644132+00,sent,f,2026-09-29 19:01:04.644132+00
1334,1997,1996,github,4633865812,2026-09-29 19:00:58.520816+00,2026-09-29 19:00:59.868016+00,1e7e58fd-8b6a-4e85-b48f-89698ecea502,Amenaza critical detectada,critical,"{slack,email}",2026-09-29 19:01:04.644132+00,2026-09-29 19:01:04.644132+00,sent,f,2026-09-29 19:01:04.644132+00
1335,1998,1997,github,5635530238,2026-09-29 19:00:58.520816+00,2026-09-29 19:00:59.868016+00,9a11c202-5dcd-4b76-8726-71b9cb298dd2,Amenaza critical detectada,critical,"{slack,email}",2026-09-29 19:01:04.644132+00,2026-09-29 19:01:04.644132+00,sent,f,2026-09-29 19:01:04.644132+00
1336,1999,1998,github,5043223912,2026-09-29 19:00:58.520816+00,2026-09-29 19:00:59.868016+00,3ff64006-ba3d-4d78-bfd7-807eb5f80e07,Amenaza critical detectada,critical,"{slack,email}",2026-09-29 19:01:04.644132+00,2026-09-29 19:01:04.644132+00,sent,f,2026-09-29 19:01:04.644132+00
1337,2000,1999,github,4156613255,2026-09-29 19:00:58.520816+00,2026-09-29 19:00:59.868016+00,9401a388-d962-4d47-b349-50945e8af372,Amenaza critical detectada,critical,"{slack,email}",2026-09-29 19:01:04.644132+00,2026-09-29 19:01:04.644132+00,sent,f,2026-09-29 19:01:04.644132+00
1338,2001,2000,github,5635529978,2026-09-29 19:00:58.520816+00,2026-09-29 19:00:59.868016+00,dd5c2e15-41c8-4ef0-a262-96e069856f91,Amenaza critical detectada,critical,"{slack,email}",2026-09-29 19:01:04.644132+00,2026-09-29 19:01:04.644132+00,sent,f,2026-09-29 19:01:04.644132+00
1339,2002,2001,github,4633865669,2026-09-29 19:00:58.520816+00,2026-09-29 19:00:59.868016+00,79282692-ace8-409b-b2d9-4d33b1a343a2,Amenaza critical detectada,critical,"{slack,email}",2026-09-29 19:01:04.644132+00,2026-09-29 19:01:04.644132+00,sent,f,2026-09-29 19:01:04.644132+00
1340,2003,2002,github,5635529797,2026-09-29 19:00:58.520816+00,2026-09-29 19:00:59.868016+00,aab9b5dc-5ce5-41fd-a42b-d1c497cc4fce,Amenaza critical detectada,critical,"{slack,email}",2026-09-29 19:01:04.644132+00,2026-09-29 19:01:04.644132+00,sent,f,2026-09-29 19:01:04.644132+00
1341,2004,2003,github,5635529642,2026-09-29 19:00:58.520816+00,2026-09-29 19:00:59.868016+00,9188e17c-51f5-4d81-9a6d-67293dd4c1bd,Amenaza critical detectada,critical,"{slack,email}",2026-09-29 19:01:04.644132+00,2026-09-29 19:01:04.644132+00,sent,f,2026-09-29 19:01:04.644132+00
1342,2005,2004,github,5043223831,2026-09-29 19:00:58.520816+00,2026-09-29 19:00:59.868016+00,f30b1fe4-a278-4d1e-b2d8-b86acf3cedbc,Amenaza critical detectada,critical,"{slack,email}",2026-09-29 19:01:04.644132+00,2026-09-29 19:01:04.644132+00,sent,f,2026-09-29 19:01:04.644132+00
1343,2006,2005,github,4669973720,2026-09-29 19:00:58.520816+00,2026-09-29 19:00:59.868016+00,f84e0fea-0ae3-4ae0-b6fb-f1ca72db89c0,Amenaza critical detectada,critical,"{slack,email}",2026-09-29 19:01:04.644132+00,2026-09-29 19:01:04.644132+00,sent,f,2026-09-29 19:01:04.644132+00
1344,2007,2006,github,4633865354,2026-09-29 19:00:58.520816+00,2026-09-29 19:00:59.868016+00,c4be88be-ebf9-4f63-9d6c-d7e1193317a2,Amenaza critical detectada,critical,"{slack,email}",2026-09-29 19:01:04.644132+00,2026-09-29 19:01:04.644132+00,sent,f,2026-09-29 19:01:04.644132+00
1345,2008,2007,github,3342736670,2026-09-29 19:00:58.520816+00,2026-09-29 19:00:59.868016+00,f021291e-6820-454a-b842-4f8af26605da,Amenaza critical detectada,critical,"{slack,email}",2026-09-29 19:01:04.644132+00,2026-09-29 19:01:04.644132+00,sent,f,2026-09-29 19:01:04.644132+00
1346,2009,2008,github,1509891504,2026-09-29 19:00:58.520816+00,2026-09-29 19:00:59.868016+00,c85a6e3a-0507-447f-ad4b-3678cdeaa95a,Amenaza critical detectada,critical,"{slack,email}",2026-09-29 19:01:04.644132+00,2026-09-29 19:01:04.644132+00,sent,f,2026-09-29 19:01:04.644132+00
1347,2010,2009,github,4633865178,2026-09-29 19:00:58.520816+00,2026-09-29 19:00:59.868016+00,b19a7b02-2fa8-4ded-bd83-c587a595070e,Amenaza critical detectada,critical,"{slack,email}",2026-09-29 19:01:04.644132+00,2026-09-29 19:01:04.644132+00,sent,f,2026-09-29 19:01:04.644132+00
1348,2011,2010,github,4672922161,2026-09-29 19:00:58.520816+00,2026-09-29 19:00:59.868016+00,cdb097ae-ccfa-4d4b-96ea-9df07494f098,Amenaza critical detectada,critical,"{slack,email}",2026-09-29 19:01:04.644132+00,2026-09-29 19:01:04.644132+00,sent,f,2026-09-29 19:01:04.644132+00
1349,2012,2011,github,5074136423,2026-09-29 19:00:58.520816+00,2026-09-29 19:00:59.868016+00,635ef44d-51f3-4df0-925c-e87500148693,Amenaza critical detectada,critical,"{slack,email}",2026-09-29 19:01:04.644132+00,2026-09-29 19:01:04.644132+00,sent,f,2026-09-29 19:01:04.644132+00
1350,2013,2012,github,2036904648,2026-09-29 19:00:58.520816+00,2026-09-29 19:00:59.868016+00,93b5bab8-e880-43e9-9034-741c978b47da,Amenaza critical detectada,critical,"{slack,email}",2026-09-29 19:01:04.644132+00,2026-09-29 19:01:04.644132+00,sent,f,2026-09-29 19:01:04.644132+00
1351,2014,2013,github,5138460176,2026-09-29 19:00:58.520816+00,2026-09-29 19:00:59.868016+00,7bc7bff2-85eb-488c-8955-5ea8abd1e24b,Amenaza critical detectada,critical,"{slack,email}",2026-09-29 19:01:04.644132+00,2026-09-29 19:01:04.644132+00,sent,f,2026-09-29 19:01:04.644132+00
1352,2015,2014,github,4150047925,2026-09-29 19:00:58.520816+00,2026-09-29 19:00:59.868016+00,7607a5d2-3620-48fc-8992-84573a245f1a,Amenaza critical detectada,critical,"{slack,email}",2026-09-29 19:01:04.644132+00,2026-09-29 19:01:04.644132+00,sent,f,2026-09-29 19:01:04.644132+00
1353,2016,2015,github,5074136238,2026-09-29 19:00:58.520816+00,2026-09-29 19:00:59.868016+00,b60bdb63-51b2-4a23-b5ae-9b37955ceb2a,Amenaza critical detectada,critical,"{slack,email}",2026-09-29 19:01:04.644132+00,2026-09-29 19:01:04.644132+00,sent,f,2026-09-29 19:01:04.644132+00
1354,2017,2016,github,4150047779,2026-09-29 19:00:58.520816+00,2026-09-29 19:00:59.868016+00,29d595e6-0e28-4d0c-91c7-c27648980a56,Amenaza critical detectada,critical,"{slack,email}",2026-09-29 19:01:04.644132+00,2026-09-29 19:01:04.644132+00,sent,f,2026-09-29 19:01:04.644132+00
1355,2019,2018,github,1029739564,2026-09-29 19:15:59.03165+00,2026-09-29 19:16:00.565344+00,09c0c771-c5e3-4e55-ba0e-e3483d17178b,Amenaza high detectada,high,"{slack,email}",2026-09-29 19:16:05.20826+00,2026-09-29 19:16:05.20826+00,sent,f,2026-09-29 19:16:05.20826+00
1356,2020,2019,github,4763226810,2026-09-29 19:15:59.03165+00,2026-09-29 19:16:00.565344+00,5922d258-9ef0-48e4-8dc5-d25f890c7685,Amenaza high detectada,high,"{slack,email}",2026-09-29 19:16:05.20826+00,2026-09-29 19:16:05.20826+00,sent,f,2026-09-29 19:16:05.20826+00
1357,2021,2020,github,3233309485,2026-09-29 19:15:59.03165+00,2026-09-29 19:16:00.565344+00,250bed58-76bc-431a-8b64-18f9b8058ba2,Amenaza critical detectada,critical,"{slack,email}",2026-09-29 19:16:05.20826+00,2026-09-29 19:16:05.20826+00,sent,f,2026-09-29 19:16:05.20826+00
1358,2022,2021,github,3593295298,2026-09-29 19:15:59.03165+00,2026-09-29 19:16:00.565344+00,d50e4b70-4525-4344-8a09-8f48296bce63,Amenaza critical detectada,critical,"{slack,email}",2026-09-29 19:16:05.20826+00,2026-09-29 19:16:05.20826+00,sent,f,2026-09-29 19:16:05.20826+00
1359,2023,2022,github,5635716876,2026-09-29 19:15:59.03165+00,2026-09-29 19:16:00.565344+00,2f327a4e-f10d-4633-bafa-ad9c96960459,Amenaza high detectada,high,"{slack,email}",2026-09-29 19:16:05.20826+00,2026-09-29 19:16:05.20826+00,sent,f,2026-09-29 19:16:05.20826+00
1360,2024,2023,github,4098510171,2026-09-29 19:15:59.03165+00,2026-09-29 19:16:00.565344+00,1c0c0447-7cf9-48d4-bad1-dc2069f85a7e,Amenaza critical detectada,critical,"{slack,email}",2026-09-29 19:16:05.20826+00,2026-09-29 19:16:05.20826+00,sent,f,2026-09-29 19:16:05.20826+00
1361,2026,2025,github,5025341459,2026-09-29 19:15:59.03165+00,2026-09-29 19:16:00.565344+00,eb71622b-56c1-4b4d-b8b9-adf1bd25bd92,Amenaza critical detectada,critical,"{slack,email}",2026-09-29 19:16:05.20826+00,2026-09-29 19:16:05.20826+00,sent,f,2026-09-29 19:16:05.20826+00
1362,2027,2026,github,4763167902,2026-09-29 19:15:59.03165+00,2026-09-29 19:16:00.565344+00,96f268af-7182-47ed-b4ae-d13fc6458b14,Amenaza critical detectada,critical,"{slack,email}",2026-09-29 19:16:05.20826+00,2026-09-29 19:16:05.20826+00,sent,f,2026-09-29 19:16:05.20826+00
1363,2028,2027,github,4763167842,2026-09-29 19:15:59.03165+00,2026-09-29 19:16:00.565344+00,e6b1bcc5-375c-4e5e-8daf-c009d211bfbb,Amenaza critical detectada,critical,"{slack,email}",2026-09-29 19:16:05.20826+00,2026-09-29 19:16:05.20826+00,sent,f,2026-09-29 19:16:05.20826+00
1364,2029,2028,github,2845620216,2026-09-29 19:15:59.03165+00,2026-09-29 19:16:00.565344+00,68cb24ae-cd94-409f-a568-f24c9c6006cf,Amenaza high detectada,high,"{slack,email}",2026-09-29 19:16:05.20826+00,2026-09-29 19:16:05.20826+00,sent,f,2026-09-29 19:16:05.20826+00
1365,2031,2030,github,5635709098,2026-09-29 19:15:59.03165+00,2026-09-29 19:16:00.565344+00,7bf3dc6b-5de9-410b-a7ae-214d91594974,Amenaza critical detectada,critical,"{slack,email}",2026-09-29 19:16:05.20826+00,2026-09-29 19:16:05.20826+00,sent,f,2026-09-29 19:16:05.20826+00
1366,2032,2031,github,4669008822,2026-09-29 19:15:59.03165+00,2026-09-29 19:16:00.565344+00,1b776ae5-533a-418b-834c-2a9741dad72d,Amenaza critical detectada,critical,"{slack,email}",2026-09-29 19:16:05.20826+00,2026-09-29 19:16:05.20826+00,sent,f,2026-09-29 19:16:05.20826+00
1367,2033,2032,github,4763167694,2026-09-29 19:15:59.03165+00,2026-09-29 19:16:00.565344+00,de06a69f-c8ac-4262-9ddf-2f764beba8fd,Amenaza critical detectada,critical,"{slack,email}",2026-09-29 19:16:05.20826+00,2026-09-29 19:16:05.20826+00,sent,f,2026-09-29 19:16:05.20826+00
1368,2034,2033,github,2817347285,2026-09-29 19:15:59.03165+00,2026-09-29 19:16:00.565344+00,7ccd8cb3-6c7f-4e95-a8b4-0dfd67a6c924,Amenaza high detectada,high,"{slack,email}",2026-09-29 19:16:05.20826+00,2026-09-29 19:16:05.20826+00,sent,f,2026-09-29 19:16:05.20826+00
1369,2035,2034,github,2910348658,2026-09-29 19:15:59.03165+00,2026-09-29 19:16:00.565344+00,ff6d0cd4-ea4c-420d-97bd-69a58a322266,Amenaza critical detectada,critical,"{slack,email}",2026-09-29 19:16:05.20826+00,2026-09-29 19:16:05.20826+00,sent,f,2026-09-29 19:16:05.20826+00
1370,2036,2035,github,3918883759,2026-09-29 19:15:59.03165+00,2026-09-29 19:16:00.565344+00,fa04382f-4ee8-4712-a977-bb3000b7fc25,Amenaza critical detectada,critical,"{slack,email}",2026-09-29 19:16:05.20826+00,2026-09-29 19:16:05.20826+00,sent,f,2026-09-29 19:16:05.20826+00
1371,2037,2036,github,4944300510,2026-09-29 19:15:59.03165+00,2026-09-29 19:16:00.565344+00,d970b5af-14dc-495a-ad2a-392100b8dcdb,Amenaza critical detectada,critical,"{slack,email}",2026-09-29 19:16:05.20826+00,2026-09-29 19:16:05.20826+00,sent,f,2026-09-29 19:16:05.20826+00
1372,2038,2037,github,1024855770,2026-09-29 19:15:59.03165+00,2026-09-29 19:16:00.565344+00,99153d9b-b4b3-45f1-b16b-47a1dbbdb5a1,Amenaza critical detectada,critical,"{slack,email}",2026-09-29 19:16:05.20826+00,2026-09-29 19:16:05.20826+00,sent,f,2026-09-29 19:16:05.20826+00
1373,2040,2039,github,2812204427,2026-09-29 19:15:59.03165+00,2026-09-29 19:16:00.565344+00,2e0eb00b-58bd-457d-ae1c-3ec61b57fc88,Amenaza high detectada,high,"{slack,email}",2026-09-29 19:16:05.20826+00,2026-09-29 19:16:05.20826+00,sent,f,2026-09-29 19:16:05.20826+00
1374,2041,2040,github,4936395893,2026-09-29 19:15:59.03165+00,2026-09-29 19:16:00.565344+00,fbddb874-1c5e-4715-933a-aac01de4b0cb,Amenaza critical detectada,critical,"{slack,email}",2026-09-29 19:16:05.20826+00,2026-09-29 19:16:05.20826+00,sent,f,2026-09-29 19:16:05.20826+00
1375,2042,2041,github,2031337739,2026-09-29 19:15:59.03165+00,2026-09-29 19:16:00.565344+00,6be646e3-dc49-41a1-95ff-7884ec1a9da6,Amenaza critical detectada,critical,"{slack,email}",2026-09-29 19:16:05.20826+00,2026-09-29 19:16:05.20826+00,sent,f,2026-09-29 19:16:05.20826+00
1376,2043,2042,github,5056093409,2026-09-29 19:15:59.03165+00,2026-09-29 19:16:00.565344+00,1ce2b6c6-0883-4b42-8442-55c2c961f603,Amenaza critical detectada,critical,"{slack,email}",2026-09-29 19:16:05.20826+00,2026-09-29 19:16:05.20826+00,sent,f,2026-09-29 19:16:05.20826+00
1377,2044,2043,github,4704407476,2026-09-29 19:15:59.03165+00,2026-09-29 19:16:00.565344+00,469976e6-0589-4a06-8cd4-5225e9a8fc50,Amenaza critical detectada,critical,"{slack,email}",2026-09-29 19:16:05.20826+00,2026-09-29 19:16:05.20826+00,sent,f,2026-09-29 19:16:05.20826+00
1378,2045,2044,github,5635712211,2026-09-29 19:15:59.03165+00,2026-09-29 19:16:00.565344+00,0d8f95fb-98d7-476f-b950-51a8930bfd00,Amenaza critical detectada,critical,"{slack,email}",2026-09-29 19:16:05.20826+00,2026-09-29 19:16:05.20826+00,sent,f,2026-09-29 19:16:05.20826+00
1379,2046,2045,github,3122349088,2026-09-29 19:15:59.03165+00,2026-09-29 19:16:00.565344+00,f1e64a80-7558-4ac5-b5c7-142a7d431c20,Amenaza critical detectada,critical,"{slack,email}",2026-09-29 19:16:05.20826+00,2026-09-29 19:16:05.20826+00,sent,f,2026-09-29 19:16:05.20826+00
1380,2047,2046,github,5635642871,2026-09-29 19:15:59.03165+00,2026-09-29 19:16:00.565344+00,3017dd59-0a09-4c40-a285-8a2ff62b3df1,Amenaza critical detectada,critical,"{slack,email}",2026-09-29 19:16:05.20826+00,2026-09-29 19:16:05.20826+00,sent,f,2026-09-29 19:16:05.20826+00
1381,2048,2047,github,5635711887,2026-09-29 19:15:59.03165+00,2026-09-29 19:16:00.565344+00,bd3eec0c-bff6-4f0a-a7af-88e866786e94,Amenaza critical detectada,critical,"{slack,email}",2026-09-29 19:16:05.20826+00,2026-09-29 19:16:05.20826+00,sent,f,2026-09-29 19:16:05.20826+00
1382,2049,2048,github,5466404341,2026-09-29 19:15:59.03165+00,2026-09-29 19:16:00.565344+00,7eb85b67-6d06-4bc8-a9cc-d8246aaa5fd6,Amenaza critical detectada,critical,"{slack,email}",2026-09-29 19:16:05.20826+00,2026-09-29 19:16:05.20826+00,sent,f,2026-09-29 19:16:05.20826+00
1383,2051,2050,github,2487691229,2026-09-29 19:15:59.03165+00,2026-09-29 19:16:00.565344+00,61d6dda1-0105-4cb9-b041-0f1ac3fb327a,Amenaza high detectada,high,"{slack,email}",2026-09-29 19:16:05.20826+00,2026-09-29 19:16:05.20826+00,sent,f,2026-09-29 19:16:05.20826+00
1384,2052,2051,github,3506718342,2026-09-29 19:15:59.03165+00,2026-09-29 19:16:00.565344+00,cefdab94-7fed-47d6-a182-a62f4dd03740,Amenaza critical detectada,critical,"{slack,email}",2026-09-29 19:16:05.20826+00,2026-09-29 19:16:05.20826+00,sent,f,2026-09-29 19:16:05.20826+00
1385,2053,2052,github,3122349036,2026-09-29 19:15:59.03165+00,2026-09-29 19:16:00.565344+00,990f595d-b695-4b5b-b017-d2583a6771c8,Amenaza critical detectada,critical,"{slack,email}",2026-09-29 19:16:05.20826+00,2026-09-29 19:16:05.20826+00,sent,f,2026-09-29 19:16:05.20826+00
1386,2055,2054,github,4941314038,2026-09-29 19:15:59.03165+00,2026-09-29 19:16:00.565344+00,074bed37-3996-4d1d-94d9-1e22427674f7,Amenaza critical detectada,critical,"{slack,email}",2026-09-29 19:16:05.20826+00,2026-09-29 19:16:05.20826+00,sent,f,2026-09-29 19:16:05.20826+00
1387,2056,2055,github,3343576306,2026-09-29 19:15:59.03165+00,2026-09-29 19:16:00.565344+00,0755c6ea-ee6c-4318-a198-c203dd405313,Amenaza critical detectada,critical,"{slack,email}",2026-09-29 19:16:05.20826+00,2026-09-29 19:16:05.20826+00,sent,f,2026-09-29 19:16:05.20826+00
1388,2057,2056,github,4669003835,2026-09-29 19:15:59.03165+00,2026-09-29 19:16:00.565344+00,487dada1-948e-4975-b141-30201c35b76f,Amenaza critical detectada,critical,"{slack,email}",2026-09-29 19:16:05.20826+00,2026-09-29 19:16:05.20826+00,sent,f,2026-09-29 19:16:05.20826+00
1389,2058,2057,github,5635710533,2026-09-29 19:15:59.03165+00,2026-09-29 19:16:00.565344+00,fb919fbf-e8ea-4cb7-ade1-420b8a6b5d63,Amenaza critical detectada,critical,"{slack,email}",2026-09-29 19:16:05.20826+00,2026-09-29 19:16:05.20826+00,sent,f,2026-09-29 19:16:05.20826+00
1390,2059,2058,github,1406989521,2026-09-29 19:15:59.03165+00,2026-09-29 19:16:00.565344+00,4d54fa24-501a-4998-82c5-cb93dde18b24,Amenaza critical detectada,critical,"{slack,email}",2026-09-29 19:16:05.20826+00,2026-09-29 19:16:05.20826+00,sent,f,2026-09-29 19:16:05.20826+00
1391,2060,2059,github,1024855406,2026-09-29 19:15:59.03165+00,2026-09-29 19:16:00.565344+00,81cb1ccd-bb6f-41a2-a8af-ed965b412dfe,Amenaza critical detectada,critical,"{slack,email}",2026-09-29 19:16:05.20826+00,2026-09-29 19:16:05.20826+00,sent,f,2026-09-29 19:16:05.20826+00
1392,2061,2060,github,3527862484,2026-09-29 19:15:59.03165+00,2026-09-29 19:16:00.565344+00,880fa7d7-50e5-43c8-83a1-b1531177cd61,Amenaza critical detectada,critical,"{slack,email}",2026-09-29 19:16:05.20826+00,2026-09-29 19:16:05.20826+00,sent,f,2026-09-29 19:16:05.20826+00
1393,2062,2061,github,4704407405,2026-09-29 19:15:59.03165+00,2026-09-29 19:16:00.565344+00,8c990fd3-650c-462c-9811-9b19c701efa0,Amenaza critical detectada,critical,"{slack,email}",2026-09-29 19:16:05.20826+00,2026-09-29 19:16:05.20826+00,sent,f,2026-09-29 19:16:05.20826+00
1394,2063,2062,github,982611645,2026-09-29 19:30:59.095008+00,2026-09-29 19:31:00.450997+00,9c609ce9-5ed7-45ae-b507-ab5666e19e1c,Amenaza high detectada,high,"{slack,email}",2026-09-29 19:31:05.162383+00,2026-09-29 19:31:05.162383+00,sent,f,2026-09-29 19:31:05.162383+00
1395,2064,2063,github,5635355580,2026-09-29 19:30:59.095008+00,2026-09-29 19:31:00.450997+00,9ff3f8e9-8285-4893-aa01-382633dbc52a,Amenaza high detectada,high,"{slack,email}",2026-09-29 19:31:05.162383+00,2026-09-29 19:31:05.162383+00,sent,f,2026-09-29 19:31:05.162383+00
1396,2065,2064,github,4105058035,2026-09-29 19:30:59.095008+00,2026-09-29 19:31:00.450997+00,1cc16d40-109a-4db8-ac7d-0883c7d41a47,Amenaza high detectada,high,"{slack,email}",2026-09-29 19:31:05.162383+00,2026-09-29 19:31:05.162383+00,sent,f,2026-09-29 19:31:05.162383+00
1397,2068,2067,github,4011892725,2026-09-29 19:30:59.095008+00,2026-09-29 19:31:00.450997+00,c2b109dd-c65b-42b4-bd50-3abb034bbced,Amenaza high detectada,high,"{slack,email}",2026-09-29 19:31:05.162383+00,2026-09-29 19:31:05.162383+00,sent,f,2026-09-29 19:31:05.162383+00
1398,2069,2068,github,1865520220,2026-09-29 19:30:59.095008+00,2026-09-29 19:31:00.450997+00,087ac25c-952a-41c9-b08f-54a1a2c464a0,Amenaza high detectada,high,"{slack,email}",2026-09-29 19:31:05.162383+00,2026-09-29 19:31:05.162383+00,sent,f,2026-09-29 19:31:05.162383+00
1399,2071,2070,github,2203922856,2026-09-29 19:30:59.095008+00,2026-09-29 19:31:00.450997+00,94a841a6-fafb-48fe-8fd1-a8c1c81b0e8f,Amenaza high detectada,high,"{slack,email}",2026-09-29 19:31:05.162383+00,2026-09-29 19:31:05.162383+00,sent,f,2026-09-29 19:31:05.162383+00
1400,2072,2071,github,3932231058,2026-09-29 19:30:59.095008+00,2026-09-29 19:31:00.450997+00,60ed6704-b9c0-4cbf-ac83-fe7bf4638c63,Amenaza critical detectada,critical,"{slack,email}",2026-09-29 19:31:05.162383+00,2026-09-29 19:31:05.162383+00,sent,f,2026-09-29 19:31:05.162383+00
1401,2073,2072,github,5635891505,2026-09-29 19:30:59.095008+00,2026-09-29 19:31:00.450997+00,891adb40-4f45-481b-b86c-7aec0e136b85,Amenaza high detectada,high,"{slack,email}",2026-09-29 19:31:05.162383+00,2026-09-29 19:31:05.162383+00,sent,f,2026-09-29 19:31:05.162383+00
1402,2075,2074,github,1751834434,2026-09-29 19:30:59.095008+00,2026-09-29 19:31:00.450997+00,d31f11d5-dd04-495b-bf42-6eecef0e8455,Amenaza high detectada,high,"{slack,email}",2026-09-29 19:31:05.162383+00,2026-09-29 19:31:05.162383+00,sent,f,2026-09-29 19:31:05.162383+00
1403,2076,2075,github,1121405211,2026-09-29 19:30:59.095008+00,2026-09-29 19:31:00.450997+00,dce69b39-1a5f-4646-8be8-e50bfe30c735,Amenaza critical detectada,critical,"{slack,email}",2026-09-29 19:31:05.162383+00,2026-09-29 19:31:05.162383+00,sent,f,2026-09-29 19:31:05.162383+00
1404,2077,2076,github,5635890786,2026-09-29 19:30:59.095008+00,2026-09-29 19:31:00.450997+00,7909f01e-54b3-4aae-835b-fc5e460dc5d9,Amenaza critical detectada,critical,"{slack,email}",2026-09-29 19:31:05.162383+00,2026-09-29 19:31:05.162383+00,sent,f,2026-09-29 19:31:05.162383+00
1405,2078,2077,github,1121405039,2026-09-29 19:30:59.095008+00,2026-09-29 19:31:00.450997+00,6106251d-872e-4426-a885-62bb8388eafc,Amenaza critical detectada,critical,"{slack,email}",2026-09-29 19:31:05.162383+00,2026-09-29 19:31:05.162383+00,sent,f,2026-09-29 19:31:05.162383+00
1406,2079,2078,github,896650695,2026-09-29 19:30:59.095008+00,2026-09-29 19:31:00.450997+00,4432f34b-8d67-4c45-8178-9d0a26e05eab,Amenaza critical detectada,critical,"{slack,email}",2026-09-29 19:31:05.162383+00,2026-09-29 19:31:05.162383+00,sent,f,2026-09-29 19:31:05.162383+00
1407,2080,2079,github,5635876480,2026-09-29 19:30:59.095008+00,2026-09-29 19:31:00.450997+00,e5f5f908-c333-4951-89b4-80a468a9564d,Amenaza high detectada,high,"{slack,email}",2026-09-29 19:31:05.162383+00,2026-09-29 19:31:05.162383+00,sent,f,2026-09-29 19:31:05.162383+00
1408,2081,2080,github,3527872684,2026-09-29 19:30:59.095008+00,2026-09-29 19:31:00.450997+00,a86a0ebf-ba0c-4709-b381-bc214a82e6fe,Amenaza critical detectada,critical,"{slack,email}",2026-09-29 19:31:05.162383+00,2026-09-29 19:31:05.162383+00,sent,f,2026-09-29 19:31:05.162383+00
1409,2082,2081,github,4669086783,2026-09-29 19:30:59.095008+00,2026-09-29 19:31:00.450997+00,64ac7a9e-49a1-45cc-8697-942ac32e7a2b,Amenaza critical detectada,critical,"{slack,email}",2026-09-29 19:31:05.162383+00,2026-09-29 19:31:05.162383+00,sent,f,2026-09-29 19:31:05.162383+00
1410,2083,2082,github,810068167,2026-09-29 19:30:59.095008+00,2026-09-29 19:31:00.450997+00,03f7df85-6151-4898-acce-645ccc646685,Amenaza critical detectada,critical,"{slack,email}",2026-09-29 19:31:05.162383+00,2026-09-29 19:31:05.162383+00,sent,f,2026-09-29 19:31:05.162383+00
1411,2084,2083,github,3841964991,2026-09-29 19:30:59.095008+00,2026-09-29 19:31:00.450997+00,e1dd9533-4efd-41cc-8ddb-ad89411dda74,Amenaza critical detectada,critical,"{slack,email}",2026-09-29 19:31:05.162383+00,2026-09-29 19:31:05.162383+00,sent,f,2026-09-29 19:31:05.162383+00
1412,2086,2085,github,4331065696,2026-09-29 19:30:59.095008+00,2026-09-29 19:31:00.450997+00,06d08828-7bd9-457f-91d8-7dda6f7fd6d8,Amenaza critical detectada,critical,"{slack,email}",2026-09-29 19:31:05.162383+00,2026-09-29 19:31:05.162383+00,sent,f,2026-09-29 19:31:05.162383+00
1413,2087,2086,github,4021888266,2026-09-29 19:30:59.095008+00,2026-09-29 19:31:00.450997+00,c68841a5-6d1b-4860-a747-5bc76e73653d,Amenaza critical detectada,critical,"{slack,email}",2026-09-29 19:31:05.162383+00,2026-09-29 19:31:05.162383+00,sent,f,2026-09-29 19:31:05.162383+00
1414,2088,2087,github,3961502350,2026-09-29 19:30:59.095008+00,2026-09-29 19:31:00.450997+00,bbaa5ced-9367-4e27-b8d5-6fab78a3b025,Amenaza critical detectada,critical,"{slack,email}",2026-09-29 19:31:05.162383+00,2026-09-29 19:31:05.162383+00,sent,f,2026-09-29 19:31:05.162383+00
1415,2089,2088,github,4235853253,2026-09-29 19:30:59.095008+00,2026-09-29 19:31:00.450997+00,d98da8fb-6742-4d18-a63b-79f9591e8924,Amenaza critical detectada,critical,"{slack,email}",2026-09-29 19:31:05.162383+00,2026-09-29 19:31:05.162383+00,sent,f,2026-09-29 19:31:05.162383+00
1416,2090,2089,github,1375180374,2026-09-29 19:30:59.095008+00,2026-09-29 19:31:00.450997+00,babfb7aa-0a91-45cc-ad2f-c9bc488e059c,Amenaza high detectada,high,"{slack,email}",2026-09-29 19:31:05.162383+00,2026-09-29 19:31:05.162383+00,sent,f,2026-09-29 19:31:05.162383+00
1417,2091,2090,github,4031433957,2026-09-29 19:30:59.095008+00,2026-09-29 19:31:00.450997+00,5785bf06-322f-43cf-b4a6-c1ffa019e7e0,Amenaza critical detectada,critical,"{slack,email}",2026-09-29 19:31:05.162383+00,2026-09-29 19:31:05.162383+00,sent,f,2026-09-29 19:31:05.162383+00
1418,2092,2091,github,896649970,2026-09-29 19:30:59.095008+00,2026-09-29 19:31:00.450997+00,7a4bb430-e2eb-46d1-9f23-8868dad4673c,Amenaza critical detectada,critical,"{slack,email}",2026-09-29 19:31:05.162383+00,2026-09-29 19:31:05.162383+00,sent,f,2026-09-29 19:31:05.162383+00
1419,2093,2092,github,896649938,2026-09-29 19:30:59.095008+00,2026-09-29 19:31:00.450997+00,751ae177-b294-4d85-a4aa-9966257dad06,Amenaza critical detectada,critical,"{slack,email}",2026-09-29 19:31:05.162383+00,2026-09-29 19:31:05.162383+00,sent,f,2026-09-29 19:31:05.162383+00
1420,2094,2093,github,5097651767,2026-09-29 19:30:59.095008+00,2026-09-29 19:31:00.450997+00,b7c6cd86-9dd3-468b-b106-d671e04f4670,Amenaza high detectada,high,"{slack,email}",2026-09-29 19:31:05.162383+00,2026-09-29 19:31:05.162383+00,sent,f,2026-09-29 19:31:05.162383+00
1421,2095,2094,github,4187761322,2026-09-29 19:30:59.095008+00,2026-09-29 19:31:00.450997+00,6e646b6b-c40c-49e9-823b-767c25aea547,Amenaza high detectada,high,"{slack,email}",2026-09-29 19:31:05.162383+00,2026-09-29 19:31:05.162383+00,sent,f,2026-09-29 19:31:05.162383+00
1422,2096,2095,github,2650162069,2026-09-29 19:30:59.095008+00,2026-09-29 19:31:00.450997+00,ea16736c-f1f6-49b9-b16b-245d2a4e8c83,Amenaza critical detectada,critical,"{slack,email}",2026-09-29 19:31:05.162383+00,2026-09-29 19:31:05.162383+00,sent,f,2026-09-29 19:31:05.162383+00
1423,2097,2096,github,3233327375,2026-09-29 19:30:59.095008+00,2026-09-29 19:31:00.450997+00,83476ce1-c1be-4108-9f4b-3ba81428d5df,Amenaza critical detectada,critical,"{slack,email}",2026-09-29 19:31:05.162383+00,2026-09-29 19:31:05.162383+00,sent,f,2026-09-29 19:31:05.162383+00
1424,2098,2097,github,896649529,2026-09-29 19:30:59.095008+00,2026-09-29 19:31:00.450997+00,127e4f56-e745-4e1b-a5c3-7bf8a50cfe2d,Amenaza critical detectada,critical,"{slack,email}",2026-09-29 19:31:05.162383+00,2026-09-29 19:31:05.162383+00,sent,f,2026-09-29 19:31:05.162383+00
1425,2099,2098,github,4098523834,2026-09-29 19:30:59.095008+00,2026-09-29 19:31:00.450997+00,6b77ac87-2c6f-4e4a-9537-a18d1f584e36,Amenaza critical detectada,critical,"{slack,email}",2026-09-29 19:31:05.162383+00,2026-09-29 19:31:05.162383+00,sent,f,2026-09-29 19:31:05.162383+00
1426,2100,2099,github,5164531552,2026-09-29 19:30:59.095008+00,2026-09-29 19:31:00.450997+00,447bef47-c4c9-46ac-8eef-f8b6bc5bf694,Amenaza critical detectada,critical,"{slack,email}",2026-09-29 19:31:05.162383+00,2026-09-29 19:31:05.162383+00,sent,f,2026-09-29 19:31:05.162383+00
1427,2101,2100,github,1335355571,2026-09-29 19:30:59.095008+00,2026-09-29 19:31:00.450997+00,3f8abc09-db79-43c8-afdb-f81eb2463cef,Amenaza critical detectada,critical,"{slack,email}",2026-09-29 19:31:05.162383+00,2026-09-29 19:31:05.162383+00,sent,f,2026-09-29 19:31:05.162383+00
1428,2102,2101,github,1740707942,2026-09-29 19:30:59.095008+00,2026-09-29 19:31:00.450997+00,f1a3c3a5-7048-4a12-a071-15e1bd6592b3,Amenaza high detectada,high,"{slack,email}",2026-09-29 19:31:05.162383+00,2026-09-29 19:31:05.162383+00,sent,f,2026-09-29 19:31:05.162383+00
1429,2103,2102,github,896649067,2026-09-29 19:30:59.095008+00,2026-09-29 19:31:00.450997+00,3db2db42-7e25-4ee1-8045-cebe334592b5,Amenaza critical detectada,critical,"{slack,email}",2026-09-29 19:31:05.162383+00,2026-09-29 19:31:05.162383+00,sent,f,2026-09-29 19:31:05.162383+00
