detection_id,mention_id,platform,external_id,collected_at,detected_at,threat_type,threat_category,criticality_level,confidence_score,risk_score,matched_keywords,detection_rules_triggered,detection_method,review_status,reviewed_by,reviewed_at,remediation_status,escalated,last_updated
1,1,hackernews,49848018,2026-09-25 18:48:08.587333+00,2026-09-25 18:48:12.237765+00,general,other,low,0.050,5,,,heuristic,pending,,,,f,2026-09-25 18:48:12.237765+00
2,2,hackernews,49846926,2026-09-25 18:48:08.587333+00,2026-09-25 18:48:12.237765+00,general,other,low,0.100,10,{security},,heuristic,pending,,,,f,2026-09-25 18:48:12.237765+00
3,3,hackernews,49846613,2026-09-25 18:48:08.587333+00,2026-09-25 18:48:12.237765+00,critical_security_incident,critical_incident,critical,0.600,60,"{apt,rce,security}",,heuristic,reviewing,admin,2026-09-25 18:53:49.160054+00,,f,2026-09-25 18:53:49.158043+00
4,4,hackernews,49845669,2026-09-25 18:48:08.587333+00,2026-09-25 18:48:12.237765+00,critical_security_incident,critical_incident,high,0.550,55,"{rce,attack}",,heuristic,reviewing,admin,2026-09-25 18:49:28.337207+00,,f,2026-09-25 18:49:28.329615+00
5,5,hackernews,49843779,2026-09-25 18:48:08.587333+00,2026-09-25 18:48:12.237765+00,security_threat,security_threat,medium,0.250,25,{malware},,heuristic,pending,,,,f,2026-09-25 18:48:12.237765+00
6,6,hackernews,49842514,2026-09-25 18:48:08.587333+00,2026-09-25 18:48:12.237765+00,general,other,low,0.100,10,{security},,heuristic,pending,,,,f,2026-09-25 18:48:12.237765+00
7,7,hackernews,49840572,2026-09-25 18:48:08.587333+00,2026-09-25 18:48:12.237765+00,general,other,low,0.050,5,,,heuristic,pending,,,,f,2026-09-25 18:48:12.237765+00
8,8,hackernews,49840513,2026-09-25 18:48:08.587333+00,2026-09-25 18:48:12.237765+00,general,other,medium,0.300,30,{attack},,heuristic,pending,,,,f,2026-09-25 18:48:12.237765+00
9,9,hackernews,49840107,2026-09-25 18:48:08.587333+00,2026-09-25 18:48:12.237765+00,general,other,low,0.050,5,,,heuristic,pending,,,,f,2026-09-25 18:48:12.237765+00
10,10,hackernews,49839418,2026-09-25 18:48:08.587333+00,2026-09-25 18:48:12.237765+00,general,other,low,0.100,10,{security},,heuristic,pending,,,,f,2026-09-25 18:48:12.237765+00
11,11,hackernews,49836935,2026-09-25 18:48:08.587333+00,2026-09-25 18:48:12.237765+00,general,other,medium,0.300,30,{threat},,heuristic,pending,,,,f,2026-09-25 18:48:12.237765+00
12,12,hackernews,49836494,2026-09-25 18:48:08.587333+00,2026-09-25 18:48:12.237765+00,general,other,low,0.150,15,{security},,heuristic,pending,,,,f,2026-09-25 18:48:12.237765+00
13,13,hackernews,49835931,2026-09-25 18:48:08.587333+00,2026-09-25 18:48:12.237765+00,general,other,low,0.100,10,,,heuristic,pending,,,,f,2026-09-25 18:48:12.237765+00
14,14,hackernews,49835358,2026-09-25 18:48:08.587333+00,2026-09-25 18:48:12.237765+00,general,other,low,0.100,10,{security},,heuristic,pending,,,,f,2026-09-25 18:48:12.237765+00
15,15,hackernews,49835265,2026-09-25 18:48:08.587333+00,2026-09-25 18:48:12.237765+00,general,other,low,0.050,5,,,heuristic,pending,,,,f,2026-09-25 18:48:12.237765+00
16,16,hackernews,49834966,2026-09-25 18:48:08.587333+00,2026-09-25 18:48:12.237765+00,general,other,medium,0.200,20,"{security,incident}",,heuristic,pending,,,,f,2026-09-25 18:48:12.237765+00
17,17,hackernews,49834098,2026-09-25 18:48:08.587333+00,2026-09-25 18:48:12.237765+00,general,other,medium,0.250,25,"{security,incident}",,heuristic,pending,,,,f,2026-09-25 18:48:12.237765+00
18,18,hackernews,49833561,2026-09-25 18:48:08.587333+00,2026-09-25 18:48:12.237765+00,general,other,low,0.050,5,,,heuristic,pending,,,,f,2026-09-25 18:48:12.237765+00
19,19,hackernews,49833116,2026-09-25 18:48:08.587333+00,2026-09-25 18:48:12.237765+00,general,other,low,0.050,5,,,heuristic,pending,,,,f,2026-09-25 18:48:12.237765+00
20,20,hackernews,49832880,2026-09-25 18:48:08.587333+00,2026-09-25 18:48:12.237765+00,general,other,low,0.100,10,{security},,heuristic,pending,,,,f,2026-09-25 18:48:12.237765+00
21,21,hackernews,49832585,2026-09-25 18:48:08.587333+00,2026-09-25 18:48:12.237765+00,critical_security_incident,critical_incident,critical,0.800,80,"{""remote code execution"",exploit,vulnerability}",,heuristic,reviewing,admin,2026-09-25 18:50:11.570828+00,,f,2026-09-25 18:50:11.56522+00
22,22,hackernews,49831744,2026-09-25 18:48:08.587333+00,2026-09-25 18:48:12.237765+00,critical_security_incident,critical_incident,medium,0.300,30,{rce},,heuristic,pending,,,,f,2026-09-25 18:48:12.237765+00
23,23,hackernews,49831098,2026-09-25 18:48:08.587333+00,2026-09-25 18:48:12.237765+00,general,other,low,0.150,15,{security},,heuristic,pending,,,,f,2026-09-25 18:48:12.237765+00
24,24,hackernews,49830961,2026-09-25 18:48:08.587333+00,2026-09-25 18:48:12.237765+00,general,other,low,0.100,10,{security},,heuristic,pending,,,,f,2026-09-25 18:48:12.237765+00
25,25,hackernews,49830869,2026-09-25 18:48:08.587333+00,2026-09-25 18:48:12.237765+00,general,other,low,0.100,10,{security},,heuristic,pending,,,,f,2026-09-25 18:48:12.237765+00
26,26,hackernews,49830304,2026-09-25 18:48:08.587333+00,2026-09-25 18:48:12.237765+00,general,other,medium,0.200,20,,,heuristic,pending,,,,f,2026-09-25 18:48:12.237765+00
27,27,hackernews,49829993,2026-09-25 18:48:08.587333+00,2026-09-25 18:48:12.237765+00,general,other,low,0.050,5,,,heuristic,pending,,,,f,2026-09-25 18:48:12.237765+00
28,28,hackernews,49829958,2026-09-25 18:48:08.587333+00,2026-09-25 18:48:12.237765+00,general,other,medium,0.200,20,,,heuristic,pending,,,,f,2026-09-25 18:48:12.237765+00
29,29,hackernews,49829179,2026-09-25 18:48:08.587333+00,2026-09-25 18:48:12.237765+00,critical_security_incident,critical_incident,medium,0.350,35,"{rce,security}",,heuristic,pending,,,,f,2026-09-25 18:48:12.237765+00
30,30,hackernews,49829079,2026-09-25 18:48:08.587333+00,2026-09-25 18:48:12.237765+00,general,other,low,0.000,0,,,heuristic,pending,,,,f,2026-09-25 18:48:12.237765+00
31,31,hackernews,49828422,2026-09-25 18:48:08.587333+00,2026-09-25 18:48:12.237765+00,general,other,low,0.050,5,,,heuristic,pending,,,,f,2026-09-25 18:48:12.237765+00
32,32,hackernews,49828026,2026-09-25 18:48:08.587333+00,2026-09-25 18:48:12.237765+00,general,other,low,0.150,15,{security},,heuristic,pending,,,,f,2026-09-25 18:48:12.237765+00
33,33,hackernews,49826971,2026-09-25 18:48:08.587333+00,2026-09-25 18:48:12.237765+00,general,other,low,0.050,5,,,heuristic,pending,,,,f,2026-09-25 18:48:12.237765+00
34,34,hackernews,49826801,2026-09-25 18:48:08.587333+00,2026-09-25 18:48:12.237765+00,general,other,low,0.100,10,{security},,heuristic,pending,,,,f,2026-09-25 18:48:12.237765+00
35,35,hackernews,49825815,2026-09-25 18:48:08.587333+00,2026-09-25 18:48:12.237765+00,general,other,low,0.050,5,,,heuristic,pending,,,,f,2026-09-25 18:48:12.237765+00
36,36,hackernews,49825708,2026-09-25 18:48:08.587333+00,2026-09-25 18:48:12.237765+00,security_threat,security_threat,high,0.400,40,{exploit},,heuristic,false_positive,admin,2026-09-25 19:01:15.216592+00,not_required,f,2026-09-25 19:01:15.215407+00
37,37,hackernews,49824978,2026-09-25 18:48:08.587333+00,2026-09-25 18:48:12.237765+00,general,other,medium,0.250,25,"{security,incident}",,heuristic,pending,,,,f,2026-09-25 18:48:12.237765+00
38,38,hackernews,49824000,2026-09-25 18:48:08.587333+00,2026-09-25 18:48:12.237765+00,general,other,medium,0.250,25,{security},,heuristic,pending,,,,f,2026-09-25 18:48:12.237765+00
39,39,hackernews,49823620,2026-09-25 18:48:08.587333+00,2026-09-25 18:48:12.237765+00,general,other,low,0.100,10,{security},,heuristic,pending,,,,f,2026-09-25 18:48:12.237765+00
40,40,hackernews,49823605,2026-09-25 18:48:08.587333+00,2026-09-25 18:48:12.237765+00,general,other,low,0.100,10,{security},,heuristic,pending,,,,f,2026-09-25 18:48:12.237765+00
41,41,hackernews,49822450,2026-09-25 18:48:08.587333+00,2026-09-25 18:48:12.237765+00,general,other,low,0.100,10,{security},,heuristic,pending,,,,f,2026-09-25 18:48:12.237765+00
42,42,hackernews,49821770,2026-09-25 18:48:08.587333+00,2026-09-25 18:48:12.237765+00,general,other,low,0.100,10,{security},,heuristic,pending,,,,f,2026-09-25 18:48:12.237765+00
43,43,hackernews,49820673,2026-09-25 18:48:08.587333+00,2026-09-25 18:48:12.237765+00,general,other,low,0.100,10,{security},,heuristic,pending,,,,f,2026-09-25 18:48:12.237765+00
44,44,hackernews,49819532,2026-09-25 18:48:08.587333+00,2026-09-25 18:48:12.237765+00,general,other,low,0.100,10,{security},,heuristic,pending,,,,f,2026-09-25 18:48:12.237765+00
45,45,hackernews,49818914,2026-09-25 18:48:08.587333+00,2026-09-25 18:48:12.237765+00,critical_security_incident,critical_incident,medium,0.350,35,"{rce,security}",,heuristic,pending,,,,f,2026-09-25 18:48:12.237765+00
46,46,hackernews,49818514,2026-09-25 18:48:08.587333+00,2026-09-25 18:48:12.237765+00,critical_security_incident,critical_incident,critical,0.990,100,"{ransomware,apt,rce,attack,security,incident}",,heuristic,reviewing,admin,2026-09-25 18:50:35.622127+00,,f,2026-09-25 18:50:35.619349+00
47,47,hackernews,49818439,2026-09-25 18:48:08.587333+00,2026-09-25 18:48:12.237765+00,critical_security_incident,critical_incident,critical,0.600,60,"{apt,rce,security}",,heuristic,reviewing,admin,2026-09-25 18:50:36.610181+00,,f,2026-09-25 18:50:36.607035+00
48,48,hackernews,49818069,2026-09-25 18:48:08.587333+00,2026-09-25 18:48:12.237765+00,general,other,low,0.100,10,{security},,heuristic,pending,,,,f,2026-09-25 18:48:12.237765+00
49,49,hackernews,49815684,2026-09-25 18:48:08.587333+00,2026-09-25 18:48:12.237765+00,general,other,low,0.000,0,,,heuristic,pending,,,,f,2026-09-25 18:48:12.237765+00
50,50,hackernews,49814973,2026-09-25 18:48:08.587333+00,2026-09-25 18:48:12.237765+00,security_threat,security_threat,medium,0.250,25,{malware},,heuristic,pending,,,,f,2026-09-25 18:48:12.237765+00
51,51,exploit-db,https://www.exploit-db.com/exploits/52682,2026-09-25 18:48:08.587333+00,2026-09-25 18:48:12.237765+00,critical_security_incident,critical_incident,high,0.500,50,"{rce,cve-}",,heuristic,reviewing,admin,2026-09-25 18:50:37.350149+00,,f,2026-09-25 18:50:37.345516+00
52,52,exploit-db,https://www.exploit-db.com/exploits/52681,2026-09-25 18:48:08.587333+00,2026-09-25 18:48:12.237765+00,critical_security_incident,critical_incident,critical,0.750,75,"{rce,""remote code execution""}",,heuristic,reviewing,admin,2026-09-25 18:53:44.993614+00,,f,2026-09-25 18:53:44.991191+00
53,53,exploit-db,https://www.exploit-db.com/exploits/52680,2026-09-25 18:48:08.587333+00,2026-09-25 18:48:12.237765+00,critical_security_incident,critical_incident,high,0.500,50,"{""remote code execution""}",,heuristic,reviewing,admin,2026-09-25 18:53:45.800374+00,,f,2026-09-25 18:53:45.797346+00
54,54,exploit-db,https://www.exploit-db.com/exploits/52679,2026-09-25 18:48:08.587333+00,2026-09-25 18:48:12.237765+00,general,other,low,0.050,5,,,heuristic,pending,,,,f,2026-09-25 18:48:12.237765+00
55,55,exploit-db,https://www.exploit-db.com/exploits/52678,2026-09-25 18:48:08.587333+00,2026-09-25 18:48:12.237765+00,general,other,low,0.050,5,,,heuristic,pending,,,,f,2026-09-25 18:48:12.237765+00
56,56,exploit-db,https://www.exploit-db.com/exploits/52677,2026-09-25 18:48:08.587333+00,2026-09-25 18:48:12.237765+00,security_threat,security_threat,medium,0.200,20,{xss},,heuristic,pending,,,,f,2026-09-25 18:48:12.237765+00
57,57,exploit-db,https://www.exploit-db.com/exploits/52676,2026-09-25 18:48:08.587333+00,2026-09-25 18:48:12.237765+00,critical_security_incident,critical_incident,high,0.500,50,"{""remote code execution""}",,heuristic,reviewing,admin,2026-09-25 18:53:46.50341+00,,f,2026-09-25 18:53:46.500033+00
58,58,exploit-db,https://www.exploit-db.com/exploits/52675,2026-09-25 18:48:08.587333+00,2026-09-25 18:48:12.237765+00,critical_security_incident,critical_incident,medium,0.300,30,{rce},,heuristic,pending,,,,f,2026-09-25 18:48:12.237765+00
59,59,exploit-db,https://www.exploit-db.com/exploits/52674,2026-09-25 18:48:08.587333+00,2026-09-25 18:48:12.237765+00,general,other,medium,0.200,20,,,heuristic,pending,,,,f,2026-09-25 18:48:12.237765+00
60,60,exploit-db,https://www.exploit-db.com/exploits/52673,2026-09-25 18:48:08.587333+00,2026-09-25 18:48:12.237765+00,critical_security_incident,critical_incident,medium,0.300,30,{rce},,heuristic,pending,,,,f,2026-09-25 18:48:12.237765+00
61,61,exploit-db,https://www.exploit-db.com/exploits/52672,2026-09-25 18:48:08.587333+00,2026-09-25 18:48:12.237765+00,critical_security_incident,critical_incident,medium,0.300,30,{rce},,heuristic,pending,,,,f,2026-09-25 18:48:12.237765+00
62,62,exploit-db,https://www.exploit-db.com/exploits/52671,2026-09-25 18:48:08.587333+00,2026-09-25 18:48:12.237765+00,security_threat,security_threat,high,0.400,40,"{""sql injection""}",,heuristic,reviewing,admin,2026-09-25 18:53:47.0524+00,,f,2026-09-25 18:53:47.049686+00
63,63,exploit-db,https://www.exploit-db.com/exploits/52670,2026-09-25 18:48:08.587333+00,2026-09-25 18:48:12.237765+00,security_threat,security_threat,medium,0.200,20,{xss},,heuristic,pending,,,,f,2026-09-25 18:48:12.237765+00
64,64,exploit-db,https://www.exploit-db.com/exploits/52669,2026-09-25 18:48:08.587333+00,2026-09-25 18:48:12.237765+00,critical_security_incident,critical_incident,medium,0.300,30,{rce},,heuristic,pending,,,,f,2026-09-25 18:48:12.237765+00
65,65,exploit-db,https://www.exploit-db.com/exploits/52668,2026-09-25 18:48:08.587333+00,2026-09-25 18:48:12.237765+00,general,other,low,0.050,5,,,heuristic,pending,,,,f,2026-09-25 18:48:12.237765+00
66,66,exploit-db,https://www.exploit-db.com/exploits/52667,2026-09-25 18:48:08.587333+00,2026-09-25 18:48:12.237765+00,security_threat,security_threat,high,0.400,40,"{""sql injection""}",,heuristic,reviewing,admin,2026-09-25 18:53:47.529626+00,,f,2026-09-25 18:53:47.528013+00
67,67,exploit-db,https://www.exploit-db.com/exploits/52666,2026-09-25 18:48:08.587333+00,2026-09-25 18:48:12.237765+00,general,other,low,0.050,5,,,heuristic,pending,,,,f,2026-09-25 18:48:12.237765+00
68,68,exploit-db,https://www.exploit-db.com/exploits/52665,2026-09-25 18:48:08.587333+00,2026-09-25 18:48:12.237765+00,security_threat,security_threat,medium,0.200,20,{xss},,heuristic,pending,,,,f,2026-09-25 18:48:12.237765+00
69,69,exploit-db,https://www.exploit-db.com/exploits/52664,2026-09-25 18:48:08.587333+00,2026-09-25 18:48:12.237765+00,security_threat,security_threat,medium,0.250,25,"{""sql injection""}",,heuristic,pending,,,,f,2026-09-25 18:48:12.237765+00
70,70,exploit-db,https://www.exploit-db.com/exploits/52663,2026-09-25 18:48:08.587333+00,2026-09-25 18:48:12.237765+00,general,other,low,0.050,5,,,heuristic,pending,,,,f,2026-09-25 18:48:12.237765+00
71,71,exploit-db,https://www.exploit-db.com/exploits/52662,2026-09-25 18:48:08.587333+00,2026-09-25 18:48:12.237765+00,security_threat,security_threat,medium,0.200,20,{xss},,heuristic,pending,,,,f,2026-09-25 18:48:12.237765+00
72,72,exploit-db,https://www.exploit-db.com/exploits/52661,2026-09-25 18:48:08.587333+00,2026-09-25 18:48:12.237765+00,general,other,low,0.050,5,,,heuristic,pending,,,,f,2026-09-25 18:48:12.237765+00
73,73,exploit-db,https://www.exploit-db.com/exploits/52660,2026-09-25 18:48:08.587333+00,2026-09-25 18:48:12.237765+00,general,other,low,0.050,5,,,heuristic,pending,,,,f,2026-09-25 18:48:12.237765+00
74,74,exploit-db,https://www.exploit-db.com/exploits/52659,2026-09-25 18:48:08.587333+00,2026-09-25 18:48:12.237765+00,critical_security_incident,critical_incident,high,0.500,50,"{""remote code execution""}",,heuristic,reviewing,admin,2026-09-25 18:53:47.951312+00,,f,2026-09-25 18:53:47.948559+00
75,75,exploit-db,https://www.exploit-db.com/exploits/52658,2026-09-25 18:48:08.587333+00,2026-09-25 18:48:12.237765+00,critical_security_incident,critical_incident,high,0.500,50,"{rce,cve-}",,heuristic,reviewing,admin,2026-09-25 18:53:48.349334+00,,f,2026-09-25 18:53:48.347328+00
76,76,exploit-db,https://www.exploit-db.com/exploits/52657,2026-09-25 18:48:08.587333+00,2026-09-25 18:48:12.237765+00,general,other,low,0.050,5,,,heuristic,pending,,,,f,2026-09-25 18:48:12.237765+00
77,77,exploit-db,https://www.exploit-db.com/exploits/52656,2026-09-25 18:48:08.587333+00,2026-09-25 18:48:12.237765+00,general,other,low,0.050,5,,,heuristic,pending,,,,f,2026-09-25 18:48:12.237765+00
78,78,exploit-db,https://www.exploit-db.com/exploits/52655,2026-09-25 18:48:08.587333+00,2026-09-25 18:48:12.237765+00,general,other,medium,0.200,20,,,heuristic,pending,,,,f,2026-09-25 18:48:12.237765+00
79,79,exploit-db,https://www.exploit-db.com/exploits/52654,2026-09-25 18:48:08.587333+00,2026-09-25 18:48:12.237765+00,general,other,low,0.050,5,,,heuristic,pending,,,,f,2026-09-25 18:48:12.237765+00
80,80,exploit-db,https://www.exploit-db.com/exploits/52653,2026-09-25 18:48:08.587333+00,2026-09-25 18:48:12.237765+00,general,other,low,0.050,5,,,heuristic,pending,,,,f,2026-09-25 18:48:12.237765+00
81,81,exploit-db,https://www.exploit-db.com/exploits/52652,2026-09-25 18:48:08.587333+00,2026-09-25 18:48:12.237765+00,general,other,low,0.050,5,,,heuristic,pending,,,,f,2026-09-25 18:48:12.237765+00
82,82,exploit-db,https://www.exploit-db.com/exploits/52651,2026-09-25 18:48:08.587333+00,2026-09-25 18:48:12.237765+00,general,other,low,0.050,5,,,heuristic,pending,,,,f,2026-09-25 18:48:12.237765+00
83,83,exploit-db,https://www.exploit-db.com/exploits/52650,2026-09-25 18:48:08.587333+00,2026-09-25 18:48:12.237765+00,general,other,low,0.050,5,,,heuristic,pending,,,,f,2026-09-25 18:48:12.237765+00
84,84,exploit-db,https://www.exploit-db.com/exploits/52649,2026-09-25 18:48:08.587333+00,2026-09-25 18:48:12.237765+00,general,other,low,0.050,5,,,heuristic,pending,,,,f,2026-09-25 18:48:12.237765+00
85,85,exploit-db,https://www.exploit-db.com/exploits/52648,2026-09-25 18:48:08.587333+00,2026-09-25 18:48:12.237765+00,general,other,low,0.050,5,,,heuristic,pending,,,,f,2026-09-25 18:48:12.237765+00
86,86,exploit-db,https://www.exploit-db.com/exploits/52647,2026-09-25 18:48:08.587333+00,2026-09-25 18:48:12.237765+00,general,other,low,0.050,5,,,heuristic,pending,,,,f,2026-09-25 18:48:12.237765+00
87,87,exploit-db,https://www.exploit-db.com/exploits/52646,2026-09-25 18:48:08.587333+00,2026-09-25 18:48:12.237765+00,general,other,medium,0.200,20,,,heuristic,pending,,,,f,2026-09-25 18:48:12.237765+00
88,88,exploit-db,https://www.exploit-db.com/exploits/52645,2026-09-25 18:48:08.587333+00,2026-09-25 18:48:12.237765+00,critical_security_incident,critical_incident,high,0.500,50,"{""remote code execution""}",,heuristic,reviewing,admin,2026-09-25 18:53:48.775408+00,,f,2026-09-25 18:53:48.7724+00
89,89,exploit-db,https://www.exploit-db.com/exploits/52644,2026-09-25 18:48:08.587333+00,2026-09-25 18:48:12.237765+00,critical_security_incident,critical_incident,high,0.500,50,"{""remote code execution""}",,heuristic,reviewing,admin,2026-09-25 18:53:49.566238+00,,f,2026-09-25 18:53:49.562814+00
90,90,exploit-db,https://www.exploit-db.com/exploits/52643,2026-09-25 18:48:08.587333+00,2026-09-25 18:48:12.237765+00,general,other,low,0.050,5,,,heuristic,pending,,,,f,2026-09-25 18:48:12.237765+00
91,91,exploit-db,https://www.exploit-db.com/exploits/52642,2026-09-25 18:48:08.587333+00,2026-09-25 18:48:12.237765+00,critical_security_incident,critical_incident,high,0.450,45,{rce},,heuristic,reviewing,admin,2026-09-25 18:53:49.902127+00,,f,2026-09-25 18:53:49.897801+00
92,92,exploit-db,https://www.exploit-db.com/exploits/52641,2026-09-25 18:48:08.587333+00,2026-09-25 18:48:12.237765+00,general,other,low,0.050,5,,,heuristic,pending,,,,f,2026-09-25 18:48:12.237765+00
93,93,exploit-db,https://www.exploit-db.com/exploits/52640,2026-09-25 18:48:08.587333+00,2026-09-25 18:48:12.237765+00,critical_security_incident,critical_incident,medium,0.300,30,{rce},,heuristic,pending,,,,f,2026-09-25 18:48:12.237765+00
94,94,exploit-db,https://www.exploit-db.com/exploits/52639,2026-09-25 18:48:08.587333+00,2026-09-25 18:48:12.237765+00,critical_security_incident,critical_incident,high,0.500,50,"{""remote code execution""}",,heuristic,reviewing,admin,2026-09-25 18:53:50.254321+00,,f,2026-09-25 18:53:50.252171+00
95,95,exploit-db,https://www.exploit-db.com/exploits/52638,2026-09-25 18:48:08.587333+00,2026-09-25 18:48:12.237765+00,general,other,medium,0.200,20,,,heuristic,pending,,,,f,2026-09-25 18:48:12.237765+00
96,96,exploit-db,https://www.exploit-db.com/exploits/52637,2026-09-25 18:48:08.587333+00,2026-09-25 18:48:12.237765+00,general,other,low,0.050,5,,,heuristic,pending,,,,f,2026-09-25 18:48:12.237765+00
97,97,exploit-db,https://www.exploit-db.com/exploits/52636,2026-09-25 18:48:08.587333+00,2026-09-25 18:48:12.237765+00,general,other,medium,0.200,20,,,heuristic,pending,,,,f,2026-09-25 18:48:12.237765+00
98,98,exploit-db,https://www.exploit-db.com/exploits/52635,2026-09-25 18:48:08.587333+00,2026-09-25 18:48:12.237765+00,general,other,low,0.050,5,,,heuristic,pending,,,,f,2026-09-25 18:48:12.237765+00
99,99,exploit-db,https://www.exploit-db.com/exploits/52633,2026-09-25 18:48:08.587333+00,2026-09-25 18:48:12.237765+00,critical_security_incident,critical_incident,high,0.500,50,"{""remote code execution""}",,heuristic,reviewing,admin,2026-09-25 18:53:50.583511+00,,f,2026-09-25 18:53:50.581038+00
100,100,exploit-db,https://www.exploit-db.com/exploits/52632,2026-09-25 18:48:08.587333+00,2026-09-25 18:48:12.237765+00,critical_security_incident,critical_incident,medium,0.300,30,{rce},,heuristic,pending,,,,f,2026-09-25 18:48:12.237765+00
101,101,github,5587100415,2026-09-25 18:48:08.587333+00,2026-09-25 18:48:12.237765+00,critical_security_incident,critical_incident,critical,0.650,65,"{rce,exploit,attack,security}",,heuristic,reviewing,admin,2026-09-25 18:53:50.842851+00,,f,2026-09-25 18:53:50.840601+00
102,102,github,5587100093,2026-09-25 18:48:08.587333+00,2026-09-25 18:48:12.237765+00,critical_security_incident,critical_incident,critical,0.650,65,"{rce,exploit,attack,security}",,heuristic,reviewing,admin,2026-09-25 18:53:51.089659+00,,f,2026-09-25 18:53:51.08616+00
103,103,github,5270010648,2026-09-25 18:48:08.587333+00,2026-09-25 18:48:12.237765+00,critical_security_incident,critical_incident,high,0.400,40,{rce},,heuristic,reviewing,admin,2026-09-25 18:53:51.271827+00,,f,2026-09-25 18:53:51.268236+00
104,104,github,2104289152,2026-09-25 18:48:08.587333+00,2026-09-25 18:48:12.237765+00,critical_security_incident,critical_incident,high,0.450,45,"{rce,security,vulnerability}",,heuristic,reviewing,admin,2026-09-25 18:53:51.432111+00,,f,2026-09-25 18:53:51.429145+00
105,105,github,5587099543,2026-09-25 18:48:08.587333+00,2026-09-25 18:48:12.237765+00,critical_security_incident,critical_incident,critical,0.650,65,"{rce,exploit,attack,security}",,heuristic,reviewing,admin,2026-09-25 18:53:51.588896+00,,f,2026-09-25 18:53:51.584894+00
106,106,github,5587099410,2026-09-25 18:48:08.587333+00,2026-09-25 18:48:12.237765+00,critical_security_incident,critical_incident,critical,0.650,65,"{rce,exploit,attack,security}",,heuristic,reviewing,admin,2026-09-25 18:53:51.88945+00,,f,2026-09-25 18:53:51.88698+00
107,107,github,5587098749,2026-09-25 18:48:08.587333+00,2026-09-25 18:48:12.237765+00,critical_security_incident,critical_incident,critical,0.650,65,"{rce,exploit,attack,security}",,heuristic,reviewing,admin,2026-09-25 18:53:52.1832+00,,f,2026-09-25 18:53:52.181672+00
108,108,github,5587098793,2026-09-25 18:48:08.587333+00,2026-09-25 18:48:12.237765+00,critical_security_incident,critical_incident,critical,0.650,65,"{rce,exploit,attack,security}",,heuristic,pending,,,,f,2026-09-25 18:48:12.237765+00
109,109,github,2955244383,2026-09-25 18:48:08.587333+00,2026-09-25 18:48:12.237765+00,critical_security_incident,critical_incident,high,0.550,55,"{apt,rce}",,heuristic,pending,,,,f,2026-09-25 18:48:12.237765+00
110,110,github,5587098076,2026-09-25 18:48:08.587333+00,2026-09-25 18:48:12.237765+00,critical_security_incident,critical_incident,critical,0.650,65,"{rce,exploit,attack,security}",,heuristic,pending,,,,f,2026-09-25 18:48:12.237765+00
111,111,github,5587097504,2026-09-25 18:48:08.587333+00,2026-09-25 18:48:12.237765+00,critical_security_incident,critical_incident,critical,0.750,75,"{rce,exploit,attack,security,vulnerability}",,heuristic,pending,,,,f,2026-09-25 18:48:12.237765+00
112,112,github,1065852588,2026-09-25 18:48:08.587333+00,2026-09-25 18:48:12.237765+00,critical_security_incident,critical_incident,high,0.450,45,"{rce,security,vulnerability}",,heuristic,pending,,,,f,2026-09-25 18:48:12.237765+00
113,113,github,5587096831,2026-09-25 18:48:08.587333+00,2026-09-25 18:48:12.237765+00,critical_security_incident,critical_incident,critical,0.650,65,"{rce,exploit,attack,security}",,heuristic,pending,,,,f,2026-09-25 18:48:12.237765+00
114,114,github,5227246037,2026-09-25 18:48:08.587333+00,2026-09-25 18:48:12.237765+00,critical_security_incident,critical_incident,critical,0.600,60,"{rce,security,vulnerability}",,heuristic,pending,,,,f,2026-09-25 18:48:12.237765+00
115,115,github,5586938878,2026-09-25 18:48:08.587333+00,2026-09-25 18:48:12.237765+00,critical_security_incident,critical_incident,critical,0.600,60,"{""data leak"",rce}",,heuristic,pending,,,,f,2026-09-25 18:48:12.237765+00
116,116,github,5587096286,2026-09-25 18:48:08.587333+00,2026-09-25 18:48:12.237765+00,critical_security_incident,critical_incident,critical,0.650,65,"{rce,exploit,attack,security}",,heuristic,pending,,,,f,2026-09-25 18:48:12.237765+00
117,117,github,5587095556,2026-09-25 18:48:08.587333+00,2026-09-25 18:48:12.237765+00,critical_security_incident,critical_incident,critical,0.650,65,"{rce,exploit,attack,security}",,heuristic,pending,,,,f,2026-09-25 18:48:12.237765+00
118,118,github,5587095208,2026-09-25 18:48:08.587333+00,2026-09-25 18:48:12.237765+00,critical_security_incident,critical_incident,high,0.400,40,"{rce,vulnerability}",,heuristic,pending,,,,f,2026-09-25 18:48:12.237765+00
119,119,github,1188148218,2026-09-25 18:48:08.587333+00,2026-09-25 18:48:12.237765+00,critical_security_incident,critical_incident,high,0.450,45,{rce},,heuristic,pending,,,,f,2026-09-25 18:48:12.237765+00
120,120,github,5576887787,2026-09-25 18:48:08.587333+00,2026-09-25 18:48:12.237765+00,general,other,medium,0.300,30,{vulnerability},,heuristic,pending,,,,f,2026-09-25 18:48:12.237765+00
121,121,github,5587094658,2026-09-25 18:48:08.587333+00,2026-09-25 18:48:12.237765+00,critical_security_incident,critical_incident,critical,0.650,65,"{rce,exploit,attack,security}",,heuristic,pending,,,,f,2026-09-25 18:48:12.237765+00
122,122,github,5587093505,2026-09-25 18:48:08.587333+00,2026-09-25 18:48:12.237765+00,critical_security_incident,critical_incident,critical,0.650,65,"{rce,exploit,attack,security}",,heuristic,pending,,,,f,2026-09-25 18:48:12.237765+00
123,123,github,4458524233,2026-09-25 18:48:08.587333+00,2026-09-25 18:48:12.237765+00,critical_security_incident,critical_incident,medium,0.300,30,{rce},,heuristic,pending,,,,f,2026-09-25 18:48:12.237765+00
124,124,github,5587092853,2026-09-25 18:48:08.587333+00,2026-09-25 18:48:12.237765+00,critical_security_incident,critical_incident,critical,0.650,65,"{rce,exploit,attack,security}",,heuristic,pending,,,,f,2026-09-25 18:48:12.237765+00
125,125,github,5587092222,2026-09-25 18:48:08.587333+00,2026-09-25 18:48:12.237765+00,critical_security_incident,critical_incident,critical,0.650,65,"{rce,exploit,attack,security}",,heuristic,pending,,,,f,2026-09-25 18:48:12.237765+00
126,126,github,982569171,2026-09-25 18:48:08.587333+00,2026-09-25 18:48:12.237765+00,critical_security_incident,critical_incident,high,0.450,45,"{rce,security,vulnerability}",,heuristic,pending,,,,f,2026-09-25 18:48:12.237765+00
127,127,github,5586257960,2026-09-25 18:48:08.587333+00,2026-09-25 18:48:12.237765+00,critical_security_incident,critical_incident,high,0.500,50,"{rce,exploit}",,heuristic,pending,,,,f,2026-09-25 18:48:12.237765+00
128,128,github,5587091524,2026-09-25 18:48:08.587333+00,2026-09-25 18:48:12.237765+00,critical_security_incident,critical_incident,critical,0.650,65,"{rce,exploit,attack,security}",,heuristic,pending,,,,f,2026-09-25 18:48:12.237765+00
129,129,github,5587090876,2026-09-25 18:48:08.587333+00,2026-09-25 18:48:12.237765+00,critical_security_incident,critical_incident,critical,0.650,65,"{rce,exploit,attack,security}",,heuristic,pending,,,,f,2026-09-25 18:48:12.237765+00
130,130,github,5481149110,2026-09-25 18:48:08.587333+00,2026-09-25 18:48:12.237765+00,critical_security_incident,critical_incident,critical,0.650,65,"{rce,exploit}",,heuristic,pending,,,,f,2026-09-25 18:48:12.237765+00
131,131,github,5587090244,2026-09-25 18:48:08.587333+00,2026-09-25 18:48:12.237765+00,general,other,low,0.050,5,,,heuristic,pending,,,,f,2026-09-25 18:48:12.237765+00
132,132,github,5587090148,2026-09-25 18:48:08.587333+00,2026-09-25 18:48:12.237765+00,critical_security_incident,critical_incident,critical,0.650,65,"{rce,exploit,attack,security}",,heuristic,pending,,,,f,2026-09-25 18:48:12.237765+00
133,133,github,5584339276,2026-09-25 18:48:08.587333+00,2026-09-25 18:48:12.237765+00,critical_security_incident,critical_incident,critical,0.600,60,"{apt,rce,security}",,heuristic,pending,,,,f,2026-09-25 18:48:12.237765+00
134,134,github,1317526725,2026-09-25 18:48:08.587333+00,2026-09-25 18:48:12.237765+00,critical_security_incident,critical_incident,high,0.450,45,"{rce,security,vulnerability}",,heuristic,pending,,,,f,2026-09-25 18:48:12.237765+00
135,135,github,4829123942,2026-09-25 18:48:08.587333+00,2026-09-25 18:48:12.237765+00,security_threat,security_threat,high,0.400,40,{cve-},,heuristic,pending,,,,f,2026-09-25 18:48:12.237765+00
136,136,github,5587089441,2026-09-25 18:48:08.587333+00,2026-09-25 18:48:12.237765+00,critical_security_incident,critical_incident,critical,0.650,65,"{rce,exploit,attack,security}",,heuristic,pending,,,,f,2026-09-25 18:48:12.237765+00
137,137,github,5496411588,2026-09-25 18:48:08.587333+00,2026-09-25 18:48:12.237765+00,critical_security_incident,critical_incident,critical,0.650,65,"{apt,rce}",,heuristic,pending,,,,f,2026-09-25 18:48:12.237765+00
138,138,github,1029351596,2026-09-25 18:48:08.587333+00,2026-09-25 18:48:12.237765+00,critical_security_incident,critical_incident,medium,0.300,30,{rce},,heuristic,pending,,,,f,2026-09-25 18:48:12.237765+00
139,139,github,5367505632,2026-09-25 18:48:08.587333+00,2026-09-25 18:48:12.237765+00,critical_security_incident,critical_incident,critical,0.800,80,"{apt,rce}",,heuristic,pending,,,,f,2026-09-25 18:48:12.237765+00
140,140,github,5587088560,2026-09-25 18:48:08.587333+00,2026-09-25 18:48:12.237765+00,critical_security_incident,critical_incident,critical,0.650,65,"{rce,exploit,attack,security}",,heuristic,pending,,,,f,2026-09-25 18:48:12.237765+00
141,141,github,5586954019,2026-09-25 18:48:08.587333+00,2026-09-25 18:48:12.237765+00,general,other,medium,0.200,20,"{security,vulnerability}",,heuristic,pending,,,,f,2026-09-25 18:48:12.237765+00
142,142,github,2607782070,2026-09-25 18:48:08.587333+00,2026-09-25 18:48:12.237765+00,critical_security_incident,critical_incident,high,0.450,45,"{rce,security,vulnerability}",,heuristic,pending,,,,f,2026-09-25 18:48:12.237765+00
143,143,github,5587087880,2026-09-25 18:48:08.587333+00,2026-09-25 18:48:12.237765+00,critical_security_incident,critical_incident,critical,0.650,65,"{rce,exploit,attack,security}",,heuristic,pending,,,,f,2026-09-25 18:48:12.237765+00
144,144,github,1774705161,2026-09-25 18:48:08.587333+00,2026-09-25 18:48:12.237765+00,general,other,medium,0.250,25,,,heuristic,pending,,,,f,2026-09-25 18:48:12.237765+00
145,145,github,5587087141,2026-09-25 18:48:08.587333+00,2026-09-25 18:48:12.237765+00,critical_security_incident,critical_incident,critical,0.650,65,"{rce,exploit,attack,security}",,heuristic,pending,,,,f,2026-09-25 18:48:12.237765+00
146,146,github,5581953697,2026-09-25 18:48:08.587333+00,2026-09-25 18:48:12.237765+00,critical_security_incident,critical_incident,high,0.550,55,"{rce,vulnerability}",,heuristic,pending,,,,f,2026-09-25 18:48:12.237765+00
147,147,github,1674512134,2026-09-25 18:48:08.587333+00,2026-09-25 18:48:12.237765+00,critical_security_incident,critical_incident,high,0.450,45,"{rce,security,vulnerability}",,heuristic,pending,,,,f,2026-09-25 18:48:12.237765+00
148,148,github,5587086436,2026-09-25 18:48:08.587333+00,2026-09-25 18:48:12.237765+00,critical_security_incident,critical_incident,critical,0.650,65,"{rce,exploit,attack,security}",,heuristic,pending,,,,f,2026-09-25 18:48:12.237765+00
149,149,github,5587085702,2026-09-25 18:48:08.587333+00,2026-09-25 18:48:12.237765+00,critical_security_incident,critical_incident,critical,0.650,65,"{rce,exploit,attack,security}",,heuristic,pending,,,,f,2026-09-25 18:48:12.237765+00
150,150,github,3342159124,2026-09-25 18:48:08.587333+00,2026-09-25 18:48:12.237765+00,critical_security_incident,critical_incident,critical,0.600,60,"{rce,security,vulnerability}",,heuristic,pending,,,,f,2026-09-25 18:48:12.237765+00
151,151,hackernews,49848424,2026-09-25 19:00:59.07526+00,2026-09-25 19:01:00.217315+00,security_threat,security_threat,medium,0.250,25,{compromised},,heuristic,pending,,,,f,2026-09-25 19:01:00.217315+00
152,152,github,2726695921,2026-09-25 19:00:59.07526+00,2026-09-25 19:01:00.217315+00,critical_security_incident,critical_incident,high,0.450,45,"{rce,security,vulnerability}",,heuristic,pending,,,,f,2026-09-25 19:01:00.217315+00
153,153,github,1072645846,2026-09-25 19:00:59.07526+00,2026-09-25 19:01:00.217315+00,critical_security_incident,critical_incident,medium,0.300,30,{rce},,heuristic,pending,,,,f,2026-09-25 19:01:00.217315+00
154,154,github,5582630602,2026-09-25 19:00:59.07526+00,2026-09-25 19:01:00.217315+00,general,other,medium,0.200,20,"{security,vulnerability}",,heuristic,pending,,,,f,2026-09-25 19:01:00.217315+00
155,155,github,1760851013,2026-09-25 19:00:59.07526+00,2026-09-25 19:01:00.217315+00,critical_security_incident,critical_incident,critical,0.700,70,"{apt,rce}",,heuristic,pending,,,,f,2026-09-25 19:01:00.217315+00
156,156,github,982571095,2026-09-25 19:00:59.07526+00,2026-09-25 19:01:00.217315+00,critical_security_incident,critical_incident,medium,0.300,30,{rce},,heuristic,pending,,,,f,2026-09-25 19:01:00.217315+00
157,157,github,5047952234,2026-09-25 19:00:59.07526+00,2026-09-25 19:01:00.217315+00,critical_security_incident,critical_incident,high,0.450,45,{rce},,heuristic,pending,,,,f,2026-09-25 19:01:00.217315+00
158,158,github,5511916724,2026-09-25 19:00:59.07526+00,2026-09-25 19:01:00.217315+00,critical_security_incident,critical_incident,critical,0.650,65,"{rce,exploit}",,heuristic,pending,,,,f,2026-09-25 19:01:00.217315+00
159,159,github,5529780156,2026-09-25 19:00:59.07526+00,2026-09-25 19:01:00.217315+00,critical_security_incident,critical_incident,high,0.500,50,{rce},,heuristic,pending,,,,f,2026-09-25 19:01:00.217315+00
160,160,github,2222477215,2026-09-25 19:00:59.07526+00,2026-09-25 19:01:00.217315+00,critical_security_incident,critical_incident,high,0.450,45,"{rce,security,vulnerability}",,heuristic,pending,,,,f,2026-09-25 19:01:00.217315+00
161,161,github,3781750565,2026-09-25 19:00:59.07526+00,2026-09-25 19:01:00.217315+00,critical_security_incident,critical_incident,critical,0.600,60,"{rce,security,vulnerability}",,heuristic,pending,,,,f,2026-09-25 19:01:00.217315+00
162,162,github,5587236184,2026-09-25 19:00:59.07526+00,2026-09-25 19:01:00.217315+00,general,other,medium,0.300,30,{vulnerability},,heuristic,pending,,,,f,2026-09-25 19:01:00.217315+00
163,163,github,5512575755,2026-09-25 19:00:59.07526+00,2026-09-25 19:01:00.217315+00,critical_security_incident,critical_incident,high,0.500,50,{rce},,heuristic,pending,,,,f,2026-09-25 19:01:00.217315+00
164,164,github,3689410406,2026-09-25 19:00:59.07526+00,2026-09-25 19:01:00.217315+00,critical_security_incident,critical_incident,critical,0.600,60,"{rce,security,vulnerability}",,heuristic,pending,,,,f,2026-09-25 19:01:00.217315+00
165,165,github,5443632241,2026-09-25 19:00:59.07526+00,2026-09-25 19:01:00.217315+00,critical_security_incident,critical_incident,critical,0.750,75,"{apt,rce}",,heuristic,pending,,,,f,2026-09-25 19:01:00.217315+00
166,166,github,2096328674,2026-09-25 19:00:59.07526+00,2026-09-25 19:01:00.217315+00,critical_security_incident,critical_incident,critical,0.600,60,"{rce,security,vulnerability}",,heuristic,pending,,,,f,2026-09-25 19:01:00.217315+00
167,167,github,5587233561,2026-09-25 19:00:59.07526+00,2026-09-25 19:01:00.217315+00,general,other,medium,0.350,35,"{security,vulnerability}",,heuristic,pending,,,,f,2026-09-25 19:01:00.217315+00
168,168,github,2303547509,2026-09-25 19:00:59.07526+00,2026-09-25 19:01:00.217315+00,critical_security_incident,critical_incident,medium,0.300,30,{rce},,heuristic,pending,,,,f,2026-09-25 19:01:00.217315+00
169,169,github,5587124185,2026-09-25 19:00:59.07526+00,2026-09-25 19:01:00.217315+00,critical_security_incident,critical_incident,critical,0.850,85,"{apt,rce,security,incident}",,heuristic,pending,,,,f,2026-09-25 19:01:00.217315+00
170,170,github,978714315,2026-09-25 19:00:59.07526+00,2026-09-25 19:01:00.217315+00,critical_security_incident,critical_incident,high,0.450,45,"{rce,security,vulnerability}",,heuristic,pending,,,,f,2026-09-25 19:01:00.217315+00
171,171,github,5206025455,2026-09-25 19:00:59.07526+00,2026-09-25 19:01:00.217315+00,critical_security_incident,critical_incident,high,0.500,50,{rce},,heuristic,pending,,,,f,2026-09-25 19:01:00.217315+00
172,172,github,1181754689,2026-09-25 19:00:59.07526+00,2026-09-25 19:01:00.217315+00,critical_security_incident,critical_incident,critical,0.600,60,"{rce,security,vulnerability}",,heuristic,pending,,,,f,2026-09-25 19:01:00.217315+00
173,173,github,5584652829,2026-09-25 19:00:59.07526+00,2026-09-25 19:01:00.217315+00,general,other,medium,0.200,20,"{security,vulnerability}",,heuristic,pending,,,,f,2026-09-25 19:01:00.217315+00
174,174,github,5474578895,2026-09-25 19:00:59.07526+00,2026-09-25 19:01:00.217315+00,general,other,medium,0.250,25,,,heuristic,pending,,,,f,2026-09-25 19:01:00.217315+00
175,175,github,5558148850,2026-09-25 19:00:59.07526+00,2026-09-25 19:01:00.217315+00,critical_security_incident,critical_incident,high,0.400,40,{rce},,heuristic,pending,,,,f,2026-09-25 19:01:00.217315+00
176,176,github,2980652637,2026-09-25 19:00:59.07526+00,2026-09-25 19:01:00.217315+00,critical_security_incident,critical_incident,critical,0.700,70,"{apt,rce,security,vulnerability}",,heuristic,pending,,,,f,2026-09-25 19:01:00.217315+00
177,177,github,2471268405,2026-09-25 19:00:59.07526+00,2026-09-25 19:01:00.217315+00,critical_security_incident,critical_incident,medium,0.300,30,{rce},,heuristic,pending,,,,f,2026-09-25 19:01:00.217315+00
178,178,github,1260858369,2026-09-25 19:00:59.07526+00,2026-09-25 19:01:00.217315+00,critical_security_incident,critical_incident,medium,0.350,35,"{rce,security}",,heuristic,pending,,,,f,2026-09-25 19:01:00.217315+00
179,179,github,1330989011,2026-09-25 19:00:59.07526+00,2026-09-25 19:01:00.217315+00,critical_security_incident,critical_incident,medium,0.300,30,{rce},,heuristic,pending,,,,f,2026-09-25 19:01:00.217315+00
180,180,github,5558852874,2026-09-25 19:00:59.07526+00,2026-09-25 19:01:00.217315+00,general,other,low,0.150,15,{vulnerability},,heuristic,pending,,,,f,2026-09-25 19:01:00.217315+00
181,181,github,1161501200,2026-09-25 19:00:59.07526+00,2026-09-25 19:01:00.217315+00,critical_security_incident,critical_incident,high,0.450,45,"{rce,security,vulnerability}",,heuristic,pending,,,,f,2026-09-25 19:01:00.217315+00
182,182,github,2421315404,2026-09-25 19:00:59.07526+00,2026-09-25 19:01:00.217315+00,critical_security_incident,critical_incident,critical,0.600,60,"{rce,security,vulnerability}",,heuristic,pending,,,,f,2026-09-25 19:01:00.217315+00
183,183,github,4273075978,2026-09-25 19:00:59.07526+00,2026-09-25 19:01:00.217315+00,critical_security_incident,critical_incident,critical,0.600,60,"{rce,security,vulnerability}",,heuristic,pending,,,,f,2026-09-25 19:01:00.217315+00
184,184,github,5583047945,2026-09-25 19:00:59.07526+00,2026-09-25 19:01:00.217315+00,security_threat,security_threat,high,0.400,40,{cve-},,heuristic,pending,,,,f,2026-09-25 19:01:00.217315+00
185,185,github,5583707384,2026-09-25 19:00:59.07526+00,2026-09-25 19:01:00.217315+00,critical_security_incident,critical_incident,high,0.450,45,{rce},,heuristic,pending,,,,f,2026-09-25 19:01:00.217315+00
186,186,github,4045942574,2026-09-25 19:00:59.07526+00,2026-09-25 19:01:00.217315+00,critical_security_incident,critical_incident,high,0.450,45,"{rce,security,vulnerability}",,heuristic,pending,,,,f,2026-09-25 19:01:00.217315+00
187,187,github,5579475947,2026-09-25 19:00:59.07526+00,2026-09-25 19:01:00.217315+00,critical_security_incident,critical_incident,high,0.450,45,"{rce,security,vulnerability}",,heuristic,pending,,,,f,2026-09-25 19:01:00.217315+00
188,188,github,5366787879,2026-09-25 19:00:59.07526+00,2026-09-25 19:01:00.217315+00,security_threat,security_threat,high,0.400,40,{exploit},,heuristic,pending,,,,f,2026-09-25 19:01:00.217315+00
189,189,github,4624180653,2026-09-25 19:00:59.07526+00,2026-09-25 19:01:00.217315+00,critical_security_incident,critical_incident,high,0.450,45,{rce},,heuristic,pending,,,,f,2026-09-25 19:01:00.217315+00
190,190,github,1029480871,2026-09-25 19:00:59.07526+00,2026-09-25 19:01:00.217315+00,critical_security_incident,critical_incident,high,0.450,45,"{rce,security,vulnerability}",,heuristic,pending,,,,f,2026-09-25 19:01:00.217315+00
191,191,github,5587223311,2026-09-25 19:00:59.07526+00,2026-09-25 19:01:00.217315+00,security_threat,security_threat,high,0.400,40,{cve-},,heuristic,pending,,,,f,2026-09-25 19:01:00.217315+00
192,192,github,2897106872,2026-09-25 19:00:59.07526+00,2026-09-25 19:01:00.217315+00,critical_security_incident,critical_incident,high,0.450,45,"{rce,security,vulnerability}",,heuristic,pending,,,,f,2026-09-25 19:01:00.217315+00
193,193,github,1461227413,2026-09-25 19:00:59.07526+00,2026-09-25 19:01:00.217315+00,critical_security_incident,critical_incident,medium,0.300,30,{rce},,heuristic,pending,,,,f,2026-09-25 19:01:00.217315+00
194,194,github,3004284028,2026-09-25 19:00:59.07526+00,2026-09-25 19:01:00.217315+00,critical_security_incident,critical_incident,critical,0.600,60,"{rce,security,vulnerability}",,heuristic,pending,,,,f,2026-09-25 19:01:00.217315+00
195,195,github,1029425172,2026-09-25 19:00:59.07526+00,2026-09-25 19:01:00.217315+00,critical_security_incident,critical_incident,high,0.450,45,"{rce,security,vulnerability}",,heuristic,pending,,,,f,2026-09-25 19:01:00.217315+00
196,196,github,5586073780,2026-09-25 19:00:59.07526+00,2026-09-25 19:01:00.217315+00,critical_security_incident,critical_incident,high,0.550,55,"{rce,threat}",,heuristic,pending,,,,f,2026-09-25 19:01:00.217315+00
197,197,github,4798177477,2026-09-25 19:00:59.07526+00,2026-09-25 19:01:00.217315+00,critical_security_incident,critical_incident,high,0.450,45,{rce},,heuristic,pending,,,,f,2026-09-25 19:01:00.217315+00
198,198,github,3277156954,2026-09-25 19:00:59.07526+00,2026-09-25 19:01:00.217315+00,critical_security_incident,critical_incident,high,0.450,45,"{rce,security,vulnerability}",,heuristic,pending,,,,f,2026-09-25 19:01:00.217315+00
199,199,github,4044335920,2026-09-25 19:00:59.07526+00,2026-09-25 19:01:00.217315+00,critical_security_incident,critical_incident,high,0.450,45,{rce},,heuristic,pending,,,,f,2026-09-25 19:01:00.217315+00
200,200,github,5413513574,2026-09-25 19:00:59.07526+00,2026-09-25 19:01:00.217315+00,critical_security_incident,critical_incident,high,0.400,40,"{rce,vulnerability}",,heuristic,pending,,,,f,2026-09-25 19:01:00.217315+00
201,201,github,5587388151,2026-09-25 19:15:59.043469+00,2026-09-25 19:16:00.709394+00,general,other,medium,0.250,25,"{incident,vulnerability}",,heuristic,pending,,,,f,2026-09-25 19:16:00.709394+00
202,202,github,5570748536,2026-09-25 19:15:59.043469+00,2026-09-25 19:16:00.709394+00,general,other,medium,0.200,20,,,heuristic,pending,,,,f,2026-09-25 19:16:00.709394+00
203,203,github,2649066518,2026-09-25 19:15:59.043469+00,2026-09-25 19:16:00.709394+00,critical_security_incident,critical_incident,high,0.450,45,"{rce,security,vulnerability}",,heuristic,pending,,,,f,2026-09-25 19:16:00.709394+00
204,204,github,988168893,2026-09-25 19:15:59.043469+00,2026-09-25 19:16:00.709394+00,critical_security_incident,critical_incident,medium,0.300,30,{rce},,heuristic,pending,,,,f,2026-09-25 19:16:00.709394+00
205,205,github,5586924014,2026-09-25 19:15:59.043469+00,2026-09-25 19:16:00.709394+00,critical_security_incident,critical_incident,critical,0.600,60,"{rce,security,vulnerability}",,heuristic,pending,,,,f,2026-09-25 19:16:00.709394+00
206,206,github,909872759,2026-09-25 19:15:59.043469+00,2026-09-25 19:16:00.709394+00,critical_security_incident,critical_incident,high,0.450,45,"{rce,security,vulnerability}",,heuristic,pending,,,,f,2026-09-25 19:16:00.709394+00
207,207,github,5587386193,2026-09-25 19:15:59.043469+00,2026-09-25 19:16:00.709394+00,critical_security_incident,critical_incident,high,0.500,50,"{apt,incident,vulnerability}",,heuristic,pending,,,,f,2026-09-25 19:16:00.709394+00
208,208,github,1799085829,2026-09-25 19:15:59.043469+00,2026-09-25 19:16:00.709394+00,critical_security_incident,critical_incident,high,0.450,45,"{rce,security,vulnerability}",,heuristic,pending,,,,f,2026-09-25 19:16:00.709394+00
209,209,github,1029726163,2026-09-25 19:15:59.043469+00,2026-09-25 19:16:00.709394+00,critical_security_incident,critical_incident,medium,0.300,30,{rce},,heuristic,pending,,,,f,2026-09-25 19:16:00.709394+00
210,210,github,2644301122,2026-09-25 19:15:59.043469+00,2026-09-25 19:16:00.709394+00,critical_security_incident,critical_incident,critical,0.600,60,"{rce,security,vulnerability}",,heuristic,pending,,,,f,2026-09-25 19:16:00.709394+00
211,211,github,1295707546,2026-09-25 19:15:59.043469+00,2026-09-25 19:16:00.709394+00,critical_security_incident,critical_incident,medium,0.300,30,{rce},,heuristic,pending,,,,f,2026-09-25 19:16:00.709394+00
212,212,github,5404320707,2026-09-25 19:15:59.043469+00,2026-09-25 19:16:00.709394+00,critical_security_incident,critical_incident,high,0.400,40,"{rce,vulnerability}",,heuristic,pending,,,,f,2026-09-25 19:16:00.709394+00
213,213,github,5587383240,2026-09-25 19:15:59.043469+00,2026-09-25 19:16:00.709394+00,general,other,medium,0.300,30,{vulnerability},,heuristic,pending,,,,f,2026-09-25 19:16:00.709394+00
214,214,github,5331223949,2026-09-25 19:15:59.043469+00,2026-09-25 19:16:00.709394+00,general,other,low,0.100,10,,,heuristic,pending,,,,f,2026-09-25 19:16:00.709394+00
215,215,github,1029763653,2026-09-25 19:15:59.043469+00,2026-09-25 19:16:00.709394+00,critical_security_incident,critical_incident,medium,0.300,30,{rce},,heuristic,pending,,,,f,2026-09-25 19:16:00.709394+00
216,216,github,3016708430,2026-09-25 19:15:59.043469+00,2026-09-25 19:16:00.709394+00,critical_security_incident,critical_incident,high,0.450,45,{rce},,heuristic,pending,,,,f,2026-09-25 19:16:00.709394+00
217,217,github,5242023067,2026-09-25 19:15:59.043469+00,2026-09-25 19:16:00.709394+00,critical_security_incident,critical_incident,high,0.500,50,{rce},,heuristic,pending,,,,f,2026-09-25 19:16:00.709394+00
218,218,github,4053869077,2026-09-25 19:15:59.043469+00,2026-09-25 19:16:00.709394+00,critical_security_incident,critical_incident,high,0.400,40,"{rce,vulnerability}",,heuristic,pending,,,,f,2026-09-25 19:16:00.709394+00
219,219,github,3902523144,2026-09-25 19:15:59.043469+00,2026-09-25 19:16:00.709394+00,critical_security_incident,critical_incident,high,0.450,45,{rce},,heuristic,pending,,,,f,2026-09-25 19:16:00.709394+00
220,220,github,4708126402,2026-09-25 19:15:59.043469+00,2026-09-25 19:16:00.709394+00,critical_security_incident,critical_incident,high,0.450,45,"{rce,security,vulnerability}",,heuristic,pending,,,,f,2026-09-25 19:16:00.709394+00
221,221,github,5311017724,2026-09-25 19:15:59.043469+00,2026-09-25 19:16:00.709394+00,critical_security_incident,critical_incident,high,0.500,50,{rce},,heuristic,pending,,,,f,2026-09-25 19:16:00.709394+00
222,222,github,2568266579,2026-09-25 19:15:59.043469+00,2026-09-25 19:16:00.709394+00,critical_security_incident,critical_incident,high,0.550,55,"{apt,rce}",,heuristic,pending,,,,f,2026-09-25 19:16:00.709394+00
223,223,github,5440614323,2026-09-25 19:15:59.043469+00,2026-09-25 19:16:00.709394+00,general,other,low,0.100,10,,,heuristic,pending,,,,f,2026-09-25 19:16:00.709394+00
224,224,github,3842898749,2026-09-25 19:15:59.043469+00,2026-09-25 19:16:00.709394+00,critical_security_incident,critical_incident,high,0.450,45,"{rce,security,vulnerability}",,heuristic,pending,,,,f,2026-09-25 19:16:00.709394+00
225,225,github,5586848860,2026-09-25 19:15:59.043469+00,2026-09-25 19:16:00.709394+00,critical_security_incident,critical_incident,critical,0.700,70,"{apt,rce}",,heuristic,pending,,,,f,2026-09-25 19:16:00.709394+00
226,226,github,5261362781,2026-09-25 19:15:59.043469+00,2026-09-25 19:16:00.709394+00,critical_security_incident,critical_incident,critical,0.600,60,"{rce,security,vulnerability}",,heuristic,pending,,,,f,2026-09-25 19:16:00.709394+00
227,227,github,3304722197,2026-09-25 19:15:59.043469+00,2026-09-25 19:16:00.709394+00,critical_security_incident,critical_incident,high,0.450,45,"{rce,security,vulnerability}",,heuristic,pending,,,,f,2026-09-25 19:16:00.709394+00
228,228,github,2815462415,2026-09-25 19:15:59.043469+00,2026-09-25 19:16:00.709394+00,critical_security_incident,critical_incident,high,0.450,45,{rce},,heuristic,pending,,,,f,2026-09-25 19:16:00.709394+00
229,229,github,2935684490,2026-09-25 19:15:59.043469+00,2026-09-25 19:16:00.709394+00,critical_security_incident,critical_incident,critical,0.600,60,"{rce,security,vulnerability}",,heuristic,pending,,,,f,2026-09-25 19:16:00.709394+00
230,230,github,4586602566,2026-09-25 19:15:59.043469+00,2026-09-25 19:16:00.709394+00,critical_security_incident,critical_incident,high,0.550,55,"{rce,vulnerability}",,heuristic,pending,,,,f,2026-09-25 19:16:00.709394+00
231,231,github,1029265857,2026-09-25 19:15:59.043469+00,2026-09-25 19:16:00.709394+00,critical_security_incident,critical_incident,high,0.450,45,{rce},,heuristic,pending,,,,f,2026-09-25 19:16:00.709394+00
232,232,github,5575562061,2026-09-25 19:15:59.043469+00,2026-09-25 19:16:00.709394+00,security_threat,security_threat,critical,0.750,75,"{phishing,exploit,security,vulnerability}",,heuristic,pending,,,,f,2026-09-25 19:16:00.709394+00
233,233,github,5587370673,2026-09-25 19:15:59.043469+00,2026-09-25 19:16:00.709394+00,security_threat,security_threat,medium,0.250,25,{exploit},,heuristic,pending,,,,f,2026-09-25 19:16:00.709394+00
234,234,github,5587370396,2026-09-25 19:15:59.043469+00,2026-09-25 19:16:00.709394+00,general,other,medium,0.350,35,"{security,vulnerability}",,heuristic,pending,,,,f,2026-09-25 19:16:00.709394+00
235,235,github,5510058038,2026-09-25 19:15:59.043469+00,2026-09-25 19:16:00.709394+00,general,other,medium,0.350,35,{security},,heuristic,pending,,,,f,2026-09-25 19:16:00.709394+00
236,236,github,2119372126,2026-09-25 19:15:59.043469+00,2026-09-25 19:16:00.709394+00,general,other,medium,0.350,35,"{security,vulnerability}",,heuristic,pending,,,,f,2026-09-25 19:16:00.709394+00
237,237,github,3670525110,2026-09-25 19:15:59.043469+00,2026-09-25 19:16:00.709394+00,critical_security_incident,critical_incident,high,0.500,50,"{rce,security}",,heuristic,pending,,,,f,2026-09-25 19:16:00.709394+00
238,238,github,3304698302,2026-09-25 19:15:59.043469+00,2026-09-25 19:16:00.709394+00,critical_security_incident,critical_incident,high,0.450,45,"{rce,security,vulnerability}",,heuristic,pending,,,,f,2026-09-25 19:16:00.709394+00
239,239,github,1712559166,2026-09-25 19:15:59.043469+00,2026-09-25 19:16:00.709394+00,critical_security_incident,critical_incident,high,0.450,45,"{rce,security,vulnerability}",,heuristic,pending,,,,f,2026-09-25 19:16:00.709394+00
240,240,github,2651758359,2026-09-25 19:15:59.043469+00,2026-09-25 19:16:00.709394+00,critical_security_incident,critical_incident,high,0.450,45,"{rce,security,vulnerability}",,heuristic,pending,,,,f,2026-09-25 19:16:00.709394+00
241,241,github,5587366332,2026-09-25 19:15:59.043469+00,2026-09-25 19:16:00.709394+00,critical_security_incident,critical_incident,critical,0.650,65,"{rce,incident,vulnerability}",,heuristic,pending,,,,f,2026-09-25 19:16:00.709394+00
242,242,github,4539698551,2026-09-25 19:15:59.043469+00,2026-09-25 19:16:00.709394+00,critical_security_incident,critical_incident,high,0.500,50,"{rce,cve-}",,heuristic,pending,,,,f,2026-09-25 19:16:00.709394+00
243,243,github,2565696784,2026-09-25 19:15:59.043469+00,2026-09-25 19:16:00.709394+00,critical_security_incident,critical_incident,high,0.450,45,{rce},,heuristic,pending,,,,f,2026-09-25 19:16:00.709394+00
244,244,github,1029522053,2026-09-25 19:15:59.043469+00,2026-09-25 19:16:00.709394+00,critical_security_incident,critical_incident,critical,0.600,60,"{rce,security,vulnerability}",,heuristic,pending,,,,f,2026-09-25 19:16:00.709394+00
245,245,github,1029726493,2026-09-25 19:15:59.043469+00,2026-09-25 19:16:00.709394+00,critical_security_incident,critical_incident,medium,0.300,30,{rce},,heuristic,pending,,,,f,2026-09-25 19:16:00.709394+00
246,246,github,5587364277,2026-09-25 19:15:59.043469+00,2026-09-25 19:16:00.709394+00,general,other,high,0.400,40,"{incident,vulnerability}",,heuristic,pending,,,,f,2026-09-25 19:16:00.709394+00
247,247,hackernews,49861517,2026-09-27 03:16:00.617564+00,2026-09-27 03:16:03.27469+00,general,other,medium,0.200,20,"{security,incident}",,heuristic,pending,,,,f,2026-09-27 03:16:03.27469+00
248,248,hackernews,49860576,2026-09-27 03:16:00.617564+00,2026-09-27 03:16:03.27469+00,general,other,low,0.100,10,{security},,heuristic,pending,,,,f,2026-09-27 03:16:03.27469+00
249,249,hackernews,49860383,2026-09-27 03:16:00.617564+00,2026-09-27 03:16:03.27469+00,general,other,low,0.100,10,{security},,heuristic,pending,,,,f,2026-09-27 03:16:03.27469+00
250,250,hackernews,49860250,2026-09-27 03:16:00.617564+00,2026-09-27 03:16:03.27469+00,general,other,low,0.100,10,{security},,heuristic,pending,,,,f,2026-09-27 03:16:03.27469+00
251,251,hackernews,49859862,2026-09-27 03:16:00.617564+00,2026-09-27 03:16:03.27469+00,critical_security_incident,critical_incident,medium,0.350,35,"{rce,security}",,heuristic,pending,,,,f,2026-09-27 03:16:03.27469+00
252,252,hackernews,49859087,2026-09-27 03:16:00.617564+00,2026-09-27 03:16:03.27469+00,general,other,low,0.050,5,,,heuristic,pending,,,,f,2026-09-27 03:16:03.27469+00
253,253,hackernews,49858854,2026-09-27 03:16:00.617564+00,2026-09-27 03:16:03.27469+00,general,other,low,0.100,10,{security},,heuristic,pending,,,,f,2026-09-27 03:16:03.27469+00
254,254,hackernews,49857290,2026-09-27 03:16:00.617564+00,2026-09-27 03:16:03.27469+00,general,other,low,0.100,10,{security},,heuristic,pending,,,,f,2026-09-27 03:16:03.27469+00
255,255,hackernews,49856964,2026-09-27 03:16:00.617564+00,2026-09-27 03:16:03.27469+00,general,other,medium,0.300,30,{attack},,heuristic,pending,,,,f,2026-09-27 03:16:03.27469+00
256,256,hackernews,49856149,2026-09-27 03:16:00.617564+00,2026-09-27 03:16:03.27469+00,general,other,low,0.150,15,,,heuristic,pending,,,,f,2026-09-27 03:16:03.27469+00
257,257,hackernews,49855568,2026-09-27 03:16:00.617564+00,2026-09-27 03:16:03.27469+00,general,other,medium,0.200,20,,,heuristic,pending,,,,f,2026-09-27 03:16:03.27469+00
258,258,hackernews,49855344,2026-09-27 03:16:00.617564+00,2026-09-27 03:16:03.27469+00,general,other,medium,0.250,25,,,heuristic,pending,,,,f,2026-09-27 03:16:03.27469+00
259,259,hackernews,49855278,2026-09-27 03:16:00.617564+00,2026-09-27 03:16:03.27469+00,general,other,low,0.100,10,,,heuristic,pending,,,,f,2026-09-27 03:16:03.27469+00
260,260,hackernews,49852501,2026-09-27 03:16:00.617564+00,2026-09-27 03:16:03.27469+00,general,other,low,0.100,10,{security},,heuristic,pending,,,,f,2026-09-27 03:16:03.27469+00
261,261,hackernews,49850829,2026-09-27 03:16:00.617564+00,2026-09-27 03:16:03.27469+00,general,other,low,0.050,5,,,heuristic,pending,,,,f,2026-09-27 03:16:03.27469+00
262,262,hackernews,49848954,2026-09-27 03:16:00.617564+00,2026-09-27 03:16:03.27469+00,general,other,low,0.050,5,,,heuristic,pending,,,,f,2026-09-27 03:16:03.27469+00
263,263,hackernews,49826381,2026-09-27 03:16:00.617564+00,2026-09-27 03:16:03.27469+00,critical_security_incident,critical_incident,high,0.550,55,"{rce,attack,security}",,heuristic,pending,,,,f,2026-09-27 03:16:03.27469+00
264,264,github,5599243445,2026-09-27 03:16:00.617564+00,2026-09-27 03:16:03.27469+00,general,other,medium,0.200,20,"{security,vulnerability}",,heuristic,pending,,,,f,2026-09-27 03:16:03.27469+00
265,265,github,5598204153,2026-09-27 03:16:00.617564+00,2026-09-27 03:16:03.27469+00,critical_security_incident,critical_incident,medium,0.350,35,"{rce,security}",,heuristic,pending,,,,f,2026-09-27 03:16:03.27469+00
266,266,github,5599240013,2026-09-27 03:16:00.617564+00,2026-09-27 03:16:03.27469+00,critical_security_incident,critical_incident,high,0.500,50,"{rce,security}",,heuristic,pending,,,,f,2026-09-27 03:16:03.27469+00
267,267,github,3903261893,2026-09-27 03:16:00.617564+00,2026-09-27 03:16:03.27469+00,critical_security_incident,critical_incident,high,0.450,45,{rce},,heuristic,pending,,,,f,2026-09-27 03:16:03.27469+00
268,268,github,1322421837,2026-09-27 03:16:00.617564+00,2026-09-27 03:16:03.27469+00,critical_security_incident,critical_incident,medium,0.300,30,{rce},,heuristic,pending,,,,f,2026-09-27 03:16:03.27469+00
269,269,github,5593985485,2026-09-27 03:16:00.617564+00,2026-09-27 03:16:03.27469+00,critical_security_incident,critical_incident,medium,0.350,35,"{rce,security}",,heuristic,pending,,,,f,2026-09-27 03:16:03.27469+00
270,270,github,5576985402,2026-09-27 03:16:00.617564+00,2026-09-27 03:16:03.27469+00,critical_security_incident,critical_incident,high,0.550,55,{rce},,heuristic,pending,,,,f,2026-09-27 03:16:03.27469+00
271,271,github,5598466227,2026-09-27 03:16:00.617564+00,2026-09-27 03:16:03.27469+00,critical_security_incident,critical_incident,critical,0.600,60,"{apt,rce,security}",,heuristic,pending,,,,f,2026-09-27 03:16:03.27469+00
272,272,github,5560257063,2026-09-27 03:16:00.617564+00,2026-09-27 03:16:03.27469+00,critical_security_incident,critical_incident,medium,0.350,35,{rce},,heuristic,pending,,,,f,2026-09-27 03:16:03.27469+00
273,273,github,5598245387,2026-09-27 03:16:00.617564+00,2026-09-27 03:16:03.27469+00,general,other,low,0.050,5,,,heuristic,pending,,,,f,2026-09-27 03:16:03.27469+00
274,274,github,5465494726,2026-09-27 03:16:00.617564+00,2026-09-27 03:16:03.27469+00,general,other,low,0.100,10,{security},,heuristic,pending,,,,f,2026-09-27 03:16:03.27469+00
275,275,github,4605653898,2026-09-27 03:16:00.617564+00,2026-09-27 03:16:03.27469+00,general,other,medium,0.200,20,"{security,vulnerability}",,heuristic,pending,,,,f,2026-09-27 03:16:03.27469+00
276,276,github,4226179457,2026-09-27 03:16:00.617564+00,2026-09-27 03:16:03.27469+00,critical_security_incident,critical_incident,critical,0.650,65,"{rce,exploit,incident}",,heuristic,pending,,,,f,2026-09-27 03:16:03.27469+00
277,277,github,2014846933,2026-09-27 03:16:00.617564+00,2026-09-27 03:16:03.27469+00,critical_security_incident,critical_incident,high,0.450,45,"{rce,security,vulnerability}",,heuristic,pending,,,,f,2026-09-27 03:16:03.27469+00
278,278,github,5596144323,2026-09-27 03:16:00.617564+00,2026-09-27 03:16:03.27469+00,general,other,low,0.050,5,,,heuristic,pending,,,,f,2026-09-27 03:16:03.27469+00
279,279,github,1148175382,2026-09-27 03:16:00.617564+00,2026-09-27 03:16:03.27469+00,critical_security_incident,critical_incident,medium,0.300,30,{rce},,heuristic,pending,,,,f,2026-09-27 03:16:03.27469+00
280,280,github,3439212407,2026-09-27 03:16:00.617564+00,2026-09-27 03:16:03.27469+00,critical_security_incident,critical_incident,high,0.450,45,{rce},,heuristic,pending,,,,f,2026-09-27 03:16:03.27469+00
281,281,github,5119338708,2026-09-27 03:16:00.617564+00,2026-09-27 03:16:03.27469+00,critical_security_incident,critical_incident,high,0.450,45,"{rce,security}",,heuristic,pending,,,,f,2026-09-27 03:16:03.27469+00
282,282,github,5354182386,2026-09-27 03:16:00.617564+00,2026-09-27 03:16:03.27469+00,critical_security_incident,critical_incident,high,0.500,50,{rce},,heuristic,pending,,,,f,2026-09-27 03:16:03.27469+00
283,283,github,2440473718,2026-09-27 03:16:00.617564+00,2026-09-27 03:16:03.27469+00,critical_security_incident,critical_incident,medium,0.300,30,{rce},,heuristic,pending,,,,f,2026-09-27 03:16:03.27469+00
284,284,github,5475655415,2026-09-27 03:16:00.617564+00,2026-09-27 03:16:03.27469+00,security_threat,security_threat,medium,0.250,25,{cve-},,heuristic,pending,,,,f,2026-09-27 03:16:03.27469+00
285,285,github,5350609519,2026-09-27 03:16:00.617564+00,2026-09-27 03:16:03.27469+00,critical_security_incident,critical_incident,high,0.550,55,{apt},,heuristic,pending,,,,f,2026-09-27 03:16:03.27469+00
286,286,github,4537741207,2026-09-27 03:16:00.617564+00,2026-09-27 03:16:03.27469+00,general,other,medium,0.250,25,{security},,heuristic,pending,,,,f,2026-09-27 03:16:03.27469+00
287,287,github,5548942732,2026-09-27 03:16:00.617564+00,2026-09-27 03:16:03.27469+00,critical_security_incident,critical_incident,critical,0.650,65,"{rce,exploit}",,heuristic,pending,,,,f,2026-09-27 03:16:03.27469+00
288,288,github,5522073006,2026-09-27 03:16:00.617564+00,2026-09-27 03:16:03.27469+00,general,other,low,0.150,15,,,heuristic,pending,,,,f,2026-09-27 03:16:03.27469+00
289,289,github,5562910605,2026-09-27 03:16:00.617564+00,2026-09-27 03:16:03.27469+00,critical_security_incident,critical_incident,critical,0.800,80,"{apt,rce}",,heuristic,pending,,,,f,2026-09-27 03:16:03.27469+00
290,290,github,5267679499,2026-09-27 03:16:00.617564+00,2026-09-27 03:16:03.27469+00,general,other,medium,0.300,30,,,heuristic,pending,,,,f,2026-09-27 03:16:03.27469+00
291,291,github,5598771120,2026-09-27 03:16:00.617564+00,2026-09-27 03:16:03.27469+00,general,other,low,0.150,15,,,heuristic,pending,,,,f,2026-09-27 03:16:03.27469+00
292,292,github,5512558106,2026-09-27 03:16:00.617564+00,2026-09-27 03:16:03.27469+00,general,other,medium,0.300,30,,,heuristic,pending,,,,f,2026-09-27 03:16:03.27469+00
293,293,github,4860985919,2026-09-27 03:16:00.617564+00,2026-09-27 03:16:03.27469+00,general,other,medium,0.250,25,,,heuristic,pending,,,,f,2026-09-27 03:16:03.27469+00
294,294,github,3808216497,2026-09-27 03:16:00.617564+00,2026-09-27 03:16:03.27469+00,critical_security_incident,critical_incident,high,0.450,45,{rce},,heuristic,pending,,,,f,2026-09-27 03:16:03.27469+00
295,295,github,1662335477,2026-09-27 03:16:00.617564+00,2026-09-27 03:16:03.27469+00,critical_security_incident,critical_incident,high,0.450,45,"{rce,security,vulnerability}",,heuristic,pending,,,,f,2026-09-27 03:16:03.27469+00
296,296,github,5599362072,2026-09-27 03:16:00.617564+00,2026-09-27 03:16:03.27469+00,security_threat,security_threat,medium,0.250,25,{exploit},,heuristic,pending,,,,f,2026-09-27 03:16:03.27469+00
297,297,github,3399531487,2026-09-27 03:16:00.617564+00,2026-09-27 03:16:03.27469+00,critical_security_incident,critical_incident,high,0.450,45,{rce},,heuristic,pending,,,,f,2026-09-27 03:16:03.27469+00
298,298,github,1029694722,2026-09-27 03:16:00.617564+00,2026-09-27 03:16:03.27469+00,critical_security_incident,critical_incident,high,0.550,55,"{apt,rce}",,heuristic,pending,,,,f,2026-09-27 03:16:03.27469+00
299,299,github,2998198399,2026-09-27 03:16:00.617564+00,2026-09-27 03:16:03.27469+00,critical_security_incident,critical_incident,medium,0.300,30,{rce},,heuristic,pending,,,,f,2026-09-27 03:16:03.27469+00
300,300,github,5599358494,2026-09-27 03:16:00.617564+00,2026-09-27 03:16:03.27469+00,critical_security_incident,critical_incident,medium,0.350,35,"{rce,security}",,heuristic,pending,,,,f,2026-09-27 03:16:03.27469+00
301,301,github,5594199273,2026-09-27 03:16:00.617564+00,2026-09-27 03:16:03.27469+00,critical_security_incident,critical_incident,critical,0.700,70,"{apt,exploit,security}",,heuristic,pending,,,,f,2026-09-27 03:16:03.27469+00
302,302,github,5379360699,2026-09-27 03:16:00.617564+00,2026-09-27 03:16:03.27469+00,security_threat,security_threat,critical,0.800,80,"{exploit,compromised,attack,security}",,heuristic,pending,,,,f,2026-09-27 03:16:03.27469+00
303,303,github,5187694467,2026-09-27 03:16:00.617564+00,2026-09-27 03:16:03.27469+00,general,other,high,0.500,50,"{security,incident,vulnerability}",,heuristic,pending,,,,f,2026-09-27 03:16:03.27469+00
304,304,github,4907082103,2026-09-27 03:16:00.617564+00,2026-09-27 03:16:03.27469+00,critical_security_incident,critical_incident,high,0.450,45,{rce},,heuristic,pending,,,,f,2026-09-27 03:16:03.27469+00
305,305,github,5223037760,2026-09-27 03:16:00.617564+00,2026-09-27 03:16:03.27469+00,general,other,medium,0.250,25,,,heuristic,pending,,,,f,2026-09-27 03:16:03.27469+00
306,306,github,2902504048,2026-09-27 03:16:00.617564+00,2026-09-27 03:16:03.27469+00,general,other,low,0.150,15,,,heuristic,pending,,,,f,2026-09-27 03:16:03.27469+00
307,307,github,4713841751,2026-09-27 03:16:00.617564+00,2026-09-27 03:16:03.27469+00,critical_security_incident,critical_incident,critical,0.700,70,"{apt,rce}",,heuristic,pending,,,,f,2026-09-27 03:16:03.27469+00
308,308,github,5597560072,2026-09-27 03:16:00.617564+00,2026-09-27 03:16:03.27469+00,general,other,low,0.150,15,{vulnerability},,heuristic,pending,,,,f,2026-09-27 03:16:03.27469+00
309,309,github,5148113194,2026-09-27 03:16:00.617564+00,2026-09-27 03:16:03.27469+00,general,other,medium,0.300,30,,,heuristic,pending,,,,f,2026-09-27 03:16:03.27469+00
310,310,github,5082538200,2026-09-27 03:16:00.617564+00,2026-09-27 03:16:03.27469+00,general,other,medium,0.350,35,{security},,heuristic,pending,,,,f,2026-09-27 03:16:03.27469+00
311,311,github,3836469571,2026-09-27 03:16:00.617564+00,2026-09-27 03:16:03.27469+00,critical_security_incident,critical_incident,medium,0.300,30,{rce},,heuristic,pending,,,,f,2026-09-27 03:16:03.27469+00
312,312,github,5599436920,2026-09-27 03:30:58.547893+00,2026-09-27 03:31:00.444598+00,critical_security_incident,critical_incident,critical,0.750,75,"{rce,""sql injection"",attack,security,vulnerability}",,heuristic,pending,,,,f,2026-09-27 03:31:00.444598+00
313,313,github,2558408342,2026-09-27 03:30:58.547893+00,2026-09-27 03:31:00.444598+00,critical_security_incident,critical_incident,high,0.550,55,"{apt,rce}",,heuristic,pending,,,,f,2026-09-27 03:31:00.444598+00
314,314,github,5599294199,2026-09-27 03:30:58.547893+00,2026-09-27 03:31:00.444598+00,critical_security_incident,critical_incident,critical,0.650,65,"{apt,exploit,security,""denial of service""}",,heuristic,pending,,,,f,2026-09-27 03:31:00.444598+00
315,315,github,5599440511,2026-09-27 03:30:58.547893+00,2026-09-27 03:31:00.444598+00,security_threat,security_threat,high,0.400,40,{malware},,heuristic,pending,,,,f,2026-09-27 03:31:00.444598+00
316,316,github,4220852361,2026-09-27 03:30:58.547893+00,2026-09-27 03:31:00.444598+00,general,other,medium,0.300,30,{vulnerability},,heuristic,pending,,,,f,2026-09-27 03:31:00.444598+00
317,317,github,3299449759,2026-09-27 03:30:58.547893+00,2026-09-27 03:31:00.444598+00,critical_security_incident,critical_incident,high,0.450,45,{rce},,heuristic,pending,,,,f,2026-09-27 03:31:00.444598+00
318,318,github,5599439897,2026-09-27 03:30:58.547893+00,2026-09-27 03:31:00.444598+00,critical_security_incident,critical_incident,critical,0.650,65,"{rce,malware}",,heuristic,pending,,,,f,2026-09-27 03:31:00.444598+00
319,319,github,5517026801,2026-09-27 03:30:58.547893+00,2026-09-27 03:31:00.444598+00,critical_security_incident,critical_incident,critical,0.750,75,"{rce,exploit,attack}",,heuristic,pending,,,,f,2026-09-27 03:31:00.444598+00
320,320,github,5434329214,2026-09-27 03:30:58.547893+00,2026-09-27 03:31:00.444598+00,general,other,medium,0.300,30,,,heuristic,pending,,,,f,2026-09-27 03:31:00.444598+00
321,321,github,5318702974,2026-09-27 03:30:58.547893+00,2026-09-27 03:31:00.444598+00,critical_security_incident,critical_incident,high,0.450,45,"{rce,security,vulnerability}",,heuristic,pending,,,,f,2026-09-27 03:31:00.444598+00
322,322,github,5031852930,2026-09-27 03:30:58.547893+00,2026-09-27 03:31:00.444598+00,general,other,medium,0.250,25,,,heuristic,pending,,,,f,2026-09-27 03:31:00.444598+00
323,323,github,1846772828,2026-09-27 03:30:58.547893+00,2026-09-27 03:31:00.444598+00,critical_security_incident,critical_incident,critical,0.600,60,"{rce,security,vulnerability}",,heuristic,pending,,,,f,2026-09-27 03:31:00.444598+00
324,324,github,5599429384,2026-09-27 03:30:58.547893+00,2026-09-27 03:31:00.444598+00,critical_security_incident,critical_incident,critical,0.650,65,"{rce,exploit}",,heuristic,pending,,,,f,2026-09-27 03:31:00.444598+00
325,325,github,2293484419,2026-09-27 03:30:58.547893+00,2026-09-27 03:31:00.444598+00,critical_security_incident,critical_incident,critical,0.600,60,"{rce,security,vulnerability}",,heuristic,pending,,,,f,2026-09-27 03:31:00.444598+00
326,326,github,5120422530,2026-09-27 03:30:58.547893+00,2026-09-27 03:31:00.444598+00,critical_security_incident,critical_incident,high,0.400,40,"{rce,vulnerability}",,heuristic,pending,,,,f,2026-09-27 03:31:00.444598+00
327,327,github,5599435938,2026-09-27 03:30:58.547893+00,2026-09-27 03:31:00.444598+00,general,other,medium,0.200,20,"{security,vulnerability}",,heuristic,pending,,,,f,2026-09-27 03:31:00.444598+00
328,328,github,5037710148,2026-09-27 03:30:58.547893+00,2026-09-27 03:31:00.444598+00,critical_security_incident,critical_incident,high,0.450,45,"{rce,security,vulnerability}",,heuristic,pending,,,,f,2026-09-27 03:31:00.444598+00
329,329,github,5599435599,2026-09-27 03:30:58.547893+00,2026-09-27 03:31:00.444598+00,critical_security_incident,critical_incident,medium,0.300,30,{rce},,heuristic,pending,,,,f,2026-09-27 03:31:00.444598+00
330,330,github,5163520731,2026-09-27 03:30:58.547893+00,2026-09-27 03:31:00.444598+00,general,other,medium,0.300,30,{security},,heuristic,pending,,,,f,2026-09-27 03:31:00.444598+00
331,331,github,5599434921,2026-09-27 03:30:58.547893+00,2026-09-27 03:31:00.444598+00,critical_security_incident,critical_incident,medium,0.300,30,{rce},,heuristic,pending,,,,f,2026-09-27 03:31:00.444598+00
332,332,github,4715399487,2026-09-27 03:30:58.547893+00,2026-09-27 03:31:00.444598+00,critical_security_incident,critical_incident,high,0.400,40,"{rce,vulnerability}",,heuristic,pending,,,,f,2026-09-27 03:31:00.444598+00
333,333,github,5264240155,2026-09-27 03:30:58.547893+00,2026-09-27 03:31:00.444598+00,critical_security_incident,critical_incident,critical,0.700,70,"{apt,rce,security}",,heuristic,pending,,,,f,2026-09-27 03:31:00.444598+00
334,334,github,4951580844,2026-09-27 03:30:58.547893+00,2026-09-27 03:31:00.444598+00,critical_security_incident,critical_incident,high,0.400,40,"{rce,vulnerability}",,heuristic,pending,,,,f,2026-09-27 03:31:00.444598+00
335,335,github,2559203777,2026-09-27 03:30:58.547893+00,2026-09-27 03:31:00.444598+00,critical_security_incident,critical_incident,high,0.450,45,"{rce,security,vulnerability}",,heuristic,pending,,,,f,2026-09-27 03:31:00.444598+00
336,336,github,5379361997,2026-09-27 03:30:58.547893+00,2026-09-27 03:31:00.444598+00,security_threat,security_threat,critical,0.600,60,"{exploit,compromised,attack,security}",,heuristic,pending,,,,f,2026-09-27 03:31:00.444598+00
337,337,github,4050594171,2026-09-27 03:30:58.547893+00,2026-09-27 03:31:00.444598+00,critical_security_incident,critical_incident,high,0.400,40,"{rce,vulnerability}",,heuristic,pending,,,,f,2026-09-27 03:31:00.444598+00
338,338,github,5598966705,2026-09-27 03:30:58.547893+00,2026-09-27 03:31:00.444598+00,general,other,medium,0.350,35,"{security,vulnerability}",,heuristic,pending,,,,f,2026-09-27 03:31:00.444598+00
339,339,github,3431208312,2026-09-27 03:30:58.547893+00,2026-09-27 03:31:00.444598+00,critical_security_incident,critical_incident,critical,0.600,60,"{rce,security,vulnerability}",,heuristic,pending,,,,f,2026-09-27 03:31:00.444598+00
340,340,github,5598914494,2026-09-27 03:30:58.547893+00,2026-09-27 03:31:00.444598+00,critical_security_incident,critical_incident,critical,0.600,60,"{rce,security,vulnerability}",,heuristic,pending,,,,f,2026-09-27 03:31:00.444598+00
341,341,github,4761508586,2026-09-27 03:30:58.547893+00,2026-09-27 03:31:00.444598+00,general,other,low,0.150,15,{vulnerability},,heuristic,pending,,,,f,2026-09-27 03:31:00.444598+00
342,342,github,2613796469,2026-09-27 03:30:58.547893+00,2026-09-27 03:31:00.444598+00,critical_security_incident,critical_incident,high,0.450,45,"{rce,security,vulnerability}",,heuristic,pending,,,,f,2026-09-27 03:31:00.444598+00
343,343,github,5170249896,2026-09-27 03:30:58.547893+00,2026-09-27 03:31:00.444598+00,general,other,low,0.150,15,{vulnerability},,heuristic,pending,,,,f,2026-09-27 03:31:00.444598+00
344,344,github,5419553660,2026-09-27 03:30:58.547893+00,2026-09-27 03:31:00.444598+00,critical_security_incident,critical_incident,high,0.550,55,"{rce,security}",,heuristic,pending,,,,f,2026-09-27 03:31:00.444598+00
345,345,github,5556076397,2026-09-27 03:30:58.547893+00,2026-09-27 03:31:00.444598+00,critical_security_incident,critical_incident,high,0.400,40,"{rce,vulnerability}",,heuristic,pending,,,,f,2026-09-27 03:31:00.444598+00
346,346,github,3565636793,2026-09-27 03:30:58.547893+00,2026-09-27 03:31:00.444598+00,critical_security_incident,critical_incident,high,0.450,45,"{rce,security,vulnerability}",,heuristic,pending,,,,f,2026-09-27 03:31:00.444598+00
347,347,github,2849823899,2026-09-27 03:30:58.547893+00,2026-09-27 03:31:00.444598+00,critical_security_incident,critical_incident,medium,0.300,30,{rce},,heuristic,pending,,,,f,2026-09-27 03:31:00.444598+00
348,348,github,2849825362,2026-09-27 03:30:58.547893+00,2026-09-27 03:31:00.444598+00,critical_security_incident,critical_incident,medium,0.300,30,{rce},,heuristic,pending,,,,f,2026-09-27 03:31:00.444598+00
349,349,github,1911293787,2026-09-27 03:30:58.547893+00,2026-09-27 03:31:00.444598+00,critical_security_incident,critical_incident,high,0.500,50,"{rce,security}",,heuristic,pending,,,,f,2026-09-27 03:31:00.444598+00
350,350,github,5598119928,2026-09-27 03:30:58.547893+00,2026-09-27 03:31:00.444598+00,critical_security_incident,critical_incident,medium,0.350,35,{rce},,heuristic,pending,,,,f,2026-09-27 03:31:00.444598+00
351,351,github,5599429108,2026-09-27 03:30:58.547893+00,2026-09-27 03:31:00.444598+00,security_threat,security_threat,high,0.400,40,"{cve-,attack,security}",,heuristic,pending,,,,f,2026-09-27 03:31:00.444598+00
352,352,github,5599428449,2026-09-27 03:30:58.547893+00,2026-09-27 03:31:00.444598+00,general,other,medium,0.200,20,"{security,vulnerability}",,heuristic,pending,,,,f,2026-09-27 03:31:00.444598+00
353,353,github,5013242176,2026-09-27 03:30:58.547893+00,2026-09-27 03:31:00.444598+00,critical_security_incident,critical_incident,high,0.400,40,{rce},,heuristic,pending,,,,f,2026-09-27 03:31:00.444598+00
354,354,github,5428183434,2026-09-27 03:45:58.332803+00,2026-09-27 03:46:00.389669+00,critical_security_incident,critical_incident,critical,0.650,65,{rce},,heuristic,pending,,,,f,2026-09-27 03:46:00.389669+00
355,355,github,5599100939,2026-09-27 03:45:58.332803+00,2026-09-27 03:46:00.389669+00,critical_security_incident,critical_incident,high,0.400,40,"{rce,security}",,heuristic,pending,,,,f,2026-09-27 03:46:00.389669+00
356,356,github,3505213882,2026-09-27 03:45:58.332803+00,2026-09-27 03:46:00.389669+00,critical_security_incident,critical_incident,high,0.450,45,"{rce,security,vulnerability}",,heuristic,pending,,,,f,2026-09-27 03:46:00.389669+00
357,357,github,5161824569,2026-09-27 03:45:58.332803+00,2026-09-27 03:46:00.389669+00,critical_security_incident,critical_incident,high,0.400,40,"{rce,vulnerability}",,heuristic,pending,,,,f,2026-09-27 03:46:00.389669+00
358,358,github,5557674217,2026-09-27 03:45:58.332803+00,2026-09-27 03:46:00.389669+00,critical_security_incident,critical_incident,critical,0.800,80,"{rce,exploit,attack,security}",,heuristic,pending,,,,f,2026-09-27 03:46:00.389669+00
359,359,github,2442729123,2026-09-27 03:45:58.332803+00,2026-09-27 03:46:00.389669+00,critical_security_incident,critical_incident,high,0.450,45,"{rce,security,vulnerability}",,heuristic,pending,,,,f,2026-09-27 03:46:00.389669+00
360,360,github,1929241430,2026-09-27 03:45:58.332803+00,2026-09-27 03:46:00.389669+00,critical_security_incident,critical_incident,critical,0.700,70,"{apt,rce}",,heuristic,pending,,,,f,2026-09-27 03:46:00.389669+00
361,361,github,2859990499,2026-09-27 03:45:58.332803+00,2026-09-27 03:46:00.389669+00,critical_security_incident,critical_incident,medium,0.300,30,{rce},,heuristic,pending,,,,f,2026-09-27 03:46:00.389669+00
362,362,github,2393125034,2026-09-27 03:45:58.332803+00,2026-09-27 03:46:00.389669+00,critical_security_incident,critical_incident,high,0.450,45,"{rce,security,vulnerability}",,heuristic,pending,,,,f,2026-09-27 03:46:00.389669+00
363,363,github,5101595581,2026-09-27 03:45:58.332803+00,2026-09-27 03:46:00.389669+00,general,other,medium,0.250,25,,,heuristic,pending,,,,f,2026-09-27 03:46:00.389669+00
364,364,github,5599506568,2026-09-27 03:45:58.332803+00,2026-09-27 03:46:00.389669+00,critical_security_incident,critical_incident,critical,0.900,90,"{rce,cve-,attack,security,vulnerability}",,heuristic,pending,,,,f,2026-09-27 03:46:00.389669+00
365,365,github,4515303555,2026-09-27 03:45:58.332803+00,2026-09-27 03:46:00.389669+00,critical_security_incident,critical_incident,medium,0.300,30,{rce},,heuristic,pending,,,,f,2026-09-27 03:46:00.389669+00
366,366,github,5469039010,2026-09-27 03:45:58.332803+00,2026-09-27 03:46:00.389669+00,critical_security_incident,critical_incident,high,0.500,50,{rce},,heuristic,pending,,,,f,2026-09-27 03:46:00.389669+00
367,367,github,4010519246,2026-09-27 03:45:58.332803+00,2026-09-27 03:46:00.389669+00,critical_security_incident,critical_incident,critical,0.600,60,"{rce,security,vulnerability}",,heuristic,pending,,,,f,2026-09-27 03:46:00.389669+00
368,368,github,5291868567,2026-09-27 03:45:58.332803+00,2026-09-27 03:46:00.389669+00,critical_security_incident,critical_incident,medium,0.300,30,{rce},,heuristic,pending,,,,f,2026-09-27 03:46:00.389669+00
369,369,github,5349865639,2026-09-27 03:45:58.332803+00,2026-09-27 03:46:00.389669+00,critical_security_incident,critical_incident,critical,0.900,90,"{apt,rce}",,heuristic,pending,,,,f,2026-09-27 03:46:00.389669+00
370,370,github,2972336510,2026-09-27 03:45:58.332803+00,2026-09-27 03:46:00.389669+00,critical_security_incident,critical_incident,high,0.450,45,"{rce,security,vulnerability}",,heuristic,pending,,,,f,2026-09-27 03:46:00.389669+00
371,371,github,1029712029,2026-09-27 03:45:58.332803+00,2026-09-27 03:46:00.389669+00,critical_security_incident,critical_incident,critical,0.600,60,"{rce,security,vulnerability}",,heuristic,pending,,,,f,2026-09-27 03:46:00.389669+00
372,372,github,5595513343,2026-09-27 03:45:58.332803+00,2026-09-27 03:46:00.389669+00,general,other,medium,0.250,25,,,heuristic,pending,,,,f,2026-09-27 03:46:00.389669+00
373,373,github,5573282208,2026-09-27 03:45:58.332803+00,2026-09-27 03:46:00.389669+00,critical_security_incident,critical_incident,high,0.500,50,"{rce,attack,security}",,heuristic,pending,,,,f,2026-09-27 03:46:00.389669+00
374,374,github,5544786573,2026-09-27 03:45:58.332803+00,2026-09-27 03:46:00.389669+00,general,other,medium,0.250,25,,,heuristic,pending,,,,f,2026-09-27 03:46:00.389669+00
375,375,github,5508190014,2026-09-27 03:45:58.332803+00,2026-09-27 03:46:00.389669+00,general,other,medium,0.250,25,,,heuristic,pending,,,,f,2026-09-27 03:46:00.389669+00
376,376,github,5240489301,2026-09-27 03:45:58.332803+00,2026-09-27 03:46:00.389669+00,critical_security_incident,critical_incident,medium,0.300,30,{rce},,heuristic,pending,,,,f,2026-09-27 03:46:00.389669+00
377,377,github,5362482664,2026-09-27 03:45:58.332803+00,2026-09-27 03:46:00.389669+00,critical_security_incident,critical_incident,medium,0.350,35,{rce},,heuristic,pending,,,,f,2026-09-27 03:46:00.389669+00
378,378,github,2852579236,2026-09-27 03:45:58.332803+00,2026-09-27 03:46:00.389669+00,critical_security_incident,critical_incident,medium,0.300,30,{rce},,heuristic,pending,,,,f,2026-09-27 03:46:00.389669+00
379,379,github,1029766486,2026-09-27 03:45:58.332803+00,2026-09-27 03:46:00.389669+00,critical_security_incident,critical_incident,high,0.450,45,"{rce,security,vulnerability}",,heuristic,pending,,,,f,2026-09-27 03:46:00.389669+00
380,380,github,1029350223,2026-09-27 03:45:58.332803+00,2026-09-27 03:46:00.389669+00,critical_security_incident,critical_incident,high,0.450,45,"{rce,security,vulnerability}",,heuristic,pending,,,,f,2026-09-27 03:46:00.389669+00
381,381,github,5599410947,2026-09-27 03:45:58.332803+00,2026-09-27 03:46:00.389669+00,critical_security_incident,critical_incident,high,0.550,55,"{rce,cve-,security}",,heuristic,pending,,,,f,2026-09-27 03:46:00.389669+00
382,382,github,1242751934,2026-09-27 03:45:58.332803+00,2026-09-27 03:46:00.389669+00,critical_security_incident,critical_incident,high,0.450,45,"{rce,security,vulnerability}",,heuristic,pending,,,,f,2026-09-27 03:46:00.389669+00
383,383,github,5599410795,2026-09-27 03:45:58.332803+00,2026-09-27 03:46:00.389669+00,critical_security_incident,critical_incident,critical,0.700,70,"{rce,cve-,security}",,heuristic,pending,,,,f,2026-09-27 03:46:00.389669+00
384,384,github,4887394166,2026-09-27 03:45:58.332803+00,2026-09-27 03:46:00.389669+00,general,other,medium,0.200,20,"{security,vulnerability}",,heuristic,pending,,,,f,2026-09-27 03:46:00.389669+00
385,385,github,5599410642,2026-09-27 03:45:58.332803+00,2026-09-27 03:46:00.389669+00,critical_security_incident,critical_incident,critical,0.700,70,"{rce,cve-,security}",,heuristic,pending,,,,f,2026-09-27 03:46:00.389669+00
386,386,github,5597541416,2026-09-27 03:45:58.332803+00,2026-09-27 03:46:00.389669+00,critical_security_incident,critical_incident,critical,0.600,60,"{rce,vulnerability}",,heuristic,pending,,,,f,2026-09-27 03:46:00.389669+00
387,387,github,4851443095,2026-09-27 03:45:58.332803+00,2026-09-27 03:46:00.389669+00,critical_security_incident,critical_incident,high,0.450,45,"{rce,security,vulnerability}",,heuristic,pending,,,,f,2026-09-27 03:46:00.389669+00
388,388,github,5548942905,2026-09-27 03:45:58.332803+00,2026-09-27 03:46:00.389669+00,critical_security_incident,critical_incident,critical,0.650,65,"{rce,exploit}",,heuristic,pending,,,,f,2026-09-27 03:46:00.389669+00
389,389,github,5093240361,2026-09-27 03:45:58.332803+00,2026-09-27 03:46:00.389669+00,critical_security_incident,critical_incident,high,0.450,45,{rce},,heuristic,pending,,,,f,2026-09-27 03:46:00.389669+00
390,390,github,5599496863,2026-09-27 03:45:58.332803+00,2026-09-27 03:46:00.389669+00,security_threat,security_threat,high,0.400,40,{exploit},,heuristic,pending,,,,f,2026-09-27 03:46:00.389669+00
391,391,github,2259697339,2026-09-27 03:45:58.332803+00,2026-09-27 03:46:00.389669+00,critical_security_incident,critical_incident,medium,0.300,30,{apt},,heuristic,pending,,,,f,2026-09-27 03:46:00.389669+00
392,392,github,5432468469,2026-09-27 03:45:58.332803+00,2026-09-27 03:46:00.389669+00,critical_security_incident,critical_incident,medium,0.350,35,"{rce,security}",,heuristic,pending,,,,f,2026-09-27 03:46:00.389669+00
393,393,github,4507461057,2026-09-27 03:45:58.332803+00,2026-09-27 03:46:00.389669+00,general,other,low,0.150,15,,,heuristic,pending,,,,f,2026-09-27 03:46:00.389669+00
394,394,github,5207147601,2026-09-27 03:45:58.332803+00,2026-09-27 03:46:00.389669+00,general,other,medium,0.250,25,,,heuristic,pending,,,,f,2026-09-27 03:46:00.389669+00
395,395,github,3258877637,2026-09-27 03:45:58.332803+00,2026-09-27 03:46:00.389669+00,critical_security_incident,critical_incident,high,0.450,45,{rce},,heuristic,pending,,,,f,2026-09-27 03:46:00.389669+00
396,396,github,2164681289,2026-09-27 04:00:59.945727+00,2026-09-27 04:01:01.424567+00,critical_security_incident,critical_incident,high,0.450,45,"{rce,security,vulnerability}",,heuristic,pending,,,,f,2026-09-27 04:01:01.424567+00
397,397,github,1133009502,2026-09-27 04:00:59.945727+00,2026-09-27 04:01:01.424567+00,critical_security_incident,critical_incident,high,0.450,45,{rce},,heuristic,pending,,,,f,2026-09-27 04:01:01.424567+00
398,398,github,5585254852,2026-09-27 04:00:59.945727+00,2026-09-27 04:01:01.424567+00,security_threat,security_threat,high,0.400,40,{exploit},,heuristic,pending,,,,f,2026-09-27 04:01:01.424567+00
399,399,github,1342323724,2026-09-27 04:00:59.945727+00,2026-09-27 04:01:01.424567+00,critical_security_incident,critical_incident,medium,0.300,30,{rce},,heuristic,pending,,,,f,2026-09-27 04:01:01.424567+00
400,400,github,5599577354,2026-09-27 04:00:59.945727+00,2026-09-27 04:01:01.424567+00,critical_security_incident,critical_incident,high,0.550,55,"{rce,exploit,security}",,heuristic,pending,,,,f,2026-09-27 04:01:01.424567+00
401,401,github,5599576866,2026-09-27 04:00:59.945727+00,2026-09-27 04:01:01.424567+00,critical_security_incident,critical_incident,critical,0.650,65,"{rce,malware}",,heuristic,pending,,,,f,2026-09-27 04:01:01.424567+00
402,402,github,2499592136,2026-09-27 04:00:59.945727+00,2026-09-27 04:01:01.424567+00,critical_security_incident,critical_incident,medium,0.300,30,{rce},,heuristic,pending,,,,f,2026-09-27 04:01:01.424567+00
403,403,github,5430488778,2026-09-27 04:00:59.945727+00,2026-09-27 04:01:01.424567+00,critical_security_incident,critical_incident,high,0.450,45,"{rce,security,vulnerability}",,heuristic,pending,,,,f,2026-09-27 04:01:01.424567+00
404,404,github,5584918046,2026-09-27 04:00:59.945727+00,2026-09-27 04:01:01.424567+00,critical_security_incident,critical_incident,critical,0.800,80,"{apt,rce}",,heuristic,pending,,,,f,2026-09-27 04:01:01.424567+00
405,405,github,5394573562,2026-09-27 04:00:59.945727+00,2026-09-27 04:01:01.424567+00,general,other,low,0.050,5,,,heuristic,pending,,,,f,2026-09-27 04:01:01.424567+00
406,406,github,2852599414,2026-09-27 04:00:59.945727+00,2026-09-27 04:01:01.424567+00,critical_security_incident,critical_incident,medium,0.300,30,{rce},,heuristic,pending,,,,f,2026-09-27 04:01:01.424567+00
407,407,github,3152297428,2026-09-27 04:00:59.945727+00,2026-09-27 04:01:01.424567+00,critical_security_incident,critical_incident,high,0.450,45,"{rce,security,vulnerability}",,heuristic,pending,,,,f,2026-09-27 04:01:01.424567+00
408,408,github,2445877681,2026-09-27 04:00:59.945727+00,2026-09-27 04:01:01.424567+00,critical_security_incident,critical_incident,high,0.450,45,"{rce,security,vulnerability}",,heuristic,pending,,,,f,2026-09-27 04:01:01.424567+00
409,409,github,2859905685,2026-09-27 04:00:59.945727+00,2026-09-27 04:01:01.424567+00,critical_security_incident,critical_incident,high,0.550,55,"{apt,rce}",,heuristic,pending,,,,f,2026-09-27 04:01:01.424567+00
410,410,github,5373586469,2026-09-27 04:00:59.945727+00,2026-09-27 04:01:01.424567+00,general,other,medium,0.300,30,{incident},,heuristic,pending,,,,f,2026-09-27 04:01:01.424567+00
411,411,github,5438853841,2026-09-27 04:00:59.945727+00,2026-09-27 04:01:01.424567+00,critical_security_incident,critical_incident,critical,0.800,80,"{apt,rce}",,heuristic,pending,,,,f,2026-09-27 04:01:01.424567+00
412,412,github,2424688243,2026-09-27 04:00:59.945727+00,2026-09-27 04:01:01.424567+00,critical_security_incident,critical_incident,high,0.550,55,"{apt,rce}",,heuristic,pending,,,,f,2026-09-27 04:01:01.424567+00
413,413,github,5538645202,2026-09-27 04:00:59.945727+00,2026-09-27 04:01:01.424567+00,critical_security_incident,critical_incident,critical,0.600,60,"{rce,exploit,vulnerability}",,heuristic,pending,,,,f,2026-09-27 04:01:01.424567+00
414,414,github,5597525995,2026-09-27 04:00:59.945727+00,2026-09-27 04:01:01.424567+00,critical_security_incident,critical_incident,medium,0.300,30,{rce},,heuristic,pending,,,,f,2026-09-27 04:01:01.424567+00
415,415,github,2523830566,2026-09-27 04:00:59.945727+00,2026-09-27 04:01:01.424567+00,critical_security_incident,critical_incident,critical,0.600,60,"{rce,security,vulnerability}",,heuristic,pending,,,,f,2026-09-27 04:01:01.424567+00
416,416,github,5599569338,2026-09-27 04:00:59.945727+00,2026-09-27 04:01:01.424567+00,security_threat,security_threat,high,0.450,45,"{exploit,cve-}",,heuristic,pending,,,,f,2026-09-27 04:01:01.424567+00
417,417,github,5374193298,2026-09-27 04:00:59.945727+00,2026-09-27 04:01:01.424567+00,critical_security_incident,critical_incident,high,0.500,50,{rce},,heuristic,pending,,,,f,2026-09-27 04:01:01.424567+00
418,418,github,5599568025,2026-09-27 04:00:59.945727+00,2026-09-27 04:01:01.424567+00,critical_security_incident,critical_incident,critical,0.600,60,"{rce,security,vulnerability}",,heuristic,pending,,,,f,2026-09-27 04:01:01.424567+00
419,419,github,2982637196,2026-09-27 04:00:59.945727+00,2026-09-27 04:01:01.424567+00,critical_security_incident,critical_incident,high,0.450,45,"{rce,security,vulnerability}",,heuristic,pending,,,,f,2026-09-27 04:01:01.424567+00
420,420,github,1046456517,2026-09-27 04:00:59.945727+00,2026-09-27 04:01:01.424567+00,critical_security_incident,critical_incident,critical,0.600,60,"{rce,security,vulnerability}",,heuristic,pending,,,,f,2026-09-27 04:01:01.424567+00
421,421,github,5599567927,2026-09-27 04:00:59.945727+00,2026-09-27 04:01:01.424567+00,critical_security_incident,critical_incident,critical,0.990,100,"{apt,rce,exploit,vulnerability}",,heuristic,pending,,,,f,2026-09-27 04:01:01.424567+00
422,422,github,5540381611,2026-09-27 04:00:59.945727+00,2026-09-27 04:01:01.424567+00,critical_security_incident,critical_incident,critical,0.850,85,"{rce,malware,compromised,attack}",,heuristic,pending,,,,f,2026-09-27 04:01:01.424567+00
423,423,github,5441695160,2026-09-27 04:00:59.945727+00,2026-09-27 04:01:01.424567+00,critical_security_incident,critical_incident,critical,0.650,65,{rce},,heuristic,pending,,,,f,2026-09-27 04:01:01.424567+00
424,424,github,5599566492,2026-09-27 04:00:59.945727+00,2026-09-27 04:01:01.424567+00,critical_security_incident,critical_incident,critical,0.600,60,"{apt,exploit,vulnerability}",,heuristic,pending,,,,f,2026-09-27 04:01:01.424567+00
425,425,github,1161454913,2026-09-27 04:00:59.945727+00,2026-09-27 04:01:01.424567+00,critical_security_incident,critical_incident,critical,0.600,60,"{rce,security,vulnerability}",,heuristic,pending,,,,f,2026-09-27 04:01:01.424567+00
426,426,github,1306877288,2026-09-27 04:00:59.945727+00,2026-09-27 04:01:01.424567+00,critical_security_incident,critical_incident,high,0.450,45,"{rce,security,vulnerability}",,heuristic,pending,,,,f,2026-09-27 04:01:01.424567+00
427,427,github,5599564945,2026-09-27 04:00:59.945727+00,2026-09-27 04:01:01.424567+00,critical_security_incident,critical_incident,critical,0.990,100,"{apt,rce,exploit,cve-}",,heuristic,pending,,,,f,2026-09-27 04:01:01.424567+00
428,428,github,5098343653,2026-09-27 04:00:59.945727+00,2026-09-27 04:01:01.424567+00,critical_security_incident,critical_incident,medium,0.300,30,{rce},,heuristic,pending,,,,f,2026-09-27 04:01:01.424567+00
429,429,github,5598440031,2026-09-27 04:00:59.945727+00,2026-09-27 04:01:01.424567+00,general,other,low,0.050,5,,,heuristic,pending,,,,f,2026-09-27 04:01:01.424567+00
430,430,github,5569974707,2026-09-27 04:00:59.945727+00,2026-09-27 04:01:01.424567+00,critical_security_incident,critical_incident,high,0.450,45,{rce},,heuristic,pending,,,,f,2026-09-27 04:01:01.424567+00
431,431,github,5597040628,2026-09-27 04:00:59.945727+00,2026-09-27 04:01:01.424567+00,security_threat,security_threat,medium,0.250,25,{exploit},,heuristic,pending,,,,f,2026-09-27 04:01:01.424567+00
432,432,github,4264122420,2026-09-27 04:00:59.945727+00,2026-09-27 04:01:01.424567+00,critical_security_incident,critical_incident,high,0.450,45,"{rce,security,vulnerability}",,heuristic,pending,,,,f,2026-09-27 04:01:01.424567+00
433,433,github,5599474928,2026-09-27 04:00:59.945727+00,2026-09-27 04:01:01.424567+00,critical_security_incident,critical_incident,critical,0.650,65,"{rce,exploit}",,heuristic,pending,,,,f,2026-09-27 04:01:01.424567+00
434,434,github,5599563188,2026-09-27 04:00:59.945727+00,2026-09-27 04:01:01.424567+00,critical_security_incident,critical_incident,critical,0.750,75,"{apt,exploit,vulnerability}",,heuristic,pending,,,,f,2026-09-27 04:01:01.424567+00
435,435,github,5599562082,2026-09-27 04:00:59.945727+00,2026-09-27 04:01:01.424567+00,critical_security_incident,critical_incident,critical,0.850,85,"{apt,rce,exploit,vulnerability}",,heuristic,pending,,,,f,2026-09-27 04:01:01.424567+00
436,436,github,2069486118,2026-09-27 04:00:59.945727+00,2026-09-27 04:01:01.424567+00,critical_security_incident,critical_incident,high,0.450,45,{rce},,heuristic,pending,,,,f,2026-09-27 04:01:01.424567+00
437,437,github,1029331774,2026-09-27 04:00:59.945727+00,2026-09-27 04:01:01.424567+00,critical_security_incident,critical_incident,critical,0.600,60,"{rce,security,vulnerability}",,heuristic,pending,,,,f,2026-09-27 04:01:01.424567+00
438,438,github,1300542151,2026-09-27 04:00:59.945727+00,2026-09-27 04:01:01.424567+00,critical_security_incident,critical_incident,high,0.550,55,"{apt,rce}",,heuristic,pending,,,,f,2026-09-27 04:01:01.424567+00
439,439,hackernews,49864875,2026-09-27 12:45:59.224989+00,2026-09-27 12:46:00.621361+00,general,other,medium,0.200,20,"{security,incident}",,heuristic,pending,,,,f,2026-09-27 12:46:00.621361+00
440,440,hackernews,49864792,2026-09-27 12:45:59.224989+00,2026-09-27 12:46:00.621361+00,general,other,low,0.100,10,{security},,heuristic,pending,,,,f,2026-09-27 12:46:00.621361+00
441,441,hackernews,49864245,2026-09-27 12:45:59.224989+00,2026-09-27 12:46:00.621361+00,general,other,medium,0.250,25,{security},,heuristic,pending,,,,f,2026-09-27 12:46:00.621361+00
442,442,github,5602728360,2026-09-27 12:45:59.224989+00,2026-09-27 12:46:00.621361+00,security_threat,security_threat,critical,0.650,65,"{phishing,malware,security}",,heuristic,pending,,,,f,2026-09-27 12:46:00.621361+00
443,443,github,2800491975,2026-09-27 12:45:59.224989+00,2026-09-27 12:46:00.621361+00,critical_security_incident,critical_incident,critical,0.600,60,"{rce,security,vulnerability}",,heuristic,pending,,,,f,2026-09-27 12:46:00.621361+00
444,444,github,5602466276,2026-09-27 12:45:59.224989+00,2026-09-27 12:46:00.621361+00,critical_security_incident,critical_incident,critical,0.600,60,"{rce,security,""denial of service""}",,heuristic,pending,,,,f,2026-09-27 12:46:00.621361+00
445,445,github,1492051164,2026-09-27 12:45:59.224989+00,2026-09-27 12:46:00.621361+00,critical_security_incident,critical_incident,high,0.450,45,"{rce,security,vulnerability}",,heuristic,pending,,,,f,2026-09-27 12:46:00.621361+00
446,446,github,5560387302,2026-09-27 12:45:59.224989+00,2026-09-27 12:46:00.621361+00,critical_security_incident,critical_incident,high,0.500,50,{rce},,heuristic,pending,,,,f,2026-09-27 12:46:00.621361+00
447,447,github,5214176754,2026-09-27 12:45:59.224989+00,2026-09-27 12:46:00.621361+00,general,other,high,0.400,40,,,heuristic,pending,,,,f,2026-09-27 12:46:00.621361+00
448,448,github,5600543220,2026-09-27 12:45:59.224989+00,2026-09-27 12:46:00.621361+00,general,other,medium,0.250,25,,,heuristic,pending,,,,f,2026-09-27 12:46:00.621361+00
449,449,github,5238780899,2026-09-27 12:45:59.224989+00,2026-09-27 12:46:00.621361+00,critical_security_incident,critical_incident,critical,0.650,65,{rce},,heuristic,pending,,,,f,2026-09-27 12:46:00.621361+00
450,450,github,4606757653,2026-09-27 12:45:59.224989+00,2026-09-27 12:46:00.621361+00,critical_security_incident,critical_incident,high,0.450,45,{rce},,heuristic,pending,,,,f,2026-09-27 12:46:00.621361+00
451,451,github,5592518418,2026-09-27 12:45:59.224989+00,2026-09-27 12:46:00.621361+00,general,other,high,0.400,40,"{security,incident,vulnerability,""denial of service""}",,heuristic,pending,,,,f,2026-09-27 12:46:00.621361+00
452,452,github,5602723709,2026-09-27 12:45:59.224989+00,2026-09-27 12:46:00.621361+00,security_threat,security_threat,critical,0.650,65,"{phishing,malware,security}",,heuristic,pending,,,,f,2026-09-27 12:46:00.621361+00
453,453,github,1139294267,2026-09-27 12:45:59.224989+00,2026-09-27 12:46:00.621361+00,critical_security_incident,critical_incident,medium,0.300,30,{rce},,heuristic,pending,,,,f,2026-09-27 12:46:00.621361+00
454,454,github,5560168618,2026-09-27 12:45:59.224989+00,2026-09-27 12:46:00.621361+00,general,other,low,0.100,10,{security},,heuristic,pending,,,,f,2026-09-27 12:46:00.621361+00
455,455,github,5151789156,2026-09-27 12:45:59.224989+00,2026-09-27 12:46:00.621361+00,critical_security_incident,critical_incident,high,0.500,50,"{rce,security}",,heuristic,pending,,,,f,2026-09-27 12:46:00.621361+00
456,456,github,1928571226,2026-09-27 12:45:59.224989+00,2026-09-27 12:46:00.621361+00,critical_security_incident,critical_incident,medium,0.300,30,{rce},,heuristic,pending,,,,f,2026-09-27 12:46:00.621361+00
457,457,github,1029568860,2026-09-27 12:45:59.224989+00,2026-09-27 12:46:00.621361+00,critical_security_incident,critical_incident,high,0.450,45,"{rce,security,vulnerability}",,heuristic,pending,,,,f,2026-09-27 12:46:00.621361+00
458,458,github,5599555700,2026-09-27 12:45:59.224989+00,2026-09-27 12:46:00.621361+00,general,other,low,0.100,10,,,heuristic,pending,,,,f,2026-09-27 12:46:00.621361+00
459,459,github,2566947577,2026-09-27 12:45:59.224989+00,2026-09-27 12:46:00.621361+00,critical_security_incident,critical_incident,high,0.450,45,{rce},,heuristic,pending,,,,f,2026-09-27 12:46:00.621361+00
460,460,github,5595824112,2026-09-27 12:45:59.224989+00,2026-09-27 12:46:00.621361+00,critical_security_incident,critical_incident,high,0.450,45,"{rce,security,vulnerability}",,heuristic,pending,,,,f,2026-09-27 12:46:00.621361+00
461,461,github,5235459673,2026-09-27 12:45:59.224989+00,2026-09-27 12:46:00.621361+00,security_threat,security_threat,high,0.450,45,"{exploit,security,vulnerability}",,heuristic,pending,,,,f,2026-09-27 12:46:00.621361+00
462,462,github,5568883489,2026-09-27 12:45:59.224989+00,2026-09-27 12:46:00.621361+00,critical_security_incident,critical_incident,critical,0.990,100,"{rce,""remote code execution"",attack,security,vulnerability}",,heuristic,pending,,,,f,2026-09-27 12:46:00.621361+00
463,463,github,5601309783,2026-09-27 12:45:59.224989+00,2026-09-27 12:46:00.621361+00,critical_security_incident,critical_incident,critical,0.800,80,"{rce,exploit,attack,security}",,heuristic,pending,,,,f,2026-09-27 12:46:00.621361+00
464,464,github,5235461352,2026-09-27 12:45:59.224989+00,2026-09-27 12:46:00.621361+00,security_threat,security_threat,high,0.550,55,"{exploit,xss,security,vulnerability}",,heuristic,pending,,,,f,2026-09-27 12:46:00.621361+00
465,465,github,3101727703,2026-09-27 12:45:59.224989+00,2026-09-27 12:46:00.621361+00,critical_security_incident,critical_incident,critical,0.600,60,"{rce,security,vulnerability}",,heuristic,pending,,,,f,2026-09-27 12:46:00.621361+00
466,466,github,5600829833,2026-09-27 12:45:59.224989+00,2026-09-27 12:46:00.621361+00,critical_security_incident,critical_incident,critical,0.600,60,"{rce,exploit,attack}",,heuristic,pending,,,,f,2026-09-27 12:46:00.621361+00
467,467,github,5409654316,2026-09-27 12:45:59.224989+00,2026-09-27 12:46:00.621361+00,general,other,low,0.100,10,,,heuristic,pending,,,,f,2026-09-27 12:46:00.621361+00
468,468,github,5602717908,2026-09-27 12:45:59.224989+00,2026-09-27 12:46:00.621361+00,security_threat,security_threat,medium,0.250,25,{exploit},,heuristic,pending,,,,f,2026-09-27 12:46:00.621361+00
469,469,github,5600572086,2026-09-27 12:45:59.224989+00,2026-09-27 12:46:00.621361+00,general,other,low,0.150,15,{security},,heuristic,pending,,,,f,2026-09-27 12:46:00.621361+00
470,470,github,5602717710,2026-09-27 12:45:59.224989+00,2026-09-27 12:46:00.621361+00,security_threat,security_threat,critical,0.900,90,"{exploit,cve-,threat,vulnerability,""denial of service""}",,heuristic,pending,,,,f,2026-09-27 12:46:00.621361+00
471,471,github,5602717565,2026-09-27 12:45:59.224989+00,2026-09-27 12:46:00.621361+00,security_threat,security_threat,critical,0.900,90,"{exploit,cve-,threat,vulnerability,""denial of service""}",,heuristic,pending,,,,f,2026-09-27 12:46:00.621361+00
472,472,github,5602717641,2026-09-27 12:45:59.224989+00,2026-09-27 12:46:00.621361+00,security_threat,security_threat,critical,0.900,90,"{exploit,cve-,threat,vulnerability,""denial of service""}",,heuristic,pending,,,,f,2026-09-27 12:46:00.621361+00
473,473,github,5602717491,2026-09-27 12:45:59.224989+00,2026-09-27 12:46:00.621361+00,security_threat,security_threat,critical,0.900,90,"{exploit,cve-,threat,vulnerability,""denial of service""}",,heuristic,pending,,,,f,2026-09-27 12:46:00.621361+00
474,474,github,5251665658,2026-09-27 12:45:59.224989+00,2026-09-27 12:46:00.621361+00,general,other,low,0.150,15,{vulnerability},,heuristic,pending,,,,f,2026-09-27 12:46:00.621361+00
475,475,github,5602717295,2026-09-27 12:45:59.224989+00,2026-09-27 12:46:00.621361+00,critical_security_incident,critical_incident,critical,0.990,100,"{""remote code execution"",exploit,cve-,""sql injection"",threat,vulnerability,""denial of service""}",,heuristic,pending,,,,f,2026-09-27 12:46:00.621361+00
476,476,github,5602717389,2026-09-27 12:45:59.224989+00,2026-09-27 12:46:00.621361+00,security_threat,security_threat,critical,0.800,80,"{exploit,cve-,threat,vulnerability}",,heuristic,pending,,,,f,2026-09-27 12:46:00.621361+00
477,477,github,5602353792,2026-09-27 12:45:59.224989+00,2026-09-27 12:46:00.621361+00,security_threat,security_threat,critical,0.800,80,"{exploit,cve-,threat,vulnerability}",,heuristic,pending,,,,f,2026-09-27 12:46:00.621361+00
478,478,github,5602353725,2026-09-27 12:45:59.224989+00,2026-09-27 12:46:00.621361+00,security_threat,security_threat,critical,0.900,90,"{exploit,cve-,attack,threat,vulnerability}",,heuristic,pending,,,,f,2026-09-27 12:46:00.621361+00
479,479,github,5602353649,2026-09-27 12:45:59.224989+00,2026-09-27 12:46:00.621361+00,critical_security_incident,critical_incident,critical,0.990,100,"{""remote code execution"",exploit,cve-,threat,vulnerability}",,heuristic,pending,,,,f,2026-09-27 12:46:00.621361+00
480,480,github,5593557744,2026-09-27 12:45:59.224989+00,2026-09-27 12:46:00.621361+00,general,other,medium,0.200,20,,,heuristic,pending,,,,f,2026-09-27 12:46:00.621361+00
481,481,github,5593624120,2026-09-27 12:45:59.224989+00,2026-09-27 12:46:00.621361+00,security_threat,security_threat,medium,0.250,25,{exploit},,heuristic,pending,,,,f,2026-09-27 12:46:00.621361+00
482,482,github,5434923733,2026-09-27 12:45:59.224989+00,2026-09-27 12:46:00.621361+00,critical_security_incident,critical_incident,high,0.400,40,{rce},,heuristic,pending,,,,f,2026-09-27 12:46:00.621361+00
483,483,github,5602715226,2026-09-27 12:45:59.224989+00,2026-09-27 12:46:00.621361+00,security_threat,security_threat,critical,0.650,65,"{phishing,malware,security}",,heuristic,pending,,,,f,2026-09-27 12:46:00.621361+00
484,484,github,5581345296,2026-09-27 12:45:59.224989+00,2026-09-27 12:46:00.621361+00,critical_security_incident,critical_incident,high,0.550,55,"{apt,rce}",,heuristic,pending,,,,f,2026-09-27 12:46:00.621361+00
485,485,github,3517787216,2026-09-27 12:45:59.224989+00,2026-09-27 12:46:00.621361+00,critical_security_incident,critical_incident,medium,0.300,30,{rce},,heuristic,pending,,,,f,2026-09-27 12:46:00.621361+00
486,486,github,3506648706,2026-09-27 12:45:59.224989+00,2026-09-27 12:46:00.621361+00,critical_security_incident,critical_incident,high,0.500,50,"{rce,security}",,heuristic,pending,,,,f,2026-09-27 12:46:00.621361+00
487,487,github,4058068743,2026-09-27 12:45:59.224989+00,2026-09-27 12:46:00.621361+00,critical_security_incident,critical_incident,high,0.450,45,{rce},,heuristic,pending,,,,f,2026-09-27 12:46:00.621361+00
488,488,github,4758726419,2026-09-27 13:00:59.32285+00,2026-09-27 13:01:00.584483+00,general,other,medium,0.350,35,{security},,heuristic,pending,,,,f,2026-09-27 13:01:00.584483+00
489,489,github,5602829409,2026-09-27 13:00:59.32285+00,2026-09-27 13:01:00.584483+00,critical_security_incident,critical_incident,critical,0.600,60,"{rce,exploit,attack}",,heuristic,pending,,,,f,2026-09-27 13:01:00.584483+00
490,490,github,5602819225,2026-09-27 13:00:59.32285+00,2026-09-27 13:01:00.584483+00,critical_security_incident,critical_incident,critical,0.600,60,"{rce,security,vulnerability}",,heuristic,pending,,,,f,2026-09-27 13:01:00.584483+00
491,491,github,5602607509,2026-09-27 13:00:59.32285+00,2026-09-27 13:01:00.584483+00,general,other,medium,0.300,30,{vulnerability},,heuristic,pending,,,,f,2026-09-27 13:01:00.584483+00
492,492,github,2057916654,2026-09-27 13:00:59.32285+00,2026-09-27 13:01:00.584483+00,critical_security_incident,critical_incident,critical,0.600,60,"{rce,security,vulnerability}",,heuristic,pending,,,,f,2026-09-27 13:01:00.584483+00
493,493,github,5362065637,2026-09-27 13:00:59.32285+00,2026-09-27 13:01:00.584483+00,critical_security_incident,critical_incident,high,0.500,50,"{rce,attack,vulnerability}",,heuristic,pending,,,,f,2026-09-27 13:01:00.584483+00
494,494,github,5362058404,2026-09-27 13:00:59.32285+00,2026-09-27 13:01:00.584483+00,critical_security_incident,critical_incident,critical,0.700,70,"{rce,cve-,security}",,heuristic,pending,,,,f,2026-09-27 13:01:00.584483+00
495,495,github,5602818814,2026-09-27 13:00:59.32285+00,2026-09-27 13:01:00.584483+00,security_threat,security_threat,high,0.450,45,"{exploit,""privilege escalation""}",,heuristic,pending,,,,f,2026-09-27 13:01:00.584483+00
496,496,github,2498802308,2026-09-27 13:00:59.32285+00,2026-09-27 13:01:00.584483+00,critical_security_incident,critical_incident,medium,0.300,30,{rce},,heuristic,pending,,,,f,2026-09-27 13:01:00.584483+00
497,497,github,5294491574,2026-09-27 13:00:59.32285+00,2026-09-27 13:01:00.584483+00,critical_security_incident,critical_incident,critical,0.650,65,"{apt,rce}",,heuristic,pending,,,,f,2026-09-27 13:01:00.584483+00
498,498,github,5602402023,2026-09-27 13:00:59.32285+00,2026-09-27 13:01:00.584483+00,critical_security_incident,critical_incident,high,0.500,50,"{apt,cve-}",,heuristic,pending,,,,f,2026-09-27 13:01:00.584483+00
499,499,github,5602774657,2026-09-27 13:00:59.32285+00,2026-09-27 13:01:00.584483+00,critical_security_incident,critical_incident,high,0.450,45,"{rce,threat,security}",,heuristic,pending,,,,f,2026-09-27 13:01:00.584483+00
500,500,github,5458478948,2026-09-27 13:00:59.32285+00,2026-09-27 13:01:00.584483+00,critical_security_incident,critical_incident,high,0.450,45,"{rce,security}",,heuristic,pending,,,,f,2026-09-27 13:01:00.584483+00
501,501,github,5601851161,2026-09-27 13:00:59.32285+00,2026-09-27 13:01:00.584483+00,general,other,medium,0.250,25,,,heuristic,pending,,,,f,2026-09-27 13:01:00.584483+00
502,502,github,5595463803,2026-09-27 13:00:59.32285+00,2026-09-27 13:01:00.584483+00,critical_security_incident,critical_incident,high,0.550,55,"{rce,exploit,security}",,heuristic,pending,,,,f,2026-09-27 13:01:00.584483+00
503,503,github,5532053740,2026-09-27 13:00:59.32285+00,2026-09-27 13:01:00.584483+00,critical_security_incident,critical_incident,high,0.500,50,"{rce,malware}",,heuristic,pending,,,,f,2026-09-27 13:01:00.584483+00
504,504,github,1385039438,2026-09-27 13:00:59.32285+00,2026-09-27 13:01:00.584483+00,general,other,medium,0.300,30,{vulnerability},,heuristic,pending,,,,f,2026-09-27 13:01:00.584483+00
505,505,github,1666419150,2026-09-27 13:00:59.32285+00,2026-09-27 13:01:00.584483+00,critical_security_incident,critical_incident,high,0.450,45,"{rce,security,vulnerability}",,heuristic,pending,,,,f,2026-09-27 13:01:00.584483+00
506,506,github,4516663201,2026-09-27 13:00:59.32285+00,2026-09-27 13:01:00.584483+00,critical_security_incident,critical_incident,high,0.450,45,"{rce,security,vulnerability}",,heuristic,pending,,,,f,2026-09-27 13:01:00.584483+00
507,507,github,5566648711,2026-09-27 13:00:59.32285+00,2026-09-27 13:01:00.584483+00,critical_security_incident,critical_incident,critical,0.650,65,"{rce,exploit,security,incident}",,heuristic,pending,,,,f,2026-09-27 13:01:00.584483+00
508,508,github,2825386173,2026-09-27 13:00:59.32285+00,2026-09-27 13:01:00.584483+00,critical_security_incident,critical_incident,high,0.450,45,"{rce,security,vulnerability}",,heuristic,pending,,,,f,2026-09-27 13:01:00.584483+00
509,509,github,5516784979,2026-09-27 13:00:59.32285+00,2026-09-27 13:01:00.584483+00,critical_security_incident,critical_incident,high,0.400,40,{rce},,heuristic,pending,,,,f,2026-09-27 13:01:00.584483+00
510,510,github,5601105492,2026-09-27 13:00:59.32285+00,2026-09-27 13:01:00.584483+00,security_threat,security_threat,medium,0.300,30,"{exploit,security}",,heuristic,pending,,,,f,2026-09-27 13:01:00.584483+00
511,511,github,5362896468,2026-09-27 13:00:59.32285+00,2026-09-27 13:01:00.584483+00,critical_security_incident,critical_incident,high,0.400,40,{rce},,heuristic,pending,,,,f,2026-09-27 13:01:00.584483+00
512,512,github,5064785333,2026-09-27 13:00:59.32285+00,2026-09-27 13:01:00.584483+00,general,other,medium,0.300,30,{vulnerability},,heuristic,pending,,,,f,2026-09-27 13:01:00.584483+00
513,513,github,4148310577,2026-09-27 13:00:59.32285+00,2026-09-27 13:01:00.584483+00,critical_security_incident,critical_incident,critical,0.650,65,{rce},,heuristic,pending,,,,f,2026-09-27 13:01:00.584483+00
514,514,github,5586370444,2026-09-27 13:00:59.32285+00,2026-09-27 13:01:00.584483+00,critical_security_incident,critical_incident,medium,0.350,35,{rce},,heuristic,pending,,,,f,2026-09-27 13:01:00.584483+00
515,515,github,5602815989,2026-09-27 13:00:59.32285+00,2026-09-27 13:01:00.584483+00,critical_security_incident,critical_incident,high,0.500,50,"{rce,exploit}",,heuristic,pending,,,,f,2026-09-27 13:01:00.584483+00
516,516,github,4969904452,2026-09-27 13:00:59.32285+00,2026-09-27 13:01:00.584483+00,critical_security_incident,critical_incident,high,0.450,45,"{rce,security,vulnerability}",,heuristic,pending,,,,f,2026-09-27 13:01:00.584483+00
517,517,github,5383713804,2026-09-27 13:00:59.32285+00,2026-09-27 13:01:00.584483+00,general,other,medium,0.250,25,,,heuristic,pending,,,,f,2026-09-27 13:01:00.584483+00
518,518,github,5591571316,2026-09-27 13:00:59.32285+00,2026-09-27 13:01:00.584483+00,critical_security_incident,critical_incident,medium,0.350,35,{rce},,heuristic,pending,,,,f,2026-09-27 13:01:00.584483+00
519,519,github,2404798356,2026-09-27 13:00:59.32285+00,2026-09-27 13:01:00.584483+00,critical_security_incident,critical_incident,high,0.450,45,{rce},,heuristic,pending,,,,f,2026-09-27 13:01:00.584483+00
520,520,github,3449152863,2026-09-27 13:00:59.32285+00,2026-09-27 13:01:00.584483+00,general,other,medium,0.250,25,,,heuristic,pending,,,,f,2026-09-27 13:01:00.584483+00
521,521,github,4813362372,2026-09-27 13:00:59.32285+00,2026-09-27 13:01:00.584483+00,critical_security_incident,critical_incident,high,0.400,40,{apt},,heuristic,pending,,,,f,2026-09-27 13:01:00.584483+00
522,522,github,5602810045,2026-09-27 13:00:59.32285+00,2026-09-27 13:01:00.584483+00,critical_security_incident,critical_incident,high,0.450,45,"{apt,threat,security}",,heuristic,pending,,,,f,2026-09-27 13:01:00.584483+00
523,523,github,5602581987,2026-09-27 13:00:59.32285+00,2026-09-27 13:01:00.584483+00,critical_security_incident,critical_incident,critical,0.650,65,"{rce,exploit}",,heuristic,pending,,,,f,2026-09-27 13:01:00.584483+00
524,524,github,5602808340,2026-09-27 13:00:59.32285+00,2026-09-27 13:01:00.584483+00,critical_security_incident,critical_incident,critical,0.750,75,"{apt,rce,security}",,heuristic,pending,,,,f,2026-09-27 13:01:00.584483+00
525,525,github,5602807419,2026-09-27 13:00:59.32285+00,2026-09-27 13:01:00.584483+00,general,other,medium,0.350,35,"{threat,security}",,heuristic,pending,,,,f,2026-09-27 13:01:00.584483+00
526,526,github,2310390942,2026-09-27 13:00:59.32285+00,2026-09-27 13:01:00.584483+00,critical_security_incident,critical_incident,high,0.550,55,"{rce,vulnerability}",,heuristic,pending,,,,f,2026-09-27 13:01:00.584483+00
527,527,github,5250727068,2026-09-27 13:00:59.32285+00,2026-09-27 13:01:00.584483+00,general,other,medium,0.250,25,,,heuristic,pending,,,,f,2026-09-27 13:01:00.584483+00
528,528,github,5574577508,2026-09-27 13:16:01.59847+00,2026-09-27 13:16:02.855775+00,critical_security_incident,critical_incident,medium,0.350,35,"{rce,security}",,heuristic,pending,,,,f,2026-09-27 13:16:02.855775+00
529,529,github,4977892681,2026-09-27 13:16:01.59847+00,2026-09-27 13:16:02.855775+00,critical_security_incident,critical_incident,medium,0.300,30,{rce},,heuristic,pending,,,,f,2026-09-27 13:16:02.855775+00
530,530,github,2343863645,2026-09-27 13:16:01.59847+00,2026-09-27 13:16:02.855775+00,critical_security_incident,critical_incident,medium,0.300,30,{rce},,heuristic,pending,,,,f,2026-09-27 13:16:02.855775+00
531,531,github,5597987913,2026-09-27 13:16:01.59847+00,2026-09-27 13:16:02.855775+00,general,other,low,0.100,10,{security},,heuristic,pending,,,,f,2026-09-27 13:16:02.855775+00
532,532,github,1856329654,2026-09-27 13:16:01.59847+00,2026-09-27 13:16:02.855775+00,critical_security_incident,critical_incident,medium,0.300,30,{rce},,heuristic,pending,,,,f,2026-09-27 13:16:02.855775+00
533,533,github,5602646232,2026-09-27 13:16:01.59847+00,2026-09-27 13:16:02.855775+00,security_threat,security_threat,medium,0.300,30,"{cve-,security}",,heuristic,pending,,,,f,2026-09-27 13:16:02.855775+00
534,534,github,5597312523,2026-09-27 13:16:01.59847+00,2026-09-27 13:16:02.855775+00,critical_security_incident,critical_incident,high,0.450,45,"{rce,security,vulnerability}",,heuristic,pending,,,,f,2026-09-27 13:16:02.855775+00
535,535,github,5569604752,2026-09-27 13:16:01.59847+00,2026-09-27 13:16:02.855775+00,security_threat,security_threat,medium,0.250,25,{exploit},,heuristic,pending,,,,f,2026-09-27 13:16:02.855775+00
536,536,github,1277977803,2026-09-27 13:16:01.59847+00,2026-09-27 13:16:02.855775+00,critical_security_incident,critical_incident,medium,0.300,30,{rce},,heuristic,pending,,,,f,2026-09-27 13:16:02.855775+00
537,537,github,5586743042,2026-09-27 13:16:01.59847+00,2026-09-27 13:16:02.855775+00,security_threat,security_threat,high,0.400,40,{exploit},,heuristic,pending,,,,f,2026-09-27 13:16:02.855775+00
538,538,github,5602920291,2026-09-27 13:16:01.59847+00,2026-09-27 13:16:02.855775+00,general,other,medium,0.200,20,"{security,vulnerability}",,heuristic,pending,,,,f,2026-09-27 13:16:02.855775+00
539,539,github,5583382636,2026-09-27 13:16:01.59847+00,2026-09-27 13:16:02.855775+00,critical_security_incident,critical_incident,medium,0.300,30,{rce},,heuristic,pending,,,,f,2026-09-27 13:16:02.855775+00
540,540,github,5170317910,2026-09-27 13:16:01.59847+00,2026-09-27 13:16:02.855775+00,critical_security_incident,critical_incident,high,0.500,50,"{rce,security}",,heuristic,pending,,,,f,2026-09-27 13:16:02.855775+00
541,541,github,3708666868,2026-09-27 13:16:01.59847+00,2026-09-27 13:16:02.855775+00,security_threat,security_threat,critical,0.600,60,"{malware,trojan,threat,security}",,heuristic,pending,,,,f,2026-09-27 13:16:02.855775+00
542,542,github,5169560911,2026-09-27 13:16:01.59847+00,2026-09-27 13:16:02.855775+00,general,other,low,0.100,10,{security},,heuristic,pending,,,,f,2026-09-27 13:16:02.855775+00
543,543,github,5600746377,2026-09-27 13:16:01.59847+00,2026-09-27 13:16:02.855775+00,critical_security_incident,critical_incident,critical,0.650,65,"{rce,exploit}",,heuristic,pending,,,,f,2026-09-27 13:16:02.855775+00
544,544,github,5602917846,2026-09-27 13:16:01.59847+00,2026-09-27 13:16:02.855775+00,security_threat,security_threat,medium,0.300,30,"{exploit,security}",,heuristic,pending,,,,f,2026-09-27 13:16:02.855775+00
545,545,github,1394583391,2026-09-27 13:16:01.59847+00,2026-09-27 13:16:02.855775+00,critical_security_incident,critical_incident,high,0.450,45,"{rce,security,vulnerability}",,heuristic,pending,,,,f,2026-09-27 13:16:02.855775+00
546,546,github,5593729065,2026-09-27 13:16:01.59847+00,2026-09-27 13:16:02.855775+00,critical_security_incident,critical_incident,high,0.400,40,{rce},,heuristic,pending,,,,f,2026-09-27 13:16:02.855775+00
547,547,github,2600042640,2026-09-27 13:16:01.59847+00,2026-09-27 13:16:02.855775+00,critical_security_incident,critical_incident,critical,0.600,60,"{rce,security,vulnerability}",,heuristic,pending,,,,f,2026-09-27 13:16:02.855775+00
548,548,github,5602876139,2026-09-27 13:16:01.59847+00,2026-09-27 13:16:02.855775+00,critical_security_incident,critical_incident,medium,0.300,30,{apt},,heuristic,pending,,,,f,2026-09-27 13:16:02.855775+00
549,549,github,2302047023,2026-09-27 13:16:01.59847+00,2026-09-27 13:16:02.855775+00,critical_security_incident,critical_incident,high,0.450,45,{rce},,heuristic,pending,,,,f,2026-09-27 13:16:02.855775+00
550,550,github,1599534632,2026-09-27 13:16:01.59847+00,2026-09-27 13:16:02.855775+00,critical_security_incident,critical_incident,high,0.450,45,"{rce,security,vulnerability}",,heuristic,pending,,,,f,2026-09-27 13:16:02.855775+00
551,551,github,4703332506,2026-09-27 13:16:01.59847+00,2026-09-27 13:16:02.855775+00,critical_security_incident,critical_incident,high,0.450,45,{rce},,heuristic,pending,,,,f,2026-09-27 13:16:02.855775+00
552,552,github,5510256768,2026-09-27 13:16:01.59847+00,2026-09-27 13:16:02.855775+00,security_threat,security_threat,medium,0.250,25,{exploit},,heuristic,pending,,,,f,2026-09-27 13:16:02.855775+00
553,553,github,3671301153,2026-09-27 13:16:01.59847+00,2026-09-27 13:16:02.855775+00,critical_security_incident,critical_incident,high,0.450,45,{rce},,heuristic,pending,,,,f,2026-09-27 13:16:02.855775+00
554,554,github,5433521122,2026-09-27 13:16:01.59847+00,2026-09-27 13:16:02.855775+00,general,other,low,0.150,15,,,heuristic,pending,,,,f,2026-09-27 13:16:02.855775+00
555,555,github,5600947400,2026-09-27 13:16:01.59847+00,2026-09-27 13:16:02.855775+00,critical_security_incident,critical_incident,critical,0.650,65,"{apt,exploit,attack,security}",,heuristic,pending,,,,f,2026-09-27 13:16:02.855775+00
556,556,github,5171547171,2026-09-27 13:16:01.59847+00,2026-09-27 13:16:02.855775+00,critical_security_incident,critical_incident,high,0.500,50,{rce},,heuristic,pending,,,,f,2026-09-27 13:16:02.855775+00
557,557,github,5602913987,2026-09-27 13:16:01.59847+00,2026-09-27 13:16:02.855775+00,general,other,medium,0.350,35,"{security,vulnerability}",,heuristic,pending,,,,f,2026-09-27 13:16:02.855775+00
558,558,github,1551820659,2026-09-27 13:16:01.59847+00,2026-09-27 13:16:02.855775+00,critical_security_incident,critical_incident,high,0.450,45,"{rce,security,vulnerability}",,heuristic,pending,,,,f,2026-09-27 13:16:02.855775+00
559,559,github,5034655987,2026-09-27 13:16:01.59847+00,2026-09-27 13:16:02.855775+00,critical_security_incident,critical_incident,high,0.550,55,"{rce,vulnerability}",,heuristic,pending,,,,f,2026-09-27 13:16:02.855775+00
560,560,github,5125837602,2026-09-27 13:16:01.59847+00,2026-09-27 13:16:02.855775+00,critical_security_incident,critical_incident,high,0.400,40,{rce},,heuristic,pending,,,,f,2026-09-27 13:16:02.855775+00
561,561,github,3681781017,2026-09-27 13:16:01.59847+00,2026-09-27 13:16:02.855775+00,critical_security_incident,critical_incident,critical,0.600,60,"{rce,security,vulnerability}",,heuristic,pending,,,,f,2026-09-27 13:16:02.855775+00
562,562,github,5235460310,2026-09-27 13:16:01.59847+00,2026-09-27 13:16:02.855775+00,security_threat,security_threat,high,0.400,40,"{exploit,security,vulnerability}",,heuristic,pending,,,,f,2026-09-27 13:16:02.855775+00
563,563,github,5235459989,2026-09-27 13:16:01.59847+00,2026-09-27 13:16:02.855775+00,security_threat,security_threat,high,0.400,40,"{exploit,security,vulnerability}",,heuristic,pending,,,,f,2026-09-27 13:16:02.855775+00
564,564,github,5235460635,2026-09-27 13:16:01.59847+00,2026-09-27 13:16:02.855775+00,security_threat,security_threat,high,0.400,40,"{exploit,security,vulnerability}",,heuristic,pending,,,,f,2026-09-27 13:16:02.855775+00
565,565,github,4120892880,2026-09-27 13:16:01.59847+00,2026-09-27 13:16:02.855775+00,critical_security_incident,critical_incident,high,0.450,45,{rce},,heuristic,pending,,,,f,2026-09-27 13:16:02.855775+00
566,566,github,5597982246,2026-09-27 13:16:01.59847+00,2026-09-27 13:16:02.855775+00,critical_security_incident,critical_incident,high,0.450,45,{rce},,heuristic,pending,,,,f,2026-09-27 13:16:02.855775+00
567,567,github,5347181845,2026-09-27 13:30:59.269011+00,2026-09-27 13:31:00.388161+00,security_threat,security_threat,high,0.450,45,{cve-},,heuristic,pending,,,,f,2026-09-27 13:31:00.388161+00
568,568,github,5603018160,2026-09-27 13:30:59.269011+00,2026-09-27 13:31:00.388161+00,critical_security_incident,critical_incident,high,0.500,50,"{rce,security}",,heuristic,pending,,,,f,2026-09-27 13:31:00.388161+00
569,569,github,5603021916,2026-09-27 13:30:59.269011+00,2026-09-27 13:31:00.388161+00,general,other,medium,0.250,25,{security},,heuristic,pending,,,,f,2026-09-27 13:31:00.388161+00
570,570,github,2732267370,2026-09-27 13:30:59.269011+00,2026-09-27 13:31:00.388161+00,critical_security_incident,critical_incident,high,0.450,45,{rce},,heuristic,pending,,,,f,2026-09-27 13:31:00.388161+00
571,571,github,5536632001,2026-09-27 13:30:59.269011+00,2026-09-27 13:31:00.388161+00,critical_security_incident,critical_incident,medium,0.300,30,{rce},,heuristic,pending,,,,f,2026-09-27 13:31:00.388161+00
572,572,github,5602758445,2026-09-27 13:30:59.269011+00,2026-09-27 13:31:00.388161+00,critical_security_incident,critical_incident,medium,0.350,35,{rce},,heuristic,pending,,,,f,2026-09-27 13:31:00.388161+00
573,573,github,5099199371,2026-09-27 13:30:59.269011+00,2026-09-27 13:31:00.388161+00,critical_security_incident,critical_incident,high,0.550,55,"{rce,vulnerability}",,heuristic,pending,,,,f,2026-09-27 13:31:00.388161+00
574,574,github,5598741867,2026-09-27 13:30:59.269011+00,2026-09-27 13:31:00.388161+00,critical_security_incident,critical_incident,medium,0.300,30,{rce},,heuristic,pending,,,,f,2026-09-27 13:31:00.388161+00
575,575,github,5603019999,2026-09-27 13:30:59.269011+00,2026-09-27 13:31:00.388161+00,critical_security_incident,critical_incident,critical,0.600,60,"{rce,security,vulnerability}",,heuristic,pending,,,,f,2026-09-27 13:31:00.388161+00
576,576,github,5603010222,2026-09-27 13:30:59.269011+00,2026-09-27 13:31:00.388161+00,critical_security_incident,critical_incident,critical,0.600,60,"{rce,""critical vulnerability"",vulnerability}",,heuristic,pending,,,,f,2026-09-27 13:31:00.388161+00
577,577,github,4951488119,2026-09-27 13:30:59.269011+00,2026-09-27 13:31:00.388161+00,critical_security_incident,critical_incident,high,0.400,40,"{rce,vulnerability}",,heuristic,pending,,,,f,2026-09-27 13:31:00.388161+00
578,578,github,5603018850,2026-09-27 13:30:59.269011+00,2026-09-27 13:31:00.388161+00,critical_security_incident,critical_incident,high,0.400,40,"{rce,vulnerability}",,heuristic,pending,,,,f,2026-09-27 13:31:00.388161+00
579,579,github,5603019416,2026-09-27 13:30:59.269011+00,2026-09-27 13:31:00.388161+00,critical_security_incident,critical_incident,high,0.550,55,"{rce,vulnerability}",,heuristic,pending,,,,f,2026-09-27 13:31:00.388161+00
580,580,github,5602486727,2026-09-27 13:30:59.269011+00,2026-09-27 13:31:00.388161+00,critical_security_incident,critical_incident,critical,0.600,60,"{rce,attack,security}",,heuristic,pending,,,,f,2026-09-27 13:31:00.388161+00
581,581,github,5603018211,2026-09-27 13:30:59.269011+00,2026-09-27 13:31:00.388161+00,critical_security_incident,critical_incident,critical,0.700,70,"{rce,cve-,security}",,heuristic,pending,,,,f,2026-09-27 13:31:00.388161+00
582,582,github,5603011335,2026-09-27 13:30:59.269011+00,2026-09-27 13:31:00.388161+00,critical_security_incident,critical_incident,medium,0.300,30,{rce},,heuristic,pending,,,,f,2026-09-27 13:31:00.388161+00
583,583,github,5327900842,2026-09-27 13:30:59.269011+00,2026-09-27 13:31:00.388161+00,critical_security_incident,critical_incident,high,0.400,40,"{rce,security}",,heuristic,pending,,,,f,2026-09-27 13:31:00.388161+00
584,584,github,2554489005,2026-09-27 13:30:59.269011+00,2026-09-27 13:31:00.388161+00,critical_security_incident,critical_incident,high,0.450,45,"{rce,security,vulnerability}",,heuristic,pending,,,,f,2026-09-27 13:31:00.388161+00
585,585,github,2996186392,2026-09-27 13:30:59.269011+00,2026-09-27 13:31:00.388161+00,critical_security_incident,critical_incident,high,0.450,45,"{rce,security,vulnerability}",,heuristic,pending,,,,f,2026-09-27 13:31:00.388161+00
586,586,github,5602253748,2026-09-27 13:30:59.269011+00,2026-09-27 13:31:00.388161+00,critical_security_incident,critical_incident,medium,0.350,35,"{rce,security}",,heuristic,pending,,,,f,2026-09-27 13:31:00.388161+00
587,587,github,5603016047,2026-09-27 13:30:59.269011+00,2026-09-27 13:31:00.388161+00,security_threat,security_threat,critical,0.650,65,"{phishing,malware,security}",,heuristic,pending,,,,f,2026-09-27 13:31:00.388161+00
588,588,github,3159686246,2026-09-27 13:30:59.269011+00,2026-09-27 13:31:00.388161+00,critical_security_incident,critical_incident,high,0.450,45,{rce},,heuristic,pending,,,,f,2026-09-27 13:31:00.388161+00
589,589,github,5501108418,2026-09-27 13:30:59.269011+00,2026-09-27 13:31:00.388161+00,critical_security_incident,critical_incident,critical,0.650,65,"{rce,cve-,security,""denial of service""}",,heuristic,pending,,,,f,2026-09-27 13:31:00.388161+00
590,590,github,5544503282,2026-09-27 13:30:59.269011+00,2026-09-27 13:31:00.388161+00,critical_security_incident,critical_incident,critical,0.650,65,"{apt,rce}",,heuristic,pending,,,,f,2026-09-27 13:31:00.388161+00
591,591,github,5166250504,2026-09-27 13:30:59.269011+00,2026-09-27 13:31:00.388161+00,critical_security_incident,critical_incident,high,0.500,50,"{rce,exploit}",,heuristic,pending,,,,f,2026-09-27 13:31:00.388161+00
592,592,github,5416381169,2026-09-27 13:30:59.269011+00,2026-09-27 13:31:00.388161+00,critical_security_incident,critical_incident,critical,0.600,60,"{rce,attack}",,heuristic,pending,,,,f,2026-09-27 13:31:00.388161+00
593,593,github,5603013267,2026-09-27 13:30:59.269011+00,2026-09-27 13:31:00.388161+00,general,other,medium,0.250,25,{security},,heuristic,pending,,,,f,2026-09-27 13:31:00.388161+00
594,594,github,5227831705,2026-09-27 13:30:59.269011+00,2026-09-27 13:31:00.388161+00,critical_security_incident,critical_incident,high,0.550,55,{rce},,heuristic,pending,,,,f,2026-09-27 13:31:00.388161+00
595,595,github,2519955946,2026-09-27 13:30:59.269011+00,2026-09-27 13:31:00.388161+00,general,other,low,0.050,5,,,heuristic,pending,,,,f,2026-09-27 13:31:00.388161+00
596,596,github,5603004663,2026-09-27 13:30:59.269011+00,2026-09-27 13:31:00.388161+00,critical_security_incident,critical_incident,high,0.450,45,{apt},,heuristic,pending,,,,f,2026-09-27 13:31:00.388161+00
597,597,github,5583702846,2026-09-27 13:30:59.269011+00,2026-09-27 13:31:00.388161+00,general,other,low,0.150,15,{vulnerability},,heuristic,pending,,,,f,2026-09-27 13:31:00.388161+00
598,598,github,856633308,2026-09-27 13:30:59.269011+00,2026-09-27 13:31:00.388161+00,critical_security_incident,critical_incident,medium,0.300,30,{rce},,heuristic,pending,,,,f,2026-09-27 13:31:00.388161+00
599,599,github,5603010226,2026-09-27 13:30:59.269011+00,2026-09-27 13:31:00.388161+00,critical_security_incident,critical_incident,critical,0.700,70,"{rce,attack,security,vulnerability}",,heuristic,pending,,,,f,2026-09-27 13:31:00.388161+00
600,600,github,5603008587,2026-09-27 13:30:59.269011+00,2026-09-27 13:31:00.388161+00,critical_security_incident,critical_incident,critical,0.700,70,"{rce,attack,security,vulnerability}",,heuristic,pending,,,,f,2026-09-27 13:31:00.388161+00
601,601,github,3883590657,2026-09-27 13:30:59.269011+00,2026-09-27 13:31:00.388161+00,security_threat,security_threat,high,0.400,40,{cve-},,heuristic,pending,,,,f,2026-09-27 13:31:00.388161+00
602,602,github,5601845083,2026-09-27 13:30:59.269011+00,2026-09-27 13:31:00.388161+00,critical_security_incident,critical_incident,critical,0.750,75,"{apt,rce,security}",,heuristic,pending,,,,f,2026-09-27 13:31:00.388161+00
603,603,github,5603005282,2026-09-27 13:30:59.269011+00,2026-09-27 13:31:00.388161+00,critical_security_incident,critical_incident,high,0.500,50,"{apt,cve-}",,heuristic,pending,,,,f,2026-09-27 13:31:00.388161+00
604,604,github,5603005197,2026-09-27 13:30:59.269011+00,2026-09-27 13:31:00.388161+00,security_threat,security_threat,high,0.450,45,"{exploit,cve-}",,heuristic,pending,,,,f,2026-09-27 13:31:00.388161+00
605,605,github,5603005098,2026-09-27 13:30:59.269011+00,2026-09-27 13:31:00.388161+00,security_threat,security_threat,critical,0.600,60,"{exploit,cve-}",,heuristic,pending,,,,f,2026-09-27 13:31:00.388161+00
606,606,github,5603004954,2026-09-27 13:30:59.269011+00,2026-09-27 13:31:00.388161+00,critical_security_incident,critical_incident,critical,0.650,65,"{rce,cve-}",,heuristic,pending,,,,f,2026-09-27 13:31:00.388161+00
607,607,github,5146524791,2026-09-27 13:30:59.269011+00,2026-09-27 13:31:00.388161+00,critical_security_incident,critical_incident,high,0.400,40,{rce},,heuristic,pending,,,,f,2026-09-27 13:31:00.388161+00
608,608,github,4498779287,2026-09-27 13:45:58.870216+00,2026-09-27 13:45:59.961289+00,critical_security_incident,critical_incident,high,0.450,45,{rce},,heuristic,pending,,,,f,2026-09-27 13:45:59.961289+00
609,609,github,1449709060,2026-09-27 13:45:58.870216+00,2026-09-27 13:45:59.961289+00,critical_security_incident,critical_incident,high,0.450,45,{rce},,heuristic,pending,,,,f,2026-09-27 13:45:59.961289+00
610,610,github,1688419968,2026-09-27 13:45:58.870216+00,2026-09-27 13:45:59.961289+00,critical_security_incident,critical_incident,high,0.450,45,{rce},,heuristic,pending,,,,f,2026-09-27 13:45:59.961289+00
611,611,github,3670694405,2026-09-27 13:45:58.870216+00,2026-09-27 13:45:59.961289+00,critical_security_incident,critical_incident,high,0.450,45,{rce},,heuristic,pending,,,,f,2026-09-27 13:45:59.961289+00
612,612,github,2656756040,2026-09-27 13:45:58.870216+00,2026-09-27 13:45:59.961289+00,critical_security_incident,critical_incident,high,0.450,45,"{rce,security,vulnerability}",,heuristic,pending,,,,f,2026-09-27 13:45:59.961289+00
613,613,github,5603100758,2026-09-27 13:45:58.870216+00,2026-09-27 13:45:59.961289+00,general,other,low,0.050,5,,,heuristic,pending,,,,f,2026-09-27 13:45:59.961289+00
614,614,github,5603114033,2026-09-27 13:45:58.870216+00,2026-09-27 13:45:59.961289+00,security_threat,security_threat,high,0.400,40,{exploit},,heuristic,pending,,,,f,2026-09-27 13:45:59.961289+00
615,615,github,2905099792,2026-09-27 13:45:58.870216+00,2026-09-27 13:45:59.961289+00,critical_security_incident,critical_incident,high,0.450,45,"{rce,security,vulnerability}",,heuristic,pending,,,,f,2026-09-27 13:45:59.961289+00
616,616,github,5597072981,2026-09-27 13:45:58.870216+00,2026-09-27 13:45:59.961289+00,critical_security_incident,critical_incident,high,0.550,55,"{apt,rce}",,heuristic,pending,,,,f,2026-09-27 13:45:59.961289+00
617,617,github,2615780142,2026-09-27 13:45:58.870216+00,2026-09-27 13:45:59.961289+00,critical_security_incident,critical_incident,critical,0.600,60,"{rce,security,vulnerability}",,heuristic,pending,,,,f,2026-09-27 13:45:59.961289+00
618,618,github,5313979871,2026-09-27 13:45:58.870216+00,2026-09-27 13:45:59.961289+00,general,other,medium,0.300,30,"{security,vulnerability}",,heuristic,pending,,,,f,2026-09-27 13:45:59.961289+00
619,619,github,3782504800,2026-09-27 13:45:58.870216+00,2026-09-27 13:45:59.961289+00,critical_security_incident,critical_incident,high,0.500,50,"{rce,security}",,heuristic,pending,,,,f,2026-09-27 13:45:59.961289+00
620,620,github,4508666185,2026-09-27 13:45:58.870216+00,2026-09-27 13:45:59.961289+00,security_threat,security_threat,medium,0.300,30,{cve-},,heuristic,pending,,,,f,2026-09-27 13:45:59.961289+00
621,621,github,3496910257,2026-09-27 13:45:58.870216+00,2026-09-27 13:45:59.961289+00,critical_security_incident,critical_incident,high,0.450,45,{rce},,heuristic,pending,,,,f,2026-09-27 13:45:59.961289+00
622,622,github,5583004059,2026-09-27 13:45:58.870216+00,2026-09-27 13:45:59.961289+00,security_threat,security_threat,critical,0.600,60,"{exploit,attack,vulnerability}",,heuristic,pending,,,,f,2026-09-27 13:45:59.961289+00
623,623,github,982543676,2026-09-27 13:45:58.870216+00,2026-09-27 13:45:59.961289+00,critical_security_incident,critical_incident,high,0.450,45,{rce},,heuristic,pending,,,,f,2026-09-27 13:45:59.961289+00
624,624,github,5603108202,2026-09-27 13:45:58.870216+00,2026-09-27 13:45:59.961289+00,security_threat,security_threat,medium,0.250,25,{exploit},,heuristic,pending,,,,f,2026-09-27 13:45:59.961289+00
625,625,github,5596941933,2026-09-27 13:45:58.870216+00,2026-09-27 13:45:59.961289+00,critical_security_incident,critical_incident,critical,0.650,65,"{rce,exploit}",,heuristic,pending,,,,f,2026-09-27 13:45:59.961289+00
626,626,github,1650965284,2026-09-27 13:45:58.870216+00,2026-09-27 13:45:59.961289+00,critical_security_incident,critical_incident,high,0.450,45,{rce},,heuristic,pending,,,,f,2026-09-27 13:45:59.961289+00
627,627,github,2150008022,2026-09-27 13:45:58.870216+00,2026-09-27 13:45:59.961289+00,critical_security_incident,critical_incident,medium,0.300,30,{rce},,heuristic,pending,,,,f,2026-09-27 13:45:59.961289+00
628,628,github,1449771132,2026-09-27 13:45:58.870216+00,2026-09-27 13:45:59.961289+00,critical_security_incident,critical_incident,high,0.450,45,{rce},,heuristic,pending,,,,f,2026-09-27 13:45:59.961289+00
629,629,github,3260189148,2026-09-27 13:45:58.870216+00,2026-09-27 13:45:59.961289+00,critical_security_incident,critical_incident,critical,0.600,60,"{rce,security,vulnerability}",,heuristic,pending,,,,f,2026-09-27 13:45:59.961289+00
630,630,github,5602861455,2026-09-27 13:45:58.870216+00,2026-09-27 13:45:59.961289+00,general,other,medium,0.300,30,{vulnerability},,heuristic,pending,,,,f,2026-09-27 13:45:59.961289+00
631,631,github,5603105055,2026-09-27 13:45:58.870216+00,2026-09-27 13:45:59.961289+00,critical_security_incident,critical_incident,high,0.400,40,"{rce,vulnerability}",,heuristic,pending,,,,f,2026-09-27 13:45:59.961289+00
632,632,github,5431011460,2026-09-27 13:45:58.870216+00,2026-09-27 13:45:59.961289+00,critical_security_incident,critical_incident,critical,0.750,75,"{apt,rce}",,heuristic,pending,,,,f,2026-09-27 13:45:59.961289+00
633,633,github,4663572534,2026-09-27 13:45:58.870216+00,2026-09-27 13:45:59.961289+00,critical_security_incident,critical_incident,high,0.450,45,{rce},,heuristic,pending,,,,f,2026-09-27 13:45:59.961289+00
634,634,github,3781841384,2026-09-27 13:45:58.870216+00,2026-09-27 13:45:59.961289+00,critical_security_incident,critical_incident,high,0.450,45,{rce},,heuristic,pending,,,,f,2026-09-27 13:45:59.961289+00
635,635,github,5203393062,2026-09-27 13:45:58.870216+00,2026-09-27 13:45:59.961289+00,critical_security_incident,critical_incident,high,0.550,55,"{rce,exploit,security}",,heuristic,pending,,,,f,2026-09-27 13:45:59.961289+00
636,636,github,2786709514,2026-09-27 13:45:58.870216+00,2026-09-27 13:45:59.961289+00,critical_security_incident,critical_incident,high,0.400,40,"{rce,vulnerability}",,heuristic,pending,,,,f,2026-09-27 13:45:59.961289+00
637,637,github,4672750014,2026-09-27 13:45:58.870216+00,2026-09-27 13:45:59.961289+00,critical_security_incident,critical_incident,high,0.550,55,"{rce,exploit}",,heuristic,pending,,,,f,2026-09-27 13:45:59.961289+00
638,638,github,4250520286,2026-09-27 13:45:58.870216+00,2026-09-27 13:45:59.961289+00,critical_security_incident,critical_incident,medium,0.350,35,"{rce,security}",,heuristic,pending,,,,f,2026-09-27 13:45:59.961289+00
639,639,github,5317560534,2026-09-27 13:45:58.870216+00,2026-09-27 13:45:59.961289+00,general,other,medium,0.250,25,,,heuristic,pending,,,,f,2026-09-27 13:45:59.961289+00
640,640,github,5601993527,2026-09-27 13:45:58.870216+00,2026-09-27 13:45:59.961289+00,critical_security_incident,critical_incident,medium,0.300,30,{rce},,heuristic,pending,,,,f,2026-09-27 13:45:59.961289+00
641,641,github,3150186557,2026-09-27 13:45:58.870216+00,2026-09-27 13:45:59.961289+00,critical_security_incident,critical_incident,medium,0.300,30,{rce},,heuristic,pending,,,,f,2026-09-27 13:45:59.961289+00
642,642,github,5555988639,2026-09-27 13:45:58.870216+00,2026-09-27 13:45:59.961289+00,general,other,medium,0.300,30,{vulnerability},,heuristic,pending,,,,f,2026-09-27 13:45:59.961289+00
643,643,github,5517569466,2026-09-27 13:45:58.870216+00,2026-09-27 13:45:59.961289+00,general,other,medium,0.200,20,,,heuristic,pending,,,,f,2026-09-27 13:45:59.961289+00
644,644,github,2776850104,2026-09-27 13:45:58.870216+00,2026-09-27 13:45:59.961289+00,critical_security_incident,critical_incident,critical,0.600,60,"{rce,security,vulnerability}",,heuristic,pending,,,,f,2026-09-27 13:45:59.961289+00
645,645,github,5603098051,2026-09-27 13:45:58.870216+00,2026-09-27 13:45:59.961289+00,critical_security_incident,critical_incident,medium,0.350,35,"{rce,security}",,heuristic,pending,,,,f,2026-09-27 13:45:59.961289+00
646,646,github,5409526911,2026-09-27 13:45:58.870216+00,2026-09-27 13:45:59.961289+00,critical_security_incident,critical_incident,critical,0.600,60,"{apt,rce,security}",,heuristic,pending,,,,f,2026-09-27 13:45:59.961289+00
647,647,github,1759344046,2026-09-27 13:45:58.870216+00,2026-09-27 13:45:59.961289+00,critical_security_incident,critical_incident,high,0.500,50,{rce},,heuristic,pending,,,,f,2026-09-27 13:45:59.961289+00
648,648,github,5600251752,2026-09-27 14:01:00.644645+00,2026-09-27 14:01:01.561965+00,critical_security_incident,critical_incident,critical,0.750,75,"{rce,exploit,vulnerability}",,heuristic,pending,,,,f,2026-09-27 14:01:01.561965+00
649,649,github,5600250936,2026-09-27 14:01:00.644645+00,2026-09-27 14:01:01.561965+00,critical_security_incident,critical_incident,critical,0.600,60,"{rce,exploit,vulnerability}",,heuristic,pending,,,,f,2026-09-27 14:01:01.561965+00
650,650,github,978702196,2026-09-27 14:01:00.644645+00,2026-09-27 14:01:01.561965+00,critical_security_incident,critical_incident,high,0.450,45,"{rce,security,vulnerability}",,heuristic,pending,,,,f,2026-09-27 14:01:01.561965+00
651,651,github,2745872876,2026-09-27 14:01:00.644645+00,2026-09-27 14:01:01.561965+00,critical_security_incident,critical_incident,critical,0.600,60,"{rce,security,vulnerability}",,heuristic,pending,,,,f,2026-09-27 14:01:01.561965+00
652,652,github,5362602643,2026-09-27 14:01:00.644645+00,2026-09-27 14:01:01.561965+00,critical_security_incident,critical_incident,high,0.450,45,{rce},,heuristic,pending,,,,f,2026-09-27 14:01:01.561965+00
653,653,github,5602352810,2026-09-27 14:01:00.644645+00,2026-09-27 14:01:01.561965+00,security_threat,security_threat,medium,0.250,25,{exploit},,heuristic,pending,,,,f,2026-09-27 14:01:01.561965+00
654,654,github,2169609093,2026-09-27 14:01:00.644645+00,2026-09-27 14:01:01.561965+00,critical_security_incident,critical_incident,high,0.450,45,"{rce,security,vulnerability}",,heuristic,pending,,,,f,2026-09-27 14:01:01.561965+00
655,655,github,5603144698,2026-09-27 14:01:00.644645+00,2026-09-27 14:01:01.561965+00,critical_security_incident,critical_incident,medium,0.300,30,{rce},,heuristic,pending,,,,f,2026-09-27 14:01:01.561965+00
656,656,github,5203765400,2026-09-27 14:01:00.644645+00,2026-09-27 14:01:01.561965+00,critical_security_incident,critical_incident,high,0.550,55,"{rce,vulnerability}",,heuristic,pending,,,,f,2026-09-27 14:01:01.561965+00
657,657,github,5596919362,2026-09-27 14:01:00.644645+00,2026-09-27 14:01:01.561965+00,critical_security_incident,critical_incident,high,0.450,45,"{rce,vulnerability}",,heuristic,pending,,,,f,2026-09-27 14:01:01.561965+00
658,658,github,3804065459,2026-09-27 14:01:00.644645+00,2026-09-27 14:01:01.561965+00,critical_security_incident,critical_incident,critical,0.600,60,"{rce,security,vulnerability}",,heuristic,pending,,,,f,2026-09-27 14:01:01.561965+00
659,659,github,4456922053,2026-09-27 14:01:00.644645+00,2026-09-27 14:01:01.561965+00,critical_security_incident,critical_incident,high,0.450,45,{rce},,heuristic,pending,,,,f,2026-09-27 14:01:01.561965+00
660,660,github,3878834694,2026-09-27 14:01:00.644645+00,2026-09-27 14:01:01.561965+00,critical_security_incident,critical_incident,medium,0.300,30,{rce},,heuristic,pending,,,,f,2026-09-27 14:01:01.561965+00
661,661,github,1848385989,2026-09-27 14:01:00.644645+00,2026-09-27 14:01:01.561965+00,critical_security_incident,critical_incident,high,0.450,45,"{rce,security,vulnerability}",,heuristic,pending,,,,f,2026-09-27 14:01:01.561965+00
662,662,github,5603227184,2026-09-27 14:01:00.644645+00,2026-09-27 14:01:01.561965+00,security_threat,security_threat,high,0.450,45,"{""sql injection"",security}",,heuristic,pending,,,,f,2026-09-27 14:01:01.561965+00
663,663,github,5172596665,2026-09-27 14:01:00.644645+00,2026-09-27 14:01:01.561965+00,general,other,medium,0.250,25,,,heuristic,pending,,,,f,2026-09-27 14:01:01.561965+00
664,664,github,5154135923,2026-09-27 14:01:00.644645+00,2026-09-27 14:01:01.561965+00,critical_security_incident,critical_incident,high,0.450,45,"{rce,security,vulnerability}",,heuristic,pending,,,,f,2026-09-27 14:01:01.561965+00
665,665,github,5603234486,2026-09-27 14:01:00.644645+00,2026-09-27 14:01:01.561965+00,security_threat,security_threat,medium,0.250,25,{exploit},,heuristic,pending,,,,f,2026-09-27 14:01:01.561965+00
666,666,github,3901958804,2026-09-27 14:01:00.644645+00,2026-09-27 14:01:01.561965+00,critical_security_incident,critical_incident,high,0.450,45,{rce},,heuristic,pending,,,,f,2026-09-27 14:01:01.561965+00
667,667,github,5546581119,2026-09-27 14:01:00.644645+00,2026-09-27 14:01:01.561965+00,critical_security_incident,critical_incident,high,0.450,45,"{rce,security,vulnerability}",,heuristic,pending,,,,f,2026-09-27 14:01:01.561965+00
668,668,github,5603231869,2026-09-27 14:01:00.644645+00,2026-09-27 14:01:01.561965+00,critical_security_incident,critical_incident,critical,0.650,65,"{rce,exploit}",,heuristic,pending,,,,f,2026-09-27 14:01:01.561965+00
669,669,github,5546476833,2026-09-27 14:01:00.644645+00,2026-09-27 14:01:01.561965+00,critical_security_incident,critical_incident,high,0.450,45,"{rce,security,vulnerability}",,heuristic,pending,,,,f,2026-09-27 14:01:01.561965+00
670,670,github,5520186595,2026-09-27 14:01:00.644645+00,2026-09-27 14:01:01.561965+00,critical_security_incident,critical_incident,high,0.550,55,"{rce,security}",,heuristic,pending,,,,f,2026-09-27 14:01:01.561965+00
671,671,github,2074882829,2026-09-27 14:01:00.644645+00,2026-09-27 14:01:01.561965+00,critical_security_incident,critical_incident,high,0.450,45,"{rce,security,vulnerability}",,heuristic,pending,,,,f,2026-09-27 14:01:01.561965+00
672,672,github,5418168909,2026-09-27 14:01:00.644645+00,2026-09-27 14:01:01.561965+00,general,other,high,0.400,40,{incident},,heuristic,pending,,,,f,2026-09-27 14:01:01.561965+00
673,673,github,5546330040,2026-09-27 14:01:00.644645+00,2026-09-27 14:01:01.561965+00,critical_security_incident,critical_incident,high,0.450,45,"{rce,security,vulnerability}",,heuristic,pending,,,,f,2026-09-27 14:01:01.561965+00
674,674,github,4422142890,2026-09-27 14:01:00.644645+00,2026-09-27 14:01:01.561965+00,critical_security_incident,critical_incident,medium,0.350,35,{rce},,heuristic,pending,,,,f,2026-09-27 14:01:01.561965+00
675,675,github,2158221653,2026-09-27 14:01:00.644645+00,2026-09-27 14:01:01.561965+00,critical_security_incident,critical_incident,high,0.450,45,{rce},,heuristic,pending,,,,f,2026-09-27 14:01:01.561965+00
676,676,github,5595099605,2026-09-27 14:01:00.644645+00,2026-09-27 14:01:01.561965+00,general,other,medium,0.200,20,,,heuristic,pending,,,,f,2026-09-27 14:01:01.561965+00
677,677,github,5118249294,2026-09-27 14:01:00.644645+00,2026-09-27 14:01:01.561965+00,general,other,low,0.100,10,,,heuristic,pending,,,,f,2026-09-27 14:01:01.561965+00
678,678,github,5583480128,2026-09-27 14:01:00.644645+00,2026-09-27 14:01:01.561965+00,general,other,low,0.150,15,,,heuristic,pending,,,,f,2026-09-27 14:01:01.561965+00
679,679,github,5462974272,2026-09-27 14:01:00.644645+00,2026-09-27 14:01:01.561965+00,critical_security_incident,critical_incident,high,0.400,40,"{apt,security}",,heuristic,pending,,,,f,2026-09-27 14:01:01.561965+00
680,680,github,5561566647,2026-09-27 14:01:00.644645+00,2026-09-27 14:01:01.561965+00,general,other,low,0.050,5,,,heuristic,pending,,,,f,2026-09-27 14:01:01.561965+00
681,681,github,4467516892,2026-09-27 14:01:00.644645+00,2026-09-27 14:01:01.561965+00,critical_security_incident,critical_incident,high,0.450,45,"{rce,security,vulnerability}",,heuristic,pending,,,,f,2026-09-27 14:01:01.561965+00
682,682,github,5600405090,2026-09-27 14:01:00.644645+00,2026-09-27 14:01:01.561965+00,critical_security_incident,critical_incident,critical,0.650,65,"{rce,exploit}",,heuristic,pending,,,,f,2026-09-27 14:01:01.561965+00
683,683,github,5591632868,2026-09-27 14:01:00.644645+00,2026-09-27 14:01:01.561965+00,general,other,medium,0.200,20,{security},,heuristic,pending,,,,f,2026-09-27 14:01:01.561965+00
684,684,github,5603222813,2026-09-27 14:01:00.644645+00,2026-09-27 14:01:01.561965+00,critical_security_incident,critical_incident,high,0.450,45,{rce},,heuristic,pending,,,,f,2026-09-27 14:01:01.561965+00
685,685,github,2723300294,2026-09-27 14:01:00.644645+00,2026-09-27 14:01:01.561965+00,critical_security_incident,critical_incident,critical,0.600,60,"{rce,security,vulnerability}",,heuristic,pending,,,,f,2026-09-27 14:01:01.561965+00
686,686,github,1831816883,2026-09-27 14:01:00.644645+00,2026-09-27 14:01:01.561965+00,critical_security_incident,critical_incident,medium,0.300,30,{rce},,heuristic,pending,,,,f,2026-09-27 14:01:01.561965+00
687,687,github,2158387262,2026-09-27 14:01:00.644645+00,2026-09-27 14:01:01.561965+00,critical_security_incident,critical_incident,high,0.450,45,{rce},,heuristic,pending,,,,f,2026-09-27 14:01:01.561965+00
688,688,github,3816558475,2026-09-27 14:11:47.117152+00,2026-09-27 14:11:48.081401+00,critical_security_incident,critical_incident,high,0.450,45,"{rce,security,vulnerability}",,heuristic,pending,,,,f,2026-09-27 14:11:48.081401+00
689,689,github,3780649987,2026-09-27 14:11:47.117152+00,2026-09-27 14:11:48.081401+00,critical_security_incident,critical_incident,high,0.500,50,"{rce,security}",,heuristic,pending,,,,f,2026-09-27 14:11:48.081401+00
690,690,github,5602503136,2026-09-27 14:11:47.117152+00,2026-09-27 14:11:48.081401+00,critical_security_incident,critical_incident,medium,0.350,35,{rce},,heuristic,pending,,,,f,2026-09-27 14:11:48.081401+00
691,691,github,1146332927,2026-09-27 14:11:47.117152+00,2026-09-27 14:11:48.081401+00,critical_security_incident,critical_incident,critical,0.600,60,"{rce,security,vulnerability}",,heuristic,pending,,,,f,2026-09-27 14:11:48.081401+00
692,692,github,5596775843,2026-09-27 14:11:47.117152+00,2026-09-27 14:11:48.081401+00,security_threat,security_threat,medium,0.350,35,"{exploit,incident}",,heuristic,pending,,,,f,2026-09-27 14:11:48.081401+00
693,693,github,5052429669,2026-09-27 14:11:47.117152+00,2026-09-27 14:11:48.081401+00,critical_security_incident,critical_incident,critical,0.650,65,{rce},,heuristic,pending,,,,f,2026-09-27 14:11:48.081401+00
694,694,github,2766828251,2026-09-27 14:11:47.117152+00,2026-09-27 14:11:48.081401+00,critical_security_incident,critical_incident,critical,0.600,60,"{rce,security,vulnerability}",,heuristic,pending,,,,f,2026-09-27 14:11:48.081401+00
695,695,github,4735174648,2026-09-27 14:11:47.117152+00,2026-09-27 14:11:48.081401+00,critical_security_incident,critical_incident,medium,0.300,30,{rce},,heuristic,pending,,,,f,2026-09-27 14:11:48.081401+00
696,696,github,5318875621,2026-09-27 14:11:47.117152+00,2026-09-27 14:11:48.081401+00,critical_security_incident,critical_incident,critical,0.600,60,"{rce,security,vulnerability}",,heuristic,pending,,,,f,2026-09-27 14:11:48.081401+00
697,697,github,5601112462,2026-09-27 14:11:47.117152+00,2026-09-27 14:11:48.081401+00,general,other,medium,0.300,30,{vulnerability},,heuristic,pending,,,,f,2026-09-27 14:11:48.081401+00
698,698,github,4891701769,2026-09-27 14:11:47.117152+00,2026-09-27 14:11:48.081401+00,critical_security_incident,critical_incident,high,0.450,45,"{rce,security,vulnerability}",,heuristic,pending,,,,f,2026-09-27 14:11:48.081401+00
699,699,github,5553364138,2026-09-27 14:11:47.117152+00,2026-09-27 14:11:48.081401+00,general,other,medium,0.350,35,"{security,vulnerability}",,heuristic,pending,,,,f,2026-09-27 14:11:48.081401+00
700,700,github,3293193085,2026-09-27 14:11:47.117152+00,2026-09-27 14:11:48.081401+00,critical_security_incident,critical_incident,high,0.450,45,"{rce,security,vulnerability}",,heuristic,pending,,,,f,2026-09-27 14:11:48.081401+00
701,701,github,2355495930,2026-09-27 14:11:47.117152+00,2026-09-27 14:11:48.081401+00,critical_security_incident,critical_incident,medium,0.300,30,{rce},,heuristic,pending,,,,f,2026-09-27 14:11:48.081401+00
702,702,github,2140841250,2026-09-27 14:11:47.117152+00,2026-09-27 14:11:48.081401+00,critical_security_incident,critical_incident,high,0.450,45,"{rce,security,vulnerability}",,heuristic,pending,,,,f,2026-09-27 14:11:48.081401+00
703,703,github,2300850038,2026-09-27 14:11:47.117152+00,2026-09-27 14:11:48.081401+00,general,other,low,0.050,5,,,heuristic,pending,,,,f,2026-09-27 14:11:48.081401+00
704,704,github,3439883900,2026-09-27 14:11:47.117152+00,2026-09-27 14:11:48.081401+00,general,other,low,0.050,5,,,heuristic,pending,,,,f,2026-09-27 14:11:48.081401+00
705,705,github,1029653429,2026-09-27 14:11:47.117152+00,2026-09-27 14:11:48.081401+00,critical_security_incident,critical_incident,high,0.450,45,"{rce,security,vulnerability}",,heuristic,pending,,,,f,2026-09-27 14:11:48.081401+00
706,706,github,4555448717,2026-09-27 14:11:47.117152+00,2026-09-27 14:11:48.081401+00,critical_security_incident,critical_incident,medium,0.350,35,"{rce,security}",,heuristic,pending,,,,f,2026-09-27 14:11:48.081401+00
707,707,github,2921114439,2026-09-27 14:11:47.117152+00,2026-09-27 14:11:48.081401+00,critical_security_incident,critical_incident,critical,0.600,60,"{rce,security,vulnerability}",,heuristic,pending,,,,f,2026-09-27 14:11:48.081401+00
708,708,github,1165972636,2026-09-27 14:11:47.117152+00,2026-09-27 14:11:48.081401+00,critical_security_incident,critical_incident,high,0.450,45,"{rce,security,vulnerability}",,heuristic,pending,,,,f,2026-09-27 14:11:48.081401+00
709,709,github,1335864132,2026-09-27 14:11:47.117152+00,2026-09-27 14:11:48.081401+00,critical_security_incident,critical_incident,high,0.450,45,{rce},,heuristic,pending,,,,f,2026-09-27 14:11:48.081401+00
710,710,github,5595442202,2026-09-27 14:11:47.117152+00,2026-09-27 14:11:48.081401+00,general,other,medium,0.250,25,,,heuristic,pending,,,,f,2026-09-27 14:11:48.081401+00
711,711,github,1985401423,2026-09-27 14:11:47.117152+00,2026-09-27 14:11:48.081401+00,critical_security_incident,critical_incident,medium,0.300,30,{rce},,heuristic,pending,,,,f,2026-09-27 14:11:48.081401+00
712,712,github,3295740944,2026-09-27 14:11:47.117152+00,2026-09-27 14:11:48.081401+00,critical_security_incident,critical_incident,high,0.450,45,{rce},,heuristic,pending,,,,f,2026-09-27 14:11:48.081401+00
713,713,github,5603162085,2026-09-27 14:11:47.117152+00,2026-09-27 14:11:48.081401+00,general,other,low,0.050,5,,,heuristic,pending,,,,f,2026-09-27 14:11:48.081401+00
714,714,github,5300440804,2026-09-27 14:11:47.117152+00,2026-09-27 14:11:48.081401+00,general,other,medium,0.200,20,,,heuristic,pending,,,,f,2026-09-27 14:11:48.081401+00
715,715,github,3541305004,2026-09-27 14:11:47.117152+00,2026-09-27 14:11:48.081401+00,critical_security_incident,critical_incident,high,0.450,45,{rce},,heuristic,pending,,,,f,2026-09-27 14:11:48.081401+00
716,716,github,5521467821,2026-09-27 14:11:47.117152+00,2026-09-27 14:11:48.081401+00,general,other,medium,0.300,30,,,heuristic,pending,,,,f,2026-09-27 14:11:48.081401+00
717,717,github,1703015409,2026-09-27 14:11:47.117152+00,2026-09-27 14:11:48.081401+00,critical_security_incident,critical_incident,high,0.450,45,"{rce,security,vulnerability}",,heuristic,pending,,,,f,2026-09-27 14:11:48.081401+00
718,718,github,3572064874,2026-09-27 14:11:47.117152+00,2026-09-27 14:11:48.081401+00,critical_security_incident,critical_incident,high,0.450,45,{rce},,heuristic,pending,,,,f,2026-09-27 14:11:48.081401+00
719,719,github,3308978806,2026-09-27 14:11:47.117152+00,2026-09-27 14:11:48.081401+00,critical_security_incident,critical_incident,high,0.450,45,{rce},,heuristic,pending,,,,f,2026-09-27 14:11:48.081401+00
720,720,github,5196506785,2026-09-27 14:11:47.117152+00,2026-09-27 14:11:48.081401+00,critical_security_incident,critical_incident,critical,0.650,65,"{rce,cve-}",,heuristic,pending,,,,f,2026-09-27 14:11:48.081401+00
721,721,github,5603302193,2026-09-27 14:11:47.117152+00,2026-09-27 14:11:48.081401+00,critical_security_incident,critical_incident,critical,0.990,100,"{apt,rce,exploit,security,vulnerability}",,heuristic,pending,,,,f,2026-09-27 14:11:48.081401+00
722,722,github,5224608936,2026-09-27 14:11:47.117152+00,2026-09-27 14:11:48.081401+00,critical_security_incident,critical_incident,high,0.550,55,"{rce,exploit}",,heuristic,pending,,,,f,2026-09-27 14:11:48.081401+00
723,723,hackernews,49870848,2026-09-27 21:15:59.357696+00,2026-09-27 21:16:00.530974+00,general,other,medium,0.200,20,,,heuristic,pending,,,,f,2026-09-27 21:16:00.530974+00
724,724,hackernews,49869344,2026-09-27 21:15:59.357696+00,2026-09-27 21:16:00.530974+00,general,other,medium,0.200,20,,,heuristic,pending,,,,f,2026-09-27 21:16:00.530974+00
725,725,hackernews,49869024,2026-09-27 21:15:59.357696+00,2026-09-27 21:16:00.530974+00,general,other,medium,0.200,20,"{security,incident}",,heuristic,pending,,,,f,2026-09-27 21:16:00.530974+00
726,726,hackernews,49868561,2026-09-27 21:15:59.357696+00,2026-09-27 21:16:00.530974+00,general,other,low,0.100,10,{security},,heuristic,pending,,,,f,2026-09-27 21:16:00.530974+00
727,727,hackernews,49867267,2026-09-27 21:15:59.357696+00,2026-09-27 21:16:00.530974+00,general,other,medium,0.200,20,"{security,incident}",,heuristic,pending,,,,f,2026-09-27 21:16:00.530974+00
728,728,github,5596506345,2026-09-27 21:15:59.357696+00,2026-09-27 21:16:00.530974+00,general,other,medium,0.250,25,,,heuristic,pending,,,,f,2026-09-27 21:16:00.530974+00
729,729,github,5604216154,2026-09-27 21:15:59.357696+00,2026-09-27 21:16:00.530974+00,critical_security_incident,critical_incident,high,0.400,40,"{rce,vulnerability}",,heuristic,pending,,,,f,2026-09-27 21:16:00.530974+00
730,730,github,5606348698,2026-09-27 21:15:59.357696+00,2026-09-27 21:16:00.530974+00,security_threat,security_threat,critical,0.850,85,"{exploit,cve-,attack,security,vulnerability}",,heuristic,pending,,,,f,2026-09-27 21:16:00.530974+00
731,731,github,5561186640,2026-09-27 21:15:59.357696+00,2026-09-27 21:16:00.530974+00,critical_security_incident,critical_incident,critical,0.650,65,"{rce,exploit}",,heuristic,pending,,,,f,2026-09-27 21:16:00.530974+00
732,732,github,5509152511,2026-09-27 21:15:59.357696+00,2026-09-27 21:16:00.530974+00,general,other,low,0.100,10,,,heuristic,pending,,,,f,2026-09-27 21:16:00.530974+00
733,733,github,5532874920,2026-09-27 21:15:59.357696+00,2026-09-27 21:16:00.530974+00,critical_security_incident,critical_incident,medium,0.350,35,{rce},,heuristic,pending,,,,f,2026-09-27 21:16:00.530974+00
734,734,github,5159726431,2026-09-27 21:15:59.357696+00,2026-09-27 21:16:00.530974+00,critical_security_incident,critical_incident,high,0.450,45,{rce},,heuristic,pending,,,,f,2026-09-27 21:16:00.530974+00
735,735,github,3568672286,2026-09-27 21:15:59.357696+00,2026-09-27 21:16:00.530974+00,critical_security_incident,critical_incident,critical,0.600,60,"{rce,security,vulnerability}",,heuristic,pending,,,,f,2026-09-27 21:16:00.530974+00
736,736,github,3655064124,2026-09-27 21:15:59.357696+00,2026-09-27 21:16:00.530974+00,critical_security_incident,critical_incident,high,0.450,45,{rce},,heuristic,pending,,,,f,2026-09-27 21:16:00.530974+00
737,737,github,5016464365,2026-09-27 21:15:59.357696+00,2026-09-27 21:16:00.530974+00,critical_security_incident,critical_incident,critical,0.750,75,"{rce,cve-,vulnerability}",,heuristic,pending,,,,f,2026-09-27 21:16:00.530974+00
738,738,github,3025085539,2026-09-27 21:15:59.357696+00,2026-09-27 21:16:00.530974+00,critical_security_incident,critical_incident,critical,0.750,75,"{rce,cve-,vulnerability}",,heuristic,pending,,,,f,2026-09-27 21:16:00.530974+00
739,739,github,5519615922,2026-09-27 21:15:59.357696+00,2026-09-27 21:16:00.530974+00,general,other,medium,0.300,30,{security},,heuristic,pending,,,,f,2026-09-27 21:16:00.530974+00
740,740,github,5606345863,2026-09-27 21:15:59.357696+00,2026-09-27 21:16:00.530974+00,critical_security_incident,critical_incident,critical,0.950,95,"{rce,exploit,cve-,attack,security,vulnerability}",,heuristic,pending,,,,f,2026-09-27 21:16:00.530974+00
741,741,github,5144376009,2026-09-27 21:15:59.357696+00,2026-09-27 21:16:00.530974+00,critical_security_incident,critical_incident,high,0.400,40,"{rce,vulnerability}",,heuristic,pending,,,,f,2026-09-27 21:16:00.530974+00
742,742,github,5519638991,2026-09-27 21:15:59.357696+00,2026-09-27 21:16:00.530974+00,general,other,medium,0.300,30,{security},,heuristic,pending,,,,f,2026-09-27 21:16:00.530974+00
743,743,github,4004515787,2026-09-27 21:15:59.357696+00,2026-09-27 21:16:00.530974+00,critical_security_incident,critical_incident,critical,0.600,60,"{rce,security,vulnerability}",,heuristic,pending,,,,f,2026-09-27 21:16:00.530974+00
744,744,github,3442490975,2026-09-27 21:15:59.357696+00,2026-09-27 21:16:00.530974+00,critical_security_incident,critical_incident,high,0.450,45,"{rce,security,vulnerability}",,heuristic,pending,,,,f,2026-09-27 21:16:00.530974+00
745,745,github,5555380365,2026-09-27 21:15:59.357696+00,2026-09-27 21:16:00.530974+00,critical_security_incident,critical_incident,medium,0.300,30,{rce},,heuristic,pending,,,,f,2026-09-27 21:16:00.530974+00
746,746,github,5426956943,2026-09-27 21:15:59.357696+00,2026-09-27 21:16:00.530974+00,critical_security_incident,critical_incident,critical,0.700,70,"{rce,exploit,security}",,heuristic,pending,,,,f,2026-09-27 21:16:00.530974+00
747,747,github,5606340949,2026-09-27 21:15:59.357696+00,2026-09-27 21:16:00.530974+00,security_threat,security_threat,critical,0.950,95,"{exploit,cve-,attack,security,vulnerability,""denial of service""}",,heuristic,pending,,,,f,2026-09-27 21:16:00.530974+00
748,748,github,4774033431,2026-09-27 21:15:59.357696+00,2026-09-27 21:16:00.530974+00,critical_security_incident,critical_incident,critical,0.650,65,"{apt,rce}",,heuristic,pending,,,,f,2026-09-27 21:16:00.530974+00
749,749,github,5606340240,2026-09-27 21:15:59.357696+00,2026-09-27 21:16:00.530974+00,general,other,medium,0.300,30,{attack},,heuristic,pending,,,,f,2026-09-27 21:16:00.530974+00
750,750,github,1522405791,2026-09-27 21:15:59.357696+00,2026-09-27 21:16:00.530974+00,critical_security_incident,critical_incident,high,0.450,45,"{rce,security,vulnerability}",,heuristic,pending,,,,f,2026-09-27 21:16:00.530974+00
751,751,github,5528169037,2026-09-27 21:15:59.357696+00,2026-09-27 21:16:00.530974+00,security_threat,security_threat,high,0.450,45,"{exploit,security,vulnerability}",,heuristic,pending,,,,f,2026-09-27 21:16:00.530974+00
752,752,github,2564676131,2026-09-27 21:15:59.357696+00,2026-09-27 21:16:00.530974+00,critical_security_incident,critical_incident,medium,0.300,30,{rce},,heuristic,pending,,,,f,2026-09-27 21:16:00.530974+00
753,753,github,982547709,2026-09-27 21:15:59.357696+00,2026-09-27 21:16:00.530974+00,critical_security_incident,critical_incident,high,0.450,45,"{rce,security,vulnerability}",,heuristic,pending,,,,f,2026-09-27 21:16:00.530974+00
754,754,github,4891883953,2026-09-27 21:15:59.357696+00,2026-09-27 21:16:00.530974+00,critical_security_incident,critical_incident,critical,0.600,60,"{rce,security}",,heuristic,pending,,,,f,2026-09-27 21:16:00.530974+00
755,755,github,5606080441,2026-09-27 21:15:59.357696+00,2026-09-27 21:16:00.530974+00,security_threat,security_threat,medium,0.300,30,"{exploit,security}",,heuristic,pending,,,,f,2026-09-27 21:16:00.530974+00
756,756,github,2396891460,2026-09-27 21:15:59.357696+00,2026-09-27 21:16:00.530974+00,general,other,medium,0.200,20,"{security,vulnerability}",,heuristic,pending,,,,f,2026-09-27 21:16:00.530974+00
757,757,github,3541253564,2026-09-27 21:15:59.357696+00,2026-09-27 21:16:00.530974+00,critical_security_incident,critical_incident,high,0.450,45,{rce},,heuristic,pending,,,,f,2026-09-27 21:16:00.530974+00
758,758,github,5251685501,2026-09-27 21:15:59.357696+00,2026-09-27 21:16:00.530974+00,critical_security_incident,critical_incident,high,0.550,55,"{rce,vulnerability}",,heuristic,pending,,,,f,2026-09-27 21:16:00.530974+00
759,759,github,1273537084,2026-09-27 21:15:59.357696+00,2026-09-27 21:16:00.530974+00,critical_security_incident,critical_incident,medium,0.300,30,{rce},,heuristic,pending,,,,f,2026-09-27 21:16:00.530974+00
760,760,github,5413531535,2026-09-27 21:15:59.357696+00,2026-09-27 21:16:00.530974+00,general,other,medium,0.200,20,,,heuristic,pending,,,,f,2026-09-27 21:16:00.530974+00
761,761,github,5606004531,2026-09-27 21:15:59.357696+00,2026-09-27 21:16:00.530974+00,general,other,medium,0.300,30,{vulnerability},,heuristic,pending,,,,f,2026-09-27 21:16:00.530974+00
762,762,github,5413530107,2026-09-27 21:15:59.357696+00,2026-09-27 21:16:00.530974+00,critical_security_incident,critical_incident,critical,0.750,75,"{apt,rce,cve-}",,heuristic,pending,,,,f,2026-09-27 21:16:00.530974+00
763,763,github,2994269060,2026-09-27 21:15:59.357696+00,2026-09-27 21:16:00.530974+00,critical_security_incident,critical_incident,medium,0.300,30,{rce},,heuristic,pending,,,,f,2026-09-27 21:16:00.530974+00
764,764,github,5528465455,2026-09-27 21:15:59.357696+00,2026-09-27 21:16:00.530974+00,general,other,medium,0.300,30,{vulnerability},,heuristic,pending,,,,f,2026-09-27 21:16:00.530974+00
765,765,github,5230472622,2026-09-27 21:15:59.357696+00,2026-09-27 21:16:00.530974+00,critical_security_incident,critical_incident,high,0.400,40,"{rce,security}",,heuristic,pending,,,,f,2026-09-27 21:16:00.530974+00
766,766,github,2334369692,2026-09-27 21:30:58.301524+00,2026-09-27 21:30:59.439333+00,critical_security_incident,critical_incident,medium,0.300,30,{rce},,heuristic,pending,,,,f,2026-09-27 21:30:59.439333+00
767,767,github,5566263477,2026-09-27 21:30:58.301524+00,2026-09-27 21:30:59.439333+00,security_threat,security_threat,medium,0.250,25,{exploit},,heuristic,pending,,,,f,2026-09-27 21:30:59.439333+00
768,768,github,5566264327,2026-09-27 21:30:58.301524+00,2026-09-27 21:30:59.439333+00,security_threat,security_threat,medium,0.250,25,{exploit},,heuristic,pending,,,,f,2026-09-27 21:30:59.439333+00
769,769,github,4397031867,2026-09-27 21:30:58.301524+00,2026-09-27 21:30:59.439333+00,general,other,low,0.050,5,,,heuristic,pending,,,,f,2026-09-27 21:30:59.439333+00
770,770,github,5563317819,2026-09-27 21:30:58.301524+00,2026-09-27 21:30:59.439333+00,critical_security_incident,critical_incident,critical,0.600,60,"{rce,security,vulnerability}",,heuristic,pending,,,,f,2026-09-27 21:30:59.439333+00
771,771,github,5606392441,2026-09-27 21:30:58.301524+00,2026-09-27 21:30:59.439333+00,general,other,medium,0.200,20,,,heuristic,pending,,,,f,2026-09-27 21:30:59.439333+00
772,772,github,3970183862,2026-09-27 21:30:58.301524+00,2026-09-27 21:30:59.439333+00,general,other,low,0.050,5,,,heuristic,pending,,,,f,2026-09-27 21:30:59.439333+00
773,773,github,5505043434,2026-09-27 21:30:58.301524+00,2026-09-27 21:30:59.439333+00,critical_security_incident,critical_incident,high,0.450,45,"{rce,security,vulnerability}",,heuristic,pending,,,,f,2026-09-27 21:30:59.439333+00
774,774,github,1246381854,2026-09-27 21:30:58.301524+00,2026-09-27 21:30:59.439333+00,general,other,medium,0.200,20,"{security,vulnerability}",,heuristic,pending,,,,f,2026-09-27 21:30:59.439333+00
775,775,github,5599600461,2026-09-27 21:30:58.301524+00,2026-09-27 21:30:59.439333+00,critical_security_incident,critical_incident,medium,0.350,35,"{rce,security}",,heuristic,pending,,,,f,2026-09-27 21:30:59.439333+00
776,776,github,1989331014,2026-09-27 21:30:58.301524+00,2026-09-27 21:30:59.439333+00,critical_security_incident,critical_incident,critical,0.600,60,"{rce,security,vulnerability}",,heuristic,pending,,,,f,2026-09-27 21:30:59.439333+00
777,777,github,5606438218,2026-09-27 21:30:58.301524+00,2026-09-27 21:30:59.439333+00,critical_security_incident,critical_incident,critical,0.650,65,"{rce,exploit}",,heuristic,pending,,,,f,2026-09-27 21:30:59.439333+00
778,778,github,5606437475,2026-09-27 21:30:58.301524+00,2026-09-27 21:30:59.439333+00,general,other,high,0.400,40,"{attack,vulnerability}",,heuristic,pending,,,,f,2026-09-27 21:30:59.439333+00
779,779,github,5350553703,2026-09-27 21:30:58.301524+00,2026-09-27 21:30:59.439333+00,security_threat,security_threat,high,0.450,45,{exploit},,heuristic,pending,,,,f,2026-09-27 21:30:59.439333+00
780,780,github,5604402841,2026-09-27 21:30:58.301524+00,2026-09-27 21:30:59.439333+00,critical_security_incident,critical_incident,high,0.500,50,"{rce,malware}",,heuristic,pending,,,,f,2026-09-27 21:30:59.439333+00
781,781,github,5344248559,2026-09-27 21:30:58.301524+00,2026-09-27 21:30:59.439333+00,general,other,low,0.100,10,,,heuristic,pending,,,,f,2026-09-27 21:30:59.439333+00
782,782,github,982595264,2026-09-27 21:30:58.301524+00,2026-09-27 21:30:59.439333+00,critical_security_incident,critical_incident,high,0.450,45,"{rce,security,vulnerability}",,heuristic,pending,,,,f,2026-09-27 21:30:59.439333+00
783,783,github,5314305154,2026-09-27 21:30:58.301524+00,2026-09-27 21:30:59.439333+00,general,other,medium,0.250,25,"{attack,security}",,heuristic,pending,,,,f,2026-09-27 21:30:59.439333+00
784,784,github,5606435537,2026-09-27 21:30:58.301524+00,2026-09-27 21:30:59.439333+00,critical_security_incident,critical_incident,high,0.450,45,"{rce,security,vulnerability}",,heuristic,pending,,,,f,2026-09-27 21:30:59.439333+00
785,785,github,5606183330,2026-09-27 21:30:58.301524+00,2026-09-27 21:30:59.439333+00,critical_security_incident,critical_incident,critical,0.700,70,"{rce,exploit}",,heuristic,pending,,,,f,2026-09-27 21:30:59.439333+00
786,786,github,5566272674,2026-09-27 21:30:58.301524+00,2026-09-27 21:30:59.439333+00,security_threat,security_threat,medium,0.300,30,{exploit},,heuristic,pending,,,,f,2026-09-27 21:30:59.439333+00
787,787,github,5606433249,2026-09-27 21:30:58.301524+00,2026-09-27 21:30:59.439333+00,general,other,medium,0.200,20,,,heuristic,pending,,,,f,2026-09-27 21:30:59.439333+00
788,788,github,1334523153,2026-09-27 21:30:58.301524+00,2026-09-27 21:30:59.439333+00,critical_security_incident,critical_incident,high,0.450,45,{rce},,heuristic,pending,,,,f,2026-09-27 21:30:59.439333+00
789,789,github,5606431616,2026-09-27 21:30:58.301524+00,2026-09-27 21:30:59.439333+00,critical_security_incident,critical_incident,medium,0.300,30,{rce},,heuristic,pending,,,,f,2026-09-27 21:30:59.439333+00
790,790,github,5606193330,2026-09-27 21:30:58.301524+00,2026-09-27 21:30:59.439333+00,general,other,medium,0.300,30,{vulnerability},,heuristic,pending,,,,f,2026-09-27 21:30:59.439333+00
791,791,github,5433501871,2026-09-27 21:30:58.301524+00,2026-09-27 21:30:59.439333+00,critical_security_incident,critical_incident,medium,0.350,35,{rce},,heuristic,pending,,,,f,2026-09-27 21:30:59.439333+00
792,792,github,5606427980,2026-09-27 21:30:58.301524+00,2026-09-27 21:30:59.439333+00,critical_security_incident,critical_incident,critical,0.700,70,"{rce,exploit,security}",,heuristic,pending,,,,f,2026-09-27 21:30:59.439333+00
793,793,github,982559316,2026-09-27 21:30:58.301524+00,2026-09-27 21:30:59.439333+00,critical_security_incident,critical_incident,high,0.450,45,"{rce,security,vulnerability}",,heuristic,pending,,,,f,2026-09-27 21:30:59.439333+00
794,794,github,1441929831,2026-09-27 21:30:58.301524+00,2026-09-27 21:30:59.439333+00,critical_security_incident,critical_incident,medium,0.300,30,{rce},,heuristic,pending,,,,f,2026-09-27 21:30:59.439333+00
795,795,github,5447530627,2026-09-27 21:30:58.301524+00,2026-09-27 21:30:59.439333+00,general,other,low,0.150,15,{security},,heuristic,pending,,,,f,2026-09-27 21:30:59.439333+00
796,796,github,5606385354,2026-09-27 21:30:58.301524+00,2026-09-27 21:30:59.439333+00,critical_security_incident,critical_incident,critical,0.700,70,"{apt,rce}",,heuristic,pending,,,,f,2026-09-27 21:30:59.439333+00
797,797,github,5459098321,2026-09-27 21:30:58.301524+00,2026-09-27 21:30:59.439333+00,critical_security_incident,critical_incident,high,0.500,50,{apt},,heuristic,pending,,,,f,2026-09-27 21:30:59.439333+00
798,798,github,1244737032,2026-09-27 21:30:58.301524+00,2026-09-27 21:30:59.439333+00,critical_security_incident,critical_incident,medium,0.300,30,{rce},,heuristic,pending,,,,f,2026-09-27 21:30:59.439333+00
799,799,github,5525096237,2026-09-27 21:30:58.301524+00,2026-09-27 21:30:59.439333+00,general,other,low,0.150,15,{security},,heuristic,pending,,,,f,2026-09-27 21:30:59.439333+00
800,800,github,5606235387,2026-09-27 21:30:58.301524+00,2026-09-27 21:30:59.439333+00,general,other,medium,0.200,20,,,heuristic,pending,,,,f,2026-09-27 21:30:59.439333+00
801,801,github,5602708126,2026-09-27 21:30:58.301524+00,2026-09-27 21:30:59.439333+00,critical_security_incident,critical_incident,high,0.500,50,"{rce,exploit}",,heuristic,pending,,,,f,2026-09-27 21:30:59.439333+00
802,802,github,5372222782,2026-09-27 21:30:58.301524+00,2026-09-27 21:30:59.439333+00,general,other,low,0.150,15,{security},,heuristic,pending,,,,f,2026-09-27 21:30:59.439333+00
803,803,github,5606422443,2026-09-27 21:30:58.301524+00,2026-09-27 21:30:59.439333+00,general,other,medium,0.200,20,"{security,vulnerability}",,heuristic,pending,,,,f,2026-09-27 21:30:59.439333+00
804,804,github,4029961321,2026-09-27 21:30:58.301524+00,2026-09-27 21:30:59.439333+00,critical_security_incident,critical_incident,high,0.450,45,{rce},,heuristic,pending,,,,f,2026-09-27 21:30:59.439333+00
805,805,hackernews,49884626,2026-09-28 22:45:58.80965+00,2026-09-28 22:46:00.557288+00,general,other,low,0.050,5,,,heuristic,pending,,,,f,2026-09-28 22:46:00.557288+00
806,806,hackernews,49884046,2026-09-28 22:45:58.80965+00,2026-09-28 22:46:00.557288+00,general,other,medium,0.250,25,{security},,heuristic,pending,,,,f,2026-09-28 22:46:00.557288+00
807,807,hackernews,49881465,2026-09-28 22:45:58.80965+00,2026-09-28 22:46:00.557288+00,general,other,medium,0.200,20,"{security,incident}",,heuristic,pending,,,,f,2026-09-28 22:46:00.557288+00
808,808,hackernews,49880807,2026-09-28 22:45:58.80965+00,2026-09-28 22:46:00.557288+00,critical_security_incident,critical_incident,medium,0.300,30,"{rce,security}",,heuristic,pending,,,,f,2026-09-28 22:46:00.557288+00
809,809,hackernews,49879880,2026-09-28 22:45:58.80965+00,2026-09-28 22:46:00.557288+00,critical_security_incident,critical_incident,critical,0.990,100,"{zero-day,rce,exploit,attack}",,heuristic,pending,,,,f,2026-09-28 22:46:00.557288+00
810,810,hackernews,49879268,2026-09-28 22:45:58.80965+00,2026-09-28 22:46:00.557288+00,critical_security_incident,critical_incident,medium,0.350,35,"{rce,security}",,heuristic,pending,,,,f,2026-09-28 22:46:00.557288+00
811,811,hackernews,49879006,2026-09-28 22:45:58.80965+00,2026-09-28 22:46:00.557288+00,general,other,low,0.050,5,,,heuristic,pending,,,,f,2026-09-28 22:46:00.557288+00
812,812,hackernews,49878918,2026-09-28 22:45:58.80965+00,2026-09-28 22:46:00.557288+00,general,other,low,0.100,10,{security},,heuristic,pending,,,,f,2026-09-28 22:46:00.557288+00
813,813,hackernews,49878479,2026-09-28 22:45:58.80965+00,2026-09-28 22:46:00.557288+00,general,other,low,0.050,5,,,heuristic,pending,,,,f,2026-09-28 22:46:00.557288+00
814,814,hackernews,49878028,2026-09-28 22:45:58.80965+00,2026-09-28 22:46:00.557288+00,critical_security_incident,critical_incident,medium,0.350,35,"{rce,security}",,heuristic,pending,,,,f,2026-09-28 22:46:00.557288+00
815,815,hackernews,49877752,2026-09-28 22:45:58.80965+00,2026-09-28 22:46:00.557288+00,critical_security_incident,critical_incident,high,0.400,40,"{rce,security}",,heuristic,pending,,,,f,2026-09-28 22:46:00.557288+00
816,816,hackernews,49877182,2026-09-28 22:45:58.80965+00,2026-09-28 22:46:00.557288+00,security_threat,security_threat,medium,0.300,30,"{exploit,security}",,heuristic,pending,,,,f,2026-09-28 22:46:00.557288+00
817,817,hackernews,49877091,2026-09-28 22:45:58.80965+00,2026-09-28 22:46:00.557288+00,general,other,low,0.100,10,{security},,heuristic,pending,,,,f,2026-09-28 22:46:00.557288+00
818,818,hackernews,49876470,2026-09-28 22:45:58.80965+00,2026-09-28 22:46:00.557288+00,general,other,low,0.100,10,{security},,heuristic,pending,,,,f,2026-09-28 22:46:00.557288+00
819,819,hackernews,49876188,2026-09-28 22:45:58.80965+00,2026-09-28 22:46:00.557288+00,general,other,low,0.100,10,{security},,heuristic,pending,,,,f,2026-09-28 22:46:00.557288+00
820,820,hackernews,49875297,2026-09-28 22:45:58.80965+00,2026-09-28 22:46:00.557288+00,critical_security_incident,critical_incident,high,0.400,40,"{rce,attack,security}",,heuristic,pending,,,,f,2026-09-28 22:46:00.557288+00
821,821,hackernews,49875060,2026-09-28 22:45:58.80965+00,2026-09-28 22:46:00.557288+00,security_threat,security_threat,medium,0.250,25,{compromised},,heuristic,pending,,,,f,2026-09-28 22:46:00.557288+00
822,822,hackernews,49874737,2026-09-28 22:45:58.80965+00,2026-09-28 22:46:00.557288+00,security_threat,security_threat,medium,0.250,25,{cve-},,heuristic,pending,,,,f,2026-09-28 22:46:00.557288+00
823,823,hackernews,49874311,2026-09-28 22:45:58.80965+00,2026-09-28 22:46:00.557288+00,general,other,medium,0.250,25,{security},,heuristic,pending,,,,f,2026-09-28 22:46:00.557288+00
824,824,hackernews,49873303,2026-09-28 22:45:58.80965+00,2026-09-28 22:46:00.557288+00,security_threat,security_threat,medium,0.300,30,"{""privilege escalation"",security}",,heuristic,pending,,,,f,2026-09-28 22:46:00.557288+00
825,825,hackernews,49873005,2026-09-28 22:45:58.80965+00,2026-09-28 22:46:00.557288+00,general,other,medium,0.300,30,{security},,heuristic,pending,,,,f,2026-09-28 22:46:00.557288+00
826,826,github,4641652769,2026-09-28 22:45:58.80965+00,2026-09-28 22:46:00.557288+00,general,other,medium,0.250,25,,,heuristic,pending,,,,f,2026-09-28 22:46:00.557288+00
827,827,github,2900969124,2026-09-28 22:45:58.80965+00,2026-09-28 22:46:00.557288+00,critical_security_incident,critical_incident,high,0.450,45,"{rce,security,vulnerability}",,heuristic,pending,,,,f,2026-09-28 22:46:00.557288+00
828,828,github,1909758302,2026-09-28 22:45:58.80965+00,2026-09-28 22:46:00.557288+00,critical_security_incident,critical_incident,medium,0.300,30,{rce},,heuristic,pending,,,,f,2026-09-28 22:46:00.557288+00
829,829,github,1899840414,2026-09-28 22:45:58.80965+00,2026-09-28 22:46:00.557288+00,critical_security_incident,critical_incident,high,0.500,50,"{rce,security}",,heuristic,pending,,,,f,2026-09-28 22:46:00.557288+00
830,830,github,5513823581,2026-09-28 22:45:58.80965+00,2026-09-28 22:46:00.557288+00,critical_security_incident,critical_incident,high,0.450,45,"{rce,security}",,heuristic,pending,,,,f,2026-09-28 22:46:00.557288+00
831,831,github,982562816,2026-09-28 22:45:58.80965+00,2026-09-28 22:46:00.557288+00,critical_security_incident,critical_incident,medium,0.300,30,{rce},,heuristic,pending,,,,f,2026-09-28 22:46:00.557288+00
832,832,github,1892997960,2026-09-28 22:45:58.80965+00,2026-09-28 22:46:00.557288+00,critical_security_incident,critical_incident,high,0.450,45,"{rce,security,vulnerability}",,heuristic,pending,,,,f,2026-09-28 22:46:00.557288+00
833,833,github,978721642,2026-09-28 22:45:58.80965+00,2026-09-28 22:46:00.557288+00,critical_security_incident,critical_incident,medium,0.300,30,{rce},,heuristic,pending,,,,f,2026-09-28 22:46:00.557288+00
834,834,github,978720620,2026-09-28 22:45:58.80965+00,2026-09-28 22:46:00.557288+00,critical_security_incident,critical_incident,medium,0.300,30,{rce},,heuristic,pending,,,,f,2026-09-28 22:46:00.557288+00
835,835,github,5560821267,2026-09-28 22:45:58.80965+00,2026-09-28 22:46:00.557288+00,critical_security_incident,critical_incident,high,0.500,50,{rce},,heuristic,pending,,,,f,2026-09-28 22:46:00.557288+00
836,836,github,5429143706,2026-09-28 22:45:58.80965+00,2026-09-28 22:46:00.557288+00,critical_security_incident,critical_incident,high,0.450,45,{rce},,heuristic,pending,,,,f,2026-09-28 22:46:00.557288+00
837,837,github,4750113672,2026-09-28 22:45:58.80965+00,2026-09-28 22:46:00.557288+00,critical_security_incident,critical_incident,high,0.450,45,"{rce,security,vulnerability}",,heuristic,pending,,,,f,2026-09-28 22:46:00.557288+00
838,838,github,5622254366,2026-09-28 22:45:58.80965+00,2026-09-28 22:46:00.557288+00,security_threat,security_threat,medium,0.250,25,{exploit},,heuristic,pending,,,,f,2026-09-28 22:46:00.557288+00
839,839,github,1029756944,2026-09-28 22:45:58.80965+00,2026-09-28 22:46:00.557288+00,critical_security_incident,critical_incident,high,0.450,45,"{rce,security,vulnerability}",,heuristic,pending,,,,f,2026-09-28 22:46:00.557288+00
840,840,github,5621439867,2026-09-28 22:45:58.80965+00,2026-09-28 22:46:00.557288+00,critical_security_incident,critical_incident,high,0.500,50,"{rce,attack,security}",,heuristic,pending,,,,f,2026-09-28 22:46:00.557288+00
841,841,github,569661439,2026-09-28 22:45:58.80965+00,2026-09-28 22:46:00.557288+00,critical_security_incident,critical_incident,high,0.450,45,{rce},,heuristic,pending,,,,f,2026-09-28 22:46:00.557288+00
842,842,github,5585627903,2026-09-28 22:45:58.80965+00,2026-09-28 22:46:00.557288+00,critical_security_incident,critical_incident,high,0.400,40,{rce},,heuristic,pending,,,,f,2026-09-28 22:46:00.557288+00
843,843,github,978704658,2026-09-28 22:45:58.80965+00,2026-09-28 22:46:00.557288+00,critical_security_incident,critical_incident,critical,0.600,60,"{rce,security,vulnerability}",,heuristic,pending,,,,f,2026-09-28 22:46:00.557288+00
844,844,github,1507786020,2026-09-28 22:45:58.80965+00,2026-09-28 22:46:00.557288+00,critical_security_incident,critical_incident,medium,0.300,30,{rce},,heuristic,pending,,,,f,2026-09-28 22:46:00.557288+00
845,845,github,4772120422,2026-09-28 22:45:58.80965+00,2026-09-28 22:46:00.557288+00,critical_security_incident,critical_incident,high,0.450,45,"{rce,security,vulnerability}",,heuristic,pending,,,,f,2026-09-28 22:46:00.557288+00
846,846,github,3646906923,2026-09-28 22:45:58.80965+00,2026-09-28 22:46:00.557288+00,critical_security_incident,critical_incident,high,0.450,45,"{rce,security,vulnerability}",,heuristic,pending,,,,f,2026-09-28 22:46:00.557288+00
847,847,github,5052154086,2026-09-28 22:45:58.80965+00,2026-09-28 22:46:00.557288+00,critical_security_incident,critical_incident,medium,0.300,30,{rce},,heuristic,pending,,,,f,2026-09-28 22:46:00.557288+00
848,848,github,982540171,2026-09-28 22:45:58.80965+00,2026-09-28 22:46:00.557288+00,critical_security_incident,critical_incident,high,0.450,45,"{rce,security,vulnerability}",,heuristic,pending,,,,f,2026-09-28 22:46:00.557288+00
849,849,github,5535819599,2026-09-28 22:45:58.80965+00,2026-09-28 22:46:00.557288+00,general,other,medium,0.200,20,"{security,vulnerability}",,heuristic,pending,,,,f,2026-09-28 22:46:00.557288+00
850,850,github,5535004947,2026-09-28 22:45:58.80965+00,2026-09-28 22:46:00.557288+00,critical_security_incident,critical_incident,medium,0.350,35,{rce},,heuristic,pending,,,,f,2026-09-28 22:46:00.557288+00
851,851,github,2910703924,2026-09-28 22:45:58.80965+00,2026-09-28 22:46:00.557288+00,critical_security_incident,critical_incident,critical,0.600,60,"{rce,security,vulnerability}",,heuristic,pending,,,,f,2026-09-28 22:46:00.557288+00
852,852,github,1315925448,2026-09-28 22:45:58.80965+00,2026-09-28 22:46:00.557288+00,critical_security_incident,critical_incident,medium,0.300,30,{rce},,heuristic,pending,,,,f,2026-09-28 22:46:00.557288+00
853,853,github,3282004159,2026-09-28 22:45:58.80965+00,2026-09-28 22:46:00.557288+00,critical_security_incident,critical_incident,high,0.450,45,{rce},,heuristic,pending,,,,f,2026-09-28 22:46:00.557288+00
854,854,github,5284478859,2026-09-28 22:45:58.80965+00,2026-09-28 22:46:00.557288+00,critical_security_incident,critical_incident,critical,0.600,60,"{apt,incident}",,heuristic,pending,,,,f,2026-09-28 22:46:00.557288+00
855,855,github,5606296788,2026-09-28 22:45:58.80965+00,2026-09-28 22:46:00.557288+00,general,other,low,0.150,15,,,heuristic,pending,,,,f,2026-09-28 22:46:00.557288+00
856,856,github,1095977658,2026-09-28 22:45:58.80965+00,2026-09-28 22:46:00.557288+00,critical_security_incident,critical_incident,medium,0.300,30,{rce},,heuristic,pending,,,,f,2026-09-28 22:46:00.557288+00
857,857,github,1869529392,2026-09-28 22:45:58.80965+00,2026-09-28 22:46:00.557288+00,critical_security_incident,critical_incident,critical,0.700,70,"{apt,rce}",,heuristic,pending,,,,f,2026-09-28 22:46:00.557288+00
858,858,github,4302010856,2026-09-28 22:45:58.80965+00,2026-09-28 22:46:00.557288+00,critical_security_incident,critical_incident,high,0.450,45,{rce},,heuristic,pending,,,,f,2026-09-28 22:46:00.557288+00
859,859,github,1029737476,2026-09-28 22:45:58.80965+00,2026-09-28 22:46:00.557288+00,critical_security_incident,critical_incident,critical,0.600,60,"{rce,security,vulnerability}",,heuristic,pending,,,,f,2026-09-28 22:46:00.557288+00
860,860,github,4473949465,2026-09-28 22:45:58.80965+00,2026-09-28 22:46:00.557288+00,critical_security_incident,critical_incident,high,0.450,45,{rce},,heuristic,pending,,,,f,2026-09-28 22:46:00.557288+00
861,861,github,5582386821,2026-09-28 22:45:58.80965+00,2026-09-28 22:46:00.557288+00,critical_security_incident,critical_incident,high,0.400,40,"{rce,security}",,heuristic,pending,,,,f,2026-09-28 22:46:00.557288+00
862,862,github,5615117700,2026-09-28 22:45:58.80965+00,2026-09-28 22:46:00.557288+00,critical_security_incident,critical_incident,high,0.500,50,{rce},,heuristic,pending,,,,f,2026-09-28 22:46:00.557288+00
863,863,github,5612706823,2026-09-28 22:45:58.80965+00,2026-09-28 22:46:00.557288+00,general,other,medium,0.200,20,,,heuristic,pending,,,,f,2026-09-28 22:46:00.557288+00
864,864,github,5583638972,2026-09-28 22:45:58.80965+00,2026-09-28 22:46:00.557288+00,security_threat,security_threat,medium,0.300,30,"{exploit,security}",,heuristic,pending,,,,f,2026-09-28 22:46:00.557288+00
865,865,github,5612510630,2026-09-28 22:45:58.80965+00,2026-09-28 22:46:00.557288+00,general,other,medium,0.200,20,,,heuristic,pending,,,,f,2026-09-28 22:46:00.557288+00
866,866,github,2129508452,2026-09-28 22:45:58.80965+00,2026-09-28 22:46:00.557288+00,critical_security_incident,critical_incident,high,0.450,45,{rce},,heuristic,pending,,,,f,2026-09-28 22:46:00.557288+00
867,867,github,5611983674,2026-09-28 22:45:58.80965+00,2026-09-28 22:46:00.557288+00,general,other,medium,0.200,20,,,heuristic,pending,,,,f,2026-09-28 22:46:00.557288+00
868,868,github,3208648169,2026-09-28 22:45:58.80965+00,2026-09-28 22:46:00.557288+00,critical_security_incident,critical_incident,critical,0.600,60,"{rce,security,vulnerability}",,heuristic,pending,,,,f,2026-09-28 22:46:00.557288+00
869,869,github,4402623087,2026-09-28 22:45:58.80965+00,2026-09-28 22:46:00.557288+00,critical_security_incident,critical_incident,critical,0.600,60,"{rce,security,vulnerability}",,heuristic,pending,,,,f,2026-09-28 22:46:00.557288+00
870,870,github,5603553816,2026-09-28 22:45:58.80965+00,2026-09-28 22:46:00.557288+00,critical_security_incident,critical_incident,critical,0.650,65,"{rce,attack,vulnerability}",,heuristic,pending,,,,f,2026-09-28 22:46:00.557288+00
871,871,github,5532850865,2026-09-28 22:45:58.80965+00,2026-09-28 22:46:00.557288+00,general,other,low,0.100,10,{security},,heuristic,pending,,,,f,2026-09-28 22:46:00.557288+00
872,872,github,3520754840,2026-09-28 22:45:58.80965+00,2026-09-28 22:46:00.557288+00,critical_security_incident,critical_incident,critical,0.600,60,"{rce,security,vulnerability}",,heuristic,pending,,,,f,2026-09-28 22:46:00.557288+00
873,873,github,1455401712,2026-09-28 22:45:58.80965+00,2026-09-28 22:46:00.557288+00,critical_security_incident,critical_incident,high,0.450,45,"{rce,security,vulnerability}",,heuristic,pending,,,,f,2026-09-28 22:46:00.557288+00
874,874,hackernews,49885659,2026-09-28 23:46:05.951097+00,2026-09-28 23:46:07.708715+00,general,other,low,0.100,10,{security},,heuristic,pending,,,,f,2026-09-28 23:46:07.708715+00
875,875,github,5269497861,2026-09-28 23:46:05.951097+00,2026-09-28 23:46:07.708715+00,critical_security_incident,critical_incident,critical,0.600,60,"{rce,exploit,security}",,heuristic,pending,,,,f,2026-09-28 23:46:07.708715+00
876,876,github,1051075861,2026-09-28 23:46:05.951097+00,2026-09-28 23:46:07.708715+00,critical_security_incident,critical_incident,high,0.450,45,"{rce,security,vulnerability}",,heuristic,pending,,,,f,2026-09-28 23:46:07.708715+00
877,877,github,5384642826,2026-09-28 23:46:05.951097+00,2026-09-28 23:46:07.708715+00,critical_security_incident,critical_incident,high,0.400,40,"{rce,vulnerability}",,heuristic,pending,,,,f,2026-09-28 23:46:07.708715+00
878,878,github,4756738073,2026-09-28 23:46:05.951097+00,2026-09-28 23:46:07.708715+00,critical_security_incident,critical_incident,medium,0.300,30,{rce},,heuristic,pending,,,,f,2026-09-28 23:46:07.708715+00
879,879,github,5559476202,2026-09-28 23:46:05.951097+00,2026-09-28 23:46:07.708715+00,general,other,low,0.100,10,,,heuristic,pending,,,,f,2026-09-28 23:46:07.708715+00
880,880,github,5609338289,2026-09-28 23:46:05.951097+00,2026-09-28 23:46:07.708715+00,critical_security_incident,critical_incident,high,0.450,45,"{rce,security,vulnerability}",,heuristic,pending,,,,f,2026-09-28 23:46:07.708715+00
881,881,github,5616041048,2026-09-28 23:46:05.951097+00,2026-09-28 23:46:07.708715+00,critical_security_incident,critical_incident,critical,0.990,100,"{apt,rce,exploit,attack,threat}",,heuristic,pending,,,,f,2026-09-28 23:46:07.708715+00
882,882,github,4235199040,2026-09-28 23:46:05.951097+00,2026-09-28 23:46:07.708715+00,critical_security_incident,critical_incident,medium,0.300,30,{rce},,heuristic,pending,,,,f,2026-09-28 23:46:07.708715+00
883,883,github,5515902676,2026-09-28 23:46:05.951097+00,2026-09-28 23:46:07.708715+00,critical_security_incident,critical_incident,high,0.400,40,"{rce,security}",,heuristic,pending,,,,f,2026-09-28 23:46:07.708715+00
884,884,github,1599972700,2026-09-28 23:46:05.951097+00,2026-09-28 23:46:07.708715+00,critical_security_incident,critical_incident,high,0.450,45,"{rce,security,vulnerability}",,heuristic,pending,,,,f,2026-09-28 23:46:07.708715+00
885,885,github,2608028714,2026-09-28 23:46:05.951097+00,2026-09-28 23:46:07.708715+00,critical_security_incident,critical_incident,high,0.450,45,"{rce,security,vulnerability}",,heuristic,pending,,,,f,2026-09-28 23:46:07.708715+00
886,886,github,1400313598,2026-09-28 23:46:05.951097+00,2026-09-28 23:46:07.708715+00,critical_security_incident,critical_incident,high,0.450,45,"{rce,security,vulnerability}",,heuristic,pending,,,,f,2026-09-28 23:46:07.708715+00
887,887,github,5622809968,2026-09-28 23:46:05.951097+00,2026-09-28 23:46:07.708715+00,general,other,medium,0.250,25,{security},,heuristic,pending,,,,f,2026-09-28 23:46:07.708715+00
888,888,github,1029501227,2026-09-28 23:46:05.951097+00,2026-09-28 23:46:07.708715+00,critical_security_incident,critical_incident,medium,0.300,30,{rce},,heuristic,pending,,,,f,2026-09-28 23:46:07.708715+00
889,889,github,2403959880,2026-09-28 23:46:05.951097+00,2026-09-28 23:46:07.708715+00,critical_security_incident,critical_incident,medium,0.300,30,{rce},,heuristic,pending,,,,f,2026-09-28 23:46:07.708715+00
890,890,github,1029538384,2026-09-28 23:46:05.951097+00,2026-09-28 23:46:07.708715+00,critical_security_incident,critical_incident,critical,0.600,60,"{rce,security,vulnerability}",,heuristic,pending,,,,f,2026-09-28 23:46:07.708715+00
891,891,github,2374173368,2026-09-28 23:46:05.951097+00,2026-09-28 23:46:07.708715+00,critical_security_incident,critical_incident,high,0.450,45,"{rce,security,vulnerability}",,heuristic,pending,,,,f,2026-09-28 23:46:07.708715+00
892,892,github,1321603475,2026-09-28 23:46:05.951097+00,2026-09-28 23:46:07.708715+00,critical_security_incident,critical_incident,high,0.450,45,"{rce,security,vulnerability}",,heuristic,pending,,,,f,2026-09-28 23:46:07.708715+00
893,893,github,4157193316,2026-09-28 23:46:05.951097+00,2026-09-28 23:46:07.708715+00,critical_security_incident,critical_incident,critical,0.700,70,"{apt,rce}",,heuristic,pending,,,,f,2026-09-28 23:46:07.708715+00
894,894,github,2554205490,2026-09-28 23:46:05.951097+00,2026-09-28 23:46:07.708715+00,critical_security_incident,critical_incident,high,0.450,45,"{rce,security,vulnerability}",,heuristic,pending,,,,f,2026-09-28 23:46:07.708715+00
895,895,github,5541610725,2026-09-28 23:46:05.951097+00,2026-09-28 23:46:07.708715+00,critical_security_incident,critical_incident,high,0.400,40,{rce},,heuristic,pending,,,,f,2026-09-28 23:46:07.708715+00
896,896,github,5541627081,2026-09-28 23:46:05.951097+00,2026-09-28 23:46:07.708715+00,critical_security_incident,critical_incident,high,0.400,40,"{rce,security}",,heuristic,pending,,,,f,2026-09-28 23:46:07.708715+00
897,897,github,5604293668,2026-09-28 23:46:05.951097+00,2026-09-28 23:46:07.708715+00,security_threat,security_threat,high,0.450,45,"{phishing,malware}",,heuristic,pending,,,,f,2026-09-28 23:46:07.708715+00
898,898,github,5622785107,2026-09-28 23:46:05.951097+00,2026-09-28 23:46:07.708715+00,security_threat,security_threat,medium,0.300,30,"{cve-,security}",,heuristic,pending,,,,f,2026-09-28 23:46:07.708715+00
899,899,github,978712056,2026-09-28 23:46:05.951097+00,2026-09-28 23:46:07.708715+00,general,other,low,0.050,5,,,heuristic,pending,,,,f,2026-09-28 23:46:07.708715+00
900,900,github,5608128434,2026-09-28 23:46:05.951097+00,2026-09-28 23:46:07.708715+00,security_threat,security_threat,medium,0.350,35,"{exploit,security}",,heuristic,pending,,,,f,2026-09-28 23:46:07.708715+00
901,901,github,1372730898,2026-09-28 23:46:05.951097+00,2026-09-28 23:46:07.708715+00,critical_security_incident,critical_incident,medium,0.300,30,{rce},,heuristic,pending,,,,f,2026-09-28 23:46:07.708715+00
902,902,github,982602589,2026-09-28 23:46:05.951097+00,2026-09-28 23:46:07.708715+00,critical_security_incident,critical_incident,critical,0.600,60,"{rce,security,vulnerability}",,heuristic,pending,,,,f,2026-09-28 23:46:07.708715+00
903,903,github,5608128296,2026-09-28 23:46:05.951097+00,2026-09-28 23:46:07.708715+00,security_threat,security_threat,high,0.500,50,"{exploit,security}",,heuristic,pending,,,,f,2026-09-28 23:46:07.708715+00
904,904,github,5230468696,2026-09-28 23:46:05.951097+00,2026-09-28 23:46:07.708715+00,critical_security_incident,critical_incident,critical,0.750,75,"{apt,rce}",,heuristic,pending,,,,f,2026-09-28 23:46:07.708715+00
905,905,github,2962472134,2026-09-28 23:46:05.951097+00,2026-09-28 23:46:07.708715+00,critical_security_incident,critical_incident,high,0.450,45,"{rce,security,vulnerability}",,heuristic,pending,,,,f,2026-09-28 23:46:07.708715+00
906,906,github,2459617550,2026-09-28 23:46:05.951097+00,2026-09-28 23:46:07.708715+00,critical_security_incident,critical_incident,high,0.450,45,"{rce,security,vulnerability}",,heuristic,pending,,,,f,2026-09-28 23:46:07.708715+00
907,907,github,5554408917,2026-09-28 23:46:05.951097+00,2026-09-28 23:46:07.708715+00,general,other,low,0.150,15,{security},,heuristic,pending,,,,f,2026-09-28 23:46:07.708715+00
908,908,github,5213751283,2026-09-28 23:46:05.951097+00,2026-09-28 23:46:07.708715+00,critical_security_incident,critical_incident,high,0.500,50,"{rce,attack}",,heuristic,pending,,,,f,2026-09-28 23:46:07.708715+00
909,909,github,3246779029,2026-09-28 23:46:05.951097+00,2026-09-28 23:46:07.708715+00,critical_security_incident,critical_incident,high,0.400,40,"{rce,vulnerability}",,heuristic,pending,,,,f,2026-09-28 23:46:07.708715+00
910,910,github,4038254731,2026-09-28 23:46:05.951097+00,2026-09-28 23:46:07.708715+00,critical_security_incident,critical_incident,critical,0.600,60,"{rce,security,vulnerability}",,heuristic,pending,,,,f,2026-09-28 23:46:07.708715+00
911,911,github,4668218730,2026-09-28 23:46:05.951097+00,2026-09-28 23:46:07.708715+00,critical_security_incident,critical_incident,high,0.450,45,{rce},,heuristic,pending,,,,f,2026-09-28 23:46:07.708715+00
912,912,github,982537595,2026-09-28 23:46:05.951097+00,2026-09-28 23:46:07.708715+00,critical_security_incident,critical_incident,high,0.450,45,"{rce,security,vulnerability}",,heuristic,pending,,,,f,2026-09-28 23:46:07.708715+00
913,913,github,3037669711,2026-09-28 23:46:05.951097+00,2026-09-28 23:46:07.708715+00,critical_security_incident,critical_incident,high,0.450,45,"{rce,security,vulnerability}",,heuristic,pending,,,,f,2026-09-28 23:46:07.708715+00
914,914,github,4357904718,2026-09-29 00:01:01.57248+00,2026-09-29 00:01:02.634313+00,critical_security_incident,critical_incident,high,0.450,45,{rce},,heuristic,pending,,,,f,2026-09-29 00:01:02.634313+00
915,915,github,1029770292,2026-09-29 00:01:01.57248+00,2026-09-29 00:01:02.634313+00,critical_security_incident,critical_incident,critical,0.600,60,"{rce,security,vulnerability}",,heuristic,pending,,,,f,2026-09-29 00:01:02.634313+00
916,916,github,2104288994,2026-09-29 00:01:01.57248+00,2026-09-29 00:01:02.634313+00,critical_security_incident,critical_incident,high,0.450,45,"{rce,security,vulnerability}",,heuristic,pending,,,,f,2026-09-29 00:01:02.634313+00
917,917,github,5622938391,2026-09-29 00:01:01.57248+00,2026-09-29 00:01:02.634313+00,critical_security_incident,critical_incident,high,0.550,55,"{rce,attack,security,vulnerability}",,heuristic,pending,,,,f,2026-09-29 00:01:02.634313+00
918,918,github,3686820806,2026-09-29 00:01:01.57248+00,2026-09-29 00:01:02.634313+00,critical_security_incident,critical_incident,high,0.450,45,{rce},,heuristic,pending,,,,f,2026-09-29 00:01:02.634313+00
919,919,github,4305010145,2026-09-29 00:01:01.57248+00,2026-09-29 00:01:02.634313+00,general,other,medium,0.200,20,,,heuristic,pending,,,,f,2026-09-29 00:01:02.634313+00
920,920,github,3686821549,2026-09-29 00:01:01.57248+00,2026-09-29 00:01:02.634313+00,critical_security_incident,critical_incident,high,0.550,55,"{rce,vulnerability}",,heuristic,pending,,,,f,2026-09-29 00:01:02.634313+00
921,921,github,5573944881,2026-09-29 00:01:01.57248+00,2026-09-29 00:01:02.634313+00,critical_security_incident,critical_incident,high,0.400,40,"{rce,security}",,heuristic,pending,,,,f,2026-09-29 00:01:02.634313+00
922,922,github,5559584526,2026-09-29 00:01:01.57248+00,2026-09-29 00:01:02.634313+00,critical_security_incident,critical_incident,high,0.550,55,"{rce,security}",,heuristic,pending,,,,f,2026-09-29 00:01:02.634313+00
923,923,github,5575049595,2026-09-29 00:01:01.57248+00,2026-09-29 00:01:02.634313+00,general,other,low,0.150,15,{security},,heuristic,pending,,,,f,2026-09-29 00:01:02.634313+00
924,924,github,4211877742,2026-09-29 00:01:01.57248+00,2026-09-29 00:01:02.634313+00,general,other,low,0.150,15,{security},,heuristic,pending,,,,f,2026-09-29 00:01:02.634313+00
925,925,github,2106687353,2026-09-29 00:01:01.57248+00,2026-09-29 00:01:02.634313+00,critical_security_incident,critical_incident,critical,0.600,60,"{rce,security,vulnerability}",,heuristic,pending,,,,f,2026-09-29 00:01:02.634313+00
926,926,github,978708170,2026-09-29 00:01:01.57248+00,2026-09-29 00:01:02.634313+00,critical_security_incident,critical_incident,critical,0.700,70,"{apt,rce,security,vulnerability}",,heuristic,pending,,,,f,2026-09-29 00:01:02.634313+00
927,927,github,4265618823,2026-09-29 00:01:01.57248+00,2026-09-29 00:01:02.634313+00,critical_security_incident,critical_incident,high,0.450,45,"{rce,security,vulnerability}",,heuristic,pending,,,,f,2026-09-29 00:01:02.634313+00
928,928,github,5577032675,2026-09-29 00:01:01.57248+00,2026-09-29 00:01:02.634313+00,critical_security_incident,critical_incident,high,0.450,45,"{rce,security,vulnerability}",,heuristic,pending,,,,f,2026-09-29 00:01:02.634313+00
929,929,github,1696753877,2026-09-29 00:01:01.57248+00,2026-09-29 00:01:02.634313+00,critical_security_incident,critical_incident,high,0.450,45,"{rce,security,vulnerability}",,heuristic,pending,,,,f,2026-09-29 00:01:02.634313+00
930,930,github,1029752125,2026-09-29 00:01:01.57248+00,2026-09-29 00:01:02.634313+00,critical_security_incident,critical_incident,critical,0.600,60,"{rce,security,vulnerability}",,heuristic,pending,,,,f,2026-09-29 00:01:02.634313+00
931,931,github,4473613018,2026-09-29 00:01:01.57248+00,2026-09-29 00:01:02.634313+00,critical_security_incident,critical_incident,high,0.450,45,"{rce,security,vulnerability}",,heuristic,pending,,,,f,2026-09-29 00:01:02.634313+00
932,932,github,4624175752,2026-09-29 00:01:01.57248+00,2026-09-29 00:01:02.634313+00,critical_security_incident,critical_incident,high,0.450,45,{rce},,heuristic,pending,,,,f,2026-09-29 00:01:02.634313+00
933,933,github,1029505337,2026-09-29 00:01:01.57248+00,2026-09-29 00:01:02.634313+00,critical_security_incident,critical_incident,medium,0.300,30,{rce},,heuristic,pending,,,,f,2026-09-29 00:01:02.634313+00
934,934,github,2077352641,2026-09-29 00:01:01.57248+00,2026-09-29 00:01:02.634313+00,general,other,low,0.150,15,,,heuristic,pending,,,,f,2026-09-29 00:01:02.634313+00
935,935,github,1659781467,2026-09-29 00:01:01.57248+00,2026-09-29 00:01:02.634313+00,critical_security_incident,critical_incident,high,0.550,55,"{apt,rce}",,heuristic,pending,,,,f,2026-09-29 00:01:02.634313+00
936,936,github,5622930994,2026-09-29 00:01:01.57248+00,2026-09-29 00:01:02.634313+00,critical_security_incident,critical_incident,medium,0.300,30,{rce},,heuristic,pending,,,,f,2026-09-29 00:01:02.634313+00
937,937,github,1149938679,2026-09-29 00:01:01.57248+00,2026-09-29 00:01:02.634313+00,critical_security_incident,critical_incident,medium,0.300,30,{rce},,heuristic,pending,,,,f,2026-09-29 00:01:02.634313+00
938,938,github,5035420994,2026-09-29 00:01:01.57248+00,2026-09-29 00:01:02.634313+00,general,other,medium,0.300,30,{vulnerability},,heuristic,pending,,,,f,2026-09-29 00:01:02.634313+00
939,939,github,4023960906,2026-09-29 00:01:01.57248+00,2026-09-29 00:01:02.634313+00,critical_security_incident,critical_incident,critical,0.700,70,"{apt,rce}",,heuristic,pending,,,,f,2026-09-29 00:01:02.634313+00
940,940,github,2490022708,2026-09-29 00:01:01.57248+00,2026-09-29 00:01:02.634313+00,critical_security_incident,critical_incident,medium,0.300,30,{rce},,heuristic,pending,,,,f,2026-09-29 00:01:02.634313+00
941,941,github,728792528,2026-09-29 00:01:01.57248+00,2026-09-29 00:01:02.634313+00,critical_security_incident,critical_incident,high,0.450,45,"{rce,security,vulnerability}",,heuristic,pending,,,,f,2026-09-29 00:01:02.634313+00
942,942,github,5622928317,2026-09-29 00:01:01.57248+00,2026-09-29 00:01:02.634313+00,critical_security_incident,critical_incident,critical,0.990,100,"{ransomware,rce,exploit,attack,security,incident}",,heuristic,pending,,,,f,2026-09-29 00:01:02.634313+00
943,943,github,3333893463,2026-09-29 00:01:01.57248+00,2026-09-29 00:01:02.634313+00,critical_security_incident,critical_incident,medium,0.300,30,{rce},,heuristic,pending,,,,f,2026-09-29 00:01:02.634313+00
944,944,github,5612684438,2026-09-29 00:01:01.57248+00,2026-09-29 00:01:02.634313+00,critical_security_incident,critical_incident,high,0.500,50,"{rce,exploit}",,heuristic,pending,,,,f,2026-09-29 00:01:02.634313+00
945,945,github,4022948036,2026-09-29 00:01:01.57248+00,2026-09-29 00:01:02.634313+00,critical_security_incident,critical_incident,medium,0.300,30,{rce},,heuristic,pending,,,,f,2026-09-29 00:01:02.634313+00
946,946,github,4214524159,2026-09-29 00:01:01.57248+00,2026-09-29 00:01:02.634313+00,critical_security_incident,critical_incident,critical,0.600,60,"{rce,security,vulnerability}",,heuristic,pending,,,,f,2026-09-29 00:01:02.634313+00
947,947,github,4413881353,2026-09-29 00:01:01.57248+00,2026-09-29 00:01:02.634313+00,critical_security_incident,critical_incident,high,0.450,45,"{rce,security,vulnerability}",,heuristic,pending,,,,f,2026-09-29 00:01:02.634313+00
948,948,github,2355480690,2026-09-29 00:01:01.57248+00,2026-09-29 00:01:02.634313+00,general,other,low,0.050,5,,,heuristic,pending,,,,f,2026-09-29 00:01:02.634313+00
949,949,github,5622928443,2026-09-29 00:01:01.57248+00,2026-09-29 00:01:02.634313+00,general,other,high,0.400,40,"{vulnerability,""denial of service""}",,heuristic,pending,,,,f,2026-09-29 00:01:02.634313+00
950,950,github,1029457966,2026-09-29 00:01:01.57248+00,2026-09-29 00:01:02.634313+00,critical_security_incident,critical_incident,medium,0.300,30,{rce},,heuristic,pending,,,,f,2026-09-29 00:01:02.634313+00
951,951,github,5622927862,2026-09-29 00:01:01.57248+00,2026-09-29 00:01:02.634313+00,critical_security_incident,critical_incident,medium,0.350,35,"{rce,security}",,heuristic,pending,,,,f,2026-09-29 00:01:02.634313+00
952,952,github,2874026692,2026-09-29 00:01:01.57248+00,2026-09-29 00:01:02.634313+00,critical_security_incident,critical_incident,high,0.450,45,"{rce,security,vulnerability}",,heuristic,pending,,,,f,2026-09-29 00:01:02.634313+00
953,953,github,2664507129,2026-09-29 00:01:01.57248+00,2026-09-29 00:01:02.634313+00,critical_security_incident,critical_incident,medium,0.300,30,{rce},,heuristic,pending,,,,f,2026-09-29 00:01:02.634313+00
954,954,github,4982582067,2026-09-29 00:01:01.57248+00,2026-09-29 00:01:02.634313+00,critical_security_incident,critical_incident,high,0.400,40,{rce},,heuristic,pending,,,,f,2026-09-29 00:01:02.634313+00
955,955,github,2109333438,2026-09-29 00:01:01.57248+00,2026-09-29 00:01:02.634313+00,critical_security_incident,critical_incident,critical,0.600,60,"{rce,security,vulnerability}",,heuristic,pending,,,,f,2026-09-29 00:01:02.634313+00
956,956,github,5623065238,2026-09-29 00:16:11.975536+00,2026-09-29 00:16:12.826275+00,critical_security_incident,critical_incident,critical,0.950,95,"{rce,exploit,cve-,attack}",,heuristic,pending,,,,f,2026-09-29 00:16:12.826275+00
957,957,github,5623065075,2026-09-29 00:16:11.975536+00,2026-09-29 00:16:12.826275+00,critical_security_incident,critical_incident,critical,0.990,100,"{rce,exploit,cve-,""privilege escalation"",attack}",,heuristic,pending,,,,f,2026-09-29 00:16:12.826275+00
958,958,github,5623065009,2026-09-29 00:16:11.975536+00,2026-09-29 00:16:12.826275+00,critical_security_incident,critical_incident,critical,0.800,80,"{rce,exploit,cve-,attack}",,heuristic,pending,,,,f,2026-09-29 00:16:12.826275+00
959,959,github,5623064881,2026-09-29 00:16:11.975536+00,2026-09-29 00:16:12.826275+00,critical_security_incident,critical_incident,critical,0.990,100,"{rce,exploit,cve-,attack,vulnerability}",,heuristic,pending,,,,f,2026-09-29 00:16:12.826275+00
960,960,github,5623064949,2026-09-29 00:16:11.975536+00,2026-09-29 00:16:12.826275+00,critical_security_incident,critical_incident,critical,0.800,80,"{rce,exploit,cve-,attack}",,heuristic,pending,,,,f,2026-09-29 00:16:12.826275+00
961,961,github,5623064760,2026-09-29 00:16:11.975536+00,2026-09-29 00:16:12.826275+00,critical_security_incident,critical_incident,critical,0.990,100,"{rce,""remote code execution"",exploit,cve-,attack}",,heuristic,pending,,,,f,2026-09-29 00:16:12.826275+00
962,962,github,5623064810,2026-09-29 00:16:11.975536+00,2026-09-29 00:16:12.826275+00,critical_security_incident,critical_incident,critical,0.990,100,"{rce,""remote code execution"",exploit,cve-,""sql injection"",attack}",,heuristic,pending,,,,f,2026-09-29 00:16:12.826275+00
963,963,github,5607518840,2026-09-29 00:16:11.975536+00,2026-09-29 00:16:12.826275+00,general,other,high,0.550,55,"{attack,security,vulnerability,""denial of service""}",,heuristic,pending,,,,f,2026-09-29 00:16:12.826275+00
964,964,github,2527229626,2026-09-29 00:16:11.975536+00,2026-09-29 00:16:12.826275+00,critical_security_incident,critical_incident,high,0.450,45,"{rce,security,vulnerability}",,heuristic,pending,,,,f,2026-09-29 00:16:12.826275+00
965,965,github,5618291050,2026-09-29 00:16:11.975536+00,2026-09-29 00:16:12.826275+00,critical_security_incident,critical_incident,critical,0.800,80,"{apt,rce,security}",,heuristic,pending,,,,f,2026-09-29 00:16:12.826275+00
966,966,github,5508117441,2026-09-29 00:16:11.975536+00,2026-09-29 00:16:12.826275+00,general,other,low,0.050,5,,,heuristic,pending,,,,f,2026-09-29 00:16:12.826275+00
967,967,github,5001905977,2026-09-29 00:16:11.975536+00,2026-09-29 00:16:12.826275+00,critical_security_incident,critical_incident,high,0.450,45,{rce},,heuristic,pending,,,,f,2026-09-29 00:16:12.826275+00
968,968,github,978709042,2026-09-29 00:16:11.975536+00,2026-09-29 00:16:12.826275+00,critical_security_incident,critical_incident,high,0.450,45,{rce},,heuristic,pending,,,,f,2026-09-29 00:16:12.826275+00
969,969,github,3919484762,2026-09-29 00:16:11.975536+00,2026-09-29 00:16:12.826275+00,critical_security_incident,critical_incident,high,0.450,45,{rce},,heuristic,pending,,,,f,2026-09-29 00:16:12.826275+00
970,970,github,4965722394,2026-09-29 00:16:11.975536+00,2026-09-29 00:16:12.826275+00,critical_security_incident,critical_incident,high,0.450,45,"{rce,security}",,heuristic,pending,,,,f,2026-09-29 00:16:12.826275+00
971,971,github,4725323720,2026-09-29 00:16:11.975536+00,2026-09-29 00:16:12.826275+00,critical_security_incident,critical_incident,high,0.450,45,{rce},,heuristic,pending,,,,f,2026-09-29 00:16:12.826275+00
972,972,github,2342244727,2026-09-29 00:16:11.975536+00,2026-09-29 00:16:12.826275+00,critical_security_incident,critical_incident,high,0.450,45,{rce},,heuristic,pending,,,,f,2026-09-29 00:16:12.826275+00
973,973,github,4391793956,2026-09-29 00:16:11.975536+00,2026-09-29 00:16:12.826275+00,critical_security_incident,critical_incident,critical,0.600,60,"{rce,security,vulnerability}",,heuristic,pending,,,,f,2026-09-29 00:16:12.826275+00
974,974,github,5518315357,2026-09-29 00:16:11.975536+00,2026-09-29 00:16:12.826275+00,general,other,low,0.050,5,,,heuristic,pending,,,,f,2026-09-29 00:16:12.826275+00
975,975,github,1415846726,2026-09-29 00:16:11.975536+00,2026-09-29 00:16:12.826275+00,critical_security_incident,critical_incident,high,0.450,45,"{rce,security,vulnerability}",,heuristic,pending,,,,f,2026-09-29 00:16:12.826275+00
976,976,github,2886433639,2026-09-29 00:16:11.975536+00,2026-09-29 00:16:12.826275+00,critical_security_incident,critical_incident,high,0.450,45,"{rce,security,vulnerability}",,heuristic,pending,,,,f,2026-09-29 00:16:12.826275+00
977,977,github,3596085203,2026-09-29 00:16:11.975536+00,2026-09-29 00:16:12.826275+00,critical_security_incident,critical_incident,high,0.450,45,"{rce,security,vulnerability}",,heuristic,pending,,,,f,2026-09-29 00:16:12.826275+00
978,978,github,2742818856,2026-09-29 00:16:11.975536+00,2026-09-29 00:16:12.826275+00,critical_security_incident,critical_incident,high,0.550,55,"{rce,vulnerability}",,heuristic,pending,,,,f,2026-09-29 00:16:12.826275+00
979,979,github,4888620753,2026-09-29 00:16:11.975536+00,2026-09-29 00:16:12.826275+00,critical_security_incident,critical_incident,high,0.450,45,{rce},,heuristic,pending,,,,f,2026-09-29 00:16:12.826275+00
980,980,github,5623054302,2026-09-29 00:16:11.975536+00,2026-09-29 00:16:12.826275+00,security_threat,security_threat,high,0.500,50,"{cve-,attack,security,vulnerability}",,heuristic,pending,,,,f,2026-09-29 00:16:12.826275+00
981,981,github,3195921440,2026-09-29 00:16:11.975536+00,2026-09-29 00:16:12.826275+00,critical_security_incident,critical_incident,high,0.550,55,"{rce,vulnerability}",,heuristic,pending,,,,f,2026-09-29 00:16:12.826275+00
982,982,github,5600358624,2026-09-29 00:16:11.975536+00,2026-09-29 00:16:12.826275+00,critical_security_incident,critical_incident,high,0.400,40,"{rce,security}",,heuristic,pending,,,,f,2026-09-29 00:16:12.826275+00
983,983,github,1465338970,2026-09-29 00:16:11.975536+00,2026-09-29 00:16:12.826275+00,critical_security_incident,critical_incident,high,0.450,45,"{rce,security,vulnerability}",,heuristic,pending,,,,f,2026-09-29 00:16:12.826275+00
984,984,github,4923175904,2026-09-29 00:16:11.975536+00,2026-09-29 00:16:12.826275+00,general,other,medium,0.300,30,{security},,heuristic,pending,,,,f,2026-09-29 00:16:12.826275+00
985,985,github,3801061810,2026-09-29 00:16:11.975536+00,2026-09-29 00:16:12.826275+00,critical_security_incident,critical_incident,critical,0.600,60,"{rce,security,vulnerability}",,heuristic,pending,,,,f,2026-09-29 00:16:12.826275+00
986,986,github,2960640971,2026-09-29 00:16:11.975536+00,2026-09-29 00:16:12.826275+00,critical_security_incident,critical_incident,critical,0.600,60,"{rce,security,vulnerability}",,heuristic,pending,,,,f,2026-09-29 00:16:12.826275+00
987,987,github,3504298758,2026-09-29 00:16:11.975536+00,2026-09-29 00:16:12.826275+00,general,other,low,0.050,5,,,heuristic,pending,,,,f,2026-09-29 00:16:12.826275+00
988,988,github,5397063110,2026-09-29 00:16:11.975536+00,2026-09-29 00:16:12.826275+00,critical_security_incident,critical_incident,high,0.500,50,{rce},,heuristic,pending,,,,f,2026-09-29 00:16:12.826275+00
989,989,github,3180616123,2026-09-29 00:16:11.975536+00,2026-09-29 00:16:12.826275+00,critical_security_incident,critical_incident,high,0.550,55,"{rce,vulnerability}",,heuristic,pending,,,,f,2026-09-29 00:16:12.826275+00
990,990,github,4981975271,2026-09-29 00:16:11.975536+00,2026-09-29 00:16:12.826275+00,critical_security_incident,critical_incident,high,0.450,45,"{rce,security,vulnerability}",,heuristic,pending,,,,f,2026-09-29 00:16:12.826275+00
991,991,github,5560546823,2026-09-29 00:16:11.975536+00,2026-09-29 00:16:12.826275+00,general,other,medium,0.300,30,,,heuristic,pending,,,,f,2026-09-29 00:16:12.826275+00
992,992,github,1029741898,2026-09-29 00:16:11.975536+00,2026-09-29 00:16:12.826275+00,critical_security_incident,critical_incident,critical,0.600,60,"{rce,security,vulnerability}",,heuristic,pending,,,,f,2026-09-29 00:16:12.826275+00
993,993,github,1071109211,2026-09-29 00:31:15.032696+00,2026-09-29 00:31:17.520022+00,critical_security_incident,critical_incident,medium,0.300,30,{rce},,heuristic,pending,,,,f,2026-09-29 00:31:17.520022+00
994,994,github,4282633332,2026-09-29 00:31:15.032696+00,2026-09-29 00:31:17.520022+00,critical_security_incident,critical_incident,critical,0.750,75,"{rce,cve-,vulnerability}",,heuristic,pending,,,,f,2026-09-29 00:31:17.520022+00
995,995,github,5623184563,2026-09-29 00:31:15.032696+00,2026-09-29 00:31:17.520022+00,security_threat,security_threat,medium,0.300,30,"{cve-,security}",,heuristic,pending,,,,f,2026-09-29 00:31:17.520022+00
996,996,github,4886075279,2026-09-29 00:31:15.032696+00,2026-09-29 00:31:17.520022+00,critical_security_incident,critical_incident,critical,0.990,100,"{rce,exploit,cve-,attack,vulnerability}",,heuristic,pending,,,,f,2026-09-29 00:31:17.520022+00
997,997,github,4033992082,2026-09-29 00:31:15.032696+00,2026-09-29 00:31:17.520022+00,critical_security_incident,critical_incident,critical,0.990,100,"{rce,exploit,cve-,attack,vulnerability}",,heuristic,pending,,,,f,2026-09-29 00:31:17.520022+00
998,998,github,3993520323,2026-09-29 00:31:15.032696+00,2026-09-29 00:31:17.520022+00,critical_security_incident,critical_incident,critical,0.750,75,"{rce,cve-,vulnerability}",,heuristic,pending,,,,f,2026-09-29 00:31:17.520022+00
999,999,github,3918821535,2026-09-29 00:31:15.032696+00,2026-09-29 00:31:17.520022+00,critical_security_incident,critical_incident,critical,0.750,75,"{rce,cve-,vulnerability}",,heuristic,pending,,,,f,2026-09-29 00:31:17.520022+00
1000,1000,github,982560165,2026-09-29 00:31:15.032696+00,2026-09-29 00:31:17.520022+00,critical_security_incident,critical_incident,high,0.450,45,"{rce,security,vulnerability}",,heuristic,pending,,,,f,2026-09-29 00:31:17.520022+00
1001,1001,github,3072855664,2026-09-29 00:31:15.032696+00,2026-09-29 00:31:17.520022+00,critical_security_incident,critical_incident,high,0.450,45,"{rce,security,vulnerability}",,heuristic,pending,,,,f,2026-09-29 00:31:17.520022+00
1002,1002,github,3955300673,2026-09-29 00:31:15.032696+00,2026-09-29 00:31:17.520022+00,critical_security_incident,critical_incident,critical,0.750,75,"{rce,cve-,vulnerability}",,heuristic,pending,,,,f,2026-09-29 00:31:17.520022+00
1003,1003,github,4661470732,2026-09-29 00:31:15.032696+00,2026-09-29 00:31:17.520022+00,critical_security_incident,critical_incident,medium,0.350,35,"{rce,security}",,heuristic,pending,,,,f,2026-09-29 00:31:17.520022+00
1004,1004,github,3285756181,2026-09-29 00:31:15.032696+00,2026-09-29 00:31:17.520022+00,critical_security_incident,critical_incident,medium,0.300,30,{apt},,heuristic,pending,,,,f,2026-09-29 00:31:17.520022+00
1005,1005,github,5054596220,2026-09-29 00:31:15.032696+00,2026-09-29 00:31:17.520022+00,critical_security_incident,critical_incident,high,0.400,40,"{rce,security}",,heuristic,pending,,,,f,2026-09-29 00:31:17.520022+00
1006,1006,github,982577504,2026-09-29 00:31:15.032696+00,2026-09-29 00:31:17.520022+00,critical_security_incident,critical_incident,high,0.450,45,"{rce,security,vulnerability}",,heuristic,pending,,,,f,2026-09-29 00:31:17.520022+00
1007,1007,github,2858469744,2026-09-29 00:31:15.032696+00,2026-09-29 00:31:17.520022+00,critical_security_incident,critical_incident,medium,0.300,30,{rce},,heuristic,pending,,,,f,2026-09-29 00:31:17.520022+00
1008,1008,github,3770040218,2026-09-29 00:31:15.032696+00,2026-09-29 00:31:17.520022+00,critical_security_incident,critical_incident,high,0.450,45,"{rce,security,vulnerability}",,heuristic,pending,,,,f,2026-09-29 00:31:17.520022+00
1009,1009,github,3696845074,2026-09-29 00:31:15.032696+00,2026-09-29 00:31:17.520022+00,critical_security_incident,critical_incident,critical,0.600,60,"{rce,security,vulnerability}",,heuristic,pending,,,,f,2026-09-29 00:31:17.520022+00
1010,1010,github,1029632457,2026-09-29 00:31:15.032696+00,2026-09-29 00:31:17.520022+00,critical_security_incident,critical_incident,medium,0.300,30,{rce},,heuristic,pending,,,,f,2026-09-29 00:31:17.520022+00
1011,1011,github,1261608098,2026-09-29 00:31:15.032696+00,2026-09-29 00:31:17.520022+00,critical_security_incident,critical_incident,critical,0.950,95,"{rce,exploit,cve-,vulnerability}",,heuristic,pending,,,,f,2026-09-29 00:31:17.520022+00
1012,1012,github,2267104474,2026-09-29 00:31:15.032696+00,2026-09-29 00:31:17.520022+00,critical_security_incident,critical_incident,high,0.450,45,{rce},,heuristic,pending,,,,f,2026-09-29 00:31:17.520022+00
1013,1013,github,5083419428,2026-09-29 00:31:15.032696+00,2026-09-29 00:31:17.520022+00,critical_security_incident,critical_incident,critical,0.600,60,"{rce,security,vulnerability}",,heuristic,pending,,,,f,2026-09-29 00:31:17.520022+00
1014,1014,github,5623136795,2026-09-29 00:31:15.032696+00,2026-09-29 00:31:17.520022+00,general,other,medium,0.200,20,,,heuristic,pending,,,,f,2026-09-29 00:31:17.520022+00
1015,1015,github,1261608010,2026-09-29 00:31:15.032696+00,2026-09-29 00:31:17.520022+00,critical_security_incident,critical_incident,critical,0.950,95,"{rce,exploit,cve-,vulnerability}",,heuristic,pending,,,,f,2026-09-29 00:31:17.520022+00
1016,1016,github,1465654844,2026-09-29 00:31:15.032696+00,2026-09-29 00:31:17.520022+00,critical_security_incident,critical_incident,critical,0.950,95,"{rce,exploit,cve-,vulnerability}",,heuristic,pending,,,,f,2026-09-29 00:31:17.520022+00
1017,1017,github,1261607883,2026-09-29 00:31:15.032696+00,2026-09-29 00:31:17.520022+00,critical_security_incident,critical_incident,critical,0.950,95,"{rce,exploit,cve-,vulnerability}",,heuristic,pending,,,,f,2026-09-29 00:31:17.520022+00
1018,1018,github,1261607805,2026-09-29 00:31:15.032696+00,2026-09-29 00:31:17.520022+00,critical_security_incident,critical_incident,critical,0.950,95,"{rce,exploit,cve-,vulnerability}",,heuristic,pending,,,,f,2026-09-29 00:31:17.520022+00
1019,1019,github,3819713622,2026-09-29 00:31:15.032696+00,2026-09-29 00:31:17.520022+00,critical_security_incident,critical_incident,high,0.450,45,"{rce,security,vulnerability}",,heuristic,pending,,,,f,2026-09-29 00:31:17.520022+00
1020,1020,github,1261607718,2026-09-29 00:31:15.032696+00,2026-09-29 00:31:17.520022+00,critical_security_incident,critical_incident,critical,0.950,95,"{rce,exploit,cve-,vulnerability}",,heuristic,pending,,,,f,2026-09-29 00:31:17.520022+00
1021,1021,github,1455768435,2026-09-29 00:31:15.032696+00,2026-09-29 00:31:17.520022+00,critical_security_incident,critical_incident,critical,0.950,95,"{rce,exploit,cve-,vulnerability}",,heuristic,pending,,,,f,2026-09-29 00:31:17.520022+00
1022,1022,github,1261607471,2026-09-29 00:31:15.032696+00,2026-09-29 00:31:17.520022+00,critical_security_incident,critical_incident,critical,0.950,95,"{rce,exploit,cve-,vulnerability}",,heuristic,pending,,,,f,2026-09-29 00:31:17.520022+00
1023,1023,github,5621402561,2026-09-29 00:31:15.032696+00,2026-09-29 00:31:17.520022+00,security_threat,security_threat,medium,0.350,35,"{exploit,vulnerability}",,heuristic,pending,,,,f,2026-09-29 00:31:17.520022+00
1024,1024,github,1029704385,2026-09-29 00:31:15.032696+00,2026-09-29 00:31:17.520022+00,critical_security_incident,critical_incident,medium,0.300,30,{rce},,heuristic,pending,,,,f,2026-09-29 00:31:17.520022+00
1025,1025,github,1261608055,2026-09-29 00:31:15.032696+00,2026-09-29 00:31:17.520022+00,critical_security_incident,critical_incident,critical,0.950,95,"{rce,exploit,cve-,vulnerability}",,heuristic,pending,,,,f,2026-09-29 00:31:17.520022+00
1026,1026,github,1261607835,2026-09-29 00:31:15.032696+00,2026-09-29 00:31:17.520022+00,critical_security_incident,critical_incident,critical,0.990,100,"{rce,exploit,cve-,attack,vulnerability}",,heuristic,pending,,,,f,2026-09-29 00:31:17.520022+00
1027,1027,github,4902484212,2026-09-29 00:31:15.032696+00,2026-09-29 00:31:17.520022+00,critical_security_incident,critical_incident,critical,0.750,75,"{rce,cve-,vulnerability}",,heuristic,pending,,,,f,2026-09-29 00:31:17.520022+00
1028,1028,github,2403110070,2026-09-29 00:31:15.032696+00,2026-09-29 00:31:17.520022+00,critical_security_incident,critical_incident,medium,0.300,30,{rce},,heuristic,pending,,,,f,2026-09-29 00:31:17.520022+00
1029,1029,github,5621404912,2026-09-29 00:31:15.032696+00,2026-09-29 00:31:17.520022+00,security_threat,security_threat,high,0.400,40,{exploit},,heuristic,pending,,,,f,2026-09-29 00:31:17.520022+00
1030,1030,github,3843004376,2026-09-29 00:31:15.032696+00,2026-09-29 00:31:17.520022+00,critical_security_incident,critical_incident,critical,0.990,100,"{rce,exploit,cve-,attack,threat,vulnerability}",,heuristic,pending,,,,f,2026-09-29 00:31:17.520022+00
1031,1031,github,1307220582,2026-09-29 00:31:15.032696+00,2026-09-29 00:31:17.520022+00,critical_security_incident,critical_incident,critical,0.950,95,"{rce,exploit,cve-,vulnerability}",,heuristic,pending,,,,f,2026-09-29 00:31:17.520022+00
1032,1032,github,4492439368,2026-09-29 00:31:15.032696+00,2026-09-29 00:31:17.520022+00,critical_security_incident,critical_incident,critical,0.750,75,"{rce,cve-,vulnerability}",,heuristic,pending,,,,f,2026-09-29 00:31:17.520022+00
1033,1033,github,2378031624,2026-09-29 00:46:05.624358+00,2026-09-29 00:46:06.870479+00,general,other,medium,0.300,30,{vulnerability},,heuristic,pending,,,,f,2026-09-29 00:46:06.870479+00
1034,1034,github,5592036805,2026-09-29 00:46:05.624358+00,2026-09-29 00:46:06.870479+00,critical_security_incident,critical_incident,critical,0.800,80,"{apt,rce,exploit,security}",,heuristic,pending,,,,f,2026-09-29 00:46:06.870479+00
1035,1035,github,3779810245,2026-09-29 00:46:05.624358+00,2026-09-29 00:46:06.870479+00,critical_security_incident,critical_incident,medium,0.300,30,{rce},,heuristic,pending,,,,f,2026-09-29 00:46:06.870479+00
1036,1036,github,3935297819,2026-09-29 00:46:05.624358+00,2026-09-29 00:46:06.870479+00,critical_security_incident,critical_incident,high,0.450,45,"{rce,security,vulnerability}",,heuristic,pending,,,,f,2026-09-29 00:46:06.870479+00
1037,1037,github,5561717392,2026-09-29 00:46:05.624358+00,2026-09-29 00:46:06.870479+00,critical_security_incident,critical_incident,critical,0.800,80,"{apt,rce,security}",,heuristic,pending,,,,f,2026-09-29 00:46:06.870479+00
1038,1038,github,1870240721,2026-09-29 00:46:05.624358+00,2026-09-29 00:46:06.870479+00,critical_security_incident,critical_incident,critical,0.750,75,"{rce,cve-,vulnerability}",,heuristic,pending,,,,f,2026-09-29 00:46:06.870479+00
1039,1039,github,5362708777,2026-09-29 00:46:05.624358+00,2026-09-29 00:46:06.870479+00,critical_security_incident,critical_incident,high,0.450,45,"{rce,security,vulnerability}",,heuristic,pending,,,,f,2026-09-29 00:46:06.870479+00
1040,1040,github,4488250969,2026-09-29 00:46:05.624358+00,2026-09-29 00:46:06.870479+00,critical_security_incident,critical_incident,medium,0.300,30,{rce},,heuristic,pending,,,,f,2026-09-29 00:46:06.870479+00
1041,1041,github,1870240134,2026-09-29 00:46:05.624358+00,2026-09-29 00:46:06.870479+00,critical_security_incident,critical_incident,critical,0.750,75,"{rce,cve-,vulnerability}",,heuristic,pending,,,,f,2026-09-29 00:46:06.870479+00
1042,1042,github,5232857715,2026-09-29 00:46:05.624358+00,2026-09-29 00:46:06.870479+00,security_threat,security_threat,medium,0.250,25,{exploit},,heuristic,pending,,,,f,2026-09-29 00:46:06.870479+00
1043,1043,github,5605057719,2026-09-29 00:46:05.624358+00,2026-09-29 00:46:06.870479+00,critical_security_incident,critical_incident,critical,0.750,75,"{rce,cve-,vulnerability}",,heuristic,pending,,,,f,2026-09-29 00:46:06.870479+00
1044,1044,github,5605057196,2026-09-29 00:46:05.624358+00,2026-09-29 00:46:06.870479+00,critical_security_incident,critical_incident,critical,0.750,75,"{rce,cve-,vulnerability}",,heuristic,pending,,,,f,2026-09-29 00:46:06.870479+00
1045,1045,github,5585139451,2026-09-29 00:46:05.624358+00,2026-09-29 00:46:06.870479+00,critical_security_incident,critical_incident,critical,0.950,95,"{apt,rce,exploit}",,heuristic,pending,,,,f,2026-09-29 00:46:06.870479+00
1046,1046,github,1382961216,2026-09-29 00:46:05.624358+00,2026-09-29 00:46:06.870479+00,critical_security_incident,critical_incident,medium,0.300,30,{rce},,heuristic,pending,,,,f,2026-09-29 00:46:06.870479+00
1047,1047,github,5597188063,2026-09-29 00:46:05.624358+00,2026-09-29 00:46:06.870479+00,critical_security_incident,critical_incident,critical,0.650,65,"{rce,exploit}",,heuristic,pending,,,,f,2026-09-29 00:46:06.870479+00
1048,1048,github,5605057048,2026-09-29 00:46:05.624358+00,2026-09-29 00:46:06.870479+00,critical_security_incident,critical_incident,critical,0.850,85,"{rce,cve-,attack,vulnerability}",,heuristic,pending,,,,f,2026-09-29 00:46:06.870479+00
1049,1049,github,5597186985,2026-09-29 00:46:05.624358+00,2026-09-29 00:46:06.870479+00,critical_security_incident,critical_incident,critical,0.950,95,"{rce,exploit,cve-,vulnerability}",,heuristic,pending,,,,f,2026-09-29 00:46:06.870479+00
1050,1050,github,5605056889,2026-09-29 00:46:05.624358+00,2026-09-29 00:46:06.870479+00,critical_security_incident,critical_incident,critical,0.750,75,"{rce,cve-,vulnerability}",,heuristic,pending,,,,f,2026-09-29 00:46:06.870479+00
1051,1051,github,3728316937,2026-09-29 00:46:05.624358+00,2026-09-29 00:46:06.870479+00,critical_security_incident,critical_incident,medium,0.300,30,{rce},,heuristic,pending,,,,f,2026-09-29 00:46:06.870479+00
1052,1052,github,5449964959,2026-09-29 00:46:05.624358+00,2026-09-29 00:46:06.870479+00,critical_security_incident,critical_incident,critical,0.750,75,"{rce,cve-,vulnerability}",,heuristic,pending,,,,f,2026-09-29 00:46:06.870479+00
1053,1053,github,5582174665,2026-09-29 00:46:05.624358+00,2026-09-29 00:46:06.870479+00,general,other,medium,0.250,25,{security},,heuristic,pending,,,,f,2026-09-29 00:46:06.870479+00
1054,1054,github,5621098135,2026-09-29 00:46:05.624358+00,2026-09-29 00:46:06.870479+00,critical_security_incident,critical_incident,high,0.400,40,"{rce,vulnerability}",,heuristic,pending,,,,f,2026-09-29 00:46:06.870479+00
1055,1055,github,5324215723,2026-09-29 00:46:05.624358+00,2026-09-29 00:46:06.870479+00,critical_security_incident,critical_incident,critical,0.750,75,"{rce,cve-,vulnerability}",,heuristic,pending,,,,f,2026-09-29 00:46:06.870479+00
1056,1056,github,5246822874,2026-09-29 00:46:05.624358+00,2026-09-29 00:46:06.870479+00,critical_security_incident,critical_incident,critical,0.750,75,"{rce,cve-,vulnerability}",,heuristic,pending,,,,f,2026-09-29 00:46:06.870479+00
1057,1057,github,5623298447,2026-09-29 00:46:05.624358+00,2026-09-29 00:46:06.870479+00,security_threat,security_threat,medium,0.250,25,{malware},,heuristic,pending,,,,f,2026-09-29 00:46:06.870479+00
1058,1058,github,5605057368,2026-09-29 00:46:05.624358+00,2026-09-29 00:46:06.870479+00,critical_security_incident,critical_incident,critical,0.990,100,"{rce,exploit,cve-,attack,security,vulnerability}",,heuristic,pending,,,,f,2026-09-29 00:46:06.870479+00
1059,1059,github,4732374316,2026-09-29 00:46:05.624358+00,2026-09-29 00:46:06.870479+00,critical_security_incident,critical_incident,critical,0.750,75,"{rce,cve-,vulnerability}",,heuristic,pending,,,,f,2026-09-29 00:46:06.870479+00
1060,1060,github,5312059648,2026-09-29 00:46:05.624358+00,2026-09-29 00:46:06.870479+00,critical_security_incident,critical_incident,critical,0.750,75,"{rce,cve-,vulnerability}",,heuristic,pending,,,,f,2026-09-29 00:46:06.870479+00
1061,1061,github,4446335312,2026-09-29 00:46:05.624358+00,2026-09-29 00:46:06.870479+00,critical_security_incident,critical_incident,critical,0.750,75,"{rce,cve-,vulnerability}",,heuristic,pending,,,,f,2026-09-29 00:46:06.870479+00
1062,1062,github,1065308960,2026-09-29 00:46:05.624358+00,2026-09-29 00:46:06.870479+00,critical_security_incident,critical_incident,medium,0.300,30,{rce},,heuristic,pending,,,,f,2026-09-29 00:46:06.870479+00
1063,1063,github,4446335120,2026-09-29 00:46:05.624358+00,2026-09-29 00:46:06.870479+00,critical_security_incident,critical_incident,critical,0.750,75,"{rce,cve-,vulnerability}",,heuristic,pending,,,,f,2026-09-29 00:46:06.870479+00
1064,1064,github,1382229076,2026-09-29 00:46:05.624358+00,2026-09-29 00:46:06.870479+00,critical_security_incident,critical_incident,medium,0.300,30,{rce},,heuristic,pending,,,,f,2026-09-29 00:46:06.870479+00
1065,1065,github,2958848062,2026-09-29 00:46:05.624358+00,2026-09-29 00:46:06.870479+00,critical_security_incident,critical_incident,critical,0.750,75,"{rce,cve-,vulnerability}",,heuristic,pending,,,,f,2026-09-29 00:46:06.870479+00
1066,1066,github,5596655546,2026-09-29 00:46:05.624358+00,2026-09-29 00:46:06.870479+00,security_threat,security_threat,medium,0.250,25,{cve-},,heuristic,pending,,,,f,2026-09-29 00:46:06.870479+00
1067,1067,github,1182291090,2026-09-29 00:46:05.624358+00,2026-09-29 00:46:06.870479+00,critical_security_incident,critical_incident,medium,0.300,30,{rce},,heuristic,pending,,,,f,2026-09-29 00:46:06.870479+00
1068,1068,github,1111770000,2026-09-29 00:46:05.624358+00,2026-09-29 00:46:06.870479+00,critical_security_incident,critical_incident,high,0.450,45,"{rce,security,vulnerability}",,heuristic,pending,,,,f,2026-09-29 00:46:06.870479+00
1069,1069,github,5483989582,2026-09-29 00:46:05.624358+00,2026-09-29 00:46:06.870479+00,critical_security_incident,critical_incident,medium,0.300,30,{rce},,heuristic,pending,,,,f,2026-09-29 00:46:06.870479+00
1070,1070,github,5261240491,2026-09-29 00:46:05.624358+00,2026-09-29 00:46:06.870479+00,critical_security_incident,critical_incident,high,0.500,50,{rce},,heuristic,pending,,,,f,2026-09-29 00:46:06.870479+00
1071,1071,github,4907094786,2026-09-29 00:46:05.624358+00,2026-09-29 00:46:06.870479+00,critical_security_incident,critical_incident,critical,0.600,60,"{rce,security,vulnerability}",,heuristic,pending,,,,f,2026-09-29 00:46:06.870479+00
1072,1072,github,1054411072,2026-09-29 00:46:05.624358+00,2026-09-29 00:46:06.870479+00,critical_security_incident,critical_incident,medium,0.300,30,{rce},,heuristic,pending,,,,f,2026-09-29 00:46:06.870479+00
1073,1073,github,1388588657,2026-09-29 00:46:05.624358+00,2026-09-29 00:46:06.870479+00,critical_security_incident,critical_incident,high,0.450,45,"{rce,security,vulnerability}",,heuristic,pending,,,,f,2026-09-29 00:46:06.870479+00
1074,1074,github,5617816796,2026-09-29 00:46:05.624358+00,2026-09-29 00:46:06.870479+00,critical_security_incident,critical_incident,high,0.400,40,"{rce,vulnerability}",,heuristic,pending,,,,f,2026-09-29 00:46:06.870479+00
1075,1075,github,5341355626,2026-09-29 00:46:05.624358+00,2026-09-29 00:46:06.870479+00,critical_security_incident,critical_incident,critical,0.750,75,"{apt,rce}",,heuristic,pending,,,,f,2026-09-29 00:46:06.870479+00
1076,1076,github,5471833400,2026-09-29 00:46:05.624358+00,2026-09-29 00:46:06.870479+00,critical_security_incident,critical_incident,high,0.550,55,{rce},,heuristic,pending,,,,f,2026-09-29 00:46:06.870479+00
1077,1077,github,2061110239,2026-09-29 00:46:05.624358+00,2026-09-29 00:46:06.870479+00,critical_security_incident,critical_incident,high,0.450,45,"{rce,security,vulnerability}",,heuristic,pending,,,,f,2026-09-29 00:46:06.870479+00
1078,1078,hackernews,49886609,2026-09-29 01:01:00.551728+00,2026-09-29 01:01:02.020198+00,critical_security_incident,critical_incident,medium,0.350,35,"{rce,security}",,heuristic,pending,,,,f,2026-09-29 01:01:02.020198+00
1079,1079,github,1559460803,2026-09-29 01:01:00.551728+00,2026-09-29 01:01:02.020198+00,critical_security_incident,critical_incident,medium,0.300,30,{rce},,heuristic,pending,,,,f,2026-09-29 01:01:02.020198+00
1080,1080,github,4221355072,2026-09-29 01:01:00.551728+00,2026-09-29 01:01:02.020198+00,critical_security_incident,critical_incident,high,0.400,40,"{rce,vulnerability}",,heuristic,reviewing,admin,2026-09-29 01:07:23.264611+00,,f,2026-09-29 01:07:23.255379+00
1081,1081,github,3048832380,2026-09-29 01:01:00.551728+00,2026-09-29 01:01:02.020198+00,security_threat,malware,high,0.450,45,"{rce,security,vulnerability}",,heuristic,confirmed,admin,2026-09-29 01:08:39.793111+00,completed,f,2026-09-29 01:08:39.79157+00
1082,1082,github,4344307273,2026-09-29 01:01:00.551728+00,2026-09-29 01:01:02.020198+00,general,other,high,0.550,55,"{attack,security,vulnerability,""denial of service""}",,heuristic,reviewing,admin,2026-09-29 01:07:26.072195+00,,f,2026-09-29 01:07:26.069762+00
1083,1083,github,5623417401,2026-09-29 01:01:00.551728+00,2026-09-29 01:01:02.020198+00,critical_security_incident,critical_incident,high,0.450,45,{rce},,heuristic,reviewing,admin,2026-09-29 01:07:26.805383+00,,f,2026-09-29 01:07:26.803873+00
1084,1084,github,3094182301,2026-09-29 01:01:00.551728+00,2026-09-29 01:01:02.020198+00,critical_security_incident,critical_incident,medium,0.300,30,{rce},,heuristic,pending,,,,f,2026-09-29 01:01:02.020198+00
1085,1085,github,3928687999,2026-09-29 01:01:00.551728+00,2026-09-29 01:01:02.020198+00,critical_security_incident,critical_incident,medium,0.350,35,"{rce,security}",,heuristic,pending,,,,f,2026-09-29 01:01:02.020198+00
1086,1086,github,4777102840,2026-09-29 01:01:00.551728+00,2026-09-29 01:01:02.020198+00,critical_security_incident,critical_incident,high,0.450,45,"{rce,security,vulnerability}",,heuristic,reviewing,admin,2026-09-29 01:07:27.413413+00,,f,2026-09-29 01:07:27.410785+00
1087,1087,github,4036252926,2026-09-29 01:01:00.551728+00,2026-09-29 01:01:02.020198+00,critical_security_incident,critical_incident,medium,0.350,35,"{rce,security}",,heuristic,pending,,,,f,2026-09-29 01:01:02.020198+00
1088,1088,github,2873378813,2026-09-29 01:01:00.551728+00,2026-09-29 01:01:02.020198+00,critical_security_incident,critical_incident,critical,0.750,75,"{rce,cve-,vulnerability}",,heuristic,reviewing,admin,2026-09-29 01:07:27.888822+00,,f,2026-09-29 01:07:27.885889+00
1089,1089,github,978704829,2026-09-29 01:01:00.551728+00,2026-09-29 01:01:02.020198+00,critical_security_incident,critical_incident,high,0.450,45,"{rce,security,vulnerability}",,heuristic,reviewing,admin,2026-09-29 01:07:28.357716+00,,f,2026-09-29 01:07:28.355862+00
1090,1090,github,2873378806,2026-09-29 01:01:00.551728+00,2026-09-29 01:01:02.020198+00,critical_security_incident,critical_incident,critical,0.750,75,"{rce,cve-,vulnerability}",,heuristic,reviewing,admin,2026-09-29 01:07:28.577972+00,,f,2026-09-29 01:07:28.575535+00
1091,1091,github,4732396224,2026-09-29 01:01:00.551728+00,2026-09-29 01:01:02.020198+00,critical_security_incident,critical_incident,critical,0.750,75,"{rce,cve-,vulnerability}",,heuristic,reviewing,admin,2026-09-29 01:07:28.785481+00,,f,2026-09-29 01:07:28.781146+00
1092,1092,github,1505549337,2026-09-29 01:01:00.551728+00,2026-09-29 01:01:02.020198+00,critical_security_incident,critical_incident,critical,0.750,75,"{rce,cve-,vulnerability}",,heuristic,reviewing,admin,2026-09-29 01:07:28.951675+00,,f,2026-09-29 01:07:28.949526+00
1093,1093,github,1782473663,2026-09-29 01:01:00.551728+00,2026-09-29 01:01:02.020198+00,general,other,low,0.050,5,,,heuristic,pending,,,,f,2026-09-29 01:01:02.020198+00
1094,1094,github,1215176831,2026-09-29 01:01:00.551728+00,2026-09-29 01:01:02.020198+00,critical_security_incident,critical_incident,high,0.450,45,{rce},,heuristic,reviewing,admin,2026-09-29 01:07:29.261877+00,,f,2026-09-29 01:07:29.259825+00
1095,1095,github,2873378762,2026-09-29 01:01:00.551728+00,2026-09-29 01:01:02.020198+00,critical_security_incident,critical_incident,critical,0.750,75,"{rce,cve-,vulnerability}",,heuristic,reviewing,admin,2026-09-29 01:07:29.839317+00,,f,2026-09-29 01:07:29.837758+00
1096,1096,github,1354464608,2026-09-29 01:01:00.551728+00,2026-09-29 01:01:02.020198+00,general,other,low,0.100,10,{security},,heuristic,pending,,,,f,2026-09-29 01:01:02.020198+00
1097,1097,github,3120771396,2026-09-29 01:01:00.551728+00,2026-09-29 01:01:02.020198+00,general,other,medium,0.250,25,{security},,heuristic,pending,,,,f,2026-09-29 01:01:02.020198+00
1098,1098,github,5594065632,2026-09-29 01:01:00.551728+00,2026-09-29 01:01:02.020198+00,critical_security_incident,critical_incident,high,0.550,55,"{apt,rce}",,heuristic,reviewing,admin,2026-09-29 01:07:30.175834+00,,f,2026-09-29 01:07:30.172936+00
1099,1099,github,3542152091,2026-09-29 01:01:00.551728+00,2026-09-29 01:01:02.020198+00,critical_security_incident,critical_incident,critical,0.600,60,"{rce,security,vulnerability}",,heuristic,pending,,,,f,2026-09-29 01:01:02.020198+00
1100,1100,github,5623400327,2026-09-29 01:01:00.551728+00,2026-09-29 01:01:02.020198+00,critical_security_incident,critical_incident,medium,0.350,35,"{rce,security}",,heuristic,pending,,,,f,2026-09-29 01:01:02.020198+00
1101,1101,github,5623412640,2026-09-29 01:01:00.551728+00,2026-09-29 01:01:02.020198+00,critical_security_incident,critical_incident,high,0.450,45,"{rce,security,vulnerability}",,heuristic,pending,,,,f,2026-09-29 01:01:02.020198+00
1102,1102,github,5610897122,2026-09-29 01:01:00.551728+00,2026-09-29 01:01:02.020198+00,critical_security_incident,critical_incident,critical,0.650,65,"{rce,exploit,attack,security}",,heuristic,pending,,,,f,2026-09-29 01:01:02.020198+00
1103,1103,github,3902047525,2026-09-29 01:01:00.551728+00,2026-09-29 01:01:02.020198+00,critical_security_incident,critical_incident,critical,0.600,60,"{rce,security,vulnerability}",,heuristic,pending,,,,f,2026-09-29 01:01:02.020198+00
1104,1104,github,5623393284,2026-09-29 01:01:00.551728+00,2026-09-29 01:01:02.020198+00,general,other,medium,0.200,20,,,heuristic,pending,,,,f,2026-09-29 01:01:02.020198+00
1105,1105,github,5623306061,2026-09-29 01:01:00.551728+00,2026-09-29 01:01:02.020198+00,security_threat,security_threat,critical,0.650,65,"{exploit,""privilege escalation"",security}",,heuristic,pending,,,,f,2026-09-29 01:01:02.020198+00
1106,1106,github,5623316624,2026-09-29 01:01:00.551728+00,2026-09-29 01:01:02.020198+00,general,other,medium,0.200,20,,,heuristic,pending,,,,f,2026-09-29 01:01:02.020198+00
1107,1107,github,5466402477,2026-09-29 01:01:00.551728+00,2026-09-29 01:01:02.020198+00,general,other,medium,0.350,35,{vulnerability},,heuristic,pending,,,,f,2026-09-29 01:01:02.020198+00
1108,1108,github,2836519679,2026-09-29 01:01:00.551728+00,2026-09-29 01:01:02.020198+00,critical_security_incident,critical_incident,high,0.550,55,"{rce,vulnerability}",,heuristic,pending,,,,f,2026-09-29 01:01:02.020198+00
1109,1109,github,5612939836,2026-09-29 01:01:00.551728+00,2026-09-29 01:01:02.020198+00,critical_security_incident,critical_incident,critical,0.990,100,"{apt,rce,exploit,attack,security}",,heuristic,pending,,,,f,2026-09-29 01:01:02.020198+00
1110,1110,github,2377745558,2026-09-29 01:01:00.551728+00,2026-09-29 01:01:02.020198+00,critical_security_incident,critical_incident,high,0.400,40,"{rce,vulnerability}",,heuristic,pending,,,,f,2026-09-29 01:01:02.020198+00
1111,1111,github,5618682480,2026-09-29 01:01:00.551728+00,2026-09-29 01:01:02.020198+00,security_threat,security_threat,medium,0.250,25,{malware},,heuristic,pending,,,,f,2026-09-29 01:01:02.020198+00
1112,1112,github,5614238158,2026-09-29 01:01:00.551728+00,2026-09-29 01:01:02.020198+00,critical_security_incident,critical_incident,critical,0.850,85,"{apt,rce,attack,security}",,heuristic,pending,,,,f,2026-09-29 01:01:02.020198+00
1113,1113,github,5623406190,2026-09-29 01:01:00.551728+00,2026-09-29 01:01:02.020198+00,critical_security_incident,critical_incident,critical,0.990,100,"{rce,exploit,cve-,attack,security,vulnerability}",,heuristic,pending,,,,f,2026-09-29 01:01:02.020198+00
1114,1114,github,2550824730,2026-09-29 01:01:00.551728+00,2026-09-29 01:01:02.020198+00,critical_security_incident,critical_incident,high,0.450,45,{rce},,heuristic,pending,,,,f,2026-09-29 01:01:02.020198+00
1115,1115,github,4346372334,2026-09-29 01:01:00.551728+00,2026-09-29 01:01:02.020198+00,critical_security_incident,critical_incident,high,0.450,45,{rce},,heuristic,pending,,,,f,2026-09-29 01:01:02.020198+00
1116,1116,github,5614238743,2026-09-29 01:01:00.551728+00,2026-09-29 01:01:02.020198+00,critical_security_incident,critical_incident,critical,0.990,100,"{apt,rce,exploit,attack,security}",,heuristic,pending,,,,f,2026-09-29 01:01:02.020198+00
1117,1117,github,4897258323,2026-09-29 01:01:00.551728+00,2026-09-29 01:01:02.020198+00,critical_security_incident,critical_incident,medium,0.300,30,{rce},,heuristic,pending,,,,f,2026-09-29 01:01:02.020198+00
1118,1118,github,5563542698,2026-09-29 01:01:00.551728+00,2026-09-29 01:01:02.020198+00,critical_security_incident,critical_incident,high,0.400,40,"{rce,security}",,heuristic,pending,,,,f,2026-09-29 01:01:02.020198+00
1119,1119,github,5463246534,2026-09-29 01:15:57.672891+00,2026-09-29 01:15:59.240134+00,critical_security_incident,critical_incident,high,0.550,55,"{rce,exploit}",,heuristic,pending,,,,f,2026-09-29 01:15:59.240134+00
1120,1120,github,2584677277,2026-09-29 01:15:57.672891+00,2026-09-29 01:15:59.240134+00,critical_security_incident,critical_incident,high,0.450,45,{rce},,heuristic,pending,,,,f,2026-09-29 01:15:59.240134+00
1121,1121,github,2441127032,2026-09-29 01:15:57.672891+00,2026-09-29 01:15:59.240134+00,critical_security_incident,critical_incident,medium,0.300,30,{rce},,heuristic,pending,,,,f,2026-09-29 01:15:59.240134+00
1122,1122,github,3790907105,2026-09-29 01:15:57.672891+00,2026-09-29 01:15:59.240134+00,critical_security_incident,critical_incident,high,0.450,45,{rce},,heuristic,pending,,,,f,2026-09-29 01:15:59.240134+00
1123,1123,github,3687841428,2026-09-29 01:15:57.672891+00,2026-09-29 01:15:59.240134+00,critical_security_incident,critical_incident,high,0.400,40,"{rce,vulnerability}",,heuristic,pending,,,,f,2026-09-29 01:15:59.240134+00
1124,1124,github,3429419282,2026-09-29 01:15:57.672891+00,2026-09-29 01:15:59.240134+00,critical_security_incident,critical_incident,critical,0.600,60,"{rce,security,vulnerability}",,heuristic,pending,,,,f,2026-09-29 01:15:59.240134+00
1125,1125,github,2641798335,2026-09-29 01:15:57.672891+00,2026-09-29 01:15:59.240134+00,critical_security_incident,critical_incident,high,0.500,50,"{rce,security}",,heuristic,pending,,,,f,2026-09-29 01:15:59.240134+00
1126,1126,github,5500141422,2026-09-29 01:15:57.672891+00,2026-09-29 01:15:59.240134+00,critical_security_incident,critical_incident,high,0.500,50,{rce},,heuristic,pending,,,,f,2026-09-29 01:15:59.240134+00
1127,1127,github,5622103933,2026-09-29 01:15:57.672891+00,2026-09-29 01:15:59.240134+00,critical_security_incident,critical_incident,medium,0.350,35,"{rce,security}",,heuristic,pending,,,,f,2026-09-29 01:15:59.240134+00
1128,1128,github,4823059411,2026-09-29 01:15:57.672891+00,2026-09-29 01:15:59.240134+00,critical_security_incident,critical_incident,medium,0.300,30,{rce},,heuristic,pending,,,,f,2026-09-29 01:15:59.240134+00
1129,1129,github,2143467431,2026-09-29 01:15:57.672891+00,2026-09-29 01:15:59.240134+00,critical_security_incident,critical_incident,high,0.450,45,"{rce,security,vulnerability}",,heuristic,pending,,,,f,2026-09-29 01:15:59.240134+00
1130,1130,github,5607266772,2026-09-29 01:15:57.672891+00,2026-09-29 01:15:59.240134+00,critical_security_incident,critical_incident,critical,0.650,65,"{rce,exploit,attack,security}",,heuristic,pending,,,,f,2026-09-29 01:15:59.240134+00
1131,1131,github,4138640858,2026-09-29 01:15:57.672891+00,2026-09-29 01:15:59.240134+00,security_threat,security_threat,medium,0.250,25,{cve-},,heuristic,pending,,,,f,2026-09-29 01:15:59.240134+00
1132,1132,github,3834457018,2026-09-29 01:15:57.672891+00,2026-09-29 01:15:59.240134+00,critical_security_incident,critical_incident,high,0.450,45,{rce},,heuristic,pending,,,,f,2026-09-29 01:15:59.240134+00
1133,1133,github,5427319899,2026-09-29 01:15:57.672891+00,2026-09-29 01:15:59.240134+00,general,other,medium,0.250,25,{security},,heuristic,pending,,,,f,2026-09-29 01:15:59.240134+00
1134,1134,github,5618965402,2026-09-29 01:15:57.672891+00,2026-09-29 01:15:59.240134+00,critical_security_incident,critical_incident,high,0.450,45,{rce},,heuristic,pending,,,,f,2026-09-29 01:15:59.240134+00
1135,1135,github,5368015547,2026-09-29 01:15:57.672891+00,2026-09-29 01:15:59.240134+00,critical_security_incident,critical_incident,critical,0.800,80,"{rce,exploit,security,incident}",,heuristic,pending,,,,f,2026-09-29 01:15:59.240134+00
1136,1136,github,5532806165,2026-09-29 01:15:57.672891+00,2026-09-29 01:15:59.240134+00,security_threat,security_threat,high,0.400,40,{exploit},,heuristic,pending,,,,f,2026-09-29 01:15:59.240134+00
1137,1137,github,5623510462,2026-09-29 01:15:57.672891+00,2026-09-29 01:15:59.240134+00,critical_security_incident,critical_incident,critical,0.850,85,"{""data breach"",rce,hacked,security}",,heuristic,pending,,,,f,2026-09-29 01:15:59.240134+00
1138,1138,github,3768404420,2026-09-29 01:15:57.672891+00,2026-09-29 01:15:59.240134+00,critical_security_incident,critical_incident,high,0.400,40,"{rce,vulnerability}",,heuristic,pending,,,,f,2026-09-29 01:15:59.240134+00
1139,1139,github,5623531467,2026-09-29 01:15:57.672891+00,2026-09-29 01:15:59.240134+00,critical_security_incident,critical_incident,high,0.500,50,"{rce,exploit}",,heuristic,pending,,,,f,2026-09-29 01:15:59.240134+00
1140,1140,github,1738321257,2026-09-29 01:15:57.672891+00,2026-09-29 01:15:59.240134+00,critical_security_incident,critical_incident,high,0.450,45,{rce},,heuristic,pending,,,,f,2026-09-29 01:15:59.240134+00
1141,1141,github,4144012114,2026-09-29 01:15:57.672891+00,2026-09-29 01:15:59.240134+00,critical_security_incident,critical_incident,high,0.450,45,{rce},,heuristic,pending,,,,f,2026-09-29 01:15:59.240134+00
1142,1142,github,3385532761,2026-09-29 01:15:57.672891+00,2026-09-29 01:15:59.240134+00,critical_security_incident,critical_incident,medium,0.300,30,{rce},,heuristic,pending,,,,f,2026-09-29 01:15:59.240134+00
1143,1143,github,5266059412,2026-09-29 01:15:57.672891+00,2026-09-29 01:15:59.240134+00,critical_security_incident,critical_incident,medium,0.350,35,"{rce,security}",,heuristic,pending,,,,f,2026-09-29 01:15:59.240134+00
1144,1144,github,5226068632,2026-09-29 01:15:57.672891+00,2026-09-29 01:15:59.240134+00,general,other,low,0.050,5,,,heuristic,pending,,,,f,2026-09-29 01:15:59.240134+00
1145,1145,github,4324740522,2026-09-29 01:15:57.672891+00,2026-09-29 01:15:59.240134+00,critical_security_incident,critical_incident,medium,0.300,30,{rce},,heuristic,pending,,,,f,2026-09-29 01:15:59.240134+00
1146,1146,github,5607749595,2026-09-29 01:15:57.672891+00,2026-09-29 01:15:59.240134+00,security_threat,security_threat,medium,0.300,30,"{malware,security}",,heuristic,pending,,,,f,2026-09-29 01:15:59.240134+00
1147,1147,github,1517663952,2026-09-29 01:15:57.672891+00,2026-09-29 01:15:59.240134+00,critical_security_incident,critical_incident,high,0.450,45,{rce},,heuristic,pending,,,,f,2026-09-29 01:15:59.240134+00
1148,1148,github,5615367904,2026-09-29 01:15:57.672891+00,2026-09-29 01:15:59.240134+00,critical_security_incident,critical_incident,high,0.550,55,"{rce,exploit,security}",,heuristic,pending,,,,f,2026-09-29 01:15:59.240134+00
1149,1149,github,5055652647,2026-09-29 01:15:57.672891+00,2026-09-29 01:15:59.240134+00,critical_security_incident,critical_incident,critical,0.750,75,"{apt,rce}",,heuristic,pending,,,,f,2026-09-29 01:15:59.240134+00
1150,1150,github,5611852891,2026-09-29 01:15:57.672891+00,2026-09-29 01:15:59.240134+00,security_threat,security_threat,medium,0.350,35,"{exploit,security}",,heuristic,pending,,,,f,2026-09-29 01:15:59.240134+00
1151,1151,github,2097543785,2026-09-29 01:15:57.672891+00,2026-09-29 01:15:59.240134+00,critical_security_incident,critical_incident,high,0.450,45,"{rce,security,vulnerability}",,heuristic,pending,,,,f,2026-09-29 01:15:59.240134+00
1152,1152,github,5520806063,2026-09-29 01:15:57.672891+00,2026-09-29 01:15:59.240134+00,critical_security_incident,critical_incident,critical,0.650,65,"{apt,rce}",,heuristic,pending,,,,f,2026-09-29 01:15:59.240134+00
1153,1153,github,569663864,2026-09-29 01:15:57.672891+00,2026-09-29 01:15:59.240134+00,critical_security_incident,critical_incident,high,0.450,45,"{rce,security,vulnerability}",,heuristic,pending,,,,f,2026-09-29 01:15:59.240134+00
1154,1154,github,5560995038,2026-09-29 01:15:57.672891+00,2026-09-29 01:15:59.240134+00,general,other,low,0.100,10,{security},,heuristic,pending,,,,f,2026-09-29 01:15:59.240134+00
1155,1155,github,5525040669,2026-09-29 01:15:57.672891+00,2026-09-29 01:15:59.240134+00,general,other,low,0.150,15,,,heuristic,pending,,,,f,2026-09-29 01:15:59.240134+00
1156,1156,github,2933501188,2026-09-29 01:15:57.672891+00,2026-09-29 01:15:59.240134+00,critical_security_incident,critical_incident,critical,0.700,70,"{apt,rce}",,heuristic,pending,,,,f,2026-09-29 01:15:59.240134+00
1157,1157,github,5602662380,2026-09-29 01:15:57.672891+00,2026-09-29 01:15:59.240134+00,general,other,low,0.150,15,,,heuristic,pending,,,,f,2026-09-29 01:15:59.240134+00
1159,1158,github,3809563557,2026-09-29 01:36:58.013436+00,2026-09-29 01:36:59.322755+00,critical_security_incident,critical_incident,high,0.400,40,"{rce,vulnerability}",,heuristic,pending,,,,f,2026-09-29 01:36:59.322755+00
1160,1159,github,5607854310,2026-09-29 01:36:58.013436+00,2026-09-29 01:36:59.322755+00,security_threat,security_threat,high,0.500,50,"{cve-,vulnerability}",,heuristic,pending,,,,f,2026-09-29 01:36:59.322755+00
1161,1160,github,3236540341,2026-09-29 01:36:58.013436+00,2026-09-29 01:36:59.322755+00,critical_security_incident,critical_incident,critical,0.600,60,"{rce,security,vulnerability}",,heuristic,pending,,,,f,2026-09-29 01:36:59.322755+00
1162,1161,github,3684649510,2026-09-29 01:36:58.013436+00,2026-09-29 01:36:59.322755+00,critical_security_incident,critical_incident,high,0.450,45,"{rce,security,vulnerability}",,heuristic,pending,,,,f,2026-09-29 01:36:59.322755+00
1163,1162,github,5623716367,2026-09-29 01:36:58.013436+00,2026-09-29 01:36:59.322755+00,critical_security_incident,critical_incident,high,0.550,55,"{rce,exploit,security}",,heuristic,pending,,,,f,2026-09-29 01:36:59.322755+00
1164,1163,github,5547855194,2026-09-29 01:36:58.013436+00,2026-09-29 01:36:59.322755+00,critical_security_incident,critical_incident,medium,0.350,35,{apt},,heuristic,pending,,,,f,2026-09-29 01:36:59.322755+00
1165,1164,github,3308526139,2026-09-29 01:36:58.013436+00,2026-09-29 01:36:59.322755+00,critical_security_incident,critical_incident,critical,0.700,70,"{apt,rce,security,vulnerability}",,heuristic,pending,,,,f,2026-09-29 01:36:59.322755+00
1166,1165,github,1797699905,2026-09-29 01:36:58.013436+00,2026-09-29 01:36:59.322755+00,critical_security_incident,critical_incident,medium,0.300,30,{rce},,heuristic,pending,,,,f,2026-09-29 01:36:59.322755+00
1167,1166,github,5590586553,2026-09-29 01:36:58.013436+00,2026-09-29 01:36:59.322755+00,critical_security_incident,critical_incident,critical,0.600,60,"{rce,exploit,attack}",,heuristic,pending,,,,f,2026-09-29 01:36:59.322755+00
1168,1167,github,5623711475,2026-09-29 01:36:58.013436+00,2026-09-29 01:36:59.322755+00,critical_security_incident,critical_incident,high,0.500,50,"{rce,security}",,heuristic,pending,,,,f,2026-09-29 01:36:59.322755+00
1169,1168,github,3952829536,2026-09-29 01:36:58.013436+00,2026-09-29 01:36:59.322755+00,critical_security_incident,critical_incident,high,0.450,45,{rce},,heuristic,pending,,,,f,2026-09-29 01:36:59.322755+00
1170,1169,github,3751034003,2026-09-29 01:36:58.013436+00,2026-09-29 01:36:59.322755+00,critical_security_incident,critical_incident,high,0.450,45,{rce},,heuristic,pending,,,,f,2026-09-29 01:36:59.322755+00
1171,1170,github,2132416661,2026-09-29 01:36:58.013436+00,2026-09-29 01:36:59.322755+00,critical_security_incident,critical_incident,medium,0.300,30,{rce},,heuristic,pending,,,,f,2026-09-29 01:36:59.322755+00
1172,1171,github,2164009823,2026-09-29 01:36:58.013436+00,2026-09-29 01:36:59.322755+00,critical_security_incident,critical_incident,critical,0.600,60,"{rce,security,vulnerability}",,heuristic,pending,,,,f,2026-09-29 01:36:59.322755+00
1173,1172,github,5601105179,2026-09-29 01:36:58.013436+00,2026-09-29 01:36:59.322755+00,security_threat,security_threat,medium,0.350,35,"{exploit,security}",,heuristic,pending,,,,f,2026-09-29 01:36:59.322755+00
1174,1173,github,5081539814,2026-09-29 01:36:58.013436+00,2026-09-29 01:36:59.322755+00,critical_security_incident,critical_incident,high,0.550,55,"{rce,exploit}",,heuristic,pending,,,,f,2026-09-29 01:36:59.322755+00
1175,1174,github,5589908021,2026-09-29 01:36:58.013436+00,2026-09-29 01:36:59.322755+00,critical_security_incident,critical_incident,critical,0.700,70,"{rce,""remote code execution"",attack}",,heuristic,pending,,,,f,2026-09-29 01:36:59.322755+00
1176,1175,github,3484996974,2026-09-29 01:36:58.013436+00,2026-09-29 01:36:59.322755+00,critical_security_incident,critical_incident,high,0.450,45,"{rce,security,vulnerability}",,heuristic,pending,,,,f,2026-09-29 01:36:59.322755+00
1177,1176,github,982561162,2026-09-29 01:36:58.013436+00,2026-09-29 01:36:59.322755+00,critical_security_incident,critical_incident,high,0.450,45,"{rce,security,vulnerability}",,heuristic,pending,,,,f,2026-09-29 01:36:59.322755+00
1178,1177,github,5369482080,2026-09-29 01:36:58.013436+00,2026-09-29 01:36:59.322755+00,critical_security_incident,critical_incident,critical,0.700,70,"{rce,security,incident,vulnerability}",,heuristic,pending,,,,f,2026-09-29 01:36:59.322755+00
1179,1178,github,5511257362,2026-09-29 01:36:58.013436+00,2026-09-29 01:36:59.322755+00,critical_security_incident,critical_incident,critical,0.650,65,{rce},,heuristic,pending,,,,f,2026-09-29 01:36:59.322755+00
1180,1179,github,5104299273,2026-09-29 01:36:58.013436+00,2026-09-29 01:36:59.322755+00,critical_security_incident,critical_incident,high,0.450,45,"{rce,security,vulnerability}",,heuristic,pending,,,,f,2026-09-29 01:36:59.322755+00
1181,1180,github,3037645901,2026-09-29 01:36:58.013436+00,2026-09-29 01:36:59.322755+00,critical_security_incident,critical_incident,high,0.450,45,"{rce,security,vulnerability}",,heuristic,pending,,,,f,2026-09-29 01:36:59.322755+00
1182,1181,github,4672612740,2026-09-29 01:36:58.013436+00,2026-09-29 01:36:59.322755+00,critical_security_incident,critical_incident,high,0.500,50,"{rce,security}",,heuristic,pending,,,,f,2026-09-29 01:36:59.322755+00
1183,1182,github,5623211558,2026-09-29 01:36:58.013436+00,2026-09-29 01:36:59.322755+00,security_threat,security_threat,high,0.400,40,{exploit},,heuristic,pending,,,,f,2026-09-29 01:36:59.322755+00
1184,1183,github,5623209642,2026-09-29 01:36:58.013436+00,2026-09-29 01:36:59.322755+00,critical_security_incident,critical_incident,critical,0.650,65,"{rce,exploit}",,heuristic,pending,,,,f,2026-09-29 01:36:59.322755+00
1185,1184,github,5623207239,2026-09-29 01:36:58.013436+00,2026-09-29 01:36:59.322755+00,critical_security_incident,critical_incident,critical,0.600,60,"{rce,exploit,attack}",,heuristic,pending,,,,f,2026-09-29 01:36:59.322755+00
1186,1185,github,4265055455,2026-09-29 01:36:58.013436+00,2026-09-29 01:36:59.322755+00,critical_security_incident,critical_incident,high,0.450,45,"{rce,security,vulnerability}",,heuristic,pending,,,,f,2026-09-29 01:36:59.322755+00
1187,1186,github,4525458317,2026-09-29 01:36:58.013436+00,2026-09-29 01:36:59.322755+00,general,other,high,0.400,40,,,heuristic,pending,,,,f,2026-09-29 01:36:59.322755+00
1188,1187,github,4951626429,2026-09-29 01:36:58.013436+00,2026-09-29 01:36:59.322755+00,critical_security_incident,critical_incident,high,0.400,40,"{rce,vulnerability}",,heuristic,pending,,,,f,2026-09-29 01:36:59.322755+00
1189,1188,github,4889994353,2026-09-29 01:36:58.013436+00,2026-09-29 01:36:59.322755+00,critical_security_incident,critical_incident,critical,0.750,75,"{apt,rce}",,heuristic,pending,,,,f,2026-09-29 01:36:59.322755+00
1190,1189,github,4186991115,2026-09-29 01:36:58.013436+00,2026-09-29 01:36:59.322755+00,critical_security_incident,critical_incident,high,0.500,50,"{rce,security}",,heuristic,pending,,,,f,2026-09-29 01:36:59.322755+00
1191,1190,github,5514636200,2026-09-29 01:36:58.013436+00,2026-09-29 01:36:59.322755+00,critical_security_incident,critical_incident,high,0.500,50,"{rce,exploit}",,heuristic,pending,,,,f,2026-09-29 01:36:59.322755+00
1192,1191,github,2357396686,2026-09-29 01:36:58.013436+00,2026-09-29 01:36:59.322755+00,critical_security_incident,critical_incident,critical,0.700,70,"{apt,rce,security,vulnerability}",,heuristic,pending,,,,f,2026-09-29 01:36:59.322755+00
1193,1192,github,5623189295,2026-09-29 01:36:58.013436+00,2026-09-29 01:36:59.322755+00,critical_security_incident,critical_incident,critical,0.850,85,"{apt,rce,attack,security}",,heuristic,pending,,,,f,2026-09-29 01:36:59.322755+00
1194,1193,github,655107029,2026-09-29 01:36:58.013436+00,2026-09-29 01:36:59.322755+00,critical_security_incident,critical_incident,critical,0.600,60,"{rce,security,vulnerability}",,heuristic,pending,,,,f,2026-09-29 01:36:59.322755+00
1195,1194,github,3324102903,2026-09-29 01:36:58.013436+00,2026-09-29 01:36:59.322755+00,critical_security_incident,critical_incident,high,0.450,45,{rce},,heuristic,pending,,,,f,2026-09-29 01:36:59.322755+00
1196,1195,github,5623699692,2026-09-29 01:36:58.013436+00,2026-09-29 01:36:59.322755+00,security_threat,security_threat,critical,0.850,85,"{exploit,backdoor,attack,ataque,security}",,heuristic,pending,,,,f,2026-09-29 01:36:59.322755+00
1197,1196,github,3034588406,2026-09-29 01:36:58.013436+00,2026-09-29 01:36:59.322755+00,critical_security_incident,critical_incident,medium,0.300,30,{rce},,heuristic,pending,,,,f,2026-09-29 01:36:59.322755+00
1198,1197,github,3358961385,2026-09-29 01:36:58.013436+00,2026-09-29 01:36:59.322755+00,critical_security_incident,critical_incident,critical,0.600,60,"{rce,security,vulnerability}",,heuristic,pending,,,,f,2026-09-29 01:36:59.322755+00
1199,1198,github,3005496591,2026-09-29 01:36:58.013436+00,2026-09-29 01:36:59.322755+00,critical_security_incident,critical_incident,critical,0.600,60,"{rce,security,vulnerability}",,heuristic,pending,,,,f,2026-09-29 01:36:59.322755+00
1200,1199,github,4075169779,2026-09-29 01:45:57.677942+00,2026-09-29 01:45:58.862473+00,critical_security_incident,critical_incident,high,0.450,45,"{rce,security,vulnerability}",,heuristic,pending,,,,f,2026-09-29 01:45:58.862473+00
1201,1200,github,1160050749,2026-09-29 01:45:57.677942+00,2026-09-29 01:45:58.862473+00,critical_security_incident,critical_incident,high,0.450,45,"{rce,security,vulnerability}",,heuristic,pending,,,,f,2026-09-29 01:45:58.862473+00
1202,1201,github,5161123639,2026-09-29 01:45:57.677942+00,2026-09-29 01:45:58.862473+00,security_threat,security_threat,critical,0.650,65,"{cve-,attack,security,vulnerability}",,heuristic,pending,,,,f,2026-09-29 01:45:58.862473+00
1203,1202,github,5621618335,2026-09-29 01:45:57.677942+00,2026-09-29 01:45:58.862473+00,critical_security_incident,critical_incident,high,0.450,45,"{rce,security,vulnerability}",,heuristic,pending,,,,f,2026-09-29 01:45:58.862473+00
1204,1203,github,5161123972,2026-09-29 01:45:57.677942+00,2026-09-29 01:45:58.862473+00,security_threat,security_threat,critical,0.800,80,"{cve-,xss,attack,security,vulnerability}",,heuristic,pending,,,,f,2026-09-29 01:45:58.862473+00
1205,1204,github,2054903843,2026-09-29 01:45:57.677942+00,2026-09-29 01:45:58.862473+00,critical_security_incident,critical_incident,medium,0.300,30,{rce},,heuristic,pending,,,,f,2026-09-29 01:45:58.862473+00
1206,1205,github,4812259125,2026-09-29 01:45:57.677942+00,2026-09-29 01:45:58.862473+00,general,other,low,0.150,15,{security},,heuristic,pending,,,,f,2026-09-29 01:45:58.862473+00
1207,1206,github,5623628682,2026-09-29 01:45:57.677942+00,2026-09-29 01:45:58.862473+00,critical_security_incident,critical_incident,medium,0.350,35,{rce},,heuristic,pending,,,,f,2026-09-29 01:45:58.862473+00
1208,1207,github,2669109468,2026-09-29 01:45:57.677942+00,2026-09-29 01:45:58.862473+00,critical_security_incident,critical_incident,high,0.450,45,"{rce,security,vulnerability}",,heuristic,pending,,,,f,2026-09-29 01:45:58.862473+00
1209,1208,github,1477203652,2026-09-29 01:45:57.677942+00,2026-09-29 01:45:58.862473+00,critical_security_incident,critical_incident,medium,0.300,30,{rce},,heuristic,pending,,,,f,2026-09-29 01:45:58.862473+00
1210,1209,github,5320585810,2026-09-29 01:45:57.677942+00,2026-09-29 01:45:58.862473+00,critical_security_incident,critical_incident,high,0.450,45,"{rce,security,vulnerability}",,heuristic,pending,,,,f,2026-09-29 01:45:58.862473+00
1211,1210,github,5161123913,2026-09-29 01:45:57.677942+00,2026-09-29 01:45:58.862473+00,security_threat,security_threat,critical,0.650,65,"{cve-,attack,security,vulnerability}",,heuristic,pending,,,,f,2026-09-29 01:45:58.862473+00
1212,1211,github,3501046667,2026-09-29 01:45:57.677942+00,2026-09-29 01:45:58.862473+00,critical_security_incident,critical_incident,high,0.400,40,"{rce,vulnerability}",,heuristic,pending,,,,f,2026-09-29 01:45:58.862473+00
1213,1212,github,5570324638,2026-09-29 01:45:57.677942+00,2026-09-29 01:45:58.862473+00,critical_security_incident,critical_incident,high,0.450,45,"{rce,security,vulnerability}",,heuristic,pending,,,,f,2026-09-29 01:45:58.862473+00
1214,1213,github,780778454,2026-09-29 01:45:57.677942+00,2026-09-29 01:45:58.862473+00,critical_security_incident,critical_incident,high,0.450,45,{rce},,heuristic,pending,,,,f,2026-09-29 01:45:58.862473+00
1215,1214,github,4923177590,2026-09-29 01:45:57.677942+00,2026-09-29 01:45:58.862473+00,general,other,medium,0.250,25,,,heuristic,pending,,,,f,2026-09-29 01:45:58.862473+00
1216,1215,github,5161123688,2026-09-29 01:45:57.677942+00,2026-09-29 01:45:58.862473+00,security_threat,security_threat,critical,0.650,65,"{cve-,attack,security,vulnerability}",,heuristic,pending,,,,f,2026-09-29 01:45:58.862473+00
1217,1216,github,5314226140,2026-09-29 01:45:57.677942+00,2026-09-29 01:45:58.862473+00,critical_security_incident,critical_incident,high,0.400,40,{rce},,heuristic,pending,,,,f,2026-09-29 01:45:58.862473+00
1218,1217,github,5161123737,2026-09-29 01:45:57.677942+00,2026-09-29 01:45:58.862473+00,security_threat,security_threat,critical,0.650,65,"{cve-,attack,security,vulnerability}",,heuristic,pending,,,,f,2026-09-29 01:45:58.862473+00
1219,1218,github,1243785736,2026-09-29 01:45:57.677942+00,2026-09-29 01:45:58.862473+00,critical_security_incident,critical_incident,high,0.500,50,"{rce,security}",,heuristic,pending,,,,f,2026-09-29 01:45:58.862473+00
1220,1219,github,4255147080,2026-09-29 01:45:57.677942+00,2026-09-29 01:45:58.862473+00,critical_security_incident,critical_incident,high,0.400,40,"{rce,vulnerability}",,heuristic,pending,,,,f,2026-09-29 01:45:58.862473+00
1221,1220,github,5623780866,2026-09-29 01:45:57.677942+00,2026-09-29 01:45:58.862473+00,general,other,low,0.100,10,{security},,heuristic,pending,,,,f,2026-09-29 01:45:58.862473+00
1222,1221,github,5393681437,2026-09-29 01:45:57.677942+00,2026-09-29 01:45:58.862473+00,critical_security_incident,critical_incident,high,0.400,40,"{rce,vulnerability}",,heuristic,pending,,,,f,2026-09-29 01:45:58.862473+00
1223,1222,github,2764925965,2026-09-29 01:45:57.677942+00,2026-09-29 01:45:58.862473+00,critical_security_incident,critical_incident,high,0.450,45,"{rce,security,vulnerability}",,heuristic,pending,,,,f,2026-09-29 01:45:58.862473+00
1224,1223,github,1716170908,2026-09-29 01:45:57.677942+00,2026-09-29 01:45:58.862473+00,critical_security_incident,critical_incident,critical,0.600,60,"{rce,security,vulnerability}",,heuristic,pending,,,,f,2026-09-29 01:45:58.862473+00
1225,1224,github,1308105546,2026-09-29 01:45:57.677942+00,2026-09-29 01:45:58.862473+00,critical_security_incident,critical_incident,high,0.450,45,"{rce,security,vulnerability}",,heuristic,pending,,,,f,2026-09-29 01:45:58.862473+00
1226,1225,github,1134547370,2026-09-29 01:45:57.677942+00,2026-09-29 01:45:58.862473+00,critical_security_incident,critical_incident,critical,0.600,60,"{rce,security,vulnerability}",,heuristic,pending,,,,f,2026-09-29 01:45:58.862473+00
1227,1226,github,5000846864,2026-09-29 01:45:57.677942+00,2026-09-29 01:45:58.862473+00,critical_security_incident,critical_incident,high,0.450,45,{rce},,heuristic,pending,,,,f,2026-09-29 01:45:58.862473+00
1228,1227,github,1660886487,2026-09-29 01:45:57.677942+00,2026-09-29 01:45:58.862473+00,critical_security_incident,critical_incident,high,0.450,45,"{rce,security,vulnerability}",,heuristic,pending,,,,f,2026-09-29 01:45:58.862473+00
1229,1228,github,3353602457,2026-09-29 01:45:57.677942+00,2026-09-29 01:45:58.862473+00,critical_security_incident,critical_incident,critical,0.600,60,"{rce,security,vulnerability}",,heuristic,pending,,,,f,2026-09-29 01:45:58.862473+00
1230,1229,github,5623773677,2026-09-29 01:45:57.677942+00,2026-09-29 01:45:58.862473+00,security_threat,security_threat,medium,0.300,30,"{exploit,security}",,heuristic,pending,,,,f,2026-09-29 01:45:58.862473+00
1231,1230,github,1250057929,2026-09-29 01:45:57.677942+00,2026-09-29 01:45:58.862473+00,critical_security_incident,critical_incident,medium,0.300,30,{rce},,heuristic,pending,,,,f,2026-09-29 01:45:58.862473+00
1232,1231,github,4006547074,2026-09-29 01:45:57.677942+00,2026-09-29 01:45:58.862473+00,critical_security_incident,critical_incident,high,0.450,45,"{rce,security,vulnerability}",,heuristic,pending,,,,f,2026-09-29 01:45:58.862473+00
1233,1232,github,3807490444,2026-09-29 01:45:57.677942+00,2026-09-29 01:45:58.862473+00,critical_security_incident,critical_incident,high,0.450,45,{rce},,heuristic,pending,,,,f,2026-09-29 01:45:58.862473+00
1234,1233,github,832823469,2026-09-29 01:45:57.677942+00,2026-09-29 01:45:58.862473+00,critical_security_incident,critical_incident,medium,0.300,30,{rce},,heuristic,pending,,,,f,2026-09-29 01:45:58.862473+00
1235,1234,github,2071182678,2026-09-29 01:45:57.677942+00,2026-09-29 01:45:58.862473+00,critical_security_incident,critical_incident,high,0.450,45,{rce},,heuristic,pending,,,,f,2026-09-29 01:45:58.862473+00
1236,1235,github,3018883887,2026-09-29 01:45:57.677942+00,2026-09-29 01:45:58.862473+00,critical_security_incident,critical_incident,medium,0.300,30,{rce},,heuristic,pending,,,,f,2026-09-29 01:45:58.862473+00
1237,1236,github,2386809368,2026-09-29 01:45:57.677942+00,2026-09-29 01:45:58.862473+00,general,other,medium,0.200,20,,,heuristic,pending,,,,f,2026-09-29 01:45:58.862473+00
1238,1237,github,940420723,2026-09-29 01:45:57.677942+00,2026-09-29 01:45:58.862473+00,critical_security_incident,critical_incident,medium,0.300,30,{rce},,heuristic,pending,,,,f,2026-09-29 01:45:58.862473+00
1239,1238,github,4270725018,2026-09-29 01:45:57.677942+00,2026-09-29 01:45:58.862473+00,critical_security_incident,critical_incident,high,0.450,45,{rce},,heuristic,pending,,,,f,2026-09-29 01:45:58.862473+00
1240,1239,github,5578809198,2026-09-29 01:45:57.677942+00,2026-09-29 01:45:58.862473+00,security_threat,security_threat,medium,0.250,25,{malware},,heuristic,pending,,,,f,2026-09-29 01:45:58.862473+00
1241,1240,github,4201190900,2026-09-29 01:45:57.677942+00,2026-09-29 01:45:58.862473+00,critical_security_incident,critical_incident,medium,0.300,30,{rce},,heuristic,pending,,,,f,2026-09-29 01:45:58.862473+00
1242,1241,hackernews,49893815,2026-09-29 14:45:58.949203+00,2026-09-29 14:46:00.383077+00,general,other,medium,0.250,25,{security},,heuristic,pending,,,,f,2026-09-29 14:46:00.383077+00
1243,1242,hackernews,49893201,2026-09-29 14:45:58.949203+00,2026-09-29 14:46:00.383077+00,general,other,low,0.050,5,{security},,heuristic,pending,,,,f,2026-09-29 14:46:00.383077+00
1244,1243,hackernews,49891411,2026-09-29 14:45:58.949203+00,2026-09-29 14:46:00.383077+00,general,other,low,0.100,10,{security},,heuristic,pending,,,,f,2026-09-29 14:46:00.383077+00
1245,1244,hackernews,49891126,2026-09-29 14:45:58.949203+00,2026-09-29 14:46:00.383077+00,general,other,low,0.000,0,,,heuristic,pending,,,,f,2026-09-29 14:46:00.383077+00
1246,1245,hackernews,49890770,2026-09-29 14:45:58.949203+00,2026-09-29 14:46:00.383077+00,general,other,low,0.100,10,{security},,heuristic,pending,,,,f,2026-09-29 14:46:00.383077+00
1247,1246,hackernews,49889344,2026-09-29 14:45:58.949203+00,2026-09-29 14:46:00.383077+00,critical_security_incident,critical_incident,high,0.500,50,{rce},,heuristic,pending,,,,f,2026-09-29 14:46:00.383077+00
1248,1247,hackernews,49889147,2026-09-29 14:45:58.949203+00,2026-09-29 14:46:00.383077+00,general,other,low,0.050,5,,,heuristic,pending,,,,f,2026-09-29 14:46:00.383077+00
1249,1248,hackernews,49888937,2026-09-29 14:45:58.949203+00,2026-09-29 14:46:00.383077+00,general,other,medium,0.300,30,{security},,heuristic,pending,,,,f,2026-09-29 14:46:00.383077+00
1250,1249,hackernews,49887245,2026-09-29 14:45:58.949203+00,2026-09-29 14:46:00.383077+00,general,other,low,0.100,10,{security},,heuristic,pending,,,,f,2026-09-29 14:46:00.383077+00
1251,1250,github,3346589174,2026-09-29 14:45:58.949203+00,2026-09-29 14:46:00.383077+00,critical_security_incident,critical_incident,high,0.450,45,{rce},,heuristic,pending,,,,f,2026-09-29 14:46:00.383077+00
1252,1251,github,5627458323,2026-09-29 14:45:58.949203+00,2026-09-29 14:46:00.383077+00,security_threat,security_threat,high,0.550,55,"{cve-,security}",,heuristic,pending,,,,f,2026-09-29 14:46:00.383077+00
1253,1252,github,5632384491,2026-09-29 14:45:58.949203+00,2026-09-29 14:46:00.383077+00,security_threat,security_threat,medium,0.300,30,"{xss,vulnerability}",,heuristic,pending,,,,f,2026-09-29 14:46:00.383077+00
1254,1253,github,2159585662,2026-09-29 14:45:58.949203+00,2026-09-29 14:46:00.383077+00,critical_security_incident,critical_incident,critical,0.990,100,"{rce,exploit,cve-,attack,vulnerability}",,heuristic,pending,,,,f,2026-09-29 14:46:00.383077+00
1255,1254,github,5630163845,2026-09-29 14:45:58.949203+00,2026-09-29 14:46:00.383077+00,critical_security_incident,critical_incident,critical,0.600,60,"{rce,security,vulnerability}",,heuristic,pending,,,,f,2026-09-29 14:46:00.383077+00
1256,1255,github,2159585594,2026-09-29 14:45:58.949203+00,2026-09-29 14:46:00.383077+00,critical_security_incident,critical_incident,critical,0.750,75,"{rce,cve-,vulnerability}",,heuristic,pending,,,,f,2026-09-29 14:46:00.383077+00
1257,1256,github,5631981204,2026-09-29 14:45:58.949203+00,2026-09-29 14:46:00.383077+00,security_threat,security_threat,high,0.450,45,"{exploit,security}",,heuristic,pending,,,,f,2026-09-29 14:46:00.383077+00
1258,1257,github,2159585512,2026-09-29 14:45:58.949203+00,2026-09-29 14:46:00.383077+00,critical_security_incident,critical_incident,critical,0.990,100,"{rce,""remote code execution"",cve-,vulnerability}",,heuristic,pending,,,,f,2026-09-29 14:46:00.383077+00
1259,1258,github,4268707164,2026-09-29 14:45:58.949203+00,2026-09-29 14:46:00.383077+00,critical_security_incident,critical_incident,high,0.450,45,"{rce,security,vulnerability}",,heuristic,pending,,,,f,2026-09-29 14:46:00.383077+00
1260,1259,github,1006866070,2026-09-29 14:45:58.949203+00,2026-09-29 14:46:00.383077+00,critical_security_incident,critical_incident,medium,0.300,30,{rce},,heuristic,pending,,,,f,2026-09-29 14:46:00.383077+00
1261,1260,github,2159585319,2026-09-29 14:45:58.949203+00,2026-09-29 14:46:00.383077+00,critical_security_incident,critical_incident,critical,0.750,75,"{rce,cve-,vulnerability}",,heuristic,pending,,,,f,2026-09-29 14:46:00.383077+00
1262,1261,github,982596299,2026-09-29 14:45:58.949203+00,2026-09-29 14:46:00.383077+00,critical_security_incident,critical_incident,medium,0.300,30,{rce},,heuristic,pending,,,,f,2026-09-29 14:46:00.383077+00
1263,1262,github,2159585420,2026-09-29 14:45:58.949203+00,2026-09-29 14:46:00.383077+00,critical_security_incident,critical_incident,critical,0.750,75,"{rce,cve-,vulnerability}",,heuristic,pending,,,,f,2026-09-29 14:46:00.383077+00
1264,1263,github,2159585102,2026-09-29 14:45:58.949203+00,2026-09-29 14:46:00.383077+00,critical_security_incident,critical_incident,critical,0.750,75,"{rce,cve-,vulnerability}",,heuristic,pending,,,,f,2026-09-29 14:46:00.383077+00
1265,1264,github,5619068073,2026-09-29 14:45:58.949203+00,2026-09-29 14:46:00.383077+00,critical_security_incident,critical_incident,critical,0.900,90,"{apt,rce,exploit,attack,security}",,heuristic,pending,,,,f,2026-09-29 14:46:00.383077+00
1266,1265,github,2159584905,2026-09-29 14:45:58.949203+00,2026-09-29 14:46:00.383077+00,critical_security_incident,critical_incident,critical,0.750,75,"{rce,cve-,vulnerability}",,heuristic,pending,,,,f,2026-09-29 14:46:00.383077+00
1267,1266,github,5478659535,2026-09-29 14:45:58.949203+00,2026-09-29 14:46:00.383077+00,critical_security_incident,critical_incident,critical,0.990,100,"{rce,exploit,cve-,attack,security,vulnerability,""denial of service""}",,heuristic,pending,,,,f,2026-09-29 14:46:00.383077+00
1268,1267,github,4430028698,2026-09-29 14:45:58.949203+00,2026-09-29 14:46:00.383077+00,critical_security_incident,critical_incident,medium,0.350,35,{rce},,heuristic,pending,,,,f,2026-09-29 14:46:00.383077+00
1269,1268,github,2159584816,2026-09-29 14:45:58.949203+00,2026-09-29 14:46:00.383077+00,critical_security_incident,critical_incident,critical,0.750,75,"{rce,cve-,vulnerability}",,heuristic,pending,,,,f,2026-09-29 14:46:00.383077+00
1270,1269,github,2159584743,2026-09-29 14:45:58.949203+00,2026-09-29 14:46:00.383077+00,critical_security_incident,critical_incident,critical,0.800,80,"{rce,cve-,security,vulnerability}",,heuristic,pending,,,,f,2026-09-29 14:46:00.383077+00
1271,1270,github,2159584592,2026-09-29 14:45:58.949203+00,2026-09-29 14:46:00.383077+00,critical_security_incident,critical_incident,critical,0.990,100,"{rce,exploit,cve-,attack,vulnerability}",,heuristic,pending,,,,f,2026-09-29 14:46:00.383077+00
1272,1271,github,5563593959,2026-09-29 14:45:58.949203+00,2026-09-29 14:46:00.383077+00,security_threat,security_threat,critical,0.850,85,"{cve-,""privilege escalation"",""sql injection"",security}",,heuristic,pending,,,,f,2026-09-29 14:46:00.383077+00
1273,1272,github,2159584525,2026-09-29 14:45:58.949203+00,2026-09-29 14:46:00.383077+00,critical_security_incident,critical_incident,critical,0.750,75,"{rce,cve-,vulnerability}",,heuristic,pending,,,,f,2026-09-29 14:46:00.383077+00
1274,1273,github,5477475233,2026-09-29 14:45:58.949203+00,2026-09-29 14:46:00.383077+00,critical_security_incident,critical_incident,critical,0.990,100,"{rce,exploit,cve-,attack,security,vulnerability,""denial of service""}",,heuristic,pending,,,,f,2026-09-29 14:46:00.383077+00
1275,1274,github,2159584469,2026-09-29 14:45:58.949203+00,2026-09-29 14:46:00.383077+00,critical_security_incident,critical_incident,critical,0.990,100,"{rce,exploit,cve-,attack,vulnerability}",,heuristic,pending,,,,f,2026-09-29 14:46:00.383077+00
1276,1275,github,2159584402,2026-09-29 14:45:58.949203+00,2026-09-29 14:46:00.383077+00,critical_security_incident,critical_incident,critical,0.990,100,"{rce,exploit,cve-,attack,vulnerability}",,heuristic,pending,,,,f,2026-09-29 14:46:00.383077+00
1277,1276,github,2159584338,2026-09-29 14:45:58.949203+00,2026-09-29 14:46:00.383077+00,critical_security_incident,critical_incident,critical,0.750,75,"{rce,cve-,vulnerability}",,heuristic,pending,,,,f,2026-09-29 14:46:00.383077+00
1278,1277,github,1009461110,2026-09-29 14:45:58.949203+00,2026-09-29 14:46:00.383077+00,critical_security_incident,critical_incident,critical,0.600,60,"{rce,security,vulnerability}",,heuristic,pending,,,,f,2026-09-29 14:46:00.383077+00
1279,1278,github,2159584261,2026-09-29 14:45:58.949203+00,2026-09-29 14:46:00.383077+00,critical_security_incident,critical_incident,critical,0.990,100,"{rce,exploit,cve-,xss,attack,security,vulnerability}",,heuristic,pending,,,,f,2026-09-29 14:46:00.383077+00
1280,1279,github,5538023555,2026-09-29 14:45:58.949203+00,2026-09-29 14:46:00.383077+00,security_threat,security_threat,high,0.500,50,"{cve-,security}",,heuristic,pending,,,,f,2026-09-29 14:46:00.383077+00
1281,1280,github,5632346839,2026-09-29 14:45:58.949203+00,2026-09-29 14:46:00.383077+00,security_threat,security_threat,medium,0.300,30,"{exploit,security}",,heuristic,pending,,,,f,2026-09-29 14:46:00.383077+00
1282,1281,github,2539973751,2026-09-29 14:45:58.949203+00,2026-09-29 14:46:00.383077+00,critical_security_incident,critical_incident,high,0.450,45,{rce},,heuristic,pending,,,,f,2026-09-29 14:46:00.383077+00
1283,1282,github,5632370134,2026-09-29 14:45:58.949203+00,2026-09-29 14:46:00.383077+00,critical_security_incident,critical_incident,critical,0.750,75,"{rce,""sql injection"",attack,security,vulnerability}",,heuristic,pending,,,,f,2026-09-29 14:46:00.383077+00
1284,1283,github,5632369761,2026-09-29 14:45:58.949203+00,2026-09-29 14:46:00.383077+00,critical_security_incident,critical_incident,critical,0.650,65,"{rce,""sql injection"",security,vulnerability}",,heuristic,pending,,,,f,2026-09-29 14:46:00.383077+00
1285,1284,github,2096328290,2026-09-29 14:45:58.949203+00,2026-09-29 14:46:00.383077+00,critical_security_incident,critical_incident,high,0.450,45,"{rce,security,vulnerability}",,heuristic,pending,,,,f,2026-09-29 14:46:00.383077+00
1286,1285,github,5632369355,2026-09-29 14:45:58.949203+00,2026-09-29 14:46:00.383077+00,critical_security_incident,critical_incident,critical,0.750,75,"{rce,""sql injection"",attack,security,vulnerability}",,heuristic,pending,,,,f,2026-09-29 14:46:00.383077+00
1287,1286,github,5621536475,2026-09-29 14:45:58.949203+00,2026-09-29 14:46:00.383077+00,critical_security_incident,critical_incident,high,0.500,50,{rce},,heuristic,pending,,,,f,2026-09-29 14:46:00.383077+00
1288,1287,github,5632368931,2026-09-29 14:45:58.949203+00,2026-09-29 14:46:00.383077+00,critical_security_incident,critical_incident,critical,0.750,75,"{rce,""sql injection"",attack,security,vulnerability}",,heuristic,pending,,,,f,2026-09-29 14:46:00.383077+00
1289,1288,github,5607557689,2026-09-29 14:45:58.949203+00,2026-09-29 14:46:00.383077+00,general,other,medium,0.200,20,"{security,vulnerability}",,heuristic,pending,,,,f,2026-09-29 14:46:00.383077+00
1290,1289,github,5632368556,2026-09-29 14:45:58.949203+00,2026-09-29 14:46:00.383077+00,critical_security_incident,critical_incident,critical,0.650,65,"{rce,""sql injection"",security,vulnerability}",,heuristic,pending,,,,f,2026-09-29 14:46:00.383077+00
1291,1290,github,5632368059,2026-09-29 14:45:58.949203+00,2026-09-29 14:46:00.383077+00,critical_security_incident,critical_incident,critical,0.750,75,"{rce,""sql injection"",attack,security,vulnerability}",,heuristic,pending,,,,f,2026-09-29 14:46:00.383077+00
1292,1291,github,5632367708,2026-09-29 14:45:58.949203+00,2026-09-29 14:46:00.383077+00,critical_security_incident,critical_incident,critical,0.750,75,"{rce,""sql injection"",attack,security,vulnerability}",,heuristic,pending,,,,f,2026-09-29 14:46:00.383077+00
1293,1292,github,5632367328,2026-09-29 14:45:58.949203+00,2026-09-29 14:46:00.383077+00,critical_security_incident,critical_incident,critical,0.750,75,"{rce,""sql injection"",attack,security,vulnerability}",,heuristic,pending,,,,f,2026-09-29 14:46:00.383077+00
1294,1293,github,5632366940,2026-09-29 14:45:58.949203+00,2026-09-29 14:46:00.383077+00,critical_security_incident,critical_incident,critical,0.750,75,"{rce,""sql injection"",attack,security,vulnerability}",,heuristic,pending,,,,f,2026-09-29 14:46:00.383077+00
1295,1294,github,4893773851,2026-09-29 14:45:58.949203+00,2026-09-29 14:46:00.383077+00,security_threat,security_threat,high,0.500,50,"{xss,security}",,heuristic,pending,,,,f,2026-09-29 14:46:00.383077+00
1296,1295,github,5631975170,2026-09-29 14:45:58.949203+00,2026-09-29 14:46:00.383077+00,critical_security_incident,critical_incident,critical,0.700,70,"{rce,attack,security,vulnerability}",,heuristic,pending,,,,f,2026-09-29 14:46:00.383077+00
1297,1296,github,1257900050,2026-09-29 15:01:02.293444+00,2026-09-29 15:01:03.348054+00,critical_security_incident,critical_incident,critical,0.950,95,"{rce,exploit,cve-,vulnerability}",,heuristic,pending,,,,f,2026-09-29 15:01:03.348054+00
1298,1297,github,2329873539,2026-09-29 15:01:02.293444+00,2026-09-29 15:01:03.348054+00,critical_security_incident,critical_incident,critical,0.950,95,"{rce,exploit,cve-,vulnerability}",,heuristic,pending,,,,f,2026-09-29 15:01:03.348054+00
1299,1298,github,1465653734,2026-09-29 15:01:02.293444+00,2026-09-29 15:01:03.348054+00,critical_security_incident,critical_incident,critical,0.950,95,"{rce,exploit,cve-,vulnerability}",,heuristic,pending,,,,f,2026-09-29 15:01:03.348054+00
1300,1299,github,1257900006,2026-09-29 15:01:02.293444+00,2026-09-29 15:01:03.348054+00,critical_security_incident,critical_incident,critical,0.990,100,"{rce,exploit,cve-,threat,vulnerability}",,heuristic,pending,,,,f,2026-09-29 15:01:03.348054+00
1301,1300,github,3544443814,2026-09-29 15:01:02.293444+00,2026-09-29 15:01:03.348054+00,critical_security_incident,critical_incident,high,0.450,45,{rce},,heuristic,pending,,,,f,2026-09-29 15:01:03.348054+00
1302,1301,github,2724179429,2026-09-29 15:01:02.293444+00,2026-09-29 15:01:03.348054+00,critical_security_incident,critical_incident,critical,0.750,75,"{rce,cve-,vulnerability}",,heuristic,pending,,,,f,2026-09-29 15:01:03.348054+00
1303,1302,github,4145651473,2026-09-29 15:01:02.293444+00,2026-09-29 15:01:03.348054+00,critical_security_incident,critical_incident,high,0.450,45,{rce},,heuristic,pending,,,,f,2026-09-29 15:01:03.348054+00
1304,1303,github,4139599890,2026-09-29 15:01:02.293444+00,2026-09-29 15:01:03.348054+00,critical_security_incident,critical_incident,critical,0.990,100,"{rce,exploit,cve-,attack,vulnerability}",,heuristic,pending,,,,f,2026-09-29 15:01:03.348054+00
1305,1304,github,2915971587,2026-09-29 15:01:02.293444+00,2026-09-29 15:01:03.348054+00,critical_security_incident,critical_incident,critical,0.750,75,"{rce,cve-,vulnerability}",,heuristic,pending,,,,f,2026-09-29 15:01:03.348054+00
1306,1305,github,4092140020,2026-09-29 15:01:02.293444+00,2026-09-29 15:01:03.348054+00,critical_security_incident,critical_incident,high,0.450,45,"{rce,security,vulnerability}",,heuristic,pending,,,,f,2026-09-29 15:01:03.348054+00
1307,1306,github,5598857286,2026-09-29 15:01:02.293444+00,2026-09-29 15:01:03.348054+00,critical_security_incident,critical_incident,high,0.500,50,"{rce,exploit}",,heuristic,pending,,,,f,2026-09-29 15:01:03.348054+00
1308,1307,github,5091510568,2026-09-29 15:01:02.293444+00,2026-09-29 15:01:03.348054+00,critical_security_incident,critical_incident,high,0.450,45,{rce},,heuristic,pending,,,,f,2026-09-29 15:01:03.348054+00
1309,1308,github,3665202791,2026-09-29 15:01:02.293444+00,2026-09-29 15:01:03.348054+00,critical_security_incident,critical_incident,critical,0.750,75,"{rce,cve-,vulnerability}",,heuristic,pending,,,,f,2026-09-29 15:01:03.348054+00
1310,1309,github,3843023995,2026-09-29 15:01:02.293444+00,2026-09-29 15:01:03.348054+00,critical_security_incident,critical_incident,critical,0.990,100,"{rce,exploit,cve-,attack,vulnerability}",,heuristic,pending,,,,f,2026-09-29 15:01:03.348054+00
1311,1310,github,5632567841,2026-09-29 15:01:02.293444+00,2026-09-29 15:01:03.348054+00,security_threat,security_threat,high,0.400,40,"{exploit,security,vulnerability}",,heuristic,pending,,,,f,2026-09-29 15:01:03.348054+00
1312,1311,github,4668580500,2026-09-29 15:01:02.293444+00,2026-09-29 15:01:03.348054+00,critical_security_incident,critical_incident,critical,0.990,100,"{rce,exploit,cve-,attack,vulnerability}",,heuristic,pending,,,,f,2026-09-29 15:01:03.348054+00
1313,1312,github,3246810150,2026-09-29 15:01:02.293444+00,2026-09-29 15:01:03.348054+00,critical_security_incident,critical_incident,critical,0.990,100,"{rce,exploit,cve-,attack,vulnerability}",,heuristic,pending,,,,f,2026-09-29 15:01:03.348054+00
1314,1313,github,2885190193,2026-09-29 15:01:02.293444+00,2026-09-29 15:01:03.348054+00,critical_security_incident,critical_incident,high,0.450,45,{rce},,heuristic,pending,,,,f,2026-09-29 15:01:03.348054+00
1315,1314,github,5632563718,2026-09-29 15:01:02.293444+00,2026-09-29 15:01:03.348054+00,general,other,medium,0.200,20,"{attack,security}",,heuristic,pending,,,,f,2026-09-29 15:01:03.348054+00
1316,1315,github,5346859724,2026-09-29 15:01:02.293444+00,2026-09-29 15:01:03.348054+00,general,other,low,0.100,10,{security},,heuristic,pending,,,,f,2026-09-29 15:01:03.348054+00
1317,1316,github,1230936657,2026-09-29 15:01:02.293444+00,2026-09-29 15:01:03.348054+00,critical_security_incident,critical_incident,high,0.450,45,{rce},,heuristic,pending,,,,f,2026-09-29 15:01:03.348054+00
1318,1317,github,5226699278,2026-09-29 15:01:02.293444+00,2026-09-29 15:01:03.348054+00,general,other,medium,0.250,25,,,heuristic,pending,,,,f,2026-09-29 15:01:03.348054+00
1319,1318,github,5621871061,2026-09-29 15:01:02.293444+00,2026-09-29 15:01:03.348054+00,general,other,medium,0.200,20,"{security,vulnerability}",,heuristic,pending,,,,f,2026-09-29 15:01:03.348054+00
1320,1319,github,5593116110,2026-09-29 15:01:02.293444+00,2026-09-29 15:01:03.348054+00,critical_security_incident,critical_incident,medium,0.350,35,{rce},,heuristic,pending,,,,f,2026-09-29 15:01:03.348054+00
1321,1320,github,5608532809,2026-09-29 15:01:02.293444+00,2026-09-29 15:01:03.348054+00,general,other,low,0.050,5,,,heuristic,pending,,,,f,2026-09-29 15:01:03.348054+00
1322,1321,github,5470222002,2026-09-29 15:01:02.293444+00,2026-09-29 15:01:03.348054+00,critical_security_incident,critical_incident,critical,0.850,85,"{apt,rce,attack}",,heuristic,pending,,,,f,2026-09-29 15:01:03.348054+00
1323,1322,github,4103189486,2026-09-29 15:01:02.293444+00,2026-09-29 15:01:03.348054+00,critical_security_incident,critical_incident,medium,0.300,30,{rce},,heuristic,pending,,,,f,2026-09-29 15:01:03.348054+00
1324,1323,github,5632260704,2026-09-29 15:01:02.293444+00,2026-09-29 15:01:03.348054+00,general,other,low,0.100,10,{security},,heuristic,pending,,,,f,2026-09-29 15:01:03.348054+00
1325,1324,github,5632445140,2026-09-29 15:01:02.293444+00,2026-09-29 15:01:03.348054+00,general,other,low,0.100,10,{security},,heuristic,pending,,,,f,2026-09-29 15:01:03.348054+00
1326,1325,github,5588256781,2026-09-29 15:01:02.293444+00,2026-09-29 15:01:03.348054+00,critical_security_incident,critical_incident,medium,0.300,30,{rce},,heuristic,pending,,,,f,2026-09-29 15:01:03.348054+00
1327,1326,github,5629979746,2026-09-29 15:01:02.293444+00,2026-09-29 15:01:03.348054+00,critical_security_incident,critical_incident,high,0.450,45,{rce},,heuristic,pending,,,,f,2026-09-29 15:01:03.348054+00
1328,1327,github,5543487722,2026-09-29 15:01:02.293444+00,2026-09-29 15:01:03.348054+00,general,other,low,0.050,5,,,heuristic,pending,,,,f,2026-09-29 15:01:03.348054+00
1329,1328,github,5613703593,2026-09-29 15:01:02.293444+00,2026-09-29 15:01:03.348054+00,critical_security_incident,critical_incident,critical,0.900,90,"{apt,rce,exploit}",,heuristic,pending,,,,f,2026-09-29 15:01:03.348054+00
1330,1329,github,4330172298,2026-09-29 15:01:02.293444+00,2026-09-29 15:01:03.348054+00,critical_security_incident,critical_incident,critical,0.990,100,"{rce,exploit,cve-,attack,security,vulnerability}",,heuristic,pending,,,,f,2026-09-29 15:01:03.348054+00
1331,1330,github,5508303700,2026-09-29 15:01:02.293444+00,2026-09-29 15:01:03.348054+00,critical_security_incident,critical_incident,high,0.550,55,"{rce,vulnerability}",,heuristic,pending,,,,f,2026-09-29 15:01:03.348054+00
1332,1331,github,1989226405,2026-09-29 15:01:02.293444+00,2026-09-29 15:01:03.348054+00,critical_security_incident,critical_incident,medium,0.300,30,{rce},,heuristic,pending,,,,f,2026-09-29 15:01:03.348054+00
1333,1332,github,4088098794,2026-09-29 15:01:02.293444+00,2026-09-29 15:01:03.348054+00,critical_security_incident,critical_incident,critical,0.990,100,"{rce,exploit,cve-,attack,vulnerability}",,heuristic,pending,,,,f,2026-09-29 15:01:03.348054+00
1334,1333,github,4330172254,2026-09-29 15:01:02.293444+00,2026-09-29 15:01:03.348054+00,critical_security_incident,critical_incident,critical,0.990,100,"{rce,exploit,cve-,attack,security,vulnerability}",,heuristic,pending,,,,f,2026-09-29 15:01:03.348054+00
1335,1334,github,1142937786,2026-09-29 15:01:02.293444+00,2026-09-29 15:01:03.348054+00,critical_security_incident,critical_incident,critical,0.990,100,"{rce,exploit,cve-,attack,vulnerability}",,heuristic,pending,,,,f,2026-09-29 15:01:03.348054+00
1336,1335,github,1145198379,2026-09-29 15:01:02.293444+00,2026-09-29 15:01:03.348054+00,critical_security_incident,critical_incident,critical,0.990,100,"{rce,exploit,cve-,attack,vulnerability}",,heuristic,pending,,,,f,2026-09-29 15:01:03.348054+00
1337,1336,github,3918738392,2026-09-29 15:01:02.293444+00,2026-09-29 15:01:03.348054+00,critical_security_incident,critical_incident,critical,0.990,100,"{rce,exploit,cve-,attack,vulnerability,""denial of service""}",,heuristic,pending,,,,f,2026-09-29 15:01:03.348054+00
1338,1337,github,1080448174,2026-09-29 15:01:02.293444+00,2026-09-29 15:01:03.348054+00,critical_security_incident,critical_incident,critical,0.990,100,"{rce,exploit,cve-,attack,vulnerability}",,heuristic,pending,,,,f,2026-09-29 15:01:03.348054+00
1339,1338,github,1235773828,2026-09-29 15:01:02.293444+00,2026-09-29 15:01:03.348054+00,critical_security_incident,critical_incident,critical,0.990,100,"{rce,exploit,cve-,attack,vulnerability}",,heuristic,pending,,,,f,2026-09-29 15:01:03.348054+00
1340,1339,github,4330172206,2026-09-29 15:01:02.293444+00,2026-09-29 15:01:03.348054+00,critical_security_incident,critical_incident,critical,0.990,100,"{apt,rce,exploit,cve-,attack,security,vulnerability}",,heuristic,pending,,,,f,2026-09-29 15:01:03.348054+00
1341,1340,hackernews,49894699,2026-09-29 15:15:59.062686+00,2026-09-29 15:16:00.325203+00,general,other,low,0.100,10,{security},,heuristic,pending,,,,f,2026-09-29 15:16:00.325203+00
1342,1341,hackernews,49894662,2026-09-29 15:15:59.062686+00,2026-09-29 15:16:00.325203+00,critical_security_incident,critical_incident,medium,0.350,35,"{rce,security}",,heuristic,pending,,,,f,2026-09-29 15:16:00.325203+00
1343,1342,github,2818950262,2026-09-29 15:15:59.062686+00,2026-09-29 15:16:00.325203+00,critical_security_incident,critical_incident,critical,0.750,75,"{rce,cve-,vulnerability}",,heuristic,pending,,,,f,2026-09-29 15:16:00.325203+00
1344,1343,github,2818950204,2026-09-29 15:15:59.062686+00,2026-09-29 15:16:00.325203+00,critical_security_incident,critical_incident,critical,0.750,75,"{rce,cve-,vulnerability}",,heuristic,pending,,,,f,2026-09-29 15:16:00.325203+00
1345,1344,github,3843331578,2026-09-29 15:15:59.062686+00,2026-09-29 15:16:00.325203+00,critical_security_incident,critical_incident,critical,0.750,75,"{rce,cve-,vulnerability}",,heuristic,pending,,,,f,2026-09-29 15:16:00.325203+00
1346,1345,github,2818950048,2026-09-29 15:15:59.062686+00,2026-09-29 15:16:00.325203+00,critical_security_incident,critical_incident,critical,0.750,75,"{rce,cve-,vulnerability}",,heuristic,pending,,,,f,2026-09-29 15:16:00.325203+00
1347,1346,github,1309406653,2026-09-29 15:15:59.062686+00,2026-09-29 15:16:00.325203+00,critical_security_incident,critical_incident,high,0.450,45,"{rce,security,vulnerability}",,heuristic,pending,,,,f,2026-09-29 15:16:00.325203+00
1348,1347,github,2162340091,2026-09-29 15:15:59.062686+00,2026-09-29 15:16:00.325203+00,critical_security_incident,critical_incident,critical,0.750,75,"{rce,cve-,vulnerability}",,heuristic,pending,,,,f,2026-09-29 15:16:00.325203+00
1349,1348,github,3691686326,2026-09-29 15:15:59.062686+00,2026-09-29 15:16:00.325203+00,critical_security_incident,critical_incident,medium,0.350,35,"{rce,security}",,heuristic,pending,,,,f,2026-09-29 15:16:00.325203+00
1350,1349,github,2162340041,2026-09-29 15:15:59.062686+00,2026-09-29 15:16:00.325203+00,critical_security_incident,critical_incident,critical,0.750,75,"{rce,cve-,vulnerability}",,heuristic,pending,,,,f,2026-09-29 15:16:00.325203+00
1351,1350,github,2818949932,2026-09-29 15:15:59.062686+00,2026-09-29 15:16:00.325203+00,critical_security_incident,critical_incident,critical,0.750,75,"{rce,cve-,vulnerability}",,heuristic,pending,,,,f,2026-09-29 15:16:00.325203+00
1352,1351,github,982594161,2026-09-29 15:15:59.062686+00,2026-09-29 15:16:00.325203+00,critical_security_incident,critical_incident,high,0.450,45,"{rce,security,vulnerability}",,heuristic,pending,,,,f,2026-09-29 15:16:00.325203+00
1353,1352,github,3843331338,2026-09-29 15:15:59.062686+00,2026-09-29 15:16:00.325203+00,critical_security_incident,critical_incident,critical,0.750,75,"{rce,cve-,vulnerability}",,heuristic,pending,,,,f,2026-09-29 15:16:00.325203+00
1354,1353,github,5610875685,2026-09-29 15:15:59.062686+00,2026-09-29 15:16:00.325203+00,critical_security_incident,critical_incident,high,0.450,45,"{rce,security,vulnerability}",,heuristic,pending,,,,f,2026-09-29 15:16:00.325203+00
1355,1354,github,1114804270,2026-09-29 15:15:59.062686+00,2026-09-29 15:16:00.325203+00,critical_security_incident,critical_incident,high,0.450,45,"{rce,security,vulnerability}",,heuristic,pending,,,,f,2026-09-29 15:16:00.325203+00
1356,1355,github,2818949672,2026-09-29 15:15:59.062686+00,2026-09-29 15:16:00.325203+00,critical_security_incident,critical_incident,critical,0.750,75,"{rce,cve-,vulnerability}",,heuristic,pending,,,,f,2026-09-29 15:16:00.325203+00
1357,1356,github,4893364443,2026-09-29 15:15:59.062686+00,2026-09-29 15:16:00.325203+00,critical_security_incident,critical_incident,high,0.450,45,"{rce,security,vulnerability}",,heuristic,pending,,,,f,2026-09-29 15:16:00.325203+00
1358,1357,github,2245515296,2026-09-29 15:15:59.062686+00,2026-09-29 15:16:00.325203+00,critical_security_incident,critical_incident,critical,0.750,75,"{rce,cve-,vulnerability}",,heuristic,pending,,,,f,2026-09-29 15:16:00.325203+00
1359,1358,github,5556456358,2026-09-29 15:15:59.062686+00,2026-09-29 15:16:00.325203+00,general,other,low,0.150,15,{vulnerability},,heuristic,pending,,,,f,2026-09-29 15:16:00.325203+00
1360,1359,github,2162339297,2026-09-29 15:15:59.062686+00,2026-09-29 15:16:00.325203+00,critical_security_incident,critical_incident,critical,0.750,75,"{rce,cve-,vulnerability}",,heuristic,pending,,,,f,2026-09-29 15:16:00.325203+00
1361,1360,github,2162339249,2026-09-29 15:15:59.062686+00,2026-09-29 15:16:00.325203+00,critical_security_incident,critical_incident,critical,0.750,75,"{rce,cve-,vulnerability}",,heuristic,pending,,,,f,2026-09-29 15:16:00.325203+00
1362,1361,github,2818949406,2026-09-29 15:15:59.062686+00,2026-09-29 15:16:00.325203+00,critical_security_incident,critical_incident,critical,0.750,75,"{rce,cve-,vulnerability}",,heuristic,pending,,,,f,2026-09-29 15:16:00.325203+00
1363,1362,github,5632699459,2026-09-29 15:15:59.062686+00,2026-09-29 15:16:00.325203+00,critical_security_incident,critical_incident,medium,0.300,30,{rce},,heuristic,pending,,,,f,2026-09-29 15:16:00.325203+00
1364,1363,github,2818949348,2026-09-29 15:15:59.062686+00,2026-09-29 15:16:00.325203+00,critical_security_incident,critical_incident,critical,0.750,75,"{rce,cve-,vulnerability}",,heuristic,pending,,,,f,2026-09-29 15:16:00.325203+00
1365,1364,github,5625950111,2026-09-29 15:15:59.062686+00,2026-09-29 15:16:00.325203+00,security_threat,security_threat,high,0.400,40,{cve-},,heuristic,pending,,,,f,2026-09-29 15:16:00.325203+00
1366,1365,github,5603992668,2026-09-29 15:15:59.062686+00,2026-09-29 15:16:00.325203+00,security_threat,security_threat,high,0.500,50,"{cve-,attack}",,heuristic,pending,,,,f,2026-09-29 15:16:00.325203+00
1367,1366,github,5623218718,2026-09-29 15:15:59.062686+00,2026-09-29 15:16:00.325203+00,critical_security_incident,critical_incident,high,0.550,55,"{rce,security}",,heuristic,pending,,,,f,2026-09-29 15:16:00.325203+00
1368,1367,github,3843330787,2026-09-29 15:15:59.062686+00,2026-09-29 15:16:00.325203+00,critical_security_incident,critical_incident,critical,0.750,75,"{rce,cve-,vulnerability}",,heuristic,pending,,,,f,2026-09-29 15:16:00.325203+00
1369,1368,github,5611128219,2026-09-29 15:15:59.062686+00,2026-09-29 15:16:00.325203+00,critical_security_incident,critical_incident,high,0.400,40,"{rce,attack}",,heuristic,pending,,,,f,2026-09-29 15:16:00.325203+00
1370,1369,github,1257900149,2026-09-29 15:15:59.062686+00,2026-09-29 15:16:00.325203+00,critical_security_incident,critical_incident,critical,0.950,95,"{rce,exploit,cve-,vulnerability}",,heuristic,pending,,,,f,2026-09-29 15:16:00.325203+00
1371,1370,github,2291490352,2026-09-29 15:15:59.062686+00,2026-09-29 15:16:00.325203+00,critical_security_incident,critical_incident,critical,0.750,75,"{rce,cve-,vulnerability}",,heuristic,pending,,,,f,2026-09-29 15:16:00.325203+00
1372,1371,github,2162339130,2026-09-29 15:15:59.062686+00,2026-09-29 15:16:00.325203+00,critical_security_incident,critical_incident,critical,0.750,75,"{rce,cve-,vulnerability}",,heuristic,pending,,,,f,2026-09-29 15:16:00.325203+00
1373,1372,github,1257900099,2026-09-29 15:15:59.062686+00,2026-09-29 15:16:00.325203+00,critical_security_incident,critical_incident,critical,0.950,95,"{rce,exploit,cve-,vulnerability}",,heuristic,pending,,,,f,2026-09-29 15:16:00.325203+00
1374,1373,github,5632745793,2026-09-29 15:15:59.062686+00,2026-09-29 15:16:00.325203+00,critical_security_incident,critical_incident,critical,0.750,75,"{rce,""sql injection"",attack,security,vulnerability}",,heuristic,pending,,,,f,2026-09-29 15:16:00.325203+00
1375,1374,github,4433201141,2026-09-29 15:15:59.062686+00,2026-09-29 15:16:00.325203+00,critical_security_incident,critical_incident,high,0.450,45,{rce},,heuristic,pending,,,,f,2026-09-29 15:16:00.325203+00
1376,1375,github,1454307241,2026-09-29 15:15:59.062686+00,2026-09-29 15:16:00.325203+00,critical_security_incident,critical_incident,high,0.450,45,"{rce,security,vulnerability}",,heuristic,pending,,,,f,2026-09-29 15:16:00.325203+00
1377,1376,github,1031017839,2026-09-29 15:15:59.062686+00,2026-09-29 15:16:00.325203+00,critical_security_incident,critical_incident,critical,0.600,60,"{rce,security,vulnerability}",,heuristic,pending,,,,f,2026-09-29 15:16:00.325203+00
1378,1377,github,5618230595,2026-09-29 15:15:59.062686+00,2026-09-29 15:16:00.325203+00,critical_security_incident,critical_incident,critical,0.750,75,"{apt,exploit,attack}",,heuristic,pending,,,,f,2026-09-29 15:16:00.325203+00
1379,1378,github,2736097826,2026-09-29 15:15:59.062686+00,2026-09-29 15:16:00.325203+00,critical_security_incident,critical_incident,high,0.450,45,{rce},,heuristic,pending,,,,f,2026-09-29 15:16:00.325203+00
1380,1379,github,5383638225,2026-09-29 15:15:59.062686+00,2026-09-29 15:16:00.325203+00,general,other,low,0.150,15,,,heuristic,pending,,,,f,2026-09-29 15:16:00.325203+00
1381,1380,github,4328975229,2026-09-29 15:15:59.062686+00,2026-09-29 15:16:00.325203+00,critical_security_incident,critical_incident,medium,0.300,30,{rce},,heuristic,pending,,,,f,2026-09-29 15:16:00.325203+00
1382,1381,github,5632759035,2026-09-29 15:15:59.062686+00,2026-09-29 15:16:00.325203+00,critical_security_incident,critical_incident,high,0.450,45,"{apt,security,vulnerability}",,heuristic,pending,,,,f,2026-09-29 15:16:00.325203+00
1383,1382,github,5632758148,2026-09-29 15:15:59.062686+00,2026-09-29 15:16:00.325203+00,critical_security_incident,critical_incident,critical,0.700,70,"{apt,rce,threat,security}",,heuristic,pending,,,,f,2026-09-29 15:16:00.325203+00
1384,1383,github,2307743208,2026-09-29 15:15:59.062686+00,2026-09-29 15:16:00.325203+00,critical_security_incident,critical_incident,critical,0.750,75,"{apt,rce,security}",,heuristic,pending,,,,f,2026-09-29 15:16:00.325203+00
1385,1384,github,5632757521,2026-09-29 15:15:59.062686+00,2026-09-29 15:16:00.325203+00,general,other,medium,0.200,20,"{security,vulnerability}",,heuristic,pending,,,,f,2026-09-29 15:16:00.325203+00
1386,1385,hackernews,49894978,2026-09-29 15:32:49.768221+00,2026-09-29 15:32:51.141657+00,general,other,medium,0.200,20,,,heuristic,pending,,,,f,2026-09-29 15:32:51.141657+00
1387,1386,hackernews,49894893,2026-09-29 15:32:49.768221+00,2026-09-29 15:32:51.141657+00,general,other,low,0.050,5,,,heuristic,pending,,,,f,2026-09-29 15:32:51.141657+00
1388,1387,github,5632991791,2026-09-29 15:32:49.768221+00,2026-09-29 15:32:51.141657+00,security_threat,security_threat,critical,0.600,60,"{exploit,attack,vulnerability}",,heuristic,pending,,,,f,2026-09-29 15:32:51.141657+00
1389,1388,github,1325180643,2026-09-29 15:32:49.768221+00,2026-09-29 15:32:51.141657+00,critical_security_incident,critical_incident,high,0.450,45,"{rce,security,vulnerability}",,heuristic,pending,,,,f,2026-09-29 15:32:51.141657+00
1390,1389,github,5632990389,2026-09-29 15:32:49.768221+00,2026-09-29 15:32:51.141657+00,general,other,high,0.500,50,"{attack,vulnerability,""denial of service""}",,heuristic,pending,,,,f,2026-09-29 15:32:51.141657+00
1391,1390,github,2660656206,2026-09-29 15:32:49.768221+00,2026-09-29 15:32:51.141657+00,critical_security_incident,critical_incident,critical,0.600,60,"{rce,security,vulnerability}",,heuristic,pending,,,,f,2026-09-29 15:32:51.141657+00
1392,1391,github,5632989018,2026-09-29 15:32:49.768221+00,2026-09-29 15:32:51.141657+00,critical_security_incident,critical_incident,critical,0.650,65,"{rce,vulnerability,""denial of service""}",,heuristic,pending,,,,f,2026-09-29 15:32:51.141657+00
1393,1392,github,5632987794,2026-09-29 15:32:49.768221+00,2026-09-29 15:32:51.141657+00,critical_security_incident,critical_incident,critical,0.750,75,"{rce,attack,vulnerability,""denial of service""}",,heuristic,pending,,,,f,2026-09-29 15:32:51.141657+00
1394,1393,github,4985468045,2026-09-29 15:32:49.768221+00,2026-09-29 15:32:51.141657+00,critical_security_incident,critical_incident,high,0.500,50,"{rce,vulnerability}",,heuristic,pending,,,,f,2026-09-29 15:32:51.141657+00
1395,1394,github,5626305264,2026-09-29 15:32:49.768221+00,2026-09-29 15:32:51.141657+00,general,other,low,0.100,10,{security},,heuristic,pending,,,,f,2026-09-29 15:32:51.141657+00
1396,1395,github,5632986500,2026-09-29 15:32:49.768221+00,2026-09-29 15:32:51.141657+00,general,other,high,0.400,40,"{vulnerability,""denial of service""}",,heuristic,pending,,,,f,2026-09-29 15:32:51.141657+00
1397,1396,github,5463283530,2026-09-29 15:32:49.768221+00,2026-09-29 15:32:51.141657+00,critical_security_incident,critical_incident,critical,0.700,70,"{apt,rce}",,heuristic,pending,,,,f,2026-09-29 15:32:51.141657+00
1398,1397,github,5632985068,2026-09-29 15:32:49.768221+00,2026-09-29 15:32:51.141657+00,critical_security_incident,critical_incident,critical,0.650,65,"{rce,attack,vulnerability}",,heuristic,pending,,,,f,2026-09-29 15:32:51.141657+00
1399,1398,github,5085788425,2026-09-29 15:32:49.768221+00,2026-09-29 15:32:51.141657+00,critical_security_incident,critical_incident,critical,0.700,70,"{apt,exploit}",,heuristic,pending,,,,f,2026-09-29 15:32:51.141657+00
1400,1399,github,5135950045,2026-09-29 15:32:49.768221+00,2026-09-29 15:32:51.141657+00,critical_security_incident,critical_incident,critical,0.600,60,"{rce,security,vulnerability}",,heuristic,pending,,,,f,2026-09-29 15:32:51.141657+00
1401,1400,github,2821292014,2026-09-29 15:32:49.768221+00,2026-09-29 15:32:51.141657+00,critical_security_incident,critical_incident,high,0.450,45,{rce},,heuristic,pending,,,,f,2026-09-29 15:32:51.141657+00
1402,1401,github,3761657776,2026-09-29 15:32:49.768221+00,2026-09-29 15:32:51.141657+00,critical_security_incident,critical_incident,medium,0.350,35,"{rce,security}",,heuristic,pending,,,,f,2026-09-29 15:32:51.141657+00
1403,1402,github,5632983723,2026-09-29 15:32:49.768221+00,2026-09-29 15:32:51.141657+00,critical_security_incident,critical_incident,critical,0.750,75,"{rce,attack,vulnerability,""denial of service""}",,heuristic,pending,,,,f,2026-09-29 15:32:51.141657+00
1404,1403,github,1494280962,2026-09-29 15:32:49.768221+00,2026-09-29 15:32:51.141657+00,critical_security_incident,critical_incident,high,0.450,45,"{rce,security,vulnerability}",,heuristic,pending,,,,f,2026-09-29 15:32:51.141657+00
1405,1404,github,5632982898,2026-09-29 15:32:49.768221+00,2026-09-29 15:32:51.141657+00,critical_security_incident,critical_incident,critical,0.650,65,"{rce,exploit,security,vulnerability}",,heuristic,pending,,,,f,2026-09-29 15:32:51.141657+00
1406,1405,github,5632982393,2026-09-29 15:32:49.768221+00,2026-09-29 15:32:51.141657+00,critical_security_incident,critical_incident,critical,0.650,65,"{rce,attack,vulnerability}",,heuristic,pending,,,,f,2026-09-29 15:32:51.141657+00
1407,1406,github,5597581365,2026-09-29 15:32:49.768221+00,2026-09-29 15:32:51.141657+00,security_threat,security_threat,critical,0.700,70,"{phishing,compromised,attack}",,heuristic,pending,,,,f,2026-09-29 15:32:51.141657+00
1408,1407,github,5632981075,2026-09-29 15:32:49.768221+00,2026-09-29 15:32:51.141657+00,critical_security_incident,critical_incident,high,0.550,55,"{rce,vulnerability}",,heuristic,pending,,,,f,2026-09-29 15:32:51.141657+00
1409,1408,github,5625853866,2026-09-29 15:32:49.768221+00,2026-09-29 15:32:51.141657+00,general,other,medium,0.300,30,{vulnerability},,heuristic,pending,,,,f,2026-09-29 15:32:51.141657+00
1410,1409,github,5632979743,2026-09-29 15:32:49.768221+00,2026-09-29 15:32:51.141657+00,critical_security_incident,critical_incident,critical,0.950,95,"{rce,exploit,attack,vulnerability,""denial of service""}",,heuristic,pending,,,,f,2026-09-29 15:32:51.141657+00
1411,1410,github,5605648587,2026-09-29 15:32:49.768221+00,2026-09-29 15:32:51.141657+00,security_threat,security_threat,high,0.400,40,{cve-},,heuristic,pending,,,,f,2026-09-29 15:32:51.141657+00
1412,1411,github,1331121826,2026-09-29 15:32:49.768221+00,2026-09-29 15:32:51.141657+00,critical_security_incident,critical_incident,high,0.450,45,"{rce,security,vulnerability}",,heuristic,pending,,,,f,2026-09-29 15:32:51.141657+00
1413,1412,github,5632978322,2026-09-29 15:32:49.768221+00,2026-09-29 15:32:51.141657+00,general,other,high,0.500,50,"{attack,vulnerability,""denial of service""}",,heuristic,pending,,,,f,2026-09-29 15:32:51.141657+00
1414,1413,github,2071773423,2026-09-29 15:32:49.768221+00,2026-09-29 15:32:51.141657+00,critical_security_incident,critical_incident,medium,0.350,35,"{rce,security}",,heuristic,pending,,,,f,2026-09-29 15:32:51.141657+00
1415,1414,github,5632977087,2026-09-29 15:32:49.768221+00,2026-09-29 15:32:51.141657+00,critical_security_incident,critical_incident,critical,0.750,75,"{rce,attack,vulnerability,""denial of service""}",,heuristic,pending,,,,f,2026-09-29 15:32:51.141657+00
1416,1415,github,5632975714,2026-09-29 15:32:49.768221+00,2026-09-29 15:32:51.141657+00,critical_security_incident,critical_incident,critical,0.850,85,"{rce,cve-,attack,vulnerability}",,heuristic,pending,,,,f,2026-09-29 15:32:51.141657+00
1417,1416,github,5147824204,2026-09-29 15:32:49.768221+00,2026-09-29 15:32:51.141657+00,general,other,medium,0.200,20,{security},,heuristic,pending,,,,f,2026-09-29 15:32:51.141657+00
1418,1417,github,5632974489,2026-09-29 15:32:49.768221+00,2026-09-29 15:32:51.141657+00,general,other,high,0.500,50,"{attack,vulnerability,""denial of service""}",,heuristic,pending,,,,f,2026-09-29 15:32:51.141657+00
1419,1418,github,5304267686,2026-09-29 15:32:49.768221+00,2026-09-29 15:32:51.141657+00,critical_security_incident,critical_incident,high,0.400,40,"{rce,security}",,heuristic,pending,,,,f,2026-09-29 15:32:51.141657+00
1420,1419,github,5632973269,2026-09-29 15:32:49.768221+00,2026-09-29 15:32:51.141657+00,critical_security_incident,critical_incident,high,0.400,40,"{rce,vulnerability}",,heuristic,pending,,,,f,2026-09-29 15:32:51.141657+00
1421,1420,github,5632973124,2026-09-29 15:32:49.768221+00,2026-09-29 15:32:51.141657+00,security_threat,security_threat,medium,0.250,25,{exploit},,heuristic,pending,,,,f,2026-09-29 15:32:51.141657+00
1422,1421,github,4935814823,2026-09-29 15:32:49.768221+00,2026-09-29 15:32:51.141657+00,critical_security_incident,critical_incident,medium,0.300,30,{rce},,heuristic,pending,,,,f,2026-09-29 15:32:51.141657+00
1423,1422,github,5632971775,2026-09-29 15:32:49.768221+00,2026-09-29 15:32:51.141657+00,security_threat,security_threat,critical,0.650,65,"{exploit,""privilege escalation"",attack,vulnerability}",,heuristic,pending,,,,f,2026-09-29 15:32:51.141657+00
1424,1423,github,5566353998,2026-09-29 15:32:49.768221+00,2026-09-29 15:32:51.141657+00,general,other,low,0.050,5,,,heuristic,pending,,,,f,2026-09-29 15:32:51.141657+00
1425,1424,github,4750184308,2026-09-29 15:32:49.768221+00,2026-09-29 15:32:51.141657+00,critical_security_incident,critical_incident,high,0.400,40,"{rce,vulnerability}",,heuristic,pending,,,,f,2026-09-29 15:32:51.141657+00
1426,1425,github,5632970456,2026-09-29 15:32:49.768221+00,2026-09-29 15:32:51.141657+00,critical_security_incident,critical_incident,high,0.500,50,"{rce,vulnerability,""denial of service""}",,heuristic,pending,,,,f,2026-09-29 15:32:51.141657+00
1427,1426,github,5632969073,2026-09-29 15:32:49.768221+00,2026-09-29 15:32:51.141657+00,critical_security_incident,critical_incident,critical,0.750,75,"{rce,attack,vulnerability,""denial of service""}",,heuristic,pending,,,,f,2026-09-29 15:32:51.141657+00
1428,1427,github,5587518686,2026-09-29 15:32:49.768221+00,2026-09-29 15:32:51.141657+00,critical_security_incident,critical_incident,high,0.400,40,"{rce,vulnerability}",,heuristic,pending,,,,f,2026-09-29 15:32:51.141657+00
1429,1428,github,4239806161,2026-09-29 15:32:49.768221+00,2026-09-29 15:32:51.141657+00,critical_security_incident,critical_incident,medium,0.300,30,{rce},,heuristic,pending,,,,f,2026-09-29 15:32:51.141657+00
1430,1429,github,1590532421,2026-09-29 15:46:00.093216+00,2026-09-29 15:46:01.16417+00,critical_security_incident,critical_incident,high,0.450,45,"{rce,security,vulnerability}",,heuristic,pending,,,,f,2026-09-29 15:46:01.16417+00
1431,1430,github,5633176226,2026-09-29 15:46:00.093216+00,2026-09-29 15:46:01.16417+00,security_threat,security_threat,high,0.550,55,"{""sql injection"",xss,security,vulnerability}",,heuristic,pending,,,,f,2026-09-29 15:46:01.16417+00
1432,1431,github,2556049319,2026-09-29 15:46:00.093216+00,2026-09-29 15:46:01.16417+00,critical_security_incident,critical_incident,critical,0.600,60,"{rce,security,vulnerability}",,heuristic,pending,,,,f,2026-09-29 15:46:01.16417+00
1433,1432,github,5633181402,2026-09-29 15:46:00.093216+00,2026-09-29 15:46:01.16417+00,security_threat,security_threat,medium,0.250,25,{malware},,heuristic,pending,,,,f,2026-09-29 15:46:01.16417+00
1434,1433,github,5472392179,2026-09-29 15:46:00.093216+00,2026-09-29 15:46:01.16417+00,security_threat,security_threat,medium,0.300,30,"{exploit,security}",,heuristic,pending,,,,f,2026-09-29 15:46:01.16417+00
1435,1434,github,5633178900,2026-09-29 15:46:00.093216+00,2026-09-29 15:46:01.16417+00,security_threat,security_threat,critical,0.900,90,"{exploit,cve-,attack,threat,vulnerability}",,heuristic,pending,,,,f,2026-09-29 15:46:01.16417+00
1436,1435,github,5633178812,2026-09-29 15:46:00.093216+00,2026-09-29 15:46:01.16417+00,critical_security_incident,critical_incident,high,0.450,45,"{rce,security,vulnerability}",,heuristic,pending,,,,f,2026-09-29 15:46:01.16417+00
1437,1436,github,5633178502,2026-09-29 15:46:00.093216+00,2026-09-29 15:46:01.16417+00,critical_security_incident,critical_incident,high,0.550,55,"{apt,exploit,security}",,heuristic,pending,,,,f,2026-09-29 15:46:01.16417+00
1438,1437,github,5633178120,2026-09-29 15:46:00.093216+00,2026-09-29 15:46:01.16417+00,security_threat,security_threat,high,0.400,40,"{exploit,security,""denial of service""}",,heuristic,pending,,,,f,2026-09-29 15:46:01.16417+00
1439,1438,github,5627829632,2026-09-29 15:46:00.093216+00,2026-09-29 15:46:01.16417+00,critical_security_incident,critical_incident,critical,0.650,65,"{rce,exploit}",,heuristic,pending,,,,f,2026-09-29 15:46:01.16417+00
1440,1439,github,2363541485,2026-09-29 15:46:00.093216+00,2026-09-29 15:46:01.16417+00,critical_security_incident,critical_incident,high,0.450,45,"{rce,security,vulnerability}",,heuristic,pending,,,,f,2026-09-29 15:46:01.16417+00
1441,1440,github,3843084745,2026-09-29 15:46:00.093216+00,2026-09-29 15:46:01.16417+00,critical_security_incident,critical_incident,critical,0.850,85,"{rce,cve-,attack,vulnerability}",,heuristic,pending,,,,f,2026-09-29 15:46:01.16417+00
1442,1441,github,2818226816,2026-09-29 15:46:00.093216+00,2026-09-29 15:46:01.16417+00,critical_security_incident,critical_incident,critical,0.750,75,"{rce,cve-,vulnerability}",,heuristic,pending,,,,f,2026-09-29 15:46:01.16417+00
1443,1442,github,5603883768,2026-09-29 15:46:00.093216+00,2026-09-29 15:46:01.16417+00,security_threat,security_threat,high,0.450,45,"{exploit,security}",,heuristic,pending,,,,f,2026-09-29 15:46:01.16417+00
1444,1443,github,5633175477,2026-09-29 15:46:00.093216+00,2026-09-29 15:46:01.16417+00,general,other,medium,0.200,20,"{security,vulnerability}",,heuristic,pending,,,,f,2026-09-29 15:46:01.16417+00
1445,1444,github,3135658158,2026-09-29 15:46:00.093216+00,2026-09-29 15:46:01.16417+00,critical_security_incident,critical_incident,critical,0.750,75,"{rce,cve-,vulnerability}",,heuristic,pending,,,,f,2026-09-29 15:46:01.16417+00
1446,1445,github,1793273934,2026-09-29 15:46:00.093216+00,2026-09-29 15:46:01.16417+00,critical_security_incident,critical_incident,high,0.450,45,{rce},,heuristic,pending,,,,f,2026-09-29 15:46:01.16417+00
1447,1446,github,2621063389,2026-09-29 15:46:00.093216+00,2026-09-29 15:46:01.16417+00,critical_security_incident,critical_incident,critical,0.750,75,"{rce,cve-,vulnerability}",,heuristic,pending,,,,f,2026-09-29 15:46:01.16417+00
1448,1447,github,5632514524,2026-09-29 15:46:00.093216+00,2026-09-29 15:46:01.16417+00,critical_security_incident,critical_incident,medium,0.350,35,"{rce,security}",,heuristic,pending,,,,f,2026-09-29 15:46:01.16417+00
1449,1448,github,3770731909,2026-09-29 15:46:00.093216+00,2026-09-29 15:46:01.16417+00,critical_security_incident,critical_incident,critical,0.750,75,"{rce,cve-,vulnerability}",,heuristic,pending,,,,f,2026-09-29 15:46:01.16417+00
1450,1449,github,5633173841,2026-09-29 15:46:00.093216+00,2026-09-29 15:46:01.16417+00,security_threat,security_threat,medium,0.250,25,{exploit},,heuristic,pending,,,,f,2026-09-29 15:46:01.16417+00
1451,1450,github,3625975275,2026-09-29 15:46:00.093216+00,2026-09-29 15:46:01.16417+00,critical_security_incident,critical_incident,critical,0.750,75,"{rce,cve-,vulnerability}",,heuristic,pending,,,,f,2026-09-29 15:46:01.16417+00
1452,1451,github,2956864548,2026-09-29 15:46:00.093216+00,2026-09-29 15:46:01.16417+00,critical_security_incident,critical_incident,critical,0.750,75,"{rce,cve-,vulnerability}",,heuristic,pending,,,,f,2026-09-29 15:46:01.16417+00
1453,1452,github,3775380983,2026-09-29 15:46:00.093216+00,2026-09-29 15:46:01.16417+00,critical_security_incident,critical_incident,high,0.400,40,"{rce,vulnerability}",,heuristic,pending,,,,f,2026-09-29 15:46:01.16417+00
1454,1453,github,2818226455,2026-09-29 15:46:00.093216+00,2026-09-29 15:46:01.16417+00,critical_security_incident,critical_incident,critical,0.750,75,"{rce,cve-,vulnerability}",,heuristic,pending,,,,f,2026-09-29 15:46:01.16417+00
1455,1454,github,5529199028,2026-09-29 15:46:00.093216+00,2026-09-29 15:46:01.16417+00,critical_security_incident,critical_incident,critical,0.800,80,"{rce,cve-,security,vulnerability}",,heuristic,pending,,,,f,2026-09-29 15:46:01.16417+00
1456,1455,github,3961588194,2026-09-29 15:46:00.093216+00,2026-09-29 15:46:01.16417+00,critical_security_incident,critical_incident,critical,0.750,75,"{rce,cve-,vulnerability}",,heuristic,pending,,,,f,2026-09-29 15:46:01.16417+00
1457,1456,github,5632409467,2026-09-29 15:46:00.093216+00,2026-09-29 15:46:01.16417+00,critical_security_incident,critical_incident,medium,0.350,35,{rce},,heuristic,pending,,,,f,2026-09-29 15:46:01.16417+00
1458,1457,github,5632421286,2026-09-29 15:46:00.093216+00,2026-09-29 15:46:01.16417+00,critical_security_incident,critical_incident,high,0.450,45,"{rce,threat,security}",,heuristic,pending,,,,f,2026-09-29 15:46:01.16417+00
1459,1458,github,4670814521,2026-09-29 15:46:00.093216+00,2026-09-29 15:46:01.16417+00,critical_security_incident,critical_incident,critical,0.990,100,"{rce,exploit,cve-,attack,vulnerability}",,heuristic,pending,,,,f,2026-09-29 15:46:01.16417+00
1460,1459,github,2336537805,2026-09-29 15:46:00.093216+00,2026-09-29 15:46:01.16417+00,critical_security_incident,critical_incident,critical,0.750,75,"{rce,cve-,vulnerability}",,heuristic,pending,,,,f,2026-09-29 15:46:01.16417+00
1461,1460,github,5494920256,2026-09-29 15:46:00.093216+00,2026-09-29 15:46:01.16417+00,general,other,low,0.100,10,{security},,heuristic,pending,,,,f,2026-09-29 15:46:01.16417+00
1462,1461,github,4038742215,2026-09-29 15:46:00.093216+00,2026-09-29 15:46:01.16417+00,general,other,medium,0.200,20,{security},,heuristic,pending,,,,f,2026-09-29 15:46:01.16417+00
1463,1462,github,2818226223,2026-09-29 15:46:00.093216+00,2026-09-29 15:46:01.16417+00,critical_security_incident,critical_incident,critical,0.750,75,"{rce,cve-,vulnerability}",,heuristic,pending,,,,f,2026-09-29 15:46:01.16417+00
1464,1463,github,3798062040,2026-09-29 15:46:00.093216+00,2026-09-29 15:46:01.16417+00,critical_security_incident,critical_incident,critical,0.750,75,"{rce,cve-,vulnerability}",,heuristic,pending,,,,f,2026-09-29 15:46:01.16417+00
1465,1464,github,2387857142,2026-09-29 15:46:00.093216+00,2026-09-29 15:46:01.16417+00,critical_security_incident,critical_incident,critical,0.750,75,"{rce,cve-,vulnerability}",,heuristic,pending,,,,f,2026-09-29 15:46:01.16417+00
1466,1465,github,3848981207,2026-09-29 15:46:00.093216+00,2026-09-29 15:46:01.16417+00,critical_security_incident,critical_incident,critical,0.600,60,"{rce,security,vulnerability}",,heuristic,pending,,,,f,2026-09-29 15:46:01.16417+00
1467,1466,github,5601198651,2026-09-29 15:46:00.093216+00,2026-09-29 15:46:01.16417+00,critical_security_incident,critical_incident,critical,0.600,60,"{rce,malware,security}",,heuristic,pending,,,,f,2026-09-29 15:46:01.16417+00
1468,1467,github,2856100744,2026-09-29 15:46:00.093216+00,2026-09-29 15:46:01.16417+00,critical_security_incident,critical_incident,critical,0.990,100,"{rce,exploit,cve-,attack,vulnerability,""denial of service""}",,heuristic,pending,,,,f,2026-09-29 15:46:01.16417+00
1469,1468,github,3843084314,2026-09-29 15:46:00.093216+00,2026-09-29 15:46:01.16417+00,critical_security_incident,critical_incident,critical,0.850,85,"{rce,cve-,attack,vulnerability}",,heuristic,pending,,,,f,2026-09-29 15:46:01.16417+00
1470,1469,github,3625974758,2026-09-29 15:46:00.093216+00,2026-09-29 15:46:01.16417+00,critical_security_incident,critical_incident,critical,0.750,75,"{rce,cve-,vulnerability}",,heuristic,pending,,,,f,2026-09-29 15:46:01.16417+00
1471,1470,github,2724194607,2026-09-29 15:46:00.093216+00,2026-09-29 15:46:01.16417+00,critical_security_incident,critical_incident,critical,0.750,75,"{rce,cve-,vulnerability}",,heuristic,pending,,,,f,2026-09-29 15:46:01.16417+00
1472,1471,github,5165309914,2026-09-29 16:01:00.830814+00,2026-09-29 16:01:01.777071+00,critical_security_incident,critical_incident,medium,0.300,30,{rce},,heuristic,pending,,,,f,2026-09-29 16:01:01.777071+00
1473,1472,github,5633382974,2026-09-29 16:01:00.830814+00,2026-09-29 16:01:01.777071+00,general,other,medium,0.300,30,{vulnerability},,heuristic,pending,,,,f,2026-09-29 16:01:01.777071+00
1474,1473,github,5160726864,2026-09-29 16:01:00.830814+00,2026-09-29 16:01:01.777071+00,general,other,medium,0.350,35,{attack},,heuristic,pending,,,,f,2026-09-29 16:01:01.777071+00
1475,1474,github,5633381671,2026-09-29 16:01:00.830814+00,2026-09-29 16:01:01.777071+00,critical_security_incident,critical_incident,critical,0.990,100,"{apt,rce,""remote code execution"",vulnerability}",,heuristic,pending,,,,f,2026-09-29 16:01:01.777071+00
1476,1475,github,5633380492,2026-09-29 16:01:00.830814+00,2026-09-29 16:01:01.777071+00,critical_security_incident,critical_incident,critical,0.990,100,"{apt,rce,""remote code execution"",vulnerability}",,heuristic,pending,,,,f,2026-09-29 16:01:01.777071+00
1477,1476,github,2026752892,2026-09-29 16:01:00.830814+00,2026-09-29 16:01:01.777071+00,critical_security_incident,critical_incident,medium,0.300,30,{rce},,heuristic,pending,,,,f,2026-09-29 16:01:01.777071+00
1478,1477,github,5633379619,2026-09-29 16:01:00.830814+00,2026-09-29 16:01:01.777071+00,critical_security_incident,critical_incident,critical,0.990,100,"{apt,rce,phishing,malware,ataque,amenaza,ciberataque,seguridad}",,heuristic,pending,,,,f,2026-09-29 16:01:01.777071+00
1479,1478,github,5633379239,2026-09-29 16:01:00.830814+00,2026-09-29 16:01:01.777071+00,critical_security_incident,critical_incident,critical,0.850,85,"{rce,""remote code execution"",vulnerability}",,heuristic,pending,,,,f,2026-09-29 16:01:01.777071+00
1480,1479,github,2861201701,2026-09-29 16:01:00.830814+00,2026-09-29 16:01:01.777071+00,critical_security_incident,critical_incident,critical,0.600,60,"{rce,security,vulnerability}",,heuristic,pending,,,,f,2026-09-29 16:01:01.777071+00
1481,1480,github,5633378057,2026-09-29 16:01:00.830814+00,2026-09-29 16:01:01.777071+00,critical_security_incident,critical_incident,critical,0.850,85,"{rce,""remote code execution"",vulnerability}",,heuristic,pending,,,,f,2026-09-29 16:01:01.777071+00
1482,1481,github,1159750108,2026-09-29 16:01:00.830814+00,2026-09-29 16:01:01.777071+00,critical_security_incident,critical_incident,critical,0.600,60,"{rce,security,vulnerability}",,heuristic,pending,,,,f,2026-09-29 16:01:01.777071+00
1483,1482,github,5633376861,2026-09-29 16:01:00.830814+00,2026-09-29 16:01:01.777071+00,critical_security_incident,critical_incident,critical,0.850,85,"{rce,""remote code execution"",vulnerability}",,heuristic,pending,,,,f,2026-09-29 16:01:01.777071+00
1484,1483,github,5336380714,2026-09-29 16:01:00.830814+00,2026-09-29 16:01:01.777071+00,critical_security_incident,critical_incident,medium,0.350,35,{rce},,heuristic,pending,,,,f,2026-09-29 16:01:01.777071+00
1485,1484,github,2164915197,2026-09-29 16:01:00.830814+00,2026-09-29 16:01:01.777071+00,critical_security_incident,critical_incident,critical,0.600,60,"{rce,security,vulnerability}",,heuristic,pending,,,,f,2026-09-29 16:01:01.777071+00
1486,1485,github,5468785122,2026-09-29 16:01:00.830814+00,2026-09-29 16:01:01.777071+00,critical_security_incident,critical_incident,critical,0.990,100,"{apt,rce,""critical vulnerability"",security,vulnerability}",,heuristic,pending,,,,f,2026-09-29 16:01:01.777071+00
1487,1486,github,1331072311,2026-09-29 16:01:00.830814+00,2026-09-29 16:01:01.777071+00,critical_security_incident,critical_incident,critical,0.600,60,"{rce,security,vulnerability}",,heuristic,pending,,,,f,2026-09-29 16:01:01.777071+00
1488,1487,github,5633375525,2026-09-29 16:01:00.830814+00,2026-09-29 16:01:01.777071+00,critical_security_incident,critical_incident,critical,0.990,100,"{apt,rce,""remote code execution"",vulnerability}",,heuristic,pending,,,,f,2026-09-29 16:01:01.777071+00
1489,1488,github,5633374571,2026-09-29 16:01:00.830814+00,2026-09-29 16:01:01.777071+00,general,other,medium,0.300,30,{vulnerability},,heuristic,pending,,,,f,2026-09-29 16:01:01.777071+00
1490,1489,github,5633374060,2026-09-29 16:01:00.830814+00,2026-09-29 16:01:01.777071+00,critical_security_incident,critical_incident,critical,0.990,100,"{apt,rce,""remote code execution"",vulnerability}",,heuristic,pending,,,,f,2026-09-29 16:01:01.777071+00
1491,1490,github,5633373094,2026-09-29 16:01:00.830814+00,2026-09-29 16:01:01.777071+00,security_threat,security_threat,medium,0.300,30,"{exploit,security}",,heuristic,pending,,,,f,2026-09-29 16:01:01.777071+00
1492,1491,github,5633372783,2026-09-29 16:01:00.830814+00,2026-09-29 16:01:01.777071+00,critical_security_incident,critical_incident,critical,0.850,85,"{rce,""remote code execution"",vulnerability}",,heuristic,pending,,,,f,2026-09-29 16:01:01.777071+00
1493,1492,github,5631876645,2026-09-29 16:01:00.830814+00,2026-09-29 16:01:01.777071+00,critical_security_incident,critical_incident,critical,0.750,75,"{apt,rce,threat,security}",,heuristic,pending,,,,f,2026-09-29 16:01:01.777071+00
1494,1493,github,5633371500,2026-09-29 16:01:00.830814+00,2026-09-29 16:01:01.777071+00,critical_security_incident,critical_incident,critical,0.850,85,"{rce,""remote code execution"",vulnerability}",,heuristic,pending,,,,f,2026-09-29 16:01:01.777071+00
1495,1494,github,5614212736,2026-09-29 16:01:00.830814+00,2026-09-29 16:01:01.777071+00,general,other,medium,0.250,25,"{security,vulnerability}",,heuristic,pending,,,,f,2026-09-29 16:01:01.777071+00
1496,1495,github,2264575222,2026-09-29 16:01:00.830814+00,2026-09-29 16:01:01.777071+00,critical_security_incident,critical_incident,high,0.450,45,"{rce,security,vulnerability}",,heuristic,pending,,,,f,2026-09-29 16:01:01.777071+00
1497,1496,github,1445202441,2026-09-29 16:01:00.830814+00,2026-09-29 16:01:01.777071+00,critical_security_incident,critical_incident,critical,0.600,60,"{rce,security,vulnerability}",,heuristic,pending,,,,f,2026-09-29 16:01:01.777071+00
1498,1497,github,5633370281,2026-09-29 16:01:00.830814+00,2026-09-29 16:01:01.777071+00,critical_security_incident,critical_incident,high,0.550,55,"{rce,vulnerability}",,heuristic,pending,,,,f,2026-09-29 16:01:01.777071+00
1499,1498,github,4979653718,2026-09-29 16:01:00.830814+00,2026-09-29 16:01:01.777071+00,critical_security_incident,critical_incident,high,0.450,45,"{rce,security,vulnerability}",,heuristic,pending,,,,f,2026-09-29 16:01:01.777071+00
1500,1499,github,5633369062,2026-09-29 16:01:00.830814+00,2026-09-29 16:01:01.777071+00,critical_security_incident,critical_incident,critical,0.850,85,"{rce,""remote code execution"",vulnerability}",,heuristic,pending,,,,f,2026-09-29 16:01:01.777071+00
1501,1500,github,1734602499,2026-09-29 16:01:00.830814+00,2026-09-29 16:01:01.777071+00,critical_security_incident,critical_incident,high,0.450,45,{rce},,heuristic,pending,,,,f,2026-09-29 16:01:01.777071+00
1502,1501,github,982556358,2026-09-29 16:01:00.830814+00,2026-09-29 16:01:01.777071+00,critical_security_incident,critical_incident,medium,0.300,30,{rce},,heuristic,pending,,,,f,2026-09-29 16:01:01.777071+00
1503,1502,github,5633367856,2026-09-29 16:01:00.830814+00,2026-09-29 16:01:01.777071+00,critical_security_incident,critical_incident,critical,0.850,85,"{rce,""remote code execution"",vulnerability}",,heuristic,pending,,,,f,2026-09-29 16:01:01.777071+00
1504,1503,github,5633113808,2026-09-29 16:01:00.830814+00,2026-09-29 16:01:01.777071+00,critical_security_incident,critical_incident,medium,0.300,30,{rce},,heuristic,pending,,,,f,2026-09-29 16:01:01.777071+00
1505,1504,github,4291819013,2026-09-29 16:01:00.830814+00,2026-09-29 16:01:01.777071+00,critical_security_incident,critical_incident,medium,0.300,30,{rce},,heuristic,pending,,,,f,2026-09-29 16:01:01.777071+00
1506,1505,github,5629471619,2026-09-29 16:01:00.830814+00,2026-09-29 16:01:01.777071+00,general,other,medium,0.200,20,{incident},,heuristic,pending,,,,f,2026-09-29 16:01:01.777071+00
1507,1506,github,5633366679,2026-09-29 16:01:00.830814+00,2026-09-29 16:01:01.777071+00,critical_security_incident,critical_incident,critical,0.850,85,"{rce,""remote code execution"",vulnerability}",,heuristic,pending,,,,f,2026-09-29 16:01:01.777071+00
1508,1507,github,5633364134,2026-09-29 16:01:00.830814+00,2026-09-29 16:01:01.777071+00,critical_security_incident,critical_incident,high,0.450,45,{rce},,heuristic,pending,,,,f,2026-09-29 16:01:01.777071+00
1509,1508,github,5633363496,2026-09-29 16:01:00.830814+00,2026-09-29 16:01:01.777071+00,security_threat,security_threat,medium,0.250,25,{cve-},,heuristic,pending,,,,f,2026-09-29 16:01:01.777071+00
1510,1509,github,5271129903,2026-09-29 16:15:57.587508+00,2026-09-29 16:15:58.548397+00,critical_security_incident,critical_incident,critical,0.600,60,"{rce,security,vulnerability}",,heuristic,pending,,,,f,2026-09-29 16:15:58.548397+00
1511,1510,github,2600814651,2026-09-29 16:15:57.587508+00,2026-09-29 16:15:58.548397+00,critical_security_incident,critical_incident,critical,0.600,60,"{rce,security,vulnerability}",,heuristic,pending,,,,f,2026-09-29 16:15:58.548397+00
1512,1511,github,5408271025,2026-09-29 16:15:57.587508+00,2026-09-29 16:15:58.548397+00,critical_security_incident,critical_incident,high,0.400,40,"{rce,vulnerability}",,heuristic,pending,,,,f,2026-09-29 16:15:58.548397+00
1513,1512,github,5560723513,2026-09-29 16:15:57.587508+00,2026-09-29 16:15:58.548397+00,critical_security_incident,critical_incident,high,0.550,55,"{rce,exploit}",,heuristic,pending,,,,f,2026-09-29 16:15:58.548397+00
1514,1513,github,5606544311,2026-09-29 16:15:57.587508+00,2026-09-29 16:15:58.548397+00,critical_security_incident,critical_incident,high,0.550,55,"{apt,rce}",,heuristic,pending,,,,f,2026-09-29 16:15:58.548397+00
1515,1514,github,5600494640,2026-09-29 16:15:57.587508+00,2026-09-29 16:15:58.548397+00,general,other,medium,0.300,30,{security},,heuristic,pending,,,,f,2026-09-29 16:15:58.548397+00
1516,1515,github,3252148790,2026-09-29 16:15:57.587508+00,2026-09-29 16:15:58.548397+00,general,other,medium,0.250,25,,,heuristic,pending,,,,f,2026-09-29 16:15:58.548397+00
1517,1516,github,1748954402,2026-09-29 16:15:57.587508+00,2026-09-29 16:15:58.548397+00,critical_security_incident,critical_incident,high,0.450,45,{rce},,heuristic,pending,,,,f,2026-09-29 16:15:58.548397+00
1518,1517,github,5618233477,2026-09-29 16:15:57.587508+00,2026-09-29 16:15:58.548397+00,general,other,low,0.050,5,,,heuristic,pending,,,,f,2026-09-29 16:15:58.548397+00
1519,1518,github,5633130336,2026-09-29 16:15:57.587508+00,2026-09-29 16:15:58.548397+00,critical_security_incident,critical_incident,critical,0.750,75,"{rce,""sql injection"",attack,security,vulnerability}",,heuristic,pending,,,,f,2026-09-29 16:15:58.548397+00
1520,1519,github,1264644590,2026-09-29 16:15:57.587508+00,2026-09-29 16:15:58.548397+00,critical_security_incident,critical_incident,medium,0.300,30,{rce},,heuristic,pending,,,,f,2026-09-29 16:15:58.548397+00
1521,1520,github,5633506839,2026-09-29 16:15:57.587508+00,2026-09-29 16:15:58.548397+00,general,other,low,0.100,10,{security},,heuristic,pending,,,,f,2026-09-29 16:15:58.548397+00
1522,1521,github,5442502403,2026-09-29 16:15:57.587508+00,2026-09-29 16:15:58.548397+00,security_threat,security_threat,critical,0.600,60,"{exploit,attack,vulnerability}",,heuristic,pending,,,,f,2026-09-29 16:15:58.548397+00
1523,1522,github,5633410976,2026-09-29 16:15:57.587508+00,2026-09-29 16:15:58.548397+00,critical_security_incident,critical_incident,high,0.500,50,"{rce,security}",,heuristic,pending,,,,f,2026-09-29 16:15:58.548397+00
1524,1523,github,1683995441,2026-09-29 16:15:57.587508+00,2026-09-29 16:15:58.548397+00,critical_security_incident,critical_incident,medium,0.300,30,{rce},,heuristic,pending,,,,f,2026-09-29 16:15:58.548397+00
1525,1524,github,5024942945,2026-09-29 16:15:57.587508+00,2026-09-29 16:15:58.548397+00,critical_security_incident,critical_incident,high,0.500,50,{rce},,heuristic,pending,,,,f,2026-09-29 16:15:58.548397+00
1526,1525,github,4708599897,2026-09-29 16:15:57.587508+00,2026-09-29 16:15:58.548397+00,critical_security_incident,critical_incident,critical,0.600,60,"{rce,security,vulnerability}",,heuristic,pending,,,,f,2026-09-29 16:15:58.548397+00
1527,1526,github,1824847750,2026-09-29 16:15:57.587508+00,2026-09-29 16:15:58.548397+00,critical_security_incident,critical_incident,medium,0.300,30,{rce},,heuristic,pending,,,,f,2026-09-29 16:15:58.548397+00
1528,1527,github,4007917567,2026-09-29 16:15:57.587508+00,2026-09-29 16:15:58.548397+00,critical_security_incident,critical_incident,high,0.450,45,{rce},,heuristic,pending,,,,f,2026-09-29 16:15:58.548397+00
1529,1528,github,5633554733,2026-09-29 16:15:57.587508+00,2026-09-29 16:15:58.548397+00,general,other,medium,0.200,20,"{security,vulnerability}",,heuristic,pending,,,,f,2026-09-29 16:15:58.548397+00
1530,1529,github,2072678294,2026-09-29 16:15:57.587508+00,2026-09-29 16:15:58.548397+00,critical_security_incident,critical_incident,critical,0.600,60,"{rce,security,vulnerability}",,heuristic,pending,,,,f,2026-09-29 16:15:58.548397+00
1531,1530,github,5633551589,2026-09-29 16:15:57.587508+00,2026-09-29 16:15:58.548397+00,general,other,medium,0.250,25,{security},,heuristic,pending,,,,f,2026-09-29 16:15:58.548397+00
1532,1531,github,1035762557,2026-09-29 16:15:57.587508+00,2026-09-29 16:15:58.548397+00,critical_security_incident,critical_incident,high,0.450,45,"{rce,security,vulnerability}",,heuristic,pending,,,,f,2026-09-29 16:15:58.548397+00
1533,1532,github,2559199001,2026-09-29 16:15:57.587508+00,2026-09-29 16:15:58.548397+00,critical_security_incident,critical_incident,critical,0.600,60,"{rce,security,vulnerability}",,heuristic,pending,,,,f,2026-09-29 16:15:58.548397+00
1534,1533,github,5523447422,2026-09-29 16:15:57.587508+00,2026-09-29 16:15:58.548397+00,security_threat,security_threat,high,0.400,40,{exploit},,heuristic,pending,,,,f,2026-09-29 16:15:58.548397+00
1535,1534,github,5633503776,2026-09-29 16:15:57.587508+00,2026-09-29 16:15:58.548397+00,general,other,low,0.100,10,{security},,heuristic,pending,,,,f,2026-09-29 16:15:58.548397+00
1536,1535,github,1507273314,2026-09-29 16:15:57.587508+00,2026-09-29 16:15:58.548397+00,critical_security_incident,critical_incident,medium,0.300,30,{rce},,heuristic,pending,,,,f,2026-09-29 16:15:58.548397+00
1537,1536,github,2519453795,2026-09-29 16:15:57.587508+00,2026-09-29 16:15:58.548397+00,critical_security_incident,critical_incident,high,0.550,55,"{rce,vulnerability}",,heuristic,pending,,,,f,2026-09-29 16:15:58.548397+00
1538,1537,github,1375212366,2026-09-29 16:15:57.587508+00,2026-09-29 16:15:58.548397+00,critical_security_incident,critical_incident,medium,0.300,30,{rce},,heuristic,pending,,,,f,2026-09-29 16:15:58.548397+00
1539,1538,github,2039284472,2026-09-29 16:15:57.587508+00,2026-09-29 16:15:58.548397+00,critical_security_incident,critical_incident,high,0.450,45,"{rce,security,vulnerability}",,heuristic,pending,,,,f,2026-09-29 16:15:58.548397+00
1540,1539,github,982522970,2026-09-29 16:15:57.587508+00,2026-09-29 16:15:58.548397+00,critical_security_incident,critical_incident,medium,0.300,30,{rce},,heuristic,pending,,,,f,2026-09-29 16:15:58.548397+00
1541,1540,github,5623025803,2026-09-29 16:15:57.587508+00,2026-09-29 16:15:58.548397+00,critical_security_incident,critical_incident,high,0.450,45,"{rce,security,vulnerability}",,heuristic,pending,,,,f,2026-09-29 16:15:58.548397+00
1542,1541,github,5632918611,2026-09-29 16:15:57.587508+00,2026-09-29 16:15:58.548397+00,critical_security_incident,critical_incident,high,0.550,55,"{rce,incident}",,heuristic,pending,,,,f,2026-09-29 16:15:58.548397+00
1543,1542,github,5575844192,2026-09-29 16:15:57.587508+00,2026-09-29 16:15:58.548397+00,critical_security_incident,critical_incident,critical,0.900,90,"{apt,rce}",,heuristic,pending,,,,f,2026-09-29 16:15:58.548397+00
1544,1543,github,978717156,2026-09-29 16:15:57.587508+00,2026-09-29 16:15:58.548397+00,critical_security_incident,critical_incident,medium,0.300,30,{rce},,heuristic,pending,,,,f,2026-09-29 16:15:58.548397+00
1545,1544,github,5633543409,2026-09-29 16:15:57.587508+00,2026-09-29 16:15:58.548397+00,security_threat,security_threat,critical,0.850,85,"{exploit,""privilege escalation"",attack,threat,security}",,heuristic,pending,,,,f,2026-09-29 16:15:58.548397+00
1546,1545,github,982534418,2026-09-29 16:15:57.587508+00,2026-09-29 16:15:58.548397+00,critical_security_incident,critical_incident,critical,0.700,70,"{apt,rce,security,vulnerability}",,heuristic,pending,,,,f,2026-09-29 16:15:58.548397+00
1547,1546,github,1936208832,2026-09-29 16:15:57.587508+00,2026-09-29 16:15:58.548397+00,critical_security_incident,critical_incident,medium,0.300,30,{rce},,heuristic,pending,,,,f,2026-09-29 16:15:58.548397+00
1548,1547,github,5313055434,2026-09-29 16:30:58.664841+00,2026-09-29 16:30:59.663786+00,critical_security_incident,critical_incident,high,0.450,45,"{rce,security,vulnerability}",,heuristic,pending,,,,f,2026-09-29 16:30:59.663786+00
1549,1548,github,3545240558,2026-09-29 16:30:58.664841+00,2026-09-29 16:30:59.663786+00,critical_security_incident,critical_incident,high,0.450,45,{rce},,heuristic,pending,,,,f,2026-09-29 16:30:59.663786+00
1550,1549,github,3327426914,2026-09-29 16:30:58.664841+00,2026-09-29 16:30:59.663786+00,general,other,medium,0.300,30,{vulnerability},,heuristic,pending,,,,f,2026-09-29 16:30:59.663786+00
1551,1550,github,5629585634,2026-09-29 16:30:58.664841+00,2026-09-29 16:30:59.663786+00,critical_security_incident,critical_incident,critical,0.650,65,"{rce,exploit,security,vulnerability}",,heuristic,pending,,,,f,2026-09-29 16:30:59.663786+00
1552,1551,github,5064391621,2026-09-29 16:30:58.664841+00,2026-09-29 16:30:59.663786+00,general,other,high,0.400,40,{threat},,heuristic,pending,,,,f,2026-09-29 16:30:59.663786+00
1553,1552,github,4805346628,2026-09-29 16:30:58.664841+00,2026-09-29 16:30:59.663786+00,critical_security_incident,critical_incident,high,0.450,45,"{rce,security,vulnerability}",,heuristic,pending,,,,f,2026-09-29 16:30:59.663786+00
1554,1553,github,4328623069,2026-09-29 16:30:58.664841+00,2026-09-29 16:30:59.663786+00,general,other,low,0.150,15,{security},,heuristic,pending,,,,f,2026-09-29 16:30:59.663786+00
1555,1554,github,3165218236,2026-09-29 16:30:58.664841+00,2026-09-29 16:30:59.663786+00,critical_security_incident,critical_incident,high,0.550,55,"{rce,vulnerability}",,heuristic,pending,,,,f,2026-09-29 16:30:59.663786+00
1556,1555,github,5632468262,2026-09-29 16:30:58.664841+00,2026-09-29 16:30:59.663786+00,general,other,low,0.050,5,,,heuristic,pending,,,,f,2026-09-29 16:30:59.663786+00
1557,1556,github,3430052844,2026-09-29 16:30:58.664841+00,2026-09-29 16:30:59.663786+00,critical_security_incident,critical_incident,critical,0.600,60,"{rce,security,vulnerability}",,heuristic,pending,,,,f,2026-09-29 16:30:59.663786+00
1558,1557,github,5631742520,2026-09-29 16:30:58.664841+00,2026-09-29 16:30:59.663786+00,critical_security_incident,critical_incident,high,0.400,40,"{rce,security}",,heuristic,pending,,,,f,2026-09-29 16:30:59.663786+00
1559,1558,github,5617232573,2026-09-29 16:30:58.664841+00,2026-09-29 16:30:59.663786+00,critical_security_incident,critical_incident,high,0.450,45,{rce},,heuristic,pending,,,,f,2026-09-29 16:30:59.663786+00
1560,1559,github,5609933586,2026-09-29 16:30:58.664841+00,2026-09-29 16:30:59.663786+00,general,other,medium,0.250,25,{security},,heuristic,pending,,,,f,2026-09-29 16:30:59.663786+00
1561,1560,github,4584397877,2026-09-29 16:30:58.664841+00,2026-09-29 16:30:59.663786+00,general,other,medium,0.200,20,{attack},,heuristic,pending,,,,f,2026-09-29 16:30:59.663786+00
1562,1561,github,5491091047,2026-09-29 16:30:58.664841+00,2026-09-29 16:30:59.663786+00,critical_security_incident,critical_incident,high,0.550,55,"{rce,vulnerability}",,heuristic,pending,,,,f,2026-09-29 16:30:59.663786+00
1563,1562,github,4651238282,2026-09-29 16:30:58.664841+00,2026-09-29 16:30:59.663786+00,critical_security_incident,critical_incident,critical,0.600,60,"{rce,attack}",,heuristic,pending,,,,f,2026-09-29 16:30:59.663786+00
1564,1563,github,3545367379,2026-09-29 16:30:58.664841+00,2026-09-29 16:30:59.663786+00,critical_security_incident,critical_incident,high,0.450,45,{rce},,heuristic,pending,,,,f,2026-09-29 16:30:59.663786+00
1565,1564,github,5606197007,2026-09-29 16:30:58.664841+00,2026-09-29 16:30:59.663786+00,general,other,low,0.100,10,{security},,heuristic,pending,,,,f,2026-09-29 16:30:59.663786+00
1566,1565,github,5633739988,2026-09-29 16:30:58.664841+00,2026-09-29 16:30:59.663786+00,critical_security_incident,critical_incident,critical,0.800,80,"{rce,phishing,xss,attack,security}",,heuristic,pending,,,,f,2026-09-29 16:30:59.663786+00
1567,1566,github,5545607142,2026-09-29 16:30:58.664841+00,2026-09-29 16:30:59.663786+00,critical_security_incident,critical_incident,critical,0.750,75,"{rce,exploit,attack,security,vulnerability}",,heuristic,pending,,,,f,2026-09-29 16:30:59.663786+00
1568,1567,github,5578276181,2026-09-29 16:30:58.664841+00,2026-09-29 16:30:59.663786+00,general,other,medium,0.250,25,{attack},,heuristic,pending,,,,f,2026-09-29 16:30:59.663786+00
1569,1568,github,5633738078,2026-09-29 16:30:58.664841+00,2026-09-29 16:30:59.663786+00,general,other,medium,0.200,20,"{security,vulnerability}",,heuristic,pending,,,,f,2026-09-29 16:30:59.663786+00
1570,1569,github,5628494659,2026-09-29 16:30:58.664841+00,2026-09-29 16:30:59.663786+00,critical_security_incident,critical_incident,critical,0.650,65,"{rce,malware}",,heuristic,pending,,,,f,2026-09-29 16:30:59.663786+00
1571,1570,github,5431462353,2026-09-29 16:30:58.664841+00,2026-09-29 16:30:59.663786+00,general,other,medium,0.200,20,,,heuristic,pending,,,,f,2026-09-29 16:30:59.663786+00
1572,1571,github,5051942176,2026-09-29 16:30:58.664841+00,2026-09-29 16:30:59.663786+00,critical_security_incident,critical_incident,critical,0.650,65,"{""data breach"",rce,security}",,heuristic,pending,,,,f,2026-09-29 16:30:59.663786+00
1573,1572,github,5616734593,2026-09-29 16:30:58.664841+00,2026-09-29 16:30:59.663786+00,general,other,medium,0.350,35,"{security,vulnerability}",,heuristic,pending,,,,f,2026-09-29 16:30:59.663786+00
1574,1573,github,5625030187,2026-09-29 16:30:58.664841+00,2026-09-29 16:30:59.663786+00,security_threat,security_threat,high,0.500,50,"{exploit,security}",,heuristic,pending,,,,f,2026-09-29 16:30:59.663786+00
1575,1574,github,5633684506,2026-09-29 16:30:58.664841+00,2026-09-29 16:30:59.663786+00,security_threat,security_threat,high,0.450,45,"{exploit,security}",,heuristic,pending,,,,f,2026-09-29 16:30:59.663786+00
1576,1575,github,5633729208,2026-09-29 16:30:58.664841+00,2026-09-29 16:30:59.663786+00,security_threat,security_threat,critical,0.800,80,"{exploit,""privilege escalation"",attack,vulnerability}",,heuristic,pending,,,,f,2026-09-29 16:30:59.663786+00
1577,1576,github,4736292061,2026-09-29 16:30:58.664841+00,2026-09-29 16:30:59.663786+00,critical_security_incident,critical_incident,critical,0.600,60,"{rce,xss}",,heuristic,pending,,,,f,2026-09-29 16:30:59.663786+00
1578,1577,github,5590564275,2026-09-29 16:30:58.664841+00,2026-09-29 16:30:59.663786+00,general,other,low,0.050,5,,,heuristic,pending,,,,f,2026-09-29 16:30:59.663786+00
1579,1578,github,5282282271,2026-09-29 16:30:58.664841+00,2026-09-29 16:30:59.663786+00,critical_security_incident,critical_incident,high,0.500,50,"{rce,security}",,heuristic,pending,,,,f,2026-09-29 16:30:59.663786+00
1580,1579,github,5461968758,2026-09-29 16:30:58.664841+00,2026-09-29 16:30:59.663786+00,critical_security_incident,critical_incident,high,0.400,40,"{rce,security}",,heuristic,pending,,,,f,2026-09-29 16:30:59.663786+00
1581,1580,github,5633488621,2026-09-29 16:30:58.664841+00,2026-09-29 16:30:59.663786+00,critical_security_incident,critical_incident,medium,0.350,35,{rce},,heuristic,pending,,,,f,2026-09-29 16:30:59.663786+00
1582,1581,github,3415779304,2026-09-29 16:30:58.664841+00,2026-09-29 16:30:59.663786+00,critical_security_incident,critical_incident,high,0.450,45,"{rce,security,vulnerability}",,heuristic,pending,,,,f,2026-09-29 16:30:59.663786+00
1583,1582,github,3922015728,2026-09-29 16:30:58.664841+00,2026-09-29 16:30:59.663786+00,general,other,low,0.150,15,{vulnerability},,heuristic,pending,,,,f,2026-09-29 16:30:59.663786+00
1584,1583,github,5486064357,2026-09-29 16:30:58.664841+00,2026-09-29 16:30:59.663786+00,general,other,low,0.100,10,,,heuristic,pending,,,,f,2026-09-29 16:30:59.663786+00
1585,1584,github,5633718379,2026-09-29 16:30:58.664841+00,2026-09-29 16:30:59.663786+00,general,other,medium,0.250,25,{security},,heuristic,pending,,,,f,2026-09-29 16:30:59.663786+00
1586,1585,github,5633411757,2026-09-29 16:30:58.664841+00,2026-09-29 16:30:59.663786+00,general,other,low,0.050,5,,,heuristic,pending,,,,f,2026-09-29 16:30:59.663786+00
1587,1586,github,5604606119,2026-09-29 16:30:58.664841+00,2026-09-29 16:30:59.663786+00,general,other,low,0.100,10,,,heuristic,pending,,,,f,2026-09-29 16:30:59.663786+00
1588,1587,github,5633785502,2026-09-29 16:45:58.563828+00,2026-09-29 16:45:59.554598+00,general,other,medium,0.350,35,"{security,vulnerability}",,heuristic,pending,,,,f,2026-09-29 16:45:59.554598+00
1589,1588,github,1589099075,2026-09-29 16:45:58.563828+00,2026-09-29 16:45:59.554598+00,critical_security_incident,critical_incident,high,0.450,45,"{rce,security,vulnerability}",,heuristic,pending,,,,f,2026-09-29 16:45:59.554598+00
1590,1589,github,978706662,2026-09-29 16:45:58.563828+00,2026-09-29 16:45:59.554598+00,critical_security_incident,critical_incident,high,0.450,45,"{rce,security,vulnerability}",,heuristic,pending,,,,f,2026-09-29 16:45:59.554598+00
1591,1590,github,5627108893,2026-09-29 16:45:58.563828+00,2026-09-29 16:45:59.554598+00,critical_security_incident,critical_incident,high,0.550,55,"{rce,security,incident,vulnerability}",,heuristic,pending,,,,f,2026-09-29 16:45:59.554598+00
1592,1591,github,5633940543,2026-09-29 16:45:58.563828+00,2026-09-29 16:45:59.554598+00,critical_security_incident,critical_incident,high,0.450,45,"{rce,security,vulnerability}",,heuristic,pending,,,,f,2026-09-29 16:45:59.554598+00
1593,1592,github,5630555025,2026-09-29 16:45:58.563828+00,2026-09-29 16:45:59.554598+00,general,other,low,0.100,10,,,heuristic,pending,,,,f,2026-09-29 16:45:59.554598+00
1594,1593,github,4512297152,2026-09-29 16:45:58.563828+00,2026-09-29 16:45:59.554598+00,general,other,medium,0.350,35,{security},,heuristic,pending,,,,f,2026-09-29 16:45:59.554598+00
1595,1594,github,5625084411,2026-09-29 16:45:58.563828+00,2026-09-29 16:45:59.554598+00,critical_security_incident,critical_incident,critical,0.650,65,"{rce,malware}",,heuristic,pending,,,,f,2026-09-29 16:45:59.554598+00
1596,1595,github,4375290069,2026-09-29 16:45:58.563828+00,2026-09-29 16:45:59.554598+00,security_threat,security_threat,critical,0.600,60,"{exploit,xss,security}",,heuristic,pending,,,,f,2026-09-29 16:45:59.554598+00
1597,1596,github,5625084617,2026-09-29 16:45:58.563828+00,2026-09-29 16:45:59.554598+00,critical_security_incident,critical_incident,critical,0.600,60,"{rce,exploit,attack}",,heuristic,pending,,,,f,2026-09-29 16:45:59.554598+00
1598,1597,github,1747351179,2026-09-29 16:45:58.563828+00,2026-09-29 16:45:59.554598+00,critical_security_incident,critical_incident,high,0.450,45,"{rce,security,vulnerability}",,heuristic,pending,,,,f,2026-09-29 16:45:59.554598+00
1599,1598,github,4013479054,2026-09-29 16:45:58.563828+00,2026-09-29 16:45:59.554598+00,critical_security_incident,critical_incident,critical,0.700,70,"{apt,rce,security,vulnerability}",,heuristic,pending,,,,f,2026-09-29 16:45:59.554598+00
1600,1599,github,1746064401,2026-09-29 16:45:58.563828+00,2026-09-29 16:45:59.554598+00,critical_security_incident,critical_incident,medium,0.300,30,{rce},,heuristic,pending,,,,f,2026-09-29 16:45:59.554598+00
1601,1600,github,1852060791,2026-09-29 16:45:58.563828+00,2026-09-29 16:45:59.554598+00,critical_security_incident,critical_incident,high,0.450,45,"{rce,security,vulnerability}",,heuristic,pending,,,,f,2026-09-29 16:45:59.554598+00
1602,1601,github,5625085601,2026-09-29 16:45:58.563828+00,2026-09-29 16:45:59.554598+00,critical_security_incident,critical_incident,critical,0.650,65,"{rce,malware}",,heuristic,pending,,,,f,2026-09-29 16:45:59.554598+00
1603,1602,github,2857226985,2026-09-29 16:45:58.563828+00,2026-09-29 16:45:59.554598+00,critical_security_incident,critical_incident,high,0.450,45,{rce},,heuristic,pending,,,,f,2026-09-29 16:45:59.554598+00
1604,1603,github,4059154962,2026-09-29 16:45:58.563828+00,2026-09-29 16:45:59.554598+00,critical_security_incident,critical_incident,high,0.450,45,"{rce,security,vulnerability}",,heuristic,pending,,,,f,2026-09-29 16:45:59.554598+00
1605,1604,github,5625086024,2026-09-29 16:45:58.563828+00,2026-09-29 16:45:59.554598+00,critical_security_incident,critical_incident,critical,0.650,65,"{rce,malware,attack,security}",,heuristic,pending,,,,f,2026-09-29 16:45:59.554598+00
1606,1605,github,5627736102,2026-09-29 16:45:58.563828+00,2026-09-29 16:45:59.554598+00,security_threat,security_threat,medium,0.350,35,"{exploit,security}",,heuristic,pending,,,,f,2026-09-29 16:45:59.554598+00
1607,1606,github,5609089201,2026-09-29 16:45:58.563828+00,2026-09-29 16:45:59.554598+00,general,other,medium,0.350,35,{security},,heuristic,pending,,,,f,2026-09-29 16:45:59.554598+00
1608,1607,github,5625086496,2026-09-29 16:45:58.563828+00,2026-09-29 16:45:59.554598+00,critical_security_incident,critical_incident,high,0.550,55,"{rce,malware,security}",,heuristic,pending,,,,f,2026-09-29 16:45:59.554598+00
1609,1608,github,5633927468,2026-09-29 16:45:58.563828+00,2026-09-29 16:45:59.554598+00,critical_security_incident,critical_incident,critical,0.650,65,"{rce,attack,vulnerability}",,heuristic,pending,,,,f,2026-09-29 16:45:59.554598+00
1610,1609,github,2335561241,2026-09-29 16:45:58.563828+00,2026-09-29 16:45:59.554598+00,critical_security_incident,critical_incident,high,0.450,45,"{rce,security,vulnerability}",,heuristic,pending,,,,f,2026-09-29 16:45:59.554598+00
1611,1610,github,2506365231,2026-09-29 16:45:58.563828+00,2026-09-29 16:45:59.554598+00,general,other,low,0.150,15,{vulnerability},,heuristic,pending,,,,f,2026-09-29 16:45:59.554598+00
1612,1611,github,5625086693,2026-09-29 16:45:58.563828+00,2026-09-29 16:45:59.554598+00,critical_security_incident,critical_incident,critical,0.800,80,"{rce,""remote code execution"",exploit}",,heuristic,pending,,,,f,2026-09-29 16:45:59.554598+00
1613,1612,github,5633915873,2026-09-29 16:45:58.563828+00,2026-09-29 16:45:59.554598+00,critical_security_incident,critical_incident,critical,0.650,65,"{rce,threat,security,incident,vulnerability}",,heuristic,pending,,,,f,2026-09-29 16:45:59.554598+00
1614,1613,github,5625086858,2026-09-29 16:45:58.563828+00,2026-09-29 16:45:59.554598+00,critical_security_incident,critical_incident,high,0.550,55,"{rce,malware,security}",,heuristic,pending,,,,f,2026-09-29 16:45:59.554598+00
1615,1614,github,5633927641,2026-09-29 16:45:58.563828+00,2026-09-29 16:45:59.554598+00,critical_security_incident,critical_incident,high,0.550,55,"{rce,security,incident,vulnerability}",,heuristic,pending,,,,f,2026-09-29 16:45:59.554598+00
1616,1615,github,3813569772,2026-09-29 16:45:58.563828+00,2026-09-29 16:45:59.554598+00,security_threat,security_threat,medium,0.250,25,{cve-},,heuristic,pending,,,,f,2026-09-29 16:45:59.554598+00
1617,1616,github,4791652937,2026-09-29 16:45:58.563828+00,2026-09-29 16:45:59.554598+00,critical_security_incident,critical_incident,high,0.500,50,{rce},,heuristic,pending,,,,f,2026-09-29 16:45:59.554598+00
1618,1617,github,1093197921,2026-09-29 16:45:58.563828+00,2026-09-29 16:45:59.554598+00,critical_security_incident,critical_incident,high,0.450,45,"{rce,security,vulnerability}",,heuristic,pending,,,,f,2026-09-29 16:45:59.554598+00
1619,1618,github,5625087964,2026-09-29 16:45:58.563828+00,2026-09-29 16:45:59.554598+00,security_threat,security_threat,medium,0.300,30,"{malware,security}",,heuristic,pending,,,,f,2026-09-29 16:45:59.554598+00
1620,1619,github,2018966102,2026-09-29 16:45:58.563828+00,2026-09-29 16:45:59.554598+00,critical_security_incident,critical_incident,medium,0.300,30,{rce},,heuristic,pending,,,,f,2026-09-29 16:45:59.554598+00
1621,1620,github,2316310451,2026-09-29 16:45:58.563828+00,2026-09-29 16:45:59.554598+00,critical_security_incident,critical_incident,critical,0.600,60,"{rce,security,vulnerability}",,heuristic,pending,,,,f,2026-09-29 16:45:59.554598+00
1622,1621,github,5633327117,2026-09-29 16:45:58.563828+00,2026-09-29 16:45:59.554598+00,critical_security_incident,critical_incident,critical,0.600,60,"{apt,rce,security}",,heuristic,pending,,,,f,2026-09-29 16:45:59.554598+00
1623,1622,github,5633920598,2026-09-29 16:45:58.563828+00,2026-09-29 16:45:59.554598+00,critical_security_incident,critical_incident,high,0.500,50,"{rce,security}",,heuristic,pending,,,,f,2026-09-29 16:45:59.554598+00
1624,1623,github,5621513676,2026-09-29 16:45:58.563828+00,2026-09-29 16:45:59.554598+00,critical_security_incident,critical_incident,medium,0.350,35,"{rce,security}",,heuristic,pending,,,,f,2026-09-29 16:45:59.554598+00
1625,1624,github,5625089007,2026-09-29 16:45:58.563828+00,2026-09-29 16:45:59.554598+00,security_threat,security_threat,medium,0.250,25,{malware},,heuristic,pending,,,,f,2026-09-29 16:45:59.554598+00
1626,1625,github,5633324780,2026-09-29 16:45:58.563828+00,2026-09-29 16:45:59.554598+00,general,other,low,0.100,10,{security},,heuristic,pending,,,,f,2026-09-29 16:45:59.554598+00
1627,1626,github,5512689463,2026-09-29 16:45:58.563828+00,2026-09-29 16:45:59.554598+00,critical_security_incident,critical_incident,medium,0.350,35,{rce},,heuristic,pending,,,,f,2026-09-29 16:45:59.554598+00
1628,1627,github,5625089190,2026-09-29 16:45:58.563828+00,2026-09-29 16:45:59.554598+00,security_threat,security_threat,high,0.400,40,{malware},,heuristic,pending,,,,f,2026-09-29 16:45:59.554598+00
1629,1628,github,5542514095,2026-09-29 16:45:58.563828+00,2026-09-29 16:45:59.554598+00,critical_security_incident,critical_incident,high,0.400,40,{rce},,heuristic,pending,,,,f,2026-09-29 16:45:59.554598+00
1630,1629,github,5463175375,2026-09-29 17:01:00.769442+00,2026-09-29 17:01:01.537079+00,critical_security_incident,critical_incident,critical,0.990,100,"{rce,exploit,cve-,attack,vulnerability}",,heuristic,pending,,,,f,2026-09-29 17:01:01.537079+00
1631,1630,github,5463175209,2026-09-29 17:01:00.769442+00,2026-09-29 17:01:01.537079+00,critical_security_incident,critical_incident,critical,0.950,95,"{rce,exploit,cve-,vulnerability}",,heuristic,pending,,,,f,2026-09-29 17:01:01.537079+00
1632,1631,github,5629404496,2026-09-29 17:01:00.769442+00,2026-09-29 17:01:01.537079+00,critical_security_incident,critical_incident,critical,0.990,100,"{rce,exploit,cve-,attack,threat,vulnerability}",,heuristic,pending,,,,f,2026-09-29 17:01:01.537079+00
1633,1632,github,5463175018,2026-09-29 17:01:00.769442+00,2026-09-29 17:01:01.537079+00,critical_security_incident,critical_incident,critical,0.950,95,"{rce,exploit,cve-,vulnerability}",,heuristic,pending,,,,f,2026-09-29 17:01:01.537079+00
1634,1633,github,5463174889,2026-09-29 17:01:00.769442+00,2026-09-29 17:01:01.537079+00,critical_security_incident,critical_incident,critical,0.990,100,"{rce,exploit,cve-,threat,vulnerability}",,heuristic,pending,,,,f,2026-09-29 17:01:01.537079+00
1635,1634,github,2416125576,2026-09-29 17:01:00.769442+00,2026-09-29 17:01:01.537079+00,critical_security_incident,critical_incident,high,0.450,45,"{rce,security,vulnerability}",,heuristic,pending,,,,f,2026-09-29 17:01:01.537079+00
1636,1635,github,982554130,2026-09-29 17:01:00.769442+00,2026-09-29 17:01:01.537079+00,critical_security_incident,critical_incident,critical,0.600,60,"{rce,security,vulnerability}",,heuristic,pending,,,,f,2026-09-29 17:01:01.537079+00
1637,1636,github,5463174754,2026-09-29 17:01:00.769442+00,2026-09-29 17:01:01.537079+00,critical_security_incident,critical_incident,critical,0.950,95,"{rce,exploit,cve-,vulnerability}",,heuristic,pending,,,,f,2026-09-29 17:01:01.537079+00
1638,1637,github,5629199237,2026-09-29 17:01:00.769442+00,2026-09-29 17:01:01.537079+00,general,other,medium,0.200,20,"{security,vulnerability}",,heuristic,pending,,,,f,2026-09-29 17:01:01.537079+00
1639,1638,github,5463174558,2026-09-29 17:01:00.769442+00,2026-09-29 17:01:01.537079+00,critical_security_incident,critical_incident,critical,0.950,95,"{rce,exploit,cve-,vulnerability}",,heuristic,pending,,,,f,2026-09-29 17:01:01.537079+00
1640,1639,github,5603314075,2026-09-29 17:01:00.769442+00,2026-09-29 17:01:01.537079+00,general,other,medium,0.250,25,,,heuristic,pending,,,,f,2026-09-29 17:01:01.537079+00
1641,1640,github,5463174379,2026-09-29 17:01:00.769442+00,2026-09-29 17:01:01.537079+00,critical_security_incident,critical_incident,critical,0.950,95,"{rce,exploit,cve-,vulnerability}",,heuristic,pending,,,,f,2026-09-29 17:01:01.537079+00
1642,1641,github,5463174147,2026-09-29 17:01:00.769442+00,2026-09-29 17:01:01.537079+00,critical_security_incident,critical_incident,critical,0.950,95,"{rce,exploit,cve-,vulnerability}",,heuristic,pending,,,,f,2026-09-29 17:01:01.537079+00
1643,1642,github,5463173939,2026-09-29 17:01:00.769442+00,2026-09-29 17:01:01.537079+00,critical_security_incident,critical_incident,critical,0.990,100,"{rce,exploit,cve-,threat,vulnerability}",,heuristic,pending,,,,f,2026-09-29 17:01:01.537079+00
1644,1643,github,5463173764,2026-09-29 17:01:00.769442+00,2026-09-29 17:01:01.537079+00,critical_security_incident,critical_incident,critical,0.800,80,"{rce,exploit,cve-,vulnerability}",,heuristic,pending,,,,f,2026-09-29 17:01:01.537079+00
1645,1644,github,5463173613,2026-09-29 17:01:00.769442+00,2026-09-29 17:01:01.537079+00,critical_security_incident,critical_incident,critical,0.990,100,"{rce,exploit,cve-,threat,vulnerability,""denial of service""}",,heuristic,pending,,,,f,2026-09-29 17:01:01.537079+00
1646,1645,github,5634112844,2026-09-29 17:01:00.769442+00,2026-09-29 17:01:01.537079+00,critical_security_incident,critical_incident,critical,0.990,100,"{rce,exploit,compromised,xss}",,heuristic,pending,,,,f,2026-09-29 17:01:01.537079+00
1647,1646,github,5634111982,2026-09-29 17:01:00.769442+00,2026-09-29 17:01:01.537079+00,critical_security_incident,critical_incident,critical,0.750,75,"{rce,exploit,attack}",,heuristic,pending,,,,f,2026-09-29 17:01:01.537079+00
1648,1647,github,954155978,2026-09-29 17:01:00.769442+00,2026-09-29 17:01:01.537079+00,critical_security_incident,critical_incident,critical,0.600,60,"{rce,security,vulnerability}",,heuristic,pending,,,,f,2026-09-29 17:01:01.537079+00
1649,1648,github,5634072725,2026-09-29 17:01:00.769442+00,2026-09-29 17:01:01.537079+00,critical_security_incident,critical_incident,critical,0.750,75,"{apt,rce,security}",,heuristic,pending,,,,f,2026-09-29 17:01:01.537079+00
1650,1649,github,3826306832,2026-09-29 17:01:00.769442+00,2026-09-29 17:01:01.537079+00,critical_security_incident,critical_incident,high,0.450,45,"{rce,security,vulnerability}",,heuristic,pending,,,,f,2026-09-29 17:01:01.537079+00
1651,1650,github,5571921729,2026-09-29 17:01:00.769442+00,2026-09-29 17:01:01.537079+00,general,other,medium,0.200,20,"{security,vulnerability}",,heuristic,pending,,,,f,2026-09-29 17:01:01.537079+00
1652,1651,github,5634106636,2026-09-29 17:01:00.769442+00,2026-09-29 17:01:01.537079+00,general,other,low,0.100,10,{security},,heuristic,pending,,,,f,2026-09-29 17:01:01.537079+00
1653,1652,github,5000112576,2026-09-29 17:01:00.769442+00,2026-09-29 17:01:01.537079+00,critical_security_incident,critical_incident,high,0.450,45,"{rce,security,vulnerability}",,heuristic,pending,,,,f,2026-09-29 17:01:01.537079+00
1654,1653,github,5605711322,2026-09-29 17:01:00.769442+00,2026-09-29 17:01:01.537079+00,general,other,medium,0.250,25,,,heuristic,pending,,,,f,2026-09-29 17:01:01.537079+00
1655,1654,github,5634103121,2026-09-29 17:01:00.769442+00,2026-09-29 17:01:01.537079+00,security_threat,security_threat,medium,0.300,30,"{exploit,security}",,heuristic,pending,,,,f,2026-09-29 17:01:01.537079+00
1656,1655,github,5634102801,2026-09-29 17:01:00.769442+00,2026-09-29 17:01:01.537079+00,security_threat,security_threat,medium,0.250,25,{cve-},,heuristic,pending,,,,f,2026-09-29 17:01:01.537079+00
1657,1656,github,1444256672,2026-09-29 17:01:00.769442+00,2026-09-29 17:01:01.537079+00,critical_security_incident,critical_incident,medium,0.300,30,{rce},,heuristic,pending,,,,f,2026-09-29 17:01:01.537079+00
1658,1657,github,1253100106,2026-09-29 17:01:00.769442+00,2026-09-29 17:01:01.537079+00,critical_security_incident,critical_incident,high,0.450,45,"{rce,security,vulnerability}",,heuristic,pending,,,,f,2026-09-29 17:01:01.537079+00
1659,1658,github,5459997316,2026-09-29 17:01:00.769442+00,2026-09-29 17:01:01.537079+00,critical_security_incident,critical_incident,high,0.500,50,"{rce,exploit}",,heuristic,pending,,,,f,2026-09-29 17:01:01.537079+00
1660,1659,github,2648688733,2026-09-29 17:01:00.769442+00,2026-09-29 17:01:01.537079+00,critical_security_incident,critical_incident,high,0.450,45,{rce},,heuristic,pending,,,,f,2026-09-29 17:01:01.537079+00
1661,1660,github,5627234804,2026-09-29 17:01:00.769442+00,2026-09-29 17:01:01.537079+00,critical_security_incident,critical_incident,medium,0.300,30,{rce},,heuristic,pending,,,,f,2026-09-29 17:01:01.537079+00
1662,1661,github,2543079359,2026-09-29 17:01:00.769442+00,2026-09-29 17:01:01.537079+00,critical_security_incident,critical_incident,high,0.450,45,{rce},,heuristic,pending,,,,f,2026-09-29 17:01:01.537079+00
1663,1662,github,2034223182,2026-09-29 17:01:00.769442+00,2026-09-29 17:01:01.537079+00,critical_security_incident,critical_incident,high,0.450,45,{rce},,heuristic,pending,,,,f,2026-09-29 17:01:01.537079+00
1664,1663,github,5622092846,2026-09-29 17:01:00.769442+00,2026-09-29 17:01:01.537079+00,critical_security_incident,critical_incident,critical,0.650,65,"{rce,security,vulnerability}",,heuristic,pending,,,,f,2026-09-29 17:01:01.537079+00
1665,1664,github,1156800127,2026-09-29 17:01:00.769442+00,2026-09-29 17:01:01.537079+00,critical_security_incident,critical_incident,high,0.450,45,"{rce,security,vulnerability}",,heuristic,pending,,,,f,2026-09-29 17:01:01.537079+00
1666,1665,hackernews,49896625,2026-09-29 17:15:58.075183+00,2026-09-29 17:15:59.183316+00,critical_security_incident,critical_incident,critical,0.800,80,"{zero-day,exploit,attack}",,heuristic,pending,,,,f,2026-09-29 17:15:59.183316+00
1667,1666,github,3057864662,2026-09-29 17:15:58.075183+00,2026-09-29 17:15:59.183316+00,critical_security_incident,critical_incident,high,0.450,45,{rce},,heuristic,pending,,,,f,2026-09-29 17:15:59.183316+00
1668,1667,github,5622931546,2026-09-29 17:15:58.075183+00,2026-09-29 17:15:59.183316+00,critical_security_incident,critical_incident,high,0.550,55,"{apt,rce}",,heuristic,pending,,,,f,2026-09-29 17:15:59.183316+00
1669,1668,github,3057263785,2026-09-29 17:15:58.075183+00,2026-09-29 17:15:59.183316+00,general,other,low,0.150,15,{vulnerability},,heuristic,pending,,,,f,2026-09-29 17:15:59.183316+00
1670,1669,github,5505083771,2026-09-29 17:15:58.075183+00,2026-09-29 17:15:59.183316+00,general,other,medium,0.200,20,"{security,vulnerability}",,heuristic,pending,,,,f,2026-09-29 17:15:59.183316+00
1671,1670,github,1936141942,2026-09-29 17:15:58.075183+00,2026-09-29 17:15:59.183316+00,critical_security_incident,critical_incident,medium,0.300,30,{rce},,heuristic,pending,,,,f,2026-09-29 17:15:59.183316+00
1672,1671,github,5461724080,2026-09-29 17:15:58.075183+00,2026-09-29 17:15:59.183316+00,security_threat,security_threat,high,0.450,45,{exploit},,heuristic,pending,,,,f,2026-09-29 17:15:59.183316+00
1673,1672,github,2268411684,2026-09-29 17:15:58.075183+00,2026-09-29 17:15:59.183316+00,critical_security_incident,critical_incident,high,0.550,55,"{rce,vulnerability}",,heuristic,pending,,,,f,2026-09-29 17:15:59.183316+00
1674,1673,github,3517091023,2026-09-29 17:15:58.075183+00,2026-09-29 17:15:59.183316+00,critical_security_incident,critical_incident,high,0.450,45,{rce},,heuristic,pending,,,,f,2026-09-29 17:15:59.183316+00
1675,1674,github,1029545145,2026-09-29 17:15:58.075183+00,2026-09-29 17:15:59.183316+00,critical_security_incident,critical_incident,critical,0.600,60,"{rce,security,vulnerability}",,heuristic,pending,,,,f,2026-09-29 17:15:59.183316+00
1676,1675,github,2024417125,2026-09-29 17:15:58.075183+00,2026-09-29 17:15:59.183316+00,critical_security_incident,critical_incident,critical,0.600,60,"{rce,security,vulnerability}",,heuristic,pending,,,,f,2026-09-29 17:15:59.183316+00
1677,1676,github,4429016676,2026-09-29 17:15:58.075183+00,2026-09-29 17:15:59.183316+00,critical_security_incident,critical_incident,critical,0.850,85,"{apt,rce,security,vulnerability}",,heuristic,pending,,,,f,2026-09-29 17:15:59.183316+00
1678,1677,github,1353051177,2026-09-29 17:15:58.075183+00,2026-09-29 17:15:59.183316+00,critical_security_incident,critical_incident,high,0.450,45,"{rce,security,vulnerability}",,heuristic,pending,,,,f,2026-09-29 17:15:59.183316+00
1679,1678,github,4194310127,2026-09-29 17:15:58.075183+00,2026-09-29 17:15:59.183316+00,critical_security_incident,critical_incident,high,0.450,45,{rce},,heuristic,pending,,,,f,2026-09-29 17:15:59.183316+00
1680,1679,github,5248812605,2026-09-29 17:15:58.075183+00,2026-09-29 17:15:59.183316+00,critical_security_incident,critical_incident,critical,0.650,65,"{rce,exploit}",,heuristic,pending,,,,f,2026-09-29 17:15:59.183316+00
1681,1680,github,5634279896,2026-09-29 17:15:58.075183+00,2026-09-29 17:15:59.183316+00,security_threat,security_threat,critical,0.600,60,"{exploit,attack,vulnerability}",,heuristic,pending,,,,f,2026-09-29 17:15:59.183316+00
1682,1681,github,4859679928,2026-09-29 17:15:58.075183+00,2026-09-29 17:15:59.183316+00,critical_security_incident,critical_incident,high,0.450,45,{rce},,heuristic,pending,,,,f,2026-09-29 17:15:59.183316+00
1683,1682,github,4273204360,2026-09-29 17:15:58.075183+00,2026-09-29 17:15:59.183316+00,critical_security_incident,critical_incident,high,0.450,45,{rce},,heuristic,pending,,,,f,2026-09-29 17:15:59.183316+00
1684,1683,github,1056221491,2026-09-29 17:15:58.075183+00,2026-09-29 17:15:59.183316+00,critical_security_incident,critical_incident,high,0.450,45,"{rce,security,vulnerability}",,heuristic,pending,,,,f,2026-09-29 17:15:59.183316+00
1685,1684,github,4977178640,2026-09-29 17:15:58.075183+00,2026-09-29 17:15:59.183316+00,general,other,low,0.150,15,{vulnerability},,heuristic,pending,,,,f,2026-09-29 17:15:59.183316+00
1686,1685,github,2763829663,2026-09-29 17:15:58.075183+00,2026-09-29 17:15:59.183316+00,critical_security_incident,critical_incident,high,0.450,45,"{rce,security,vulnerability}",,heuristic,pending,,,,f,2026-09-29 17:15:59.183316+00
1687,1686,github,4601487790,2026-09-29 17:15:58.075183+00,2026-09-29 17:15:59.183316+00,critical_security_incident,critical_incident,high,0.550,55,"{apt,rce}",,heuristic,pending,,,,f,2026-09-29 17:15:59.183316+00
1688,1687,github,4193893821,2026-09-29 17:15:58.075183+00,2026-09-29 17:15:59.183316+00,critical_security_incident,critical_incident,high,0.450,45,{rce},,heuristic,pending,,,,f,2026-09-29 17:15:59.183316+00
1689,1688,github,3228100274,2026-09-29 17:15:58.075183+00,2026-09-29 17:15:59.183316+00,critical_security_incident,critical_incident,high,0.450,45,{rce},,heuristic,pending,,,,f,2026-09-29 17:15:59.183316+00
1690,1689,github,2669695516,2026-09-29 17:15:58.075183+00,2026-09-29 17:15:59.183316+00,critical_security_incident,critical_incident,medium,0.300,30,{rce},,heuristic,pending,,,,f,2026-09-29 17:15:59.183316+00
1691,1690,github,1518329977,2026-09-29 17:15:58.075183+00,2026-09-29 17:15:59.183316+00,critical_security_incident,critical_incident,high,0.450,45,"{rce,security,vulnerability}",,heuristic,pending,,,,f,2026-09-29 17:15:59.183316+00
1692,1691,github,5634168606,2026-09-29 17:15:58.075183+00,2026-09-29 17:15:59.183316+00,general,other,low,0.050,5,,,heuristic,pending,,,,f,2026-09-29 17:15:59.183316+00
1693,1692,github,2724677841,2026-09-29 17:15:58.075183+00,2026-09-29 17:15:59.183316+00,critical_security_incident,critical_incident,high,0.450,45,{rce},,heuristic,pending,,,,f,2026-09-29 17:15:59.183316+00
1694,1693,github,4640049606,2026-09-29 17:15:58.075183+00,2026-09-29 17:15:59.183316+00,critical_security_incident,critical_incident,high,0.450,45,{rce},,heuristic,pending,,,,f,2026-09-29 17:15:59.183316+00
1695,1694,github,5512671757,2026-09-29 17:15:58.075183+00,2026-09-29 17:15:59.183316+00,general,other,medium,0.300,30,{security},,heuristic,pending,,,,f,2026-09-29 17:15:59.183316+00
1696,1695,github,4613956225,2026-09-29 17:15:58.075183+00,2026-09-29 17:15:59.183316+00,critical_security_incident,critical_incident,high,0.450,45,"{rce,security,vulnerability}",,heuristic,pending,,,,f,2026-09-29 17:15:59.183316+00
1697,1696,github,4438434148,2026-09-29 17:15:58.075183+00,2026-09-29 17:15:59.183316+00,general,other,medium,0.200,20,,,heuristic,pending,,,,f,2026-09-29 17:15:59.183316+00
1698,1697,github,3068171501,2026-09-29 17:15:58.075183+00,2026-09-29 17:15:59.183316+00,critical_security_incident,critical_incident,high,0.450,45,{rce},,heuristic,pending,,,,f,2026-09-29 17:15:59.183316+00
1699,1698,github,2511706473,2026-09-29 17:15:58.075183+00,2026-09-29 17:15:59.183316+00,critical_security_incident,critical_incident,high,0.450,45,"{rce,security,vulnerability}",,heuristic,pending,,,,f,2026-09-29 17:15:59.183316+00
1700,1699,github,5625639986,2026-09-29 17:15:58.075183+00,2026-09-29 17:15:59.183316+00,critical_security_incident,critical_incident,high,0.550,55,"{rce,security}",,heuristic,pending,,,,f,2026-09-29 17:15:59.183316+00
1701,1700,github,5634273523,2026-09-29 17:15:58.075183+00,2026-09-29 17:15:59.183316+00,security_threat,security_threat,medium,0.350,35,"{xss,security,vulnerability}",,heuristic,pending,,,,f,2026-09-29 17:15:59.183316+00
1702,1701,github,3686793283,2026-09-29 17:15:58.075183+00,2026-09-29 17:15:59.183316+00,critical_security_incident,critical_incident,high,0.450,45,{rce},,heuristic,pending,,,,f,2026-09-29 17:15:59.183316+00
1703,1702,github,5349582687,2026-09-29 17:15:58.075183+00,2026-09-29 17:15:59.183316+00,general,other,high,0.400,40,"{threat,security}",,heuristic,pending,,,,f,2026-09-29 17:15:59.183316+00
1704,1703,github,5600116340,2026-09-29 17:15:58.075183+00,2026-09-29 17:15:59.183316+00,critical_security_incident,critical_incident,high,0.500,50,{rce},,heuristic,pending,,,,f,2026-09-29 17:15:59.183316+00
1705,1704,github,5537479061,2026-09-29 17:15:58.075183+00,2026-09-29 17:15:59.183316+00,general,other,medium,0.200,20,"{security,vulnerability}",,heuristic,pending,,,,f,2026-09-29 17:15:59.183316+00
1706,1705,github,2442435806,2026-09-29 17:15:58.075183+00,2026-09-29 17:15:59.183316+00,general,other,low,0.050,5,,,heuristic,pending,,,,f,2026-09-29 17:15:59.183316+00
1707,1706,github,3686822654,2026-09-29 17:15:58.075183+00,2026-09-29 17:15:59.183316+00,critical_security_incident,critical_incident,high,0.450,45,{rce},,heuristic,pending,,,,f,2026-09-29 17:15:59.183316+00
1708,1707,github,5436806842,2026-09-29 17:15:58.075183+00,2026-09-29 17:15:59.183316+00,critical_security_incident,critical_incident,high,0.450,45,"{rce,security}",,heuristic,pending,,,,f,2026-09-29 17:15:59.183316+00
1709,1708,hackernews,49897058,2026-09-29 17:30:57.954876+00,2026-09-29 17:30:59.407283+00,general,other,low,0.100,10,{security},,heuristic,pending,,,,f,2026-09-29 17:30:59.407283+00
1710,1709,github,5632096627,2026-09-29 17:30:57.954876+00,2026-09-29 17:30:59.407283+00,critical_security_incident,critical_incident,high,0.450,45,"{rce,security,vulnerability}",,heuristic,pending,,,,f,2026-09-29 17:30:59.407283+00
1711,1710,github,5628541314,2026-09-29 17:30:57.954876+00,2026-09-29 17:30:59.407283+00,critical_security_incident,critical_incident,critical,0.750,75,"{rce,""sql injection"",attack,security,vulnerability}",,heuristic,pending,,,,f,2026-09-29 17:30:59.407283+00
1712,1711,github,5628540973,2026-09-29 17:30:57.954876+00,2026-09-29 17:30:59.407283+00,critical_security_incident,critical_incident,critical,0.750,75,"{rce,""sql injection"",attack,security,vulnerability}",,heuristic,pending,,,,f,2026-09-29 17:30:59.407283+00
1713,1712,github,5628540641,2026-09-29 17:30:57.954876+00,2026-09-29 17:30:59.407283+00,critical_security_incident,critical_incident,critical,0.750,75,"{rce,""sql injection"",attack,security,vulnerability}",,heuristic,pending,,,,f,2026-09-29 17:30:59.407283+00
1714,1713,github,5628540206,2026-09-29 17:30:57.954876+00,2026-09-29 17:30:59.407283+00,critical_security_incident,critical_incident,critical,0.750,75,"{rce,""sql injection"",attack,security,vulnerability}",,heuristic,pending,,,,f,2026-09-29 17:30:59.407283+00
1715,1714,github,5628539827,2026-09-29 17:30:57.954876+00,2026-09-29 17:30:59.407283+00,critical_security_incident,critical_incident,critical,0.750,75,"{rce,""sql injection"",attack,security,vulnerability}",,heuristic,pending,,,,f,2026-09-29 17:30:59.407283+00
1716,1715,github,5628539521,2026-09-29 17:30:57.954876+00,2026-09-29 17:30:59.407283+00,critical_security_incident,critical_incident,critical,0.750,75,"{rce,""sql injection"",attack,security,vulnerability}",,heuristic,pending,,,,f,2026-09-29 17:30:59.407283+00
1717,1716,github,5628539155,2026-09-29 17:30:57.954876+00,2026-09-29 17:30:59.407283+00,critical_security_incident,critical_incident,critical,0.750,75,"{rce,""sql injection"",attack,security,vulnerability}",,heuristic,pending,,,,f,2026-09-29 17:30:59.407283+00
1718,1717,github,4290432412,2026-09-29 17:30:57.954876+00,2026-09-29 17:30:59.407283+00,critical_security_incident,critical_incident,medium,0.300,30,{rce},,heuristic,pending,,,,f,2026-09-29 17:30:59.407283+00
1719,1718,github,5628538653,2026-09-29 17:30:57.954876+00,2026-09-29 17:30:59.407283+00,critical_security_incident,critical_incident,critical,0.750,75,"{rce,""sql injection"",attack,security,vulnerability}",,heuristic,pending,,,,f,2026-09-29 17:30:59.407283+00
1720,1719,github,5628538305,2026-09-29 17:30:57.954876+00,2026-09-29 17:30:59.407283+00,critical_security_incident,critical_incident,critical,0.750,75,"{rce,""sql injection"",attack,security,vulnerability}",,heuristic,pending,,,,f,2026-09-29 17:30:59.407283+00
1721,1720,github,5628537949,2026-09-29 17:30:57.954876+00,2026-09-29 17:30:59.407283+00,critical_security_incident,critical_incident,critical,0.650,65,"{rce,""sql injection"",security,vulnerability}",,heuristic,pending,,,,f,2026-09-29 17:30:59.407283+00
1722,1721,github,5606124196,2026-09-29 17:30:57.954876+00,2026-09-29 17:30:59.407283+00,general,other,high,0.450,45,"{attack,security,vulnerability}",,heuristic,pending,,,,f,2026-09-29 17:30:59.407283+00
1723,1722,github,5628537576,2026-09-29 17:30:57.954876+00,2026-09-29 17:30:59.407283+00,critical_security_incident,critical_incident,critical,0.750,75,"{rce,""sql injection"",attack,security,vulnerability}",,heuristic,pending,,,,f,2026-09-29 17:30:59.407283+00
1724,1723,github,5628537058,2026-09-29 17:30:57.954876+00,2026-09-29 17:30:59.407283+00,critical_security_incident,critical_incident,critical,0.750,75,"{rce,""sql injection"",attack,security,vulnerability}",,heuristic,pending,,,,f,2026-09-29 17:30:59.407283+00
1725,1724,github,5628536715,2026-09-29 17:30:57.954876+00,2026-09-29 17:30:59.407283+00,critical_security_incident,critical_incident,critical,0.650,65,"{rce,""sql injection"",security,vulnerability}",,heuristic,pending,,,,f,2026-09-29 17:30:59.407283+00
1726,1725,github,5628536384,2026-09-29 17:30:57.954876+00,2026-09-29 17:30:59.407283+00,critical_security_incident,critical_incident,critical,0.750,75,"{rce,""sql injection"",attack,security,vulnerability}",,heuristic,pending,,,,f,2026-09-29 17:30:59.407283+00
1727,1726,github,5628536075,2026-09-29 17:30:57.954876+00,2026-09-29 17:30:59.407283+00,critical_security_incident,critical_incident,critical,0.750,75,"{rce,""sql injection"",attack,security,vulnerability}",,heuristic,pending,,,,f,2026-09-29 17:30:59.407283+00
1728,1727,github,4859727136,2026-09-29 17:30:57.954876+00,2026-09-29 17:30:59.407283+00,critical_security_incident,critical_incident,high,0.500,50,"{rce,security}",,heuristic,pending,,,,f,2026-09-29 17:30:59.407283+00
1729,1728,github,5628535659,2026-09-29 17:30:57.954876+00,2026-09-29 17:30:59.407283+00,critical_security_incident,critical_incident,critical,0.750,75,"{rce,""sql injection"",attack,security,vulnerability}",,heuristic,pending,,,,f,2026-09-29 17:30:59.407283+00
1730,1729,github,5628535305,2026-09-29 17:30:57.954876+00,2026-09-29 17:30:59.407283+00,critical_security_incident,critical_incident,critical,0.750,75,"{rce,""sql injection"",attack,security,vulnerability}",,heuristic,pending,,,,f,2026-09-29 17:30:59.407283+00
1731,1730,github,5628534934,2026-09-29 17:30:57.954876+00,2026-09-29 17:30:59.407283+00,critical_security_incident,critical_incident,critical,0.750,75,"{rce,""sql injection"",attack,security,vulnerability}",,heuristic,pending,,,,f,2026-09-29 17:30:59.407283+00
1732,1731,github,5628534495,2026-09-29 17:30:57.954876+00,2026-09-29 17:30:59.407283+00,critical_security_incident,critical_incident,critical,0.750,75,"{rce,""sql injection"",attack,security,vulnerability}",,heuristic,pending,,,,f,2026-09-29 17:30:59.407283+00
1733,1732,github,5633864291,2026-09-29 17:30:57.954876+00,2026-09-29 17:30:59.407283+00,critical_security_incident,critical_incident,high,0.500,50,"{rce,security}",,heuristic,pending,,,,f,2026-09-29 17:30:59.407283+00
1734,1733,github,5628534200,2026-09-29 17:30:57.954876+00,2026-09-29 17:30:59.407283+00,critical_security_incident,critical_incident,critical,0.750,75,"{rce,""sql injection"",attack,security,vulnerability}",,heuristic,pending,,,,f,2026-09-29 17:30:59.407283+00
1735,1734,github,1031041282,2026-09-29 17:30:57.954876+00,2026-09-29 17:30:59.407283+00,critical_security_incident,critical_incident,critical,0.600,60,"{rce,security,vulnerability}",,heuristic,pending,,,,f,2026-09-29 17:30:59.407283+00
1736,1735,github,5628533858,2026-09-29 17:30:57.954876+00,2026-09-29 17:30:59.407283+00,critical_security_incident,critical_incident,critical,0.750,75,"{rce,""sql injection"",attack,security,vulnerability}",,heuristic,pending,,,,f,2026-09-29 17:30:59.407283+00
1737,1736,github,5628533499,2026-09-29 17:30:57.954876+00,2026-09-29 17:30:59.407283+00,critical_security_incident,critical_incident,critical,0.750,75,"{rce,""sql injection"",attack,security,vulnerability}",,heuristic,pending,,,,f,2026-09-29 17:30:59.407283+00
1738,1737,github,5628533181,2026-09-29 17:30:57.954876+00,2026-09-29 17:30:59.407283+00,critical_security_incident,critical_incident,critical,0.750,75,"{rce,""sql injection"",attack,security,vulnerability}",,heuristic,pending,,,,f,2026-09-29 17:30:59.407283+00
1739,1738,github,5628532732,2026-09-29 17:30:57.954876+00,2026-09-29 17:30:59.407283+00,critical_security_incident,critical_incident,critical,0.750,75,"{rce,""sql injection"",attack,security,vulnerability}",,heuristic,pending,,,,f,2026-09-29 17:30:59.407283+00
1740,1739,github,5628532309,2026-09-29 17:30:57.954876+00,2026-09-29 17:30:59.407283+00,critical_security_incident,critical_incident,critical,0.750,75,"{rce,""sql injection"",attack,security,vulnerability}",,heuristic,pending,,,,f,2026-09-29 17:30:59.407283+00
1741,1740,github,5628531951,2026-09-29 17:30:57.954876+00,2026-09-29 17:30:59.407283+00,critical_security_incident,critical_incident,critical,0.750,75,"{rce,""sql injection"",attack,security,vulnerability}",,heuristic,pending,,,,f,2026-09-29 17:30:59.407283+00
1742,1741,github,5628531645,2026-09-29 17:30:57.954876+00,2026-09-29 17:30:59.407283+00,critical_security_incident,critical_incident,critical,0.750,75,"{rce,""sql injection"",attack,security,vulnerability}",,heuristic,pending,,,,f,2026-09-29 17:30:59.407283+00
1743,1742,github,5628531165,2026-09-29 17:30:57.954876+00,2026-09-29 17:30:59.407283+00,critical_security_incident,critical_incident,critical,0.750,75,"{rce,""sql injection"",attack,security,vulnerability}",,heuristic,pending,,,,f,2026-09-29 17:30:59.407283+00
1744,1743,github,5628530807,2026-09-29 17:30:57.954876+00,2026-09-29 17:30:59.407283+00,critical_security_incident,critical_incident,critical,0.750,75,"{rce,""sql injection"",attack,security,vulnerability}",,heuristic,pending,,,,f,2026-09-29 17:30:59.407283+00
1745,1744,github,5628530461,2026-09-29 17:30:57.954876+00,2026-09-29 17:30:59.407283+00,critical_security_incident,critical_incident,critical,0.750,75,"{rce,""sql injection"",attack,security,vulnerability}",,heuristic,pending,,,,f,2026-09-29 17:30:59.407283+00
1746,1745,github,5628530124,2026-09-29 17:30:57.954876+00,2026-09-29 17:30:59.407283+00,critical_security_incident,critical_incident,critical,0.750,75,"{rce,""sql injection"",attack,security,vulnerability}",,heuristic,pending,,,,f,2026-09-29 17:30:59.407283+00
1747,1746,github,5628529775,2026-09-29 17:30:57.954876+00,2026-09-29 17:30:59.407283+00,critical_security_incident,critical_incident,critical,0.750,75,"{rce,""sql injection"",attack,security,vulnerability}",,heuristic,pending,,,,f,2026-09-29 17:30:59.407283+00
1748,1747,github,5628529311,2026-09-29 17:30:57.954876+00,2026-09-29 17:30:59.407283+00,critical_security_incident,critical_incident,critical,0.750,75,"{rce,""sql injection"",attack,security,vulnerability}",,heuristic,pending,,,,f,2026-09-29 17:30:59.407283+00
1749,1748,github,5628528970,2026-09-29 17:30:57.954876+00,2026-09-29 17:30:59.407283+00,critical_security_incident,critical_incident,critical,0.750,75,"{rce,""sql injection"",attack,security,vulnerability}",,heuristic,pending,,,,f,2026-09-29 17:30:59.407283+00
1750,1749,github,2582785065,2026-09-29 17:30:57.954876+00,2026-09-29 17:30:59.407283+00,critical_security_incident,critical_incident,medium,0.300,30,{rce},,heuristic,pending,,,,f,2026-09-29 17:30:59.407283+00
1751,1750,github,5628528625,2026-09-29 17:30:57.954876+00,2026-09-29 17:30:59.407283+00,critical_security_incident,critical_incident,critical,0.750,75,"{rce,""sql injection"",attack,security,vulnerability}",,heuristic,pending,,,,f,2026-09-29 17:30:59.407283+00
1752,1751,github,5628528309,2026-09-29 17:30:57.954876+00,2026-09-29 17:30:59.407283+00,critical_security_incident,critical_incident,critical,0.750,75,"{rce,""sql injection"",attack,security,vulnerability}",,heuristic,pending,,,,f,2026-09-29 17:30:59.407283+00
1753,1752,github,5628527966,2026-09-29 17:30:57.954876+00,2026-09-29 17:30:59.407283+00,critical_security_incident,critical_incident,critical,0.750,75,"{rce,""sql injection"",attack,security,vulnerability}",,heuristic,pending,,,,f,2026-09-29 17:30:59.407283+00
1754,1753,github,5628527610,2026-09-29 17:30:57.954876+00,2026-09-29 17:30:59.407283+00,critical_security_incident,critical_incident,critical,0.750,75,"{rce,""sql injection"",attack,security,vulnerability}",,heuristic,pending,,,,f,2026-09-29 17:30:59.407283+00
1755,1754,github,4226170919,2026-09-29 17:45:58.146905+00,2026-09-29 17:45:59.40509+00,critical_security_incident,critical_incident,high,0.400,40,"{rce,vulnerability}",,heuristic,pending,,,,f,2026-09-29 17:45:59.40509+00
1756,1755,github,772683159,2026-09-29 17:45:58.146905+00,2026-09-29 17:45:59.40509+00,critical_security_incident,critical_incident,critical,0.600,60,"{rce,security,vulnerability}",,heuristic,pending,,,,f,2026-09-29 17:45:59.40509+00
1757,1756,github,4804271831,2026-09-29 17:45:58.146905+00,2026-09-29 17:45:59.40509+00,critical_security_incident,critical_incident,medium,0.350,35,{rce},,heuristic,pending,,,,f,2026-09-29 17:45:59.40509+00
1758,1757,github,1224630220,2026-09-29 17:45:58.146905+00,2026-09-29 17:45:59.40509+00,critical_security_incident,critical_incident,high,0.450,45,"{rce,security,vulnerability}",,heuristic,pending,,,,f,2026-09-29 17:45:59.40509+00
1759,1758,github,5634643908,2026-09-29 17:45:58.146905+00,2026-09-29 17:45:59.40509+00,general,other,medium,0.300,30,{vulnerability},,heuristic,pending,,,,f,2026-09-29 17:45:59.40509+00
1760,1759,github,5629586535,2026-09-29 17:45:58.146905+00,2026-09-29 17:45:59.40509+00,critical_security_incident,critical_incident,medium,0.350,35,"{rce,security}",,heuristic,pending,,,,f,2026-09-29 17:45:59.40509+00
1761,1760,github,5550117479,2026-09-29 17:45:58.146905+00,2026-09-29 17:45:59.40509+00,general,other,medium,0.300,30,{vulnerability},,heuristic,pending,,,,f,2026-09-29 17:45:59.40509+00
1762,1761,github,5634179178,2026-09-29 17:45:58.146905+00,2026-09-29 17:45:59.40509+00,critical_security_incident,critical_incident,high,0.450,45,{rce},,heuristic,pending,,,,f,2026-09-29 17:45:59.40509+00
1763,1762,github,1046463887,2026-09-29 17:45:58.146905+00,2026-09-29 17:45:59.40509+00,critical_security_incident,critical_incident,high,0.450,45,"{rce,security,vulnerability}",,heuristic,pending,,,,f,2026-09-29 17:45:59.40509+00
1764,1763,github,2528603847,2026-09-29 17:45:58.146905+00,2026-09-29 17:45:59.40509+00,critical_security_incident,critical_incident,high,0.450,45,"{rce,security,vulnerability}",,heuristic,pending,,,,f,2026-09-29 17:45:59.40509+00
1765,1764,github,978716496,2026-09-29 17:45:58.146905+00,2026-09-29 17:45:59.40509+00,critical_security_incident,critical_incident,high,0.450,45,{rce},,heuristic,pending,,,,f,2026-09-29 17:45:59.40509+00
1766,1765,github,5383229655,2026-09-29 17:45:58.146905+00,2026-09-29 17:45:59.40509+00,security_threat,security_threat,high,0.450,45,"{exploit,compromised}",,heuristic,pending,,,,f,2026-09-29 17:45:59.40509+00
1767,1766,github,5291444034,2026-09-29 17:45:58.146905+00,2026-09-29 17:45:59.40509+00,critical_security_incident,critical_incident,medium,0.300,30,{rce},,heuristic,pending,,,,f,2026-09-29 17:45:59.40509+00
1768,1767,github,2180555689,2026-09-29 17:45:58.146905+00,2026-09-29 17:45:59.40509+00,critical_security_incident,critical_incident,medium,0.300,30,{rce},,heuristic,pending,,,,f,2026-09-29 17:45:59.40509+00
1769,1768,github,1626951279,2026-09-29 17:45:58.146905+00,2026-09-29 17:45:59.40509+00,critical_security_incident,critical_incident,medium,0.300,30,{rce},,heuristic,pending,,,,f,2026-09-29 17:45:59.40509+00
1770,1769,github,1031011603,2026-09-29 17:45:58.146905+00,2026-09-29 17:45:59.40509+00,critical_security_incident,critical_incident,medium,0.300,30,{rce},,heuristic,pending,,,,f,2026-09-29 17:45:59.40509+00
1771,1770,github,5634120396,2026-09-29 17:45:58.146905+00,2026-09-29 17:45:59.40509+00,critical_security_incident,critical_incident,critical,0.850,85,"{rce,cve-,security,""denial of service""}",,heuristic,pending,,,,f,2026-09-29 17:45:59.40509+00
1772,1771,github,5630913587,2026-09-29 17:45:58.146905+00,2026-09-29 17:45:59.40509+00,critical_security_incident,critical_incident,critical,0.750,75,"{apt,rce}",,heuristic,pending,,,,f,2026-09-29 17:45:59.40509+00
1773,1772,github,2007017453,2026-09-29 17:45:58.146905+00,2026-09-29 17:45:59.40509+00,critical_security_incident,critical_incident,high,0.450,45,"{rce,security,vulnerability}",,heuristic,pending,,,,f,2026-09-29 17:45:59.40509+00
1774,1773,github,1998978784,2026-09-29 17:45:58.146905+00,2026-09-29 17:45:59.40509+00,critical_security_incident,critical_incident,high,0.450,45,"{rce,security,vulnerability}",,heuristic,pending,,,,f,2026-09-29 17:45:59.40509+00
1775,1774,github,4751003397,2026-09-29 17:45:58.146905+00,2026-09-29 17:45:59.40509+00,critical_security_incident,critical_incident,high,0.450,45,"{rce,security,vulnerability}",,heuristic,pending,,,,f,2026-09-29 17:45:59.40509+00
1776,1775,github,1366938147,2026-09-29 17:45:58.146905+00,2026-09-29 17:45:59.40509+00,critical_security_incident,critical_incident,high,0.450,45,"{rce,security,vulnerability}",,heuristic,pending,,,,f,2026-09-29 17:45:59.40509+00
1777,1776,github,5143727284,2026-09-29 17:45:58.146905+00,2026-09-29 17:45:59.40509+00,general,other,medium,0.200,20,,,heuristic,pending,,,,f,2026-09-29 17:45:59.40509+00
1778,1777,github,2129228431,2026-09-29 17:45:58.146905+00,2026-09-29 17:45:59.40509+00,general,other,low,0.050,5,,,heuristic,pending,,,,f,2026-09-29 17:45:59.40509+00
1779,1778,github,1956285704,2026-09-29 17:45:58.146905+00,2026-09-29 17:45:59.40509+00,critical_security_incident,critical_incident,high,0.450,45,"{rce,security,vulnerability}",,heuristic,pending,,,,f,2026-09-29 17:45:59.40509+00
1780,1779,github,3147872589,2026-09-29 17:45:58.146905+00,2026-09-29 17:45:59.40509+00,critical_security_incident,critical_incident,high,0.400,40,"{rce,threat}",,heuristic,pending,,,,f,2026-09-29 17:45:59.40509+00
1781,1780,github,2860616232,2026-09-29 17:45:58.146905+00,2026-09-29 17:45:59.40509+00,critical_security_incident,critical_incident,high,0.450,45,"{rce,security,vulnerability}",,heuristic,pending,,,,f,2026-09-29 17:45:59.40509+00
1782,1781,github,5611156199,2026-09-29 17:45:58.146905+00,2026-09-29 17:45:59.40509+00,critical_security_incident,critical_incident,medium,0.300,30,{rce},,heuristic,pending,,,,f,2026-09-29 17:45:59.40509+00
1783,1782,github,5589031291,2026-09-29 17:45:58.146905+00,2026-09-29 17:45:59.40509+00,critical_security_incident,critical_incident,high,0.450,45,{rce},,heuristic,pending,,,,f,2026-09-29 17:45:59.40509+00
1784,1783,github,2335988083,2026-09-29 17:45:58.146905+00,2026-09-29 17:45:59.40509+00,critical_security_incident,critical_incident,high,0.450,45,"{rce,security,vulnerability}",,heuristic,pending,,,,f,2026-09-29 17:45:59.40509+00
1785,1784,github,3743904095,2026-09-29 17:45:58.146905+00,2026-09-29 17:45:59.40509+00,critical_security_incident,critical_incident,critical,0.750,75,"{apt,malware,security}",,heuristic,pending,,,,f,2026-09-29 17:45:59.40509+00
1786,1785,github,3961130304,2026-09-29 17:45:58.146905+00,2026-09-29 17:45:59.40509+00,critical_security_incident,critical_incident,high,0.450,45,"{rce,security,vulnerability}",,heuristic,pending,,,,f,2026-09-29 17:45:59.40509+00
1787,1786,github,3044388720,2026-09-29 17:45:58.146905+00,2026-09-29 17:45:59.40509+00,critical_security_incident,critical_incident,high,0.450,45,"{rce,security,vulnerability}",,heuristic,pending,,,,f,2026-09-29 17:45:59.40509+00
1788,1787,github,2086426250,2026-09-29 17:45:58.146905+00,2026-09-29 17:45:59.40509+00,critical_security_incident,critical_incident,medium,0.300,30,{rce},,heuristic,pending,,,,f,2026-09-29 17:45:59.40509+00
1789,1788,github,3848749476,2026-09-29 17:45:58.146905+00,2026-09-29 17:45:59.40509+00,critical_security_incident,critical_incident,medium,0.300,30,{rce},,heuristic,pending,,,,f,2026-09-29 17:45:59.40509+00
1790,1789,github,5076867182,2026-09-29 17:45:58.146905+00,2026-09-29 17:45:59.40509+00,general,other,medium,0.200,20,,,heuristic,pending,,,,f,2026-09-29 17:45:59.40509+00
1791,1790,github,1251105301,2026-09-29 18:01:00.874779+00,2026-09-29 18:01:02.181191+00,general,other,medium,0.250,25,,,heuristic,pending,,,,f,2026-09-29 18:01:02.181191+00
1792,1791,github,5633239673,2026-09-29 18:01:00.874779+00,2026-09-29 18:01:02.181191+00,general,other,low,0.100,10,{security},,heuristic,pending,,,,f,2026-09-29 18:01:02.181191+00
1793,1792,github,5633650557,2026-09-29 18:01:00.874779+00,2026-09-29 18:01:02.181191+00,security_threat,security_threat,high,0.450,45,"{malware,security}",,heuristic,pending,,,,f,2026-09-29 18:01:02.181191+00
1794,1793,github,5535851314,2026-09-29 18:01:00.874779+00,2026-09-29 18:01:02.181191+00,critical_security_incident,critical_incident,medium,0.350,35,"{""data breach""}",,heuristic,pending,,,,f,2026-09-29 18:01:02.181191+00
1795,1794,github,5623077979,2026-09-29 18:01:00.874779+00,2026-09-29 18:01:02.181191+00,critical_security_incident,critical_incident,high,0.400,40,"{rce,vulnerability}",,heuristic,pending,,,,f,2026-09-29 18:01:02.181191+00
1796,1795,github,3216369258,2026-09-29 18:01:00.874779+00,2026-09-29 18:01:02.181191+00,critical_security_incident,critical_incident,high,0.450,45,"{rce,security,vulnerability}",,heuristic,pending,,,,f,2026-09-29 18:01:02.181191+00
1797,1796,github,1313494362,2026-09-29 18:01:00.874779+00,2026-09-29 18:01:02.181191+00,critical_security_incident,critical_incident,high,0.450,45,"{rce,security,vulnerability}",,heuristic,pending,,,,f,2026-09-29 18:01:02.181191+00
1798,1797,github,5558619825,2026-09-29 18:01:00.874779+00,2026-09-29 18:01:02.181191+00,general,other,high,0.400,40,"{security,vulnerability}",,heuristic,pending,,,,f,2026-09-29 18:01:02.181191+00
1799,1798,github,5292123901,2026-09-29 18:01:00.874779+00,2026-09-29 18:01:02.181191+00,security_threat,security_threat,high,0.400,40,"{cve-,security,vulnerability}",,heuristic,pending,,,,f,2026-09-29 18:01:02.181191+00
1800,1799,github,2392681453,2026-09-29 18:01:00.874779+00,2026-09-29 18:01:02.181191+00,critical_security_incident,critical_incident,critical,0.600,60,"{rce,security,vulnerability}",,heuristic,pending,,,,f,2026-09-29 18:01:02.181191+00
1801,1800,github,5623092537,2026-09-29 18:01:00.874779+00,2026-09-29 18:01:02.181191+00,general,other,medium,0.200,20,"{security,vulnerability}",,heuristic,pending,,,,f,2026-09-29 18:01:02.181191+00
1802,1801,github,978723991,2026-09-29 18:01:00.874779+00,2026-09-29 18:01:02.181191+00,critical_security_incident,critical_incident,high,0.450,45,"{rce,security,vulnerability}",,heuristic,pending,,,,f,2026-09-29 18:01:02.181191+00
1803,1802,github,5634625743,2026-09-29 18:01:00.874779+00,2026-09-29 18:01:02.181191+00,critical_security_incident,critical_incident,medium,0.300,30,{rce},,heuristic,pending,,,,f,2026-09-29 18:01:02.181191+00
1804,1803,github,5634811452,2026-09-29 18:01:00.874779+00,2026-09-29 18:01:02.181191+00,critical_security_incident,critical_incident,critical,0.990,100,"{apt,phishing,exploit,trojan,attack,security,vulnerability}",,heuristic,pending,,,,f,2026-09-29 18:01:02.181191+00
1805,1804,github,5634810896,2026-09-29 18:01:00.874779+00,2026-09-29 18:01:02.181191+00,critical_security_incident,critical_incident,critical,0.990,100,"{apt,phishing,exploit,trojan,attack,security,vulnerability}",,heuristic,pending,,,,f,2026-09-29 18:01:02.181191+00
1806,1805,github,5596303893,2026-09-29 18:01:00.874779+00,2026-09-29 18:01:02.181191+00,critical_security_incident,critical_incident,high,0.550,55,"{rce,attack,security,vulnerability}",,heuristic,pending,,,,f,2026-09-29 18:01:02.181191+00
1807,1806,github,982551176,2026-09-29 18:01:00.874779+00,2026-09-29 18:01:02.181191+00,critical_security_incident,critical_incident,high,0.450,45,"{rce,security,vulnerability}",,heuristic,pending,,,,f,2026-09-29 18:01:02.181191+00
1808,1807,github,2956170084,2026-09-29 18:01:00.874779+00,2026-09-29 18:01:02.181191+00,critical_security_incident,critical_incident,high,0.450,45,"{rce,security,vulnerability}",,heuristic,pending,,,,f,2026-09-29 18:01:02.181191+00
1809,1808,github,5633861914,2026-09-29 18:01:00.874779+00,2026-09-29 18:01:02.181191+00,critical_security_incident,critical_incident,high,0.550,55,"{apt,attack}",,heuristic,pending,,,,f,2026-09-29 18:01:02.181191+00
1810,1809,github,5634386605,2026-09-29 18:01:00.874779+00,2026-09-29 18:01:02.181191+00,critical_security_incident,critical_incident,high,0.400,40,"{rce,security}",,heuristic,pending,,,,f,2026-09-29 18:01:02.181191+00
1811,1810,github,617671840,2026-09-29 18:01:00.874779+00,2026-09-29 18:01:02.181191+00,critical_security_incident,critical_incident,medium,0.300,30,{rce},,heuristic,pending,,,,f,2026-09-29 18:01:02.181191+00
1812,1811,github,5634617824,2026-09-29 18:01:00.874779+00,2026-09-29 18:01:02.181191+00,critical_security_incident,critical_incident,high,0.400,40,"{rce,security}",,heuristic,pending,,,,f,2026-09-29 18:01:02.181191+00
1813,1812,github,3035700846,2026-09-29 18:01:00.874779+00,2026-09-29 18:01:02.181191+00,critical_security_incident,critical_incident,high,0.450,45,"{rce,security,vulnerability}",,heuristic,pending,,,,f,2026-09-29 18:01:02.181191+00
1814,1813,github,1373598040,2026-09-29 18:01:00.874779+00,2026-09-29 18:01:02.181191+00,critical_security_incident,critical_incident,high,0.450,45,"{rce,security,vulnerability}",,heuristic,pending,,,,f,2026-09-29 18:01:02.181191+00
1815,1814,github,1316876157,2026-09-29 18:01:00.874779+00,2026-09-29 18:01:02.181191+00,critical_security_incident,critical_incident,critical,0.700,70,"{apt,rce,security,vulnerability}",,heuristic,pending,,,,f,2026-09-29 18:01:02.181191+00
1816,1815,github,4245694404,2026-09-29 18:01:00.874779+00,2026-09-29 18:01:02.181191+00,critical_security_incident,critical_incident,critical,0.600,60,"{rce,security,vulnerability}",,heuristic,pending,,,,f,2026-09-29 18:01:02.181191+00
1817,1816,github,5622492780,2026-09-29 18:01:00.874779+00,2026-09-29 18:01:02.181191+00,general,other,low,0.050,5,,,heuristic,pending,,,,f,2026-09-29 18:01:02.181191+00
1818,1817,github,1143879540,2026-09-29 18:01:00.874779+00,2026-09-29 18:01:02.181191+00,general,other,medium,0.300,30,{vulnerability},,heuristic,pending,,,,f,2026-09-29 18:01:02.181191+00
1819,1818,github,5634806005,2026-09-29 18:01:00.874779+00,2026-09-29 18:01:02.181191+00,security_threat,security_threat,high,0.500,50,"{phishing,malware,security}",,heuristic,pending,,,,f,2026-09-29 18:01:02.181191+00
1820,1819,github,3480563644,2026-09-29 18:01:00.874779+00,2026-09-29 18:01:02.181191+00,critical_security_incident,critical_incident,high,0.450,45,"{rce,security,vulnerability}",,heuristic,pending,,,,f,2026-09-29 18:01:02.181191+00
1821,1820,github,2108650840,2026-09-29 18:01:00.874779+00,2026-09-29 18:01:02.181191+00,critical_security_incident,critical_incident,high,0.450,45,"{rce,security,vulnerability}",,heuristic,pending,,,,f,2026-09-29 18:01:02.181191+00
1822,1821,github,5633862134,2026-09-29 18:01:00.874779+00,2026-09-29 18:01:02.181191+00,critical_security_incident,critical_incident,critical,0.650,65,"{apt,attack,vulnerability}",,heuristic,pending,,,,f,2026-09-29 18:01:02.181191+00
1823,1822,github,3402995870,2026-09-29 18:01:00.874779+00,2026-09-29 18:01:02.181191+00,critical_security_incident,critical_incident,critical,0.600,60,"{rce,security,vulnerability}",,heuristic,pending,,,,f,2026-09-29 18:01:02.181191+00
1824,1823,github,1756250923,2026-09-29 18:01:00.874779+00,2026-09-29 18:01:02.181191+00,critical_security_incident,critical_incident,high,0.450,45,"{rce,security,vulnerability}",,heuristic,pending,,,,f,2026-09-29 18:01:02.181191+00
1825,1824,github,5620152584,2026-09-29 18:01:00.874779+00,2026-09-29 18:01:02.181191+00,critical_security_incident,critical_incident,high,0.500,50,"{rce,exploit}",,heuristic,pending,,,,f,2026-09-29 18:01:02.181191+00
1826,1825,github,5620152209,2026-09-29 18:01:00.874779+00,2026-09-29 18:01:02.181191+00,security_threat,security_threat,medium,0.250,25,{exploit},,heuristic,pending,,,,f,2026-09-29 18:01:02.181191+00
1827,1826,github,5634799887,2026-09-29 18:01:00.874779+00,2026-09-29 18:01:02.181191+00,critical_security_incident,critical_incident,medium,0.300,30,{rce},,heuristic,pending,,,,f,2026-09-29 18:01:02.181191+00
1828,1827,github,2004109288,2026-09-29 18:01:00.874779+00,2026-09-29 18:01:02.181191+00,critical_security_incident,critical_incident,critical,0.600,60,"{rce,security,vulnerability}",,heuristic,pending,,,,f,2026-09-29 18:01:02.181191+00
1829,1828,github,4336233011,2026-09-29 18:01:00.874779+00,2026-09-29 18:01:02.181191+00,critical_security_incident,critical_incident,high,0.450,45,"{rce,security,vulnerability}",,heuristic,pending,,,,f,2026-09-29 18:01:02.181191+00
1830,1829,github,5495851344,2026-09-29 18:01:00.874779+00,2026-09-29 18:01:02.181191+00,critical_security_incident,critical_incident,critical,0.900,90,"{rce,cve-,attack,threat}",,heuristic,pending,,,,f,2026-09-29 18:01:02.181191+00
1831,1830,github,1509710835,2026-09-29 18:01:00.874779+00,2026-09-29 18:01:02.181191+00,critical_security_incident,critical_incident,medium,0.300,30,{rce},,heuristic,pending,,,,f,2026-09-29 18:01:02.181191+00
1832,1831,github,5634789566,2026-09-29 18:01:00.874779+00,2026-09-29 18:01:02.181191+00,security_threat,security_threat,critical,0.650,65,"{cve-,xss,attack}",,heuristic,pending,,,,f,2026-09-29 18:01:02.181191+00
1833,1832,github,5558620354,2026-09-29 18:01:00.874779+00,2026-09-29 18:01:02.181191+00,general,other,high,0.400,40,"{security,vulnerability}",,heuristic,pending,,,,f,2026-09-29 18:01:02.181191+00
1834,1833,hackernews,49897817,2026-09-29 18:15:58.594466+00,2026-09-29 18:15:59.730177+00,general,other,medium,0.250,25,{security},,heuristic,pending,,,,f,2026-09-29 18:15:59.730177+00
1835,1834,github,5629816141,2026-09-29 18:15:58.594466+00,2026-09-29 18:15:59.730177+00,critical_security_incident,critical_incident,medium,0.350,35,"{""data breach""}",,heuristic,pending,,,,f,2026-09-29 18:15:59.730177+00
1836,1835,github,2883863229,2026-09-29 18:15:58.594466+00,2026-09-29 18:15:59.730177+00,general,other,low,0.100,10,,,heuristic,pending,,,,f,2026-09-29 18:15:59.730177+00
1837,1836,github,1531124691,2026-09-29 18:15:58.594466+00,2026-09-29 18:15:59.730177+00,critical_security_incident,critical_incident,critical,0.600,60,"{rce,security,vulnerability}",,heuristic,pending,,,,f,2026-09-29 18:15:59.730177+00
1838,1837,github,5560468077,2026-09-29 18:15:58.594466+00,2026-09-29 18:15:59.730177+00,critical_security_incident,critical_incident,medium,0.350,35,{rce},,heuristic,pending,,,,f,2026-09-29 18:15:59.730177+00
1839,1838,github,5519165205,2026-09-29 18:15:58.594466+00,2026-09-29 18:15:59.730177+00,critical_security_incident,critical_incident,high,0.400,40,{rce},,heuristic,pending,,,,f,2026-09-29 18:15:59.730177+00
1840,1839,github,3677041117,2026-09-29 18:15:58.594466+00,2026-09-29 18:15:59.730177+00,critical_security_incident,critical_incident,critical,0.800,80,"{apt,rce,malware,security}",,heuristic,pending,,,,f,2026-09-29 18:15:59.730177+00
1841,1840,github,5634991716,2026-09-29 18:15:58.594466+00,2026-09-29 18:15:59.730177+00,general,other,medium,0.200,20,"{security,vulnerability}",,heuristic,pending,,,,f,2026-09-29 18:15:59.730177+00
1842,1841,github,2695205325,2026-09-29 18:15:58.594466+00,2026-09-29 18:15:59.730177+00,critical_security_incident,critical_incident,medium,0.300,30,{rce},,heuristic,pending,,,,f,2026-09-29 18:15:59.730177+00
1843,1842,github,5522826078,2026-09-29 18:15:58.594466+00,2026-09-29 18:15:59.730177+00,general,other,low,0.150,15,,,heuristic,pending,,,,f,2026-09-29 18:15:59.730177+00
1844,1843,github,5633859560,2026-09-29 18:15:58.594466+00,2026-09-29 18:15:59.730177+00,critical_security_incident,critical_incident,critical,0.800,80,"{apt,rce,attack}",,heuristic,pending,,,,f,2026-09-29 18:15:59.730177+00
1845,1844,github,994423688,2026-09-29 18:15:58.594466+00,2026-09-29 18:15:59.730177+00,critical_security_incident,critical_incident,high,0.450,45,"{rce,security,vulnerability}",,heuristic,pending,,,,f,2026-09-29 18:15:59.730177+00
1846,1845,github,1683791183,2026-09-29 18:15:58.594466+00,2026-09-29 18:15:59.730177+00,critical_security_incident,critical_incident,critical,0.600,60,"{rce,security,vulnerability}",,heuristic,pending,,,,f,2026-09-29 18:15:59.730177+00
1847,1846,github,1775273073,2026-09-29 18:15:58.594466+00,2026-09-29 18:15:59.730177+00,critical_security_incident,critical_incident,high,0.450,45,"{rce,security,vulnerability}",,heuristic,pending,,,,f,2026-09-29 18:15:59.730177+00
1848,1847,github,4242148835,2026-09-29 18:15:58.594466+00,2026-09-29 18:15:59.730177+00,critical_security_incident,critical_incident,high,0.450,45,"{rce,security,vulnerability}",,heuristic,pending,,,,f,2026-09-29 18:15:59.730177+00
1849,1848,github,1762656654,2026-09-29 18:15:58.594466+00,2026-09-29 18:15:59.730177+00,critical_security_incident,critical_incident,high,0.450,45,"{rce,security,vulnerability}",,heuristic,pending,,,,f,2026-09-29 18:15:59.730177+00
1850,1849,github,982574483,2026-09-29 18:15:58.594466+00,2026-09-29 18:15:59.730177+00,critical_security_incident,critical_incident,medium,0.300,30,{rce},,heuristic,pending,,,,f,2026-09-29 18:15:59.730177+00
1851,1850,github,3005717221,2026-09-29 18:15:58.594466+00,2026-09-29 18:15:59.730177+00,critical_security_incident,critical_incident,high,0.450,45,"{rce,security,vulnerability}",,heuristic,pending,,,,f,2026-09-29 18:15:59.730177+00
1852,1851,github,5260251548,2026-09-29 18:15:58.594466+00,2026-09-29 18:15:59.730177+00,critical_security_incident,critical_incident,critical,0.600,60,"{rce,security,vulnerability}",,heuristic,pending,,,,f,2026-09-29 18:15:59.730177+00
1853,1852,github,5634244644,2026-09-29 18:15:58.594466+00,2026-09-29 18:15:59.730177+00,general,other,medium,0.250,25,{security},,heuristic,pending,,,,f,2026-09-29 18:15:59.730177+00
1854,1853,github,1031008786,2026-09-29 18:15:58.594466+00,2026-09-29 18:15:59.730177+00,critical_security_incident,critical_incident,medium,0.300,30,{rce},,heuristic,pending,,,,f,2026-09-29 18:15:59.730177+00
1855,1854,github,1029669131,2026-09-29 18:15:58.594466+00,2026-09-29 18:15:59.730177+00,critical_security_incident,critical_incident,medium,0.300,30,{rce},,heuristic,pending,,,,f,2026-09-29 18:15:59.730177+00
1856,1855,github,2877125537,2026-09-29 18:15:58.594466+00,2026-09-29 18:15:59.730177+00,critical_security_incident,critical_incident,high,0.450,45,"{rce,security,vulnerability}",,heuristic,pending,,,,f,2026-09-29 18:15:59.730177+00
1857,1856,github,1299714757,2026-09-29 18:15:58.594466+00,2026-09-29 18:15:59.730177+00,critical_security_incident,critical_incident,medium,0.300,30,{rce},,heuristic,pending,,,,f,2026-09-29 18:15:59.730177+00
1858,1857,github,1708930248,2026-09-29 18:15:58.594466+00,2026-09-29 18:15:59.730177+00,critical_security_incident,critical_incident,high,0.450,45,"{rce,security,vulnerability}",,heuristic,pending,,,,f,2026-09-29 18:15:59.730177+00
1859,1858,github,982606908,2026-09-29 18:15:58.594466+00,2026-09-29 18:15:59.730177+00,critical_security_incident,critical_incident,medium,0.300,30,{rce},,heuristic,pending,,,,f,2026-09-29 18:15:59.730177+00
1860,1859,github,4978821875,2026-09-29 18:15:58.594466+00,2026-09-29 18:15:59.730177+00,critical_security_incident,critical_incident,high,0.450,45,"{rce,security,vulnerability}",,heuristic,pending,,,,f,2026-09-29 18:15:59.730177+00
1861,1860,github,4975779253,2026-09-29 18:15:58.594466+00,2026-09-29 18:15:59.730177+00,critical_security_incident,critical_incident,critical,0.600,60,"{rce,security,vulnerability}",,heuristic,pending,,,,f,2026-09-29 18:15:59.730177+00
1862,1861,github,5629393083,2026-09-29 18:15:58.594466+00,2026-09-29 18:15:59.730177+00,critical_security_incident,critical_incident,high,0.400,40,"{rce,attack}",,heuristic,pending,,,,f,2026-09-29 18:15:59.730177+00
1863,1862,github,3219386268,2026-09-29 18:15:58.594466+00,2026-09-29 18:15:59.730177+00,critical_security_incident,critical_incident,high,0.450,45,{rce},,heuristic,pending,,,,f,2026-09-29 18:15:59.730177+00
1864,1863,github,5587608711,2026-09-29 18:15:58.594466+00,2026-09-29 18:15:59.730177+00,critical_security_incident,critical_incident,high,0.450,45,{rce},,heuristic,pending,,,,f,2026-09-29 18:15:59.730177+00
1865,1864,github,5634977472,2026-09-29 18:15:58.594466+00,2026-09-29 18:15:59.730177+00,critical_security_incident,critical_incident,critical,0.600,60,"{rce,malware,threat}",,heuristic,pending,,,,f,2026-09-29 18:15:59.730177+00
1866,1865,github,5634977326,2026-09-29 18:15:58.594466+00,2026-09-29 18:15:59.730177+00,security_threat,security_threat,high,0.400,40,{exploit},,heuristic,pending,,,,f,2026-09-29 18:15:59.730177+00
1867,1866,github,5618031472,2026-09-29 18:15:58.594466+00,2026-09-29 18:15:59.730177+00,general,other,medium,0.200,20,"{security,vulnerability}",,heuristic,pending,,,,f,2026-09-29 18:15:59.730177+00
1868,1867,github,1319479757,2026-09-29 18:15:58.594466+00,2026-09-29 18:15:59.730177+00,critical_security_incident,critical_incident,high,0.450,45,"{rce,security,vulnerability}",,heuristic,pending,,,,f,2026-09-29 18:15:59.730177+00
1869,1868,github,5492959671,2026-09-29 18:15:58.594466+00,2026-09-29 18:15:59.730177+00,general,other,medium,0.200,20,,,heuristic,pending,,,,f,2026-09-29 18:15:59.730177+00
1870,1869,github,5633859774,2026-09-29 18:15:58.594466+00,2026-09-29 18:15:59.730177+00,critical_security_incident,critical_incident,medium,0.300,30,{rce},,heuristic,pending,,,,f,2026-09-29 18:15:59.730177+00
1871,1870,github,5305112317,2026-09-29 18:15:58.594466+00,2026-09-29 18:15:59.730177+00,general,other,medium,0.200,20,,,heuristic,pending,,,,f,2026-09-29 18:15:59.730177+00
1872,1871,github,5600938827,2026-09-29 18:15:58.594466+00,2026-09-29 18:15:59.730177+00,critical_security_incident,critical_incident,critical,0.650,65,"{apt,rce,attack}",,heuristic,pending,,,,f,2026-09-29 18:15:59.730177+00
1873,1872,github,1161236835,2026-09-29 18:15:58.594466+00,2026-09-29 18:15:59.730177+00,critical_security_incident,critical_incident,medium,0.300,30,{rce},,heuristic,pending,,,,f,2026-09-29 18:15:59.730177+00
1874,1873,github,5634732720,2026-09-29 18:15:58.594466+00,2026-09-29 18:15:59.730177+00,critical_security_incident,critical_incident,high,0.550,55,"{rce,exploit}",,heuristic,pending,,,,f,2026-09-29 18:15:59.730177+00
1875,1874,github,3096579747,2026-09-29 18:30:58.337719+00,2026-09-29 18:30:59.776782+00,critical_security_incident,critical_incident,critical,0.950,95,"{rce,exploit,cve-,vulnerability}",,heuristic,pending,,,,f,2026-09-29 18:30:59.776782+00
1876,1875,github,3096581037,2026-09-29 18:30:58.337719+00,2026-09-29 18:30:59.776782+00,critical_security_incident,critical_incident,critical,0.950,95,"{rce,exploit,cve-,vulnerability}",,heuristic,pending,,,,f,2026-09-29 18:30:59.776782+00
1877,1876,github,2619031199,2026-09-29 18:30:58.337719+00,2026-09-29 18:30:59.776782+00,critical_security_incident,critical_incident,high,0.400,40,"{rce,vulnerability}",,heuristic,pending,,,,f,2026-09-29 18:30:59.776782+00
1878,1877,github,5246155074,2026-09-29 18:30:58.337719+00,2026-09-29 18:30:59.776782+00,critical_security_incident,critical_incident,critical,0.950,95,"{rce,exploit,cve-,vulnerability}",,heuristic,pending,,,,f,2026-09-29 18:30:59.776782+00
1879,1878,github,3063345402,2026-09-29 18:30:58.337719+00,2026-09-29 18:30:59.776782+00,critical_security_incident,critical_incident,medium,0.300,30,{rce},,heuristic,pending,,,,f,2026-09-29 18:30:59.776782+00
1880,1879,github,2472108263,2026-09-29 18:30:58.337719+00,2026-09-29 18:30:59.776782+00,critical_security_incident,critical_incident,critical,0.950,95,"{rce,exploit,cve-,vulnerability}",,heuristic,pending,,,,f,2026-09-29 18:30:59.776782+00
1881,1880,github,5635164941,2026-09-29 18:30:58.337719+00,2026-09-29 18:30:59.776782+00,critical_security_incident,critical_incident,critical,0.990,100,"{rce,exploit,cve-,attack,threat,vulnerability}",,heuristic,pending,,,,f,2026-09-29 18:30:59.776782+00
1882,1881,github,3843127358,2026-09-29 18:30:58.337719+00,2026-09-29 18:30:59.776782+00,critical_security_incident,critical_incident,critical,0.990,100,"{rce,exploit,cve-,attack,threat,vulnerability}",,heuristic,pending,,,,f,2026-09-29 18:30:59.776782+00
1883,1882,github,5633628786,2026-09-29 18:30:58.337719+00,2026-09-29 18:30:59.776782+00,critical_security_incident,critical_incident,high,0.450,45,"{rce,threat}",,heuristic,pending,,,,f,2026-09-29 18:30:59.776782+00
1884,1883,github,4330862806,2026-09-29 18:30:58.337719+00,2026-09-29 18:30:59.776782+00,critical_security_incident,critical_incident,critical,0.990,100,"{rce,exploit,cve-,attack,threat,vulnerability}",,heuristic,pending,,,,f,2026-09-29 18:30:59.776782+00
1885,1884,github,5246153477,2026-09-29 18:30:58.337719+00,2026-09-29 18:30:59.776782+00,critical_security_incident,critical_incident,critical,0.950,95,"{rce,exploit,cve-,vulnerability}",,heuristic,pending,,,,f,2026-09-29 18:30:59.776782+00
1886,1885,github,3096580954,2026-09-29 18:30:58.337719+00,2026-09-29 18:30:59.776782+00,critical_security_incident,critical_incident,critical,0.950,95,"{rce,exploit,cve-,vulnerability}",,heuristic,pending,,,,f,2026-09-29 18:30:59.776782+00
1887,1886,github,3636607564,2026-09-29 18:30:58.337719+00,2026-09-29 18:30:59.776782+00,critical_security_incident,critical_incident,critical,0.990,100,"{rce,exploit,cve-,security,vulnerability}",,heuristic,pending,,,,f,2026-09-29 18:30:59.776782+00
1888,1887,github,3449263946,2026-09-29 18:30:58.337719+00,2026-09-29 18:30:59.776782+00,critical_security_incident,critical_incident,critical,0.700,70,"{apt,rce}",,heuristic,pending,,,,f,2026-09-29 18:30:59.776782+00
1889,1888,github,4416450109,2026-09-29 18:30:58.337719+00,2026-09-29 18:30:59.776782+00,critical_security_incident,critical_incident,critical,0.950,95,"{rce,exploit,cve-,vulnerability}",,heuristic,pending,,,,f,2026-09-29 18:30:59.776782+00
1890,1889,github,3096580362,2026-09-29 18:30:58.337719+00,2026-09-29 18:30:59.776782+00,critical_security_incident,critical_incident,critical,0.950,95,"{rce,exploit,cve-,vulnerability}",,heuristic,pending,,,,f,2026-09-29 18:30:59.776782+00
1891,1890,github,1531199129,2026-09-29 18:30:58.337719+00,2026-09-29 18:30:59.776782+00,critical_security_incident,critical_incident,medium,0.300,30,{rce},,heuristic,pending,,,,f,2026-09-29 18:30:59.776782+00
1892,1891,github,4330483720,2026-09-29 18:30:58.337719+00,2026-09-29 18:30:59.776782+00,critical_security_incident,critical_incident,critical,0.700,70,"{apt,rce,security,vulnerability}",,heuristic,pending,,,,f,2026-09-29 18:30:59.776782+00
1893,1892,github,3931750712,2026-09-29 18:30:58.337719+00,2026-09-29 18:30:59.776782+00,critical_security_incident,critical_incident,critical,0.950,95,"{rce,exploit,cve-,vulnerability}",,heuristic,pending,,,,f,2026-09-29 18:30:59.776782+00
1894,1893,github,2472108126,2026-09-29 18:30:58.337719+00,2026-09-29 18:30:59.776782+00,critical_security_incident,critical_incident,critical,0.990,100,"{rce,exploit,cve-,security,vulnerability}",,heuristic,pending,,,,f,2026-09-29 18:30:59.776782+00
1895,1894,github,1629895186,2026-09-29 18:30:58.337719+00,2026-09-29 18:30:59.776782+00,critical_security_incident,critical_incident,high,0.450,45,"{rce,security,vulnerability}",,heuristic,pending,,,,f,2026-09-29 18:30:59.776782+00
1896,1895,github,3096579836,2026-09-29 18:30:58.337719+00,2026-09-29 18:30:59.776782+00,critical_security_incident,critical_incident,critical,0.950,95,"{rce,exploit,cve-,vulnerability}",,heuristic,pending,,,,f,2026-09-29 18:30:59.776782+00
1897,1896,github,3096579662,2026-09-29 18:30:58.337719+00,2026-09-29 18:30:59.776782+00,critical_security_incident,critical_incident,critical,0.950,95,"{rce,exploit,cve-,vulnerability}",,heuristic,pending,,,,f,2026-09-29 18:30:59.776782+00
1898,1897,github,1377557844,2026-09-29 18:30:58.337719+00,2026-09-29 18:30:59.776782+00,critical_security_incident,critical_incident,high,0.450,45,"{rce,security,vulnerability}",,heuristic,pending,,,,f,2026-09-29 18:30:59.776782+00
1899,1898,github,5626245995,2026-09-29 18:30:58.337719+00,2026-09-29 18:30:59.776782+00,critical_security_incident,critical_incident,high,0.500,50,"{rce,security}",,heuristic,pending,,,,f,2026-09-29 18:30:59.776782+00
1900,1899,github,1029340880,2026-09-29 18:30:58.337719+00,2026-09-29 18:30:59.776782+00,critical_security_incident,critical_incident,high,0.450,45,{rce},,heuristic,pending,,,,f,2026-09-29 18:30:59.776782+00
1901,1900,github,4074036897,2026-09-29 18:30:58.337719+00,2026-09-29 18:30:59.776782+00,critical_security_incident,critical_incident,critical,0.950,95,"{rce,exploit,cve-,vulnerability}",,heuristic,pending,,,,f,2026-09-29 18:30:59.776782+00
1902,1901,github,4454033735,2026-09-29 18:30:58.337719+00,2026-09-29 18:30:59.776782+00,critical_security_incident,critical_incident,critical,0.990,100,"{rce,exploit,cve-,attack,threat,vulnerability}",,heuristic,pending,,,,f,2026-09-29 18:30:59.776782+00
1903,1902,github,2103821042,2026-09-29 18:30:58.337719+00,2026-09-29 18:30:59.776782+00,critical_security_incident,critical_incident,critical,0.600,60,"{rce,security,vulnerability}",,heuristic,pending,,,,f,2026-09-29 18:30:59.776782+00
1904,1903,github,4330890580,2026-09-29 18:30:58.337719+00,2026-09-29 18:30:59.776782+00,critical_security_incident,critical_incident,critical,0.950,95,"{rce,exploit,cve-,vulnerability}",,heuristic,pending,,,,f,2026-09-29 18:30:59.776782+00
1905,1904,github,809774091,2026-09-29 18:30:58.337719+00,2026-09-29 18:30:59.776782+00,critical_security_incident,critical_incident,critical,0.990,100,"{rce,exploit,xss,attack,vulnerability}",,heuristic,pending,,,,f,2026-09-29 18:30:59.776782+00
1906,1905,github,3232153990,2026-09-29 18:30:58.337719+00,2026-09-29 18:30:59.776782+00,critical_security_incident,critical_incident,critical,0.990,100,"{rce,exploit,cve-,attack,vulnerability}",,heuristic,pending,,,,f,2026-09-29 18:30:59.776782+00
1907,1906,github,3722484900,2026-09-29 18:30:58.337719+00,2026-09-29 18:30:59.776782+00,critical_security_incident,critical_incident,medium,0.300,30,{rce},,heuristic,pending,,,,f,2026-09-29 18:30:59.776782+00
1908,1907,github,4454033101,2026-09-29 18:30:58.337719+00,2026-09-29 18:30:59.776782+00,critical_security_incident,critical_incident,critical,0.990,100,"{rce,exploit,cve-,attack,threat,vulnerability}",,heuristic,pending,,,,f,2026-09-29 18:30:59.776782+00
1909,1908,github,4609176099,2026-09-29 18:30:58.337719+00,2026-09-29 18:30:59.776782+00,critical_security_incident,critical_incident,high,0.450,45,"{rce,security,vulnerability}",,heuristic,pending,,,,f,2026-09-29 18:30:59.776782+00
1910,1909,github,4667604220,2026-09-29 18:30:58.337719+00,2026-09-29 18:30:59.776782+00,critical_security_incident,critical_incident,critical,0.990,100,"{rce,exploit,cve-,attack,security,vulnerability}",,heuristic,pending,,,,f,2026-09-29 18:30:59.776782+00
1911,1910,github,3636606688,2026-09-29 18:30:58.337719+00,2026-09-29 18:30:59.776782+00,critical_security_incident,critical_incident,critical,0.950,95,"{rce,exploit,cve-,vulnerability}",,heuristic,pending,,,,f,2026-09-29 18:30:59.776782+00
1912,1911,github,1121108956,2026-09-29 18:30:58.337719+00,2026-09-29 18:30:59.776782+00,critical_security_incident,critical_incident,critical,0.990,100,"{rce,exploit,cve-,attack,vulnerability}",,heuristic,pending,,,,f,2026-09-29 18:30:59.776782+00
1913,1912,github,1121108892,2026-09-29 18:30:58.337719+00,2026-09-29 18:30:59.776782+00,critical_security_incident,critical_incident,critical,0.990,100,"{rce,exploit,cve-,attack,vulnerability}",,heuristic,pending,,,,f,2026-09-29 18:30:59.776782+00
1914,1913,github,2647601215,2026-09-29 18:30:58.337719+00,2026-09-29 18:30:59.776782+00,critical_security_incident,critical_incident,critical,0.850,85,"{rce,exploit,attack,vulnerability}",,heuristic,pending,,,,f,2026-09-29 18:30:59.776782+00
1915,1914,github,1630303173,2026-09-29 18:30:58.337719+00,2026-09-29 18:30:59.776782+00,critical_security_incident,critical_incident,medium,0.300,30,{rce},,heuristic,pending,,,,f,2026-09-29 18:30:59.776782+00
1916,1915,github,2425054129,2026-09-29 18:30:58.337719+00,2026-09-29 18:30:59.776782+00,critical_security_incident,critical_incident,critical,0.990,100,"{rce,exploit,cve-,attack,vulnerability}",,heuristic,pending,,,,f,2026-09-29 18:30:59.776782+00
1917,1916,github,3841391617,2026-09-29 18:30:58.337719+00,2026-09-29 18:30:59.776782+00,critical_security_incident,critical_incident,critical,0.990,100,"{rce,exploit,cve-,attack,vulnerability}",,heuristic,pending,,,,f,2026-09-29 18:30:59.776782+00
1918,1917,github,5635125518,2026-09-29 18:30:58.337719+00,2026-09-29 18:30:59.776782+00,critical_security_incident,critical_incident,medium,0.300,30,{rce},,heuristic,pending,,,,f,2026-09-29 18:30:59.776782+00
1919,1918,github,1432580059,2026-09-29 18:30:58.337719+00,2026-09-29 18:30:59.776782+00,critical_security_incident,critical_incident,critical,0.600,60,"{rce,security,vulnerability}",,heuristic,pending,,,,f,2026-09-29 18:30:59.776782+00
1920,1919,github,3073619944,2026-09-29 18:30:58.337719+00,2026-09-29 18:30:59.776782+00,critical_security_incident,critical_incident,critical,0.990,100,"{rce,exploit,cve-,attack,vulnerability}",,heuristic,pending,,,,f,2026-09-29 18:30:59.776782+00
1921,1920,github,5295162926,2026-09-29 18:30:58.337719+00,2026-09-29 18:30:59.776782+00,critical_security_incident,critical_incident,critical,0.850,85,"{rce,cve-,attack,vulnerability}",,heuristic,pending,,,,f,2026-09-29 18:30:59.776782+00
1922,1921,github,2743521827,2026-09-29 18:30:58.337719+00,2026-09-29 18:30:59.776782+00,critical_security_incident,critical_incident,high,0.450,45,"{rce,security,vulnerability}",,heuristic,pending,,,,f,2026-09-29 18:30:59.776782+00
1923,1922,hackernews,49898384,2026-09-29 18:45:58.345736+00,2026-09-29 18:45:59.537707+00,general,other,low,0.050,5,,,heuristic,pending,,,,f,2026-09-29 18:45:59.537707+00
1924,1923,hackernews,49898367,2026-09-29 18:45:58.345736+00,2026-09-29 18:45:59.537707+00,general,other,low,0.100,10,{security},,heuristic,pending,,,,f,2026-09-29 18:45:59.537707+00
1925,1924,github,4669941339,2026-09-29 18:45:58.345736+00,2026-09-29 18:45:59.537707+00,critical_security_incident,critical_incident,critical,0.990,100,"{rce,exploit,cve-,attack,security,vulnerability}",,heuristic,pending,,,,f,2026-09-29 18:45:59.537707+00
1926,1925,github,5635352865,2026-09-29 18:45:58.345736+00,2026-09-29 18:45:59.537707+00,critical_security_incident,critical_incident,critical,0.990,100,"{rce,exploit,cve-,attack,security,vulnerability,""denial of service""}",,heuristic,pending,,,,f,2026-09-29 18:45:59.537707+00
1927,1926,github,1031213342,2026-09-29 18:45:58.345736+00,2026-09-29 18:45:59.537707+00,critical_security_incident,critical_incident,medium,0.300,30,{rce},,heuristic,pending,,,,f,2026-09-29 18:45:59.537707+00
1928,1927,github,4669941268,2026-09-29 18:45:58.345736+00,2026-09-29 18:45:59.537707+00,critical_security_incident,critical_incident,critical,0.990,100,"{rce,exploit,cve-,attack,security,vulnerability}",,heuristic,pending,,,,f,2026-09-29 18:45:59.537707+00
1929,1928,github,4228864406,2026-09-29 18:45:58.345736+00,2026-09-29 18:45:59.537707+00,critical_security_incident,critical_incident,critical,0.990,100,"{apt,rce,exploit,cve-,attack,security,vulnerability}",,heuristic,pending,,,,f,2026-09-29 18:45:59.537707+00
1930,1929,github,3533840994,2026-09-29 18:45:58.345736+00,2026-09-29 18:45:59.537707+00,critical_security_incident,critical_incident,medium,0.300,30,{rce},,heuristic,pending,,,,f,2026-09-29 18:45:59.537707+00
1931,1930,github,4433668382,2026-09-29 18:45:58.345736+00,2026-09-29 18:45:59.537707+00,critical_security_incident,critical_incident,critical,0.990,100,"{rce,exploit,cve-,attack,security,vulnerability}",,heuristic,pending,,,,f,2026-09-29 18:45:59.537707+00
1932,1931,github,2036895801,2026-09-29 18:45:58.345736+00,2026-09-29 18:45:59.537707+00,critical_security_incident,critical_incident,critical,0.990,100,"{rce,exploit,cve-,attack,vulnerability}",,heuristic,pending,,,,f,2026-09-29 18:45:59.537707+00
1933,1932,github,5635352142,2026-09-29 18:45:58.345736+00,2026-09-29 18:45:59.537707+00,critical_security_incident,critical_incident,critical,0.990,100,"{rce,exploit,cve-,attack,security,vulnerability,""denial of service""}",,heuristic,pending,,,,f,2026-09-29 18:45:59.537707+00
1934,1933,github,4433668280,2026-09-29 18:45:58.345736+00,2026-09-29 18:45:59.537707+00,critical_security_incident,critical_incident,critical,0.990,100,"{rce,exploit,cve-,attack,security,vulnerability}",,heuristic,pending,,,,f,2026-09-29 18:45:59.537707+00
1935,1934,github,4672882735,2026-09-29 18:45:58.345736+00,2026-09-29 18:45:59.537707+00,critical_security_incident,critical_incident,critical,0.990,100,"{rce,exploit,cve-,attack,security,vulnerability}",,heuristic,pending,,,,f,2026-09-29 18:45:59.537707+00
1936,1935,github,3971500999,2026-09-29 18:45:58.345736+00,2026-09-29 18:45:59.537707+00,critical_security_incident,critical_incident,critical,0.990,100,"{rce,exploit,cve-,attack,security,vulnerability}",,heuristic,pending,,,,f,2026-09-29 18:45:59.537707+00
1937,1936,github,2970415750,2026-09-29 18:45:58.345736+00,2026-09-29 18:45:59.537707+00,critical_security_incident,critical_incident,high,0.450,45,{rce},,heuristic,pending,,,,f,2026-09-29 18:45:59.537707+00
1938,1937,github,5222842203,2026-09-29 18:45:58.345736+00,2026-09-29 18:45:59.537707+00,critical_security_incident,critical_incident,high,0.550,55,"{apt,rce}",,heuristic,pending,,,,f,2026-09-29 18:45:59.537707+00
1939,1938,github,4471195789,2026-09-29 18:45:58.345736+00,2026-09-29 18:45:59.537707+00,security_threat,security_threat,high,0.500,50,"{exploit,attack}",,heuristic,pending,,,,f,2026-09-29 18:45:59.537707+00
1940,1939,github,4433668037,2026-09-29 18:45:58.345736+00,2026-09-29 18:45:59.537707+00,critical_security_incident,critical_incident,critical,0.990,100,"{rce,exploit,cve-,attack,security,vulnerability}",,heuristic,pending,,,,f,2026-09-29 18:45:59.537707+00
1941,1940,github,5246386616,2026-09-29 18:45:58.345736+00,2026-09-29 18:45:59.537707+00,critical_security_incident,critical_incident,critical,0.950,95,"{rce,exploit,cve-,attack,security,vulnerability}",,heuristic,pending,,,,f,2026-09-29 18:45:59.537707+00
1942,1941,github,4672882427,2026-09-29 18:45:58.345736+00,2026-09-29 18:45:59.537707+00,critical_security_incident,critical_incident,critical,0.990,100,"{rce,exploit,cve-,attack,security,vulnerability}",,heuristic,pending,,,,f,2026-09-29 18:45:59.537707+00
1943,1942,github,3048325706,2026-09-29 18:45:58.345736+00,2026-09-29 18:45:59.537707+00,critical_security_incident,critical_incident,high,0.450,45,"{rce,security,vulnerability}",,heuristic,pending,,,,f,2026-09-29 18:45:59.537707+00
1944,1943,github,5605937903,2026-09-29 18:45:58.345736+00,2026-09-29 18:45:59.537707+00,security_threat,security_threat,high,0.400,40,{exploit},,heuristic,pending,,,,f,2026-09-29 18:45:59.537707+00
1945,1944,github,4433667938,2026-09-29 18:45:58.345736+00,2026-09-29 18:45:59.537707+00,critical_security_incident,critical_incident,critical,0.990,100,"{rce,exploit,cve-,attack,security,vulnerability}",,heuristic,pending,,,,f,2026-09-29 18:45:59.537707+00
1946,1945,github,5635350894,2026-09-29 18:45:58.345736+00,2026-09-29 18:45:59.537707+00,critical_security_incident,critical_incident,critical,0.990,100,"{rce,exploit,cve-,attack,security,vulnerability}",,heuristic,pending,,,,f,2026-09-29 18:45:59.537707+00
1947,1946,github,4141701490,2026-09-29 18:45:58.345736+00,2026-09-29 18:45:59.537707+00,critical_security_incident,critical_incident,critical,0.990,100,"{rce,exploit,cve-,attack,security,vulnerability,""denial of service""}",,heuristic,pending,,,,f,2026-09-29 18:45:59.537707+00
1948,1947,github,1632766540,2026-09-29 18:45:58.345736+00,2026-09-29 18:45:59.537707+00,general,other,low,0.050,5,,,heuristic,pending,,,,f,2026-09-29 18:45:59.537707+00
1949,1948,github,3891418051,2026-09-29 18:45:58.345736+00,2026-09-29 18:45:59.537707+00,security_threat,security_threat,medium,0.300,30,"{cve-,security}",,heuristic,pending,,,,f,2026-09-29 18:45:59.537707+00
1950,1949,github,4433667844,2026-09-29 18:45:58.345736+00,2026-09-29 18:45:59.537707+00,critical_security_incident,critical_incident,critical,0.990,100,"{rce,exploit,cve-,attack,security,vulnerability}",,heuristic,pending,,,,f,2026-09-29 18:45:59.537707+00
1951,1950,github,5635344011,2026-09-29 18:45:58.345736+00,2026-09-29 18:45:59.537707+00,critical_security_incident,critical_incident,critical,0.990,100,"{apt,phishing,exploit,trojan,attack,security,vulnerability}",,heuristic,pending,,,,f,2026-09-29 18:45:59.537707+00
1952,1951,github,5635343457,2026-09-29 18:45:58.345736+00,2026-09-29 18:45:59.537707+00,critical_security_incident,critical_incident,critical,0.990,100,"{apt,phishing,exploit,trojan,attack,security,vulnerability}",,heuristic,pending,,,,f,2026-09-29 18:45:59.537707+00
1953,1952,github,2905392493,2026-09-29 18:45:58.345736+00,2026-09-29 18:45:59.537707+00,critical_security_incident,critical_incident,critical,0.990,100,"{rce,exploit,cve-,attack,security,vulnerability}",,heuristic,pending,,,,f,2026-09-29 18:45:59.537707+00
1954,1953,github,4139709574,2026-09-29 18:45:58.345736+00,2026-09-29 18:45:59.537707+00,critical_security_incident,critical_incident,critical,0.990,100,"{rce,""remote code execution"",exploit,cve-,attack,security,vulnerability}",,heuristic,pending,,,,f,2026-09-29 18:45:59.537707+00
1955,1954,github,5043150541,2026-09-29 18:45:58.345736+00,2026-09-29 18:45:59.537707+00,critical_security_incident,critical_incident,critical,0.990,100,"{apt,rce,exploit,cve-,attack,vulnerability}",,heuristic,pending,,,,f,2026-09-29 18:45:59.537707+00
1956,1955,github,5635350243,2026-09-29 18:45:58.345736+00,2026-09-29 18:45:59.537707+00,critical_security_incident,critical_incident,critical,0.990,100,"{rce,exploit,cve-,attack,security,vulnerability}",,heuristic,pending,,,,f,2026-09-29 18:45:59.537707+00
1957,1956,github,3675667549,2026-09-29 18:45:58.345736+00,2026-09-29 18:45:59.537707+00,critical_security_incident,critical_incident,critical,0.990,100,"{rce,exploit,cve-,attack,security,vulnerability}",,heuristic,pending,,,,f,2026-09-29 18:45:59.537707+00
1958,1957,github,3244714779,2026-09-29 18:45:58.345736+00,2026-09-29 18:45:59.537707+00,critical_security_incident,critical_incident,high,0.450,45,"{rce,security,vulnerability}",,heuristic,pending,,,,f,2026-09-29 18:45:59.537707+00
1959,1958,github,4672882123,2026-09-29 18:45:58.345736+00,2026-09-29 18:45:59.537707+00,critical_security_incident,critical_incident,critical,0.990,100,"{rce,exploit,cve-,attack,security,vulnerability}",,heuristic,pending,,,,f,2026-09-29 18:45:59.537707+00
1960,1959,github,4472377768,2026-09-29 18:45:58.345736+00,2026-09-29 18:45:59.537707+00,critical_security_incident,critical_incident,critical,0.990,100,"{rce,exploit,cve-,attack,security,vulnerability}",,heuristic,pending,,,,f,2026-09-29 18:45:59.537707+00
1961,1960,github,2650091002,2026-09-29 18:45:58.345736+00,2026-09-29 18:45:59.537707+00,critical_security_incident,critical_incident,critical,0.990,100,"{rce,exploit,cve-,attack,security,vulnerability,""denial of service""}",,heuristic,pending,,,,f,2026-09-29 18:45:59.537707+00
1962,1961,github,4591565473,2026-09-29 18:45:58.345736+00,2026-09-29 18:45:59.537707+00,critical_security_incident,critical_incident,critical,0.990,100,"{apt,rce,exploit,cve-,attack,security,vulnerability}",,heuristic,pending,,,,f,2026-09-29 18:45:59.537707+00
1963,1962,github,4480800325,2026-09-29 18:45:58.345736+00,2026-09-29 18:45:59.537707+00,critical_security_incident,critical_incident,critical,0.990,100,"{rce,exploit,cve-,attack,security,vulnerability}",,heuristic,pending,,,,f,2026-09-29 18:45:59.537707+00
1964,1963,github,3232335127,2026-09-29 18:45:58.345736+00,2026-09-29 18:45:59.537707+00,critical_security_incident,critical_incident,critical,0.990,100,"{rce,exploit,cve-,attack,security,vulnerability}",,heuristic,pending,,,,f,2026-09-29 18:45:59.537707+00
1965,1964,github,5165696074,2026-09-29 18:45:58.345736+00,2026-09-29 18:45:59.537707+00,critical_security_incident,critical_incident,critical,0.990,100,"{rce,exploit,cve-,attack,security,vulnerability}",,heuristic,pending,,,,f,2026-09-29 18:45:59.537707+00
1966,1965,github,4591565346,2026-09-29 18:45:58.345736+00,2026-09-29 18:45:59.537707+00,critical_security_incident,critical_incident,critical,0.990,100,"{apt,rce,exploit,cve-,attack,security,vulnerability}",,heuristic,pending,,,,f,2026-09-29 18:45:59.537707+00
1967,1966,github,5044660742,2026-09-29 18:45:58.345736+00,2026-09-29 18:45:59.537707+00,critical_security_incident,critical_incident,critical,0.990,100,"{rce,exploit,cve-,attack,security,vulnerability}",,heuristic,pending,,,,f,2026-09-29 18:45:59.537707+00
1968,1967,github,5635348767,2026-09-29 18:45:58.345736+00,2026-09-29 18:45:59.537707+00,security_threat,security_threat,medium,0.250,25,{exploit},,heuristic,pending,,,,f,2026-09-29 18:45:59.537707+00
1969,1968,github,5224316677,2026-09-29 18:45:58.345736+00,2026-09-29 18:45:59.537707+00,critical_security_incident,critical_incident,high,0.550,55,"{apt,vulnerability}",,heuristic,pending,,,,f,2026-09-29 18:45:59.537707+00
1970,1969,github,1218617233,2026-09-29 18:45:58.345736+00,2026-09-29 18:45:59.537707+00,critical_security_incident,critical_incident,medium,0.300,30,{rce},,heuristic,pending,,,,f,2026-09-29 18:45:59.537707+00
1971,1970,github,5293701389,2026-09-29 19:00:58.520816+00,2026-09-29 19:00:59.868016+00,critical_security_incident,critical_incident,critical,0.850,85,"{rce,cve-,attack,vulnerability}",,heuristic,pending,,,,f,2026-09-29 19:00:59.868016+00
1972,1971,github,4633866117,2026-09-29 19:00:58.520816+00,2026-09-29 19:00:59.868016+00,critical_security_incident,critical_incident,critical,0.990,100,"{rce,exploit,cve-,attack,vulnerability}",,heuristic,pending,,,,f,2026-09-29 19:00:59.868016+00
1973,1972,github,3961463801,2026-09-29 19:00:58.520816+00,2026-09-29 19:00:59.868016+00,critical_security_incident,critical_incident,critical,0.990,100,"{rce,exploit,cve-,attack,security,vulnerability,""denial of service""}",,heuristic,pending,,,,f,2026-09-29 19:00:59.868016+00
1974,1973,github,4167963374,2026-09-29 19:00:58.520816+00,2026-09-29 19:00:59.868016+00,critical_security_incident,critical_incident,high,0.550,55,"{rce,vulnerability}",,heuristic,pending,,,,f,2026-09-29 19:00:59.868016+00
1975,1974,github,2609443070,2026-09-29 19:00:58.520816+00,2026-09-29 19:00:59.868016+00,critical_security_incident,critical_incident,critical,0.990,100,"{rce,exploit,cve-,attack,security,vulnerability}",,heuristic,pending,,,,f,2026-09-29 19:00:59.868016+00
1976,1975,github,5056053378,2026-09-29 19:00:58.520816+00,2026-09-29 19:00:59.868016+00,critical_security_incident,critical_incident,critical,0.750,75,"{rce,cve-,vulnerability}",,heuristic,pending,,,,f,2026-09-29 19:00:59.868016+00
1977,1976,github,2060359429,2026-09-29 19:00:58.520816+00,2026-09-29 19:00:59.868016+00,critical_security_incident,critical_incident,medium,0.300,30,{rce},,heuristic,pending,,,,f,2026-09-29 19:00:59.868016+00
1978,1977,github,5147763894,2026-09-29 19:00:58.520816+00,2026-09-29 19:00:59.868016+00,critical_security_incident,critical_incident,critical,0.990,100,"{rce,exploit,cve-,attack,vulnerability}",,heuristic,pending,,,,f,2026-09-29 19:00:59.868016+00
1979,1978,github,4235788186,2026-09-29 19:00:58.520816+00,2026-09-29 19:00:59.868016+00,critical_security_incident,critical_incident,critical,0.990,100,"{rce,exploit,cve-,attack,security,vulnerability}",,heuristic,pending,,,,f,2026-09-29 19:00:59.868016+00
1980,1979,github,3233294272,2026-09-29 19:00:58.520816+00,2026-09-29 19:00:59.868016+00,critical_security_incident,critical_incident,critical,0.990,100,"{rce,exploit,cve-,attack,security,vulnerability}",,heuristic,pending,,,,f,2026-09-29 19:00:59.868016+00
1981,1980,github,5133326862,2026-09-29 19:00:58.520816+00,2026-09-29 19:00:59.868016+00,critical_security_incident,critical_incident,critical,0.990,100,"{rce,exploit,cve-,attack,security,vulnerability}",,heuristic,pending,,,,f,2026-09-29 19:00:59.868016+00
1982,1981,github,5294324305,2026-09-29 19:00:58.520816+00,2026-09-29 19:00:59.868016+00,critical_security_incident,critical_incident,critical,0.990,100,"{rce,exploit,cve-,attack,vulnerability,""denial of service""}",,heuristic,pending,,,,f,2026-09-29 19:00:59.868016+00
1983,1982,github,4695217687,2026-09-29 19:00:58.520816+00,2026-09-29 19:00:59.868016+00,critical_security_incident,critical_incident,critical,0.990,100,"{rce,exploit,cve-,attack,security,vulnerability}",,heuristic,pending,,,,f,2026-09-29 19:00:59.868016+00
1984,1983,github,3851364350,2026-09-29 19:00:58.520816+00,2026-09-29 19:00:59.868016+00,critical_security_incident,critical_incident,critical,0.600,60,"{rce,security,vulnerability}",,heuristic,pending,,,,f,2026-09-29 19:00:59.868016+00
1985,1984,github,1101205911,2026-09-29 19:00:58.520816+00,2026-09-29 19:00:59.868016+00,critical_security_incident,critical_incident,critical,0.990,100,"{rce,exploit,cve-,attack,security,vulnerability}",,heuristic,pending,,,,f,2026-09-29 19:00:59.868016+00
1986,1985,github,5635531633,2026-09-29 19:00:58.520816+00,2026-09-29 19:00:59.868016+00,security_threat,security_threat,high,0.400,40,{cve-},,heuristic,pending,,,,f,2026-09-29 19:00:59.868016+00
1987,1986,github,5133326672,2026-09-29 19:00:58.520816+00,2026-09-29 19:00:59.868016+00,critical_security_incident,critical_incident,critical,0.990,100,"{rce,exploit,cve-,attack,security,vulnerability}",,heuristic,pending,,,,f,2026-09-29 19:00:59.868016+00
1988,1987,github,2598140708,2026-09-29 19:00:58.520816+00,2026-09-29 19:00:59.868016+00,critical_security_incident,critical_incident,critical,0.750,75,"{rce,cve-,vulnerability}",,heuristic,pending,,,,f,2026-09-29 19:00:59.868016+00
1989,1988,github,2650135032,2026-09-29 19:00:58.520816+00,2026-09-29 19:00:59.868016+00,critical_security_incident,critical_incident,critical,0.990,100,"{rce,exploit,cve-,attack,security,vulnerability,""denial of service""}",,heuristic,pending,,,,f,2026-09-29 19:00:59.868016+00
1990,1989,github,4633865958,2026-09-29 19:00:58.520816+00,2026-09-29 19:00:59.868016+00,critical_security_incident,critical_incident,critical,0.990,100,"{rce,exploit,cve-,attack,vulnerability,""denial of service""}",,heuristic,pending,,,,f,2026-09-29 19:00:59.868016+00
1991,1990,github,2600098574,2026-09-29 19:00:58.520816+00,2026-09-29 19:00:59.868016+00,critical_security_incident,critical_incident,critical,0.990,100,"{rce,exploit,cve-,attack,security,vulnerability,""denial of service""}",,heuristic,pending,,,,f,2026-09-29 19:00:59.868016+00
1992,1991,github,5056053263,2026-09-29 19:00:58.520816+00,2026-09-29 19:00:59.868016+00,critical_security_incident,critical_incident,critical,0.850,85,"{rce,cve-,attack,vulnerability}",,heuristic,pending,,,,f,2026-09-29 19:00:59.868016+00
1993,1992,github,3932161308,2026-09-29 19:00:58.520816+00,2026-09-29 19:00:59.868016+00,critical_security_incident,critical_incident,critical,0.990,100,"{rce,exploit,cve-,attack,security,vulnerability,""denial of service""}",,heuristic,pending,,,,f,2026-09-29 19:00:59.868016+00
1994,1993,github,4156613419,2026-09-29 19:00:58.520816+00,2026-09-29 19:00:59.868016+00,critical_security_incident,critical_incident,critical,0.990,100,"{rce,exploit,cve-,attack,security,vulnerability}",,heuristic,pending,,,,f,2026-09-29 19:00:59.868016+00
1995,1994,github,1252100510,2026-09-29 19:00:58.520816+00,2026-09-29 19:00:59.868016+00,critical_security_incident,critical_incident,critical,0.990,100,"{rce,exploit,cve-,attack,security,vulnerability}",,heuristic,pending,,,,f,2026-09-29 19:00:59.868016+00
1996,1995,github,1101205701,2026-09-29 19:00:58.520816+00,2026-09-29 19:00:59.868016+00,critical_security_incident,critical_incident,critical,0.750,75,"{rce,cve-,vulnerability}",,heuristic,pending,,,,f,2026-09-29 19:00:59.868016+00
1997,1996,github,4633865812,2026-09-29 19:00:58.520816+00,2026-09-29 19:00:59.868016+00,critical_security_incident,critical_incident,critical,0.990,100,"{rce,exploit,cve-,xss,attack,vulnerability}",,heuristic,pending,,,,f,2026-09-29 19:00:59.868016+00
1998,1997,github,5635530238,2026-09-29 19:00:58.520816+00,2026-09-29 19:00:59.868016+00,critical_security_incident,critical_incident,critical,0.950,95,"{rce,exploit,cve-,vulnerability}",,heuristic,pending,,,,f,2026-09-29 19:00:59.868016+00
1999,1998,github,5043223912,2026-09-29 19:00:58.520816+00,2026-09-29 19:00:59.868016+00,critical_security_incident,critical_incident,critical,0.990,100,"{rce,exploit,cve-,attack,security,vulnerability}",,heuristic,pending,,,,f,2026-09-29 19:00:59.868016+00
2000,1999,github,4156613255,2026-09-29 19:00:58.520816+00,2026-09-29 19:00:59.868016+00,critical_security_incident,critical_incident,critical,0.950,95,"{rce,exploit,cve-,attack,security,vulnerability}",,heuristic,pending,,,,f,2026-09-29 19:00:59.868016+00
2001,2000,github,5635529978,2026-09-29 19:00:58.520816+00,2026-09-29 19:00:59.868016+00,critical_security_incident,critical_incident,critical,0.750,75,"{rce,cve-,vulnerability}",,heuristic,pending,,,,f,2026-09-29 19:00:59.868016+00
2002,2001,github,4633865669,2026-09-29 19:00:58.520816+00,2026-09-29 19:00:59.868016+00,critical_security_incident,critical_incident,critical,0.990,100,"{rce,exploit,cve-,xss,attack,vulnerability}",,heuristic,pending,,,,f,2026-09-29 19:00:59.868016+00
2003,2002,github,5635529797,2026-09-29 19:00:58.520816+00,2026-09-29 19:00:59.868016+00,critical_security_incident,critical_incident,critical,0.950,95,"{rce,exploit,cve-,attack,security,vulnerability}",,heuristic,pending,,,,f,2026-09-29 19:00:59.868016+00
2004,2003,github,5635529642,2026-09-29 19:00:58.520816+00,2026-09-29 19:00:59.868016+00,critical_security_incident,critical_incident,critical,0.750,75,"{rce,cve-,vulnerability}",,heuristic,pending,,,,f,2026-09-29 19:00:59.868016+00
2005,2004,github,5043223831,2026-09-29 19:00:58.520816+00,2026-09-29 19:00:59.868016+00,critical_security_incident,critical_incident,critical,0.990,100,"{rce,exploit,cve-,attack,security,vulnerability}",,heuristic,pending,,,,f,2026-09-29 19:00:59.868016+00
2006,2005,github,4669973720,2026-09-29 19:00:58.520816+00,2026-09-29 19:00:59.868016+00,critical_security_incident,critical_incident,critical,0.990,100,"{rce,exploit,cve-,attack,security,vulnerability,""denial of service""}",,heuristic,pending,,,,f,2026-09-29 19:00:59.868016+00
2007,2006,github,4633865354,2026-09-29 19:00:58.520816+00,2026-09-29 19:00:59.868016+00,critical_security_incident,critical_incident,critical,0.990,100,"{rce,exploit,cve-,attack,vulnerability,""denial of service""}",,heuristic,pending,,,,f,2026-09-29 19:00:59.868016+00
2008,2007,github,3342736670,2026-09-29 19:00:58.520816+00,2026-09-29 19:00:59.868016+00,critical_security_incident,critical_incident,critical,0.990,100,"{rce,exploit,cve-,attack,security,vulnerability}",,heuristic,pending,,,,f,2026-09-29 19:00:59.868016+00
2009,2008,github,1509891504,2026-09-29 19:00:58.520816+00,2026-09-29 19:00:59.868016+00,critical_security_incident,critical_incident,critical,0.950,95,"{rce,exploit,cve-,attack,security,vulnerability}",,heuristic,pending,,,,f,2026-09-29 19:00:59.868016+00
2010,2009,github,4633865178,2026-09-29 19:00:58.520816+00,2026-09-29 19:00:59.868016+00,critical_security_incident,critical_incident,critical,0.990,100,"{rce,exploit,cve-,attack,vulnerability}",,heuristic,pending,,,,f,2026-09-29 19:00:59.868016+00
2011,2010,github,4672922161,2026-09-29 19:00:58.520816+00,2026-09-29 19:00:59.868016+00,critical_security_incident,critical_incident,critical,0.990,100,"{rce,exploit,cve-,attack,security,vulnerability}",,heuristic,pending,,,,f,2026-09-29 19:00:59.868016+00
2012,2011,github,5074136423,2026-09-29 19:00:58.520816+00,2026-09-29 19:00:59.868016+00,critical_security_incident,critical_incident,critical,0.990,100,"{rce,exploit,cve-,compromised,attack,security,vulnerability}",,heuristic,pending,,,,f,2026-09-29 19:00:59.868016+00
2013,2012,github,2036904648,2026-09-29 19:00:58.520816+00,2026-09-29 19:00:59.868016+00,critical_security_incident,critical_incident,critical,0.990,100,"{rce,exploit,cve-,attack,vulnerability}",,heuristic,pending,,,,f,2026-09-29 19:00:59.868016+00
2014,2013,github,5138460176,2026-09-29 19:00:58.520816+00,2026-09-29 19:00:59.868016+00,critical_security_incident,critical_incident,critical,0.990,100,"{rce,exploit,cve-,attack,vulnerability,""denial of service""}",,heuristic,pending,,,,f,2026-09-29 19:00:59.868016+00
2015,2014,github,4150047925,2026-09-29 19:00:58.520816+00,2026-09-29 19:00:59.868016+00,critical_security_incident,critical_incident,critical,0.990,100,"{rce,exploit,cve-,attack,security,vulnerability,""denial of service""}",,heuristic,pending,,,,f,2026-09-29 19:00:59.868016+00
2016,2015,github,5074136238,2026-09-29 19:00:58.520816+00,2026-09-29 19:00:59.868016+00,critical_security_incident,critical_incident,critical,0.990,100,"{rce,exploit,cve-,attack,security,vulnerability}",,heuristic,pending,,,,f,2026-09-29 19:00:59.868016+00
2017,2016,github,4150047779,2026-09-29 19:00:58.520816+00,2026-09-29 19:00:59.868016+00,critical_security_incident,critical_incident,critical,0.990,100,"{rce,exploit,cve-,attack,security,vulnerability}",,heuristic,pending,,,,f,2026-09-29 19:00:59.868016+00
2018,2017,hackernews,49898725,2026-09-29 19:15:59.03165+00,2026-09-29 19:16:00.565344+00,general,other,low,0.100,10,{security},,heuristic,pending,,,,f,2026-09-29 19:16:00.565344+00
2019,2018,github,1029739564,2026-09-29 19:15:59.03165+00,2026-09-29 19:16:00.565344+00,critical_security_incident,critical_incident,high,0.450,45,"{rce,security,vulnerability}",,heuristic,pending,,,,f,2026-09-29 19:16:00.565344+00
2020,2019,github,4763226810,2026-09-29 19:15:59.03165+00,2026-09-29 19:16:00.565344+00,critical_security_incident,critical_incident,high,0.450,45,{rce},,heuristic,pending,,,,f,2026-09-29 19:16:00.565344+00
2021,2020,github,3233309485,2026-09-29 19:15:59.03165+00,2026-09-29 19:16:00.565344+00,critical_security_incident,critical_incident,critical,0.990,100,"{rce,exploit,cve-,attack,security,vulnerability}",,heuristic,pending,,,,f,2026-09-29 19:16:00.565344+00
2022,2021,github,3593295298,2026-09-29 19:15:59.03165+00,2026-09-29 19:16:00.565344+00,critical_security_incident,critical_incident,critical,0.990,100,"{rce,exploit,cve-,attack,security,vulnerability}",,heuristic,pending,,,,f,2026-09-29 19:16:00.565344+00
2023,2022,github,5635716876,2026-09-29 19:15:59.03165+00,2026-09-29 19:16:00.565344+00,critical_security_incident,critical_incident,high,0.550,55,"{rce,attack,security,vulnerability}",,heuristic,pending,,,,f,2026-09-29 19:16:00.565344+00
2024,2023,github,4098510171,2026-09-29 19:15:59.03165+00,2026-09-29 19:16:00.565344+00,critical_security_incident,critical_incident,critical,0.990,100,"{rce,exploit,cve-,attack,security,vulnerability}",,heuristic,pending,,,,f,2026-09-29 19:16:00.565344+00
2025,2024,github,5544861687,2026-09-29 19:15:59.03165+00,2026-09-29 19:16:00.565344+00,general,other,medium,0.200,20,"{security,vulnerability}",,heuristic,pending,,,,f,2026-09-29 19:16:00.565344+00
2026,2025,github,5025341459,2026-09-29 19:15:59.03165+00,2026-09-29 19:16:00.565344+00,critical_security_incident,critical_incident,critical,0.990,100,"{rce,exploit,cve-,attack,security,vulnerability}",,heuristic,pending,,,,f,2026-09-29 19:16:00.565344+00
2027,2026,github,4763167902,2026-09-29 19:15:59.03165+00,2026-09-29 19:16:00.565344+00,critical_security_incident,critical_incident,critical,0.990,100,"{rce,exploit,cve-,attack,security,vulnerability}",,heuristic,pending,,,,f,2026-09-29 19:16:00.565344+00
2028,2027,github,4763167842,2026-09-29 19:15:59.03165+00,2026-09-29 19:16:00.565344+00,critical_security_incident,critical_incident,critical,0.990,100,"{rce,exploit,cve-,attack,security,vulnerability}",,heuristic,pending,,,,f,2026-09-29 19:16:00.565344+00
2029,2028,github,2845620216,2026-09-29 19:15:59.03165+00,2026-09-29 19:16:00.565344+00,critical_security_incident,critical_incident,high,0.450,45,"{rce,security,vulnerability}",,heuristic,pending,,,,f,2026-09-29 19:16:00.565344+00
2030,2029,github,2848650220,2026-09-29 19:15:59.03165+00,2026-09-29 19:16:00.565344+00,critical_security_incident,critical_incident,medium,0.300,30,{rce},,heuristic,pending,,,,f,2026-09-29 19:16:00.565344+00
2031,2030,github,5635709098,2026-09-29 19:15:59.03165+00,2026-09-29 19:16:00.565344+00,critical_security_incident,critical_incident,critical,0.990,100,"{apt,phishing,exploit,trojan,attack,security,vulnerability}",,heuristic,pending,,,,f,2026-09-29 19:16:00.565344+00
2032,2031,github,4669008822,2026-09-29 19:15:59.03165+00,2026-09-29 19:16:00.565344+00,critical_security_incident,critical_incident,critical,0.990,100,"{rce,exploit,cve-,attack,security,vulnerability,""denial of service""}",,heuristic,pending,,,,f,2026-09-29 19:16:00.565344+00
2033,2032,github,4763167694,2026-09-29 19:15:59.03165+00,2026-09-29 19:16:00.565344+00,critical_security_incident,critical_incident,critical,0.990,100,"{rce,exploit,cve-,attack,security,vulnerability}",,heuristic,pending,,,,f,2026-09-29 19:16:00.565344+00
2034,2033,github,2817347285,2026-09-29 19:15:59.03165+00,2026-09-29 19:16:00.565344+00,critical_security_incident,critical_incident,high,0.450,45,"{rce,security,vulnerability}",,heuristic,pending,,,,f,2026-09-29 19:16:00.565344+00
2035,2034,github,2910348658,2026-09-29 19:15:59.03165+00,2026-09-29 19:16:00.565344+00,critical_security_incident,critical_incident,critical,0.990,100,"{apt,rce,exploit,cve-,attack,security,vulnerability}",,heuristic,pending,,,,f,2026-09-29 19:16:00.565344+00
2036,2035,github,3918883759,2026-09-29 19:15:59.03165+00,2026-09-29 19:16:00.565344+00,critical_security_incident,critical_incident,critical,0.990,100,"{apt,rce,exploit,cve-,attack,security,vulnerability}",,heuristic,pending,,,,f,2026-09-29 19:16:00.565344+00
2037,2036,github,4944300510,2026-09-29 19:15:59.03165+00,2026-09-29 19:16:00.565344+00,critical_security_incident,critical_incident,critical,0.990,100,"{rce,exploit,cve-,attack,security,vulnerability}",,heuristic,pending,,,,f,2026-09-29 19:16:00.565344+00
2038,2037,github,1024855770,2026-09-29 19:15:59.03165+00,2026-09-29 19:16:00.565344+00,critical_security_incident,critical_incident,critical,0.990,100,"{rce,exploit,cve-,attack,security,vulnerability}",,heuristic,pending,,,,f,2026-09-29 19:16:00.565344+00
2039,2038,github,5565507007,2026-09-29 19:15:59.03165+00,2026-09-29 19:16:00.565344+00,general,other,medium,0.350,35,"{security,vulnerability}",,heuristic,pending,,,,f,2026-09-29 19:16:00.565344+00
2040,2039,github,2812204427,2026-09-29 19:15:59.03165+00,2026-09-29 19:16:00.565344+00,critical_security_incident,critical_incident,high,0.550,55,"{rce,security,vulnerability}",,heuristic,pending,,,,f,2026-09-29 19:16:00.565344+00
2041,2040,github,4936395893,2026-09-29 19:15:59.03165+00,2026-09-29 19:16:00.565344+00,critical_security_incident,critical_incident,critical,0.990,100,"{""data leak"",rce,exploit,vulnerability}",,heuristic,pending,,,,f,2026-09-29 19:16:00.565344+00
2042,2041,github,2031337739,2026-09-29 19:15:59.03165+00,2026-09-29 19:16:00.565344+00,critical_security_incident,critical_incident,critical,0.990,100,"{rce,exploit,cve-,attack,security,vulnerability}",,heuristic,pending,,,,f,2026-09-29 19:16:00.565344+00
2043,2042,github,5056093409,2026-09-29 19:15:59.03165+00,2026-09-29 19:16:00.565344+00,critical_security_incident,critical_incident,critical,0.990,100,"{rce,exploit,cve-,attack,security,vulnerability}",,heuristic,pending,,,,f,2026-09-29 19:16:00.565344+00
2044,2043,github,4704407476,2026-09-29 19:15:59.03165+00,2026-09-29 19:16:00.565344+00,critical_security_incident,critical_incident,critical,0.990,100,"{rce,exploit,cve-,attack,security,vulnerability}",,heuristic,pending,,,,f,2026-09-29 19:16:00.565344+00
2045,2044,github,5635712211,2026-09-29 19:15:59.03165+00,2026-09-29 19:16:00.565344+00,critical_security_incident,critical_incident,critical,0.990,100,"{rce,exploit,cve-,attack,security,vulnerability,""denial of service""}",,heuristic,pending,,,,f,2026-09-29 19:16:00.565344+00
2046,2045,github,3122349088,2026-09-29 19:15:59.03165+00,2026-09-29 19:16:00.565344+00,critical_security_incident,critical_incident,critical,0.990,100,"{rce,exploit,cve-,attack,security,vulnerability}",,heuristic,pending,,,,f,2026-09-29 19:16:00.565344+00
2047,2046,github,5635642871,2026-09-29 19:15:59.03165+00,2026-09-29 19:16:00.565344+00,critical_security_incident,critical_incident,critical,0.650,65,"{rce,incident,vulnerability}",,heuristic,pending,,,,f,2026-09-29 19:16:00.565344+00
2048,2047,github,5635711887,2026-09-29 19:15:59.03165+00,2026-09-29 19:16:00.565344+00,critical_security_incident,critical_incident,critical,0.990,100,"{rce,exploit,cve-,attack,security,vulnerability,""denial of service""}",,heuristic,pending,,,,f,2026-09-29 19:16:00.565344+00
2049,2048,github,5466404341,2026-09-29 19:15:59.03165+00,2026-09-29 19:16:00.565344+00,critical_security_incident,critical_incident,critical,0.950,95,"{rce,exploit,cve-,attack,security,vulnerability}",,heuristic,pending,,,,f,2026-09-29 19:16:00.565344+00
2050,2049,github,5580137110,2026-09-29 19:15:59.03165+00,2026-09-29 19:16:00.565344+00,general,other,low,0.050,5,,,heuristic,pending,,,,f,2026-09-29 19:16:00.565344+00
2051,2050,github,2487691229,2026-09-29 19:15:59.03165+00,2026-09-29 19:16:00.565344+00,critical_security_incident,critical_incident,high,0.450,45,"{rce,security,vulnerability}",,heuristic,pending,,,,f,2026-09-29 19:16:00.565344+00
2052,2051,github,3506718342,2026-09-29 19:15:59.03165+00,2026-09-29 19:16:00.565344+00,critical_security_incident,critical_incident,critical,0.990,100,"{apt,rce,exploit,cve-,attack,vulnerability}",,heuristic,pending,,,,f,2026-09-29 19:16:00.565344+00
2053,2052,github,3122349036,2026-09-29 19:15:59.03165+00,2026-09-29 19:16:00.565344+00,critical_security_incident,critical_incident,critical,0.990,100,"{rce,exploit,cve-,attack,security,vulnerability}",,heuristic,pending,,,,f,2026-09-29 19:16:00.565344+00
2054,2053,github,5517169557,2026-09-29 19:15:59.03165+00,2026-09-29 19:16:00.565344+00,critical_security_incident,critical_incident,medium,0.350,35,{rce},,heuristic,pending,,,,f,2026-09-29 19:16:00.565344+00
2055,2054,github,4941314038,2026-09-29 19:15:59.03165+00,2026-09-29 19:16:00.565344+00,critical_security_incident,critical_incident,critical,0.700,70,"{apt,rce}",,heuristic,pending,,,,f,2026-09-29 19:16:00.565344+00
2056,2055,github,3343576306,2026-09-29 19:15:59.03165+00,2026-09-29 19:16:00.565344+00,critical_security_incident,critical_incident,critical,0.990,100,"{rce,exploit,cve-,attack,security,vulnerability}",,heuristic,pending,,,,f,2026-09-29 19:16:00.565344+00
2057,2056,github,4669003835,2026-09-29 19:15:59.03165+00,2026-09-29 19:16:00.565344+00,critical_security_incident,critical_incident,critical,0.990,100,"{rce,exploit,cve-,attack,security,vulnerability}",,heuristic,pending,,,,f,2026-09-29 19:16:00.565344+00
2058,2057,github,5635710533,2026-09-29 19:15:59.03165+00,2026-09-29 19:16:00.565344+00,critical_security_incident,critical_incident,critical,0.990,100,"{rce,exploit,cve-,attack,security,vulnerability,""denial of service""}",,heuristic,pending,,,,f,2026-09-29 19:16:00.565344+00
2059,2058,github,1406989521,2026-09-29 19:15:59.03165+00,2026-09-29 19:16:00.565344+00,critical_security_incident,critical_incident,critical,0.990,100,"{rce,exploit,cve-,attack,security,vulnerability,""denial of service""}",,heuristic,pending,,,,f,2026-09-29 19:16:00.565344+00
2060,2059,github,1024855406,2026-09-29 19:15:59.03165+00,2026-09-29 19:16:00.565344+00,critical_security_incident,critical_incident,critical,0.990,100,"{rce,exploit,cve-,attack,security,vulnerability,""denial of service""}",,heuristic,pending,,,,f,2026-09-29 19:16:00.565344+00
2061,2060,github,3527862484,2026-09-29 19:15:59.03165+00,2026-09-29 19:16:00.565344+00,critical_security_incident,critical_incident,critical,0.990,100,"{rce,exploit,cve-,attack,security,vulnerability,""denial of service""}",,heuristic,pending,,,,f,2026-09-29 19:16:00.565344+00
2062,2061,github,4704407405,2026-09-29 19:15:59.03165+00,2026-09-29 19:16:00.565344+00,critical_security_incident,critical_incident,critical,0.990,100,"{rce,exploit,cve-,attack,security,vulnerability}",,heuristic,pending,,,,f,2026-09-29 19:16:00.565344+00
2063,2062,github,982611645,2026-09-29 19:30:59.095008+00,2026-09-29 19:31:00.450997+00,critical_security_incident,critical_incident,high,0.450,45,"{rce,security,vulnerability}",,heuristic,pending,,,,f,2026-09-29 19:31:00.450997+00
2064,2063,github,5635355580,2026-09-29 19:30:59.095008+00,2026-09-29 19:31:00.450997+00,critical_security_incident,critical_incident,high,0.550,55,"{rce,incident}",,heuristic,pending,,,,f,2026-09-29 19:31:00.450997+00
2065,2064,github,4105058035,2026-09-29 19:30:59.095008+00,2026-09-29 19:31:00.450997+00,critical_security_incident,critical_incident,high,0.400,40,"{rce,vulnerability}",,heuristic,pending,,,,f,2026-09-29 19:31:00.450997+00
2066,2065,github,978717995,2026-09-29 19:30:59.095008+00,2026-09-29 19:31:00.450997+00,critical_security_incident,critical_incident,medium,0.300,30,{rce},,heuristic,pending,,,,f,2026-09-29 19:31:00.450997+00
2067,2066,github,2762752140,2026-09-29 19:30:59.095008+00,2026-09-29 19:31:00.450997+00,critical_security_incident,critical_incident,medium,0.300,30,{rce},,heuristic,pending,,,,f,2026-09-29 19:31:00.450997+00
2068,2067,github,4011892725,2026-09-29 19:30:59.095008+00,2026-09-29 19:31:00.450997+00,critical_security_incident,critical_incident,high,0.450,45,{rce},,heuristic,pending,,,,f,2026-09-29 19:31:00.450997+00
2069,2068,github,1865520220,2026-09-29 19:30:59.095008+00,2026-09-29 19:31:00.450997+00,critical_security_incident,critical_incident,high,0.450,45,"{rce,security,vulnerability}",,heuristic,pending,,,,f,2026-09-29 19:31:00.450997+00
2070,2069,github,5210682667,2026-09-29 19:30:59.095008+00,2026-09-29 19:31:00.450997+00,general,other,medium,0.300,30,{vulnerability},,heuristic,pending,,,,f,2026-09-29 19:31:00.450997+00
2071,2070,github,2203922856,2026-09-29 19:30:59.095008+00,2026-09-29 19:31:00.450997+00,critical_security_incident,critical_incident,high,0.550,55,"{apt,rce}",,heuristic,pending,,,,f,2026-09-29 19:31:00.450997+00
2072,2071,github,3932231058,2026-09-29 19:30:59.095008+00,2026-09-29 19:31:00.450997+00,critical_security_incident,critical_incident,critical,0.990,100,"{rce,exploit,cve-,attack,security,vulnerability,""denial of service""}",,heuristic,pending,,,,f,2026-09-29 19:31:00.450997+00
2073,2072,github,5635891505,2026-09-29 19:30:59.095008+00,2026-09-29 19:31:00.450997+00,critical_security_incident,critical_incident,high,0.450,45,"{apt,security,vulnerability}",,heuristic,pending,,,,f,2026-09-29 19:31:00.450997+00
2074,2073,github,4856461062,2026-09-29 19:30:59.095008+00,2026-09-29 19:31:00.450997+00,critical_security_incident,critical_incident,medium,0.350,35,"{rce,security}",,heuristic,pending,,,,f,2026-09-29 19:31:00.450997+00
2075,2074,github,1751834434,2026-09-29 19:30:59.095008+00,2026-09-29 19:31:00.450997+00,critical_security_incident,critical_incident,high,0.450,45,"{rce,security,vulnerability}",,heuristic,pending,,,,f,2026-09-29 19:31:00.450997+00
2076,2075,github,1121405211,2026-09-29 19:30:59.095008+00,2026-09-29 19:31:00.450997+00,critical_security_incident,critical_incident,critical,0.990,100,"{rce,exploit,cve-,attack,security,vulnerability}",,heuristic,pending,,,,f,2026-09-29 19:31:00.450997+00
2077,2076,github,5635890786,2026-09-29 19:30:59.095008+00,2026-09-29 19:31:00.450997+00,security_threat,security_threat,critical,0.650,65,"{phishing,malware,security}",,heuristic,pending,,,,f,2026-09-29 19:31:00.450997+00
2078,2077,github,1121405039,2026-09-29 19:30:59.095008+00,2026-09-29 19:31:00.450997+00,critical_security_incident,critical_incident,critical,0.990,100,"{rce,exploit,cve-,attack,security,vulnerability}",,heuristic,pending,,,,f,2026-09-29 19:31:00.450997+00
2079,2078,github,896650695,2026-09-29 19:30:59.095008+00,2026-09-29 19:31:00.450997+00,critical_security_incident,critical_incident,critical,0.990,100,"{rce,exploit,cve-,attack,security,vulnerability}",,heuristic,pending,,,,f,2026-09-29 19:31:00.450997+00
2080,2079,github,5635876480,2026-09-29 19:30:59.095008+00,2026-09-29 19:31:00.450997+00,security_threat,security_threat,high,0.400,40,{exploit},,heuristic,pending,,,,f,2026-09-29 19:31:00.450997+00
2081,2080,github,3527872684,2026-09-29 19:30:59.095008+00,2026-09-29 19:31:00.450997+00,critical_security_incident,critical_incident,critical,0.990,100,"{rce,exploit,cve-,attack,security,vulnerability,""denial of service""}",,heuristic,pending,,,,f,2026-09-29 19:31:00.450997+00
2082,2081,github,4669086783,2026-09-29 19:30:59.095008+00,2026-09-29 19:31:00.450997+00,critical_security_incident,critical_incident,critical,0.990,100,"{rce,exploit,cve-,attack,security,vulnerability}",,heuristic,pending,,,,f,2026-09-29 19:31:00.450997+00
2083,2082,github,810068167,2026-09-29 19:30:59.095008+00,2026-09-29 19:31:00.450997+00,critical_security_incident,critical_incident,critical,0.600,60,"{rce,security,vulnerability}",,heuristic,pending,,,,f,2026-09-29 19:31:00.450997+00
2084,2083,github,3841964991,2026-09-29 19:30:59.095008+00,2026-09-29 19:31:00.450997+00,critical_security_incident,critical_incident,critical,0.990,100,"{rce,exploit,cve-,attack,security,vulnerability}",,heuristic,pending,,,,f,2026-09-29 19:31:00.450997+00
2085,2084,github,5210681122,2026-09-29 19:30:59.095008+00,2026-09-29 19:31:00.450997+00,general,other,low,0.150,15,{vulnerability},,heuristic,pending,,,,f,2026-09-29 19:31:00.450997+00
2086,2085,github,4331065696,2026-09-29 19:30:59.095008+00,2026-09-29 19:31:00.450997+00,critical_security_incident,critical_incident,critical,0.990,100,"{rce,exploit,cve-,attack,security,vulnerability}",,heuristic,pending,,,,f,2026-09-29 19:31:00.450997+00
2087,2086,github,4021888266,2026-09-29 19:30:59.095008+00,2026-09-29 19:31:00.450997+00,critical_security_incident,critical_incident,critical,0.990,100,"{rce,exploit,cve-,attack,security,vulnerability,""denial of service""}",,heuristic,pending,,,,f,2026-09-29 19:31:00.450997+00
2088,2087,github,3961502350,2026-09-29 19:30:59.095008+00,2026-09-29 19:31:00.450997+00,critical_security_incident,critical_incident,critical,0.990,100,"{rce,exploit,cve-,attack,security,vulnerability,""denial of service""}",,heuristic,pending,,,,f,2026-09-29 19:31:00.450997+00
2089,2088,github,4235853253,2026-09-29 19:30:59.095008+00,2026-09-29 19:31:00.450997+00,critical_security_incident,critical_incident,critical,0.990,100,"{rce,exploit,cve-,attack,security,vulnerability}",,heuristic,pending,,,,f,2026-09-29 19:31:00.450997+00
2090,2089,github,1375180374,2026-09-29 19:30:59.095008+00,2026-09-29 19:31:00.450997+00,critical_security_incident,critical_incident,high,0.450,45,"{rce,security,vulnerability}",,heuristic,pending,,,,f,2026-09-29 19:31:00.450997+00
2091,2090,github,4031433957,2026-09-29 19:30:59.095008+00,2026-09-29 19:31:00.450997+00,critical_security_incident,critical_incident,critical,0.990,100,"{rce,exploit,cve-,attack,security,vulnerability}",,heuristic,pending,,,,f,2026-09-29 19:31:00.450997+00
2092,2091,github,896649970,2026-09-29 19:30:59.095008+00,2026-09-29 19:31:00.450997+00,critical_security_incident,critical_incident,critical,0.990,100,"{rce,exploit,cve-,attack,security,vulnerability}",,heuristic,pending,,,,f,2026-09-29 19:31:00.450997+00
2093,2092,github,896649938,2026-09-29 19:30:59.095008+00,2026-09-29 19:31:00.450997+00,critical_security_incident,critical_incident,critical,0.990,100,"{rce,exploit,cve-,attack,vulnerability}",,heuristic,pending,,,,f,2026-09-29 19:31:00.450997+00
2094,2093,github,5097651767,2026-09-29 19:30:59.095008+00,2026-09-29 19:31:00.450997+00,critical_security_incident,critical_incident,high,0.450,45,"{rce,security,vulnerability}",,heuristic,pending,,,,f,2026-09-29 19:31:00.450997+00
2095,2094,github,4187761322,2026-09-29 19:30:59.095008+00,2026-09-29 19:31:00.450997+00,critical_security_incident,critical_incident,high,0.450,45,"{rce,security,vulnerability}",,heuristic,pending,,,,f,2026-09-29 19:31:00.450997+00
2096,2095,github,2650162069,2026-09-29 19:30:59.095008+00,2026-09-29 19:31:00.450997+00,critical_security_incident,critical_incident,critical,0.990,100,"{rce,exploit,cve-,attack,security,vulnerability,""denial of service""}",,heuristic,pending,,,,f,2026-09-29 19:31:00.450997+00
2097,2096,github,3233327375,2026-09-29 19:30:59.095008+00,2026-09-29 19:31:00.450997+00,critical_security_incident,critical_incident,critical,0.990,100,"{rce,exploit,cve-,attack,security,vulnerability}",,heuristic,pending,,,,f,2026-09-29 19:31:00.450997+00
2098,2097,github,896649529,2026-09-29 19:30:59.095008+00,2026-09-29 19:31:00.450997+00,critical_security_incident,critical_incident,critical,0.990,100,"{rce,exploit,cve-,xss,attack,security,vulnerability}",,heuristic,pending,,,,f,2026-09-29 19:31:00.450997+00
2099,2098,github,4098523834,2026-09-29 19:30:59.095008+00,2026-09-29 19:31:00.450997+00,critical_security_incident,critical_incident,critical,0.990,100,"{rce,exploit,cve-,attack,security,vulnerability}",,heuristic,pending,,,,f,2026-09-29 19:31:00.450997+00
2100,2099,github,5164531552,2026-09-29 19:30:59.095008+00,2026-09-29 19:31:00.450997+00,critical_security_incident,critical_incident,critical,0.990,100,"{rce,exploit,cve-,attack,security,vulnerability}",,heuristic,pending,,,,f,2026-09-29 19:31:00.450997+00
2101,2100,github,1335355571,2026-09-29 19:30:59.095008+00,2026-09-29 19:31:00.450997+00,critical_security_incident,critical_incident,critical,0.990,100,"{rce,exploit,cve-,attack,security,vulnerability}",,heuristic,pending,,,,f,2026-09-29 19:31:00.450997+00
2102,2101,github,1740707942,2026-09-29 19:30:59.095008+00,2026-09-29 19:31:00.450997+00,critical_security_incident,critical_incident,high,0.450,45,"{rce,security,vulnerability}",,heuristic,pending,,,,f,2026-09-29 19:31:00.450997+00
2103,2102,github,896649067,2026-09-29 19:30:59.095008+00,2026-09-29 19:31:00.450997+00,critical_security_incident,critical_incident,critical,0.990,100,"{rce,exploit,cve-,attack,vulnerability}",,heuristic,pending,,,,f,2026-09-29 19:31:00.450997+00
