detection_id,mention_id,platform,external_id,collected_at,text_content_length,matched_keywords_original,keyword_score_original,risk_score_original,non_keyword_score_preserved,criticality_original,matched_keywords_corrected_word_boundary,keyword_score_corrected_word_boundary,risk_score_corrected_word_boundary,criticality_corrected_word_boundary,criticality_changed_word_boundary,alert_band_original,alert_band_corrected_word_boundary,removed_keywords_word_boundary,added_keywords_word_boundary,score_delta_word_boundary,methodological_note
1,1,hackernews,49848018,2026-09-25 18:48:08.587333+00,80,,0,5,5,low,,0,5,low,no,no,no,,,0,"Population-level REV46 recalculation isolating keyword matching: original non-keyword score contribution is preserved, while keyword matches are recalculated on text_content with word boundaries."
2,2,hackernews,49846926,2026-09-25 18:48:08.587333+00,65,security,5,10,5,low,security,5,10,low,no,no,no,,,0,"Population-level REV46 recalculation isolating keyword matching: original non-keyword score contribution is preserved, while keyword matches are recalculated on text_content with word boundaries."
3,3,hackernews,49846613,2026-09-25 18:48:08.587333+00,1218,apt|rce|security,55,60,5,critical,security,5,10,low,sí,sí,no,apt|rce,,-50,"Population-level REV46 recalculation isolating keyword matching: original non-keyword score contribution is preserved, while keyword matches are recalculated on text_content with word boundaries."
4,4,hackernews,49845669,2026-09-25 18:48:08.587333+00,57,rce|attack,35,55,20,high,rce,25,45,high,no,sí,sí,attack,,-10,"Population-level REV46 recalculation isolating keyword matching: original non-keyword score contribution is preserved, while keyword matches are recalculated on text_content with word boundaries."
5,5,hackernews,49843779,2026-09-25 18:48:08.587333+00,68,malware,20,25,5,medium,malware,20,25,medium,no,no,no,,,0,"Population-level REV46 recalculation isolating keyword matching: original non-keyword score contribution is preserved, while keyword matches are recalculated on text_content with word boundaries."
6,6,hackernews,49842514,2026-09-25 18:48:08.587333+00,62,security,5,10,5,low,security,5,10,low,no,no,no,,,0,"Population-level REV46 recalculation isolating keyword matching: original non-keyword score contribution is preserved, while keyword matches are recalculated on text_content with word boundaries."
7,7,hackernews,49840572,2026-09-25 18:48:08.587333+00,61,,0,5,5,low,,0,5,low,no,no,no,,,0,"Population-level REV46 recalculation isolating keyword matching: original non-keyword score contribution is preserved, while keyword matches are recalculated on text_content with word boundaries."
8,8,hackernews,49840513,2026-09-25 18:48:08.587333+00,58,attack,10,30,20,medium,attack,10,30,medium,no,no,no,,,0,"Population-level REV46 recalculation isolating keyword matching: original non-keyword score contribution is preserved, while keyword matches are recalculated on text_content with word boundaries."
9,9,hackernews,49840107,2026-09-25 18:48:08.587333+00,25,,0,5,5,low,,0,5,low,no,no,no,,,0,"Population-level REV46 recalculation isolating keyword matching: original non-keyword score contribution is preserved, while keyword matches are recalculated on text_content with word boundaries."
10,10,hackernews,49839418,2026-09-25 18:48:08.587333+00,66,security,5,10,5,low,security,5,10,low,no,no,no,,,0,"Population-level REV46 recalculation isolating keyword matching: original non-keyword score contribution is preserved, while keyword matches are recalculated on text_content with word boundaries."
11,11,hackernews,49836935,2026-09-25 18:48:08.587333+00,48,threat,10,30,20,medium,,0,20,medium,no,no,no,threat,,-10,"Population-level REV46 recalculation isolating keyword matching: original non-keyword score contribution is preserved, while keyword matches are recalculated on text_content with word boundaries."
12,12,hackernews,49836494,2026-09-25 18:48:08.587333+00,79,security,5,15,10,low,security,5,15,low,no,no,no,,,0,"Population-level REV46 recalculation isolating keyword matching: original non-keyword score contribution is preserved, while keyword matches are recalculated on text_content with word boundaries."
13,13,hackernews,49835931,2026-09-25 18:48:08.587333+00,79,,0,10,10,low,,0,10,low,no,no,no,,,0,"Population-level REV46 recalculation isolating keyword matching: original non-keyword score contribution is preserved, while keyword matches are recalculated on text_content with word boundaries."
14,14,hackernews,49835358,2026-09-25 18:48:08.587333+00,75,security,5,10,5,low,security,5,10,low,no,no,no,,,0,"Population-level REV46 recalculation isolating keyword matching: original non-keyword score contribution is preserved, while keyword matches are recalculated on text_content with word boundaries."
15,15,hackernews,49835265,2026-09-25 18:48:08.587333+00,57,,0,5,5,low,,0,5,low,no,no,no,,,0,"Population-level REV46 recalculation isolating keyword matching: original non-keyword score contribution is preserved, while keyword matches are recalculated on text_content with word boundaries."
16,16,hackernews,49834966,2026-09-25 18:48:08.587333+00,62,security|incident,15,20,5,medium,security|incident,15,20,medium,no,no,no,,,0,"Population-level REV46 recalculation isolating keyword matching: original non-keyword score contribution is preserved, while keyword matches are recalculated on text_content with word boundaries."
17,17,hackernews,49834098,2026-09-25 18:48:08.587333+00,2766,security|incident,15,25,10,medium,security,5,15,low,sí,no,no,incident,,-10,"Population-level REV46 recalculation isolating keyword matching: original non-keyword score contribution is preserved, while keyword matches are recalculated on text_content with word boundaries."
18,18,hackernews,49833561,2026-09-25 18:48:08.587333+00,25,,0,5,5,low,,0,5,low,no,no,no,,,0,"Population-level REV46 recalculation isolating keyword matching: original non-keyword score contribution is preserved, while keyword matches are recalculated on text_content with word boundaries."
19,19,hackernews,49833116,2026-09-25 18:48:08.587333+00,45,,0,5,5,low,,0,5,low,no,no,no,,,0,"Population-level REV46 recalculation isolating keyword matching: original non-keyword score contribution is preserved, while keyword matches are recalculated on text_content with word boundaries."
20,20,hackernews,49832880,2026-09-25 18:48:08.587333+00,79,security,5,10,5,low,security,5,10,low,no,no,no,,,0,"Population-level REV46 recalculation isolating keyword matching: original non-keyword score contribution is preserved, while keyword matches are recalculated on text_content with word boundaries."
21,21,hackernews,49832585,2026-09-25 18:48:08.587333+00,76,remote code execution|exploit|vulnerability,60,80,20,critical,remote code execution|vulnerability,40,60,critical,no,sí,sí,exploit,,-20,"Population-level REV46 recalculation isolating keyword matching: original non-keyword score contribution is preserved, while keyword matches are recalculated on text_content with word boundaries."
22,22,hackernews,49831744,2026-09-25 18:48:08.587333+00,3577,rce,25,30,5,medium,,0,5,low,sí,no,no,rce,,-25,"Population-level REV46 recalculation isolating keyword matching: original non-keyword score contribution is preserved, while keyword matches are recalculated on text_content with word boundaries."
23,23,hackernews,49831098,2026-09-25 18:48:08.587333+00,273,security,5,15,10,low,security,5,15,low,no,no,no,,,0,"Population-level REV46 recalculation isolating keyword matching: original non-keyword score contribution is preserved, while keyword matches are recalculated on text_content with word boundaries."
24,24,hackernews,49830961,2026-09-25 18:48:08.587333+00,59,security,5,10,5,low,security,5,10,low,no,no,no,,,0,"Population-level REV46 recalculation isolating keyword matching: original non-keyword score contribution is preserved, while keyword matches are recalculated on text_content with word boundaries."
25,25,hackernews,49830869,2026-09-25 18:48:08.587333+00,487,security,5,10,5,low,security,5,10,low,no,no,no,,,0,"Population-level REV46 recalculation isolating keyword matching: original non-keyword score contribution is preserved, while keyword matches are recalculated on text_content with word boundaries."
26,26,hackernews,49830304,2026-09-25 18:48:08.587333+00,68,,0,20,20,medium,,0,20,medium,no,no,no,,,0,"Population-level REV46 recalculation isolating keyword matching: original non-keyword score contribution is preserved, while keyword matches are recalculated on text_content with word boundaries."
27,27,hackernews,49829993,2026-09-25 18:48:08.587333+00,76,,0,5,5,low,,0,5,low,no,no,no,,,0,"Population-level REV46 recalculation isolating keyword matching: original non-keyword score contribution is preserved, while keyword matches are recalculated on text_content with word boundaries."
28,28,hackernews,49829958,2026-09-25 18:48:08.587333+00,73,,0,20,20,medium,,0,20,medium,no,no,no,,,0,"Population-level REV46 recalculation isolating keyword matching: original non-keyword score contribution is preserved, while keyword matches are recalculated on text_content with word boundaries."
29,29,hackernews,49829179,2026-09-25 18:48:08.587333+00,3886,rce|security,30,35,5,medium,security,5,10,low,sí,no,no,rce,,-25,"Population-level REV46 recalculation isolating keyword matching: original non-keyword score contribution is preserved, while keyword matches are recalculated on text_content with word boundaries."
30,30,hackernews,49829079,2026-09-25 18:48:08.587333+00,60,,0,0,0,low,,0,0,low,no,no,no,,,0,"Population-level REV46 recalculation isolating keyword matching: original non-keyword score contribution is preserved, while keyword matches are recalculated on text_content with word boundaries."
31,31,hackernews,49828422,2026-09-25 18:48:08.587333+00,57,,0,5,5,low,,0,5,low,no,no,no,,,0,"Population-level REV46 recalculation isolating keyword matching: original non-keyword score contribution is preserved, while keyword matches are recalculated on text_content with word boundaries."
32,32,hackernews,49828026,2026-09-25 18:48:08.587333+00,58,security,5,15,10,low,security,5,15,low,no,no,no,,,0,"Population-level REV46 recalculation isolating keyword matching: original non-keyword score contribution is preserved, while keyword matches are recalculated on text_content with word boundaries."
33,33,hackernews,49826971,2026-09-25 18:48:08.587333+00,63,,0,5,5,low,,0,5,low,no,no,no,,,0,"Population-level REV46 recalculation isolating keyword matching: original non-keyword score contribution is preserved, while keyword matches are recalculated on text_content with word boundaries."
34,34,hackernews,49826801,2026-09-25 18:48:08.587333+00,59,security,5,10,5,low,security,5,10,low,no,no,no,,,0,"Population-level REV46 recalculation isolating keyword matching: original non-keyword score contribution is preserved, while keyword matches are recalculated on text_content with word boundaries."
35,35,hackernews,49825815,2026-09-25 18:48:08.587333+00,68,,0,5,5,low,,0,5,low,no,no,no,,,0,"Population-level REV46 recalculation isolating keyword matching: original non-keyword score contribution is preserved, while keyword matches are recalculated on text_content with word boundaries."
36,36,hackernews,49825708,2026-09-25 18:48:08.587333+00,67,exploit,20,40,20,high,,0,20,medium,sí,sí,no,exploit,,-20,"Population-level REV46 recalculation isolating keyword matching: original non-keyword score contribution is preserved, while keyword matches are recalculated on text_content with word boundaries."
37,37,hackernews,49824978,2026-09-25 18:48:08.587333+00,43,security|incident,15,25,10,medium,security|incident,15,25,medium,no,no,no,,,0,"Population-level REV46 recalculation isolating keyword matching: original non-keyword score contribution is preserved, while keyword matches are recalculated on text_content with word boundaries."
38,38,hackernews,49824000,2026-09-25 18:48:08.587333+00,69,security,5,25,20,medium,security,5,25,medium,no,no,no,,,0,"Population-level REV46 recalculation isolating keyword matching: original non-keyword score contribution is preserved, while keyword matches are recalculated on text_content with word boundaries."
39,39,hackernews,49823620,2026-09-25 18:48:08.587333+00,66,security,5,10,5,low,security,5,10,low,no,no,no,,,0,"Population-level REV46 recalculation isolating keyword matching: original non-keyword score contribution is preserved, while keyword matches are recalculated on text_content with word boundaries."
40,40,hackernews,49823605,2026-09-25 18:48:08.587333+00,77,security,5,10,5,low,security,5,10,low,no,no,no,,,0,"Population-level REV46 recalculation isolating keyword matching: original non-keyword score contribution is preserved, while keyword matches are recalculated on text_content with word boundaries."
41,41,hackernews,49822450,2026-09-25 18:48:08.587333+00,64,security,5,10,5,low,security,5,10,low,no,no,no,,,0,"Population-level REV46 recalculation isolating keyword matching: original non-keyword score contribution is preserved, while keyword matches are recalculated on text_content with word boundaries."
42,42,hackernews,49821770,2026-09-25 18:48:08.587333+00,48,security,5,10,5,low,security,5,10,low,no,no,no,,,0,"Population-level REV46 recalculation isolating keyword matching: original non-keyword score contribution is preserved, while keyword matches are recalculated on text_content with word boundaries."
43,43,hackernews,49820673,2026-09-25 18:48:08.587333+00,53,security,5,10,5,low,security,5,10,low,no,no,no,,,0,"Population-level REV46 recalculation isolating keyword matching: original non-keyword score contribution is preserved, while keyword matches are recalculated on text_content with word boundaries."
44,44,hackernews,49819532,2026-09-25 18:48:08.587333+00,64,security,5,10,5,low,security,5,10,low,no,no,no,,,0,"Population-level REV46 recalculation isolating keyword matching: original non-keyword score contribution is preserved, while keyword matches are recalculated on text_content with word boundaries."
45,45,hackernews,49818914,2026-09-25 18:48:08.587333+00,4000,rce|security,30,35,5,medium,security,5,10,low,sí,no,no,rce,,-25,"Population-level REV46 recalculation isolating keyword matching: original non-keyword score contribution is preserved, while keyword matches are recalculated on text_content with word boundaries."
46,46,hackernews,49818514,2026-09-25 18:48:08.587333+00,2385,ransomware|apt|rce|attack|security|incident,105,100,0,critical,ransomware|attack|security,45,45,high,sí,sí,sí,apt|rce|incident,,-55,"Population-level REV46 recalculation isolating keyword matching: original non-keyword score contribution is preserved, while keyword matches are recalculated on text_content with word boundaries."
47,47,hackernews,49818439,2026-09-25 18:48:08.587333+00,1437,apt|rce|security,55,60,5,critical,security,5,10,low,sí,sí,no,apt|rce,,-50,"Population-level REV46 recalculation isolating keyword matching: original non-keyword score contribution is preserved, while keyword matches are recalculated on text_content with word boundaries."
48,48,hackernews,49818069,2026-09-25 18:48:08.587333+00,44,security,5,10,5,low,security,5,10,low,no,no,no,,,0,"Population-level REV46 recalculation isolating keyword matching: original non-keyword score contribution is preserved, while keyword matches are recalculated on text_content with word boundaries."
49,49,hackernews,49815684,2026-09-25 18:48:08.587333+00,915,,0,0,0,low,,0,0,low,no,no,no,,,0,"Population-level REV46 recalculation isolating keyword matching: original non-keyword score contribution is preserved, while keyword matches are recalculated on text_content with word boundaries."
50,50,hackernews,49814973,2026-09-25 18:48:08.587333+00,43,malware,20,25,5,medium,malware,20,25,medium,no,no,no,,,0,"Population-level REV46 recalculation isolating keyword matching: original non-keyword score contribution is preserved, while keyword matches are recalculated on text_content with word boundaries."
51,51,exploit-db,https://www.exploit-db.com/exploits/52682,2026-09-25 18:48:08.587333+00,123,rce|cve-,45,50,5,high,rce|cve-,45,50,high,no,sí,sí,,,0,"Population-level REV46 recalculation isolating keyword matching: original non-keyword score contribution is preserved, while keyword matches are recalculated on text_content with word boundaries."
52,52,exploit-db,https://www.exploit-db.com/exploits/52681,2026-09-25 18:48:08.587333+00,45,rce|remote code execution,55,75,20,critical,rce|remote code execution,55,75,critical,no,sí,sí,,,0,"Population-level REV46 recalculation isolating keyword matching: original non-keyword score contribution is preserved, while keyword matches are recalculated on text_content with word boundaries."
53,53,exploit-db,https://www.exploit-db.com/exploits/52680,2026-09-25 18:48:08.587333+00,54,remote code execution,30,50,20,high,remote code execution,30,50,high,no,sí,sí,,,0,"Population-level REV46 recalculation isolating keyword matching: original non-keyword score contribution is preserved, while keyword matches are recalculated on text_content with word boundaries."
54,54,exploit-db,https://www.exploit-db.com/exploits/52679,2026-09-25 18:48:08.587333+00,22,,0,5,5,low,,0,5,low,no,no,no,,,0,"Population-level REV46 recalculation isolating keyword matching: original non-keyword score contribution is preserved, while keyword matches are recalculated on text_content with word boundaries."
55,55,exploit-db,https://www.exploit-db.com/exploits/52678,2026-09-25 18:48:08.587333+00,51,,0,5,5,low,,0,5,low,no,no,no,,,0,"Population-level REV46 recalculation isolating keyword matching: original non-keyword score contribution is preserved, while keyword matches are recalculated on text_content with word boundaries."
56,56,exploit-db,https://www.exploit-db.com/exploits/52677,2026-09-25 18:48:08.587333+00,35,xss,15,20,5,medium,xss,15,20,medium,no,no,no,,,0,"Population-level REV46 recalculation isolating keyword matching: original non-keyword score contribution is preserved, while keyword matches are recalculated on text_content with word boundaries."
57,57,exploit-db,https://www.exploit-db.com/exploits/52676,2026-09-25 18:48:08.587333+00,41,remote code execution,30,50,20,high,remote code execution,30,50,high,no,sí,sí,,,0,"Population-level REV46 recalculation isolating keyword matching: original non-keyword score contribution is preserved, while keyword matches are recalculated on text_content with word boundaries."
58,58,exploit-db,https://www.exploit-db.com/exploits/52675,2026-09-25 18:48:08.587333+00,21,rce,25,30,5,medium,rce,25,30,medium,no,no,no,,,0,"Population-level REV46 recalculation isolating keyword matching: original non-keyword score contribution is preserved, while keyword matches are recalculated on text_content with word boundaries."
59,59,exploit-db,https://www.exploit-db.com/exploits/52674,2026-09-25 18:48:08.587333+00,45,,0,20,20,medium,,0,20,medium,no,no,no,,,0,"Population-level REV46 recalculation isolating keyword matching: original non-keyword score contribution is preserved, while keyword matches are recalculated on text_content with word boundaries."
60,60,exploit-db,https://www.exploit-db.com/exploits/52673,2026-09-25 18:48:08.587333+00,20,rce,25,30,5,medium,rce,25,30,medium,no,no,no,,,0,"Population-level REV46 recalculation isolating keyword matching: original non-keyword score contribution is preserved, while keyword matches are recalculated on text_content with word boundaries."
61,61,exploit-db,https://www.exploit-db.com/exploits/52672,2026-09-25 18:48:08.587333+00,24,rce,25,30,5,medium,rce,25,30,medium,no,no,no,,,0,"Population-level REV46 recalculation isolating keyword matching: original non-keyword score contribution is preserved, while keyword matches are recalculated on text_content with word boundaries."
62,62,exploit-db,https://www.exploit-db.com/exploits/52671,2026-09-25 18:48:08.587333+00,40,sql injection,20,40,20,high,sql injection,20,40,high,no,sí,sí,,,0,"Population-level REV46 recalculation isolating keyword matching: original non-keyword score contribution is preserved, while keyword matches are recalculated on text_content with word boundaries."
63,63,exploit-db,https://www.exploit-db.com/exploits/52670,2026-09-25 18:48:08.587333+00,23,xss,15,20,5,medium,xss,15,20,medium,no,no,no,,,0,"Population-level REV46 recalculation isolating keyword matching: original non-keyword score contribution is preserved, while keyword matches are recalculated on text_content with word boundaries."
64,64,exploit-db,https://www.exploit-db.com/exploits/52669,2026-09-25 18:48:08.587333+00,20,rce,25,30,5,medium,rce,25,30,medium,no,no,no,,,0,"Population-level REV46 recalculation isolating keyword matching: original non-keyword score contribution is preserved, while keyword matches are recalculated on text_content with word boundaries."
65,65,exploit-db,https://www.exploit-db.com/exploits/52668,2026-09-25 18:48:08.587333+00,47,,0,5,5,low,,0,5,low,no,no,no,,,0,"Population-level REV46 recalculation isolating keyword matching: original non-keyword score contribution is preserved, while keyword matches are recalculated on text_content with word boundaries."
66,66,exploit-db,https://www.exploit-db.com/exploits/52667,2026-09-25 18:48:08.587333+00,45,sql injection,20,40,20,high,sql injection,20,40,high,no,sí,sí,,,0,"Population-level REV46 recalculation isolating keyword matching: original non-keyword score contribution is preserved, while keyword matches are recalculated on text_content with word boundaries."
67,67,exploit-db,https://www.exploit-db.com/exploits/52666,2026-09-25 18:48:08.587333+00,35,,0,5,5,low,,0,5,low,no,no,no,,,0,"Population-level REV46 recalculation isolating keyword matching: original non-keyword score contribution is preserved, while keyword matches are recalculated on text_content with word boundaries."
68,68,exploit-db,https://www.exploit-db.com/exploits/52665,2026-09-25 18:48:08.587333+00,42,xss,15,20,5,medium,xss,15,20,medium,no,no,no,,,0,"Population-level REV46 recalculation isolating keyword matching: original non-keyword score contribution is preserved, while keyword matches are recalculated on text_content with word boundaries."
69,69,exploit-db,https://www.exploit-db.com/exploits/52664,2026-09-25 18:48:08.587333+00,30,sql injection,20,25,5,medium,sql injection,20,25,medium,no,no,no,,,0,"Population-level REV46 recalculation isolating keyword matching: original non-keyword score contribution is preserved, while keyword matches are recalculated on text_content with word boundaries."
70,70,exploit-db,https://www.exploit-db.com/exploits/52663,2026-09-25 18:48:08.587333+00,20,,0,5,5,low,,0,5,low,no,no,no,,,0,"Population-level REV46 recalculation isolating keyword matching: original non-keyword score contribution is preserved, while keyword matches are recalculated on text_content with word boundaries."
71,71,exploit-db,https://www.exploit-db.com/exploits/52662,2026-09-25 18:48:08.587333+00,27,xss,15,20,5,medium,xss,15,20,medium,no,no,no,,,0,"Population-level REV46 recalculation isolating keyword matching: original non-keyword score contribution is preserved, while keyword matches are recalculated on text_content with word boundaries."
72,72,exploit-db,https://www.exploit-db.com/exploits/52661,2026-09-25 18:48:08.587333+00,37,,0,5,5,low,,0,5,low,no,no,no,,,0,"Population-level REV46 recalculation isolating keyword matching: original non-keyword score contribution is preserved, while keyword matches are recalculated on text_content with word boundaries."
73,73,exploit-db,https://www.exploit-db.com/exploits/52660,2026-09-25 18:48:08.587333+00,59,,0,5,5,low,,0,5,low,no,no,no,,,0,"Population-level REV46 recalculation isolating keyword matching: original non-keyword score contribution is preserved, while keyword matches are recalculated on text_content with word boundaries."
74,74,exploit-db,https://www.exploit-db.com/exploits/52659,2026-09-25 18:48:08.587333+00,57,remote code execution,30,50,20,high,remote code execution,30,50,high,no,sí,sí,,,0,"Population-level REV46 recalculation isolating keyword matching: original non-keyword score contribution is preserved, while keyword matches are recalculated on text_content with word boundaries."
75,75,exploit-db,https://www.exploit-db.com/exploits/52658,2026-09-25 18:48:08.587333+00,63,rce|cve-,45,50,5,high,rce|cve-,45,50,high,no,sí,sí,,,0,"Population-level REV46 recalculation isolating keyword matching: original non-keyword score contribution is preserved, while keyword matches are recalculated on text_content with word boundaries."
76,76,exploit-db,https://www.exploit-db.com/exploits/52657,2026-09-25 18:48:08.587333+00,29,,0,5,5,low,,0,5,low,no,no,no,,,0,"Population-level REV46 recalculation isolating keyword matching: original non-keyword score contribution is preserved, while keyword matches are recalculated on text_content with word boundaries."
77,77,exploit-db,https://www.exploit-db.com/exploits/52656,2026-09-25 18:48:08.587333+00,18,,0,5,5,low,,0,5,low,no,no,no,,,0,"Population-level REV46 recalculation isolating keyword matching: original non-keyword score contribution is preserved, while keyword matches are recalculated on text_content with word boundaries."
78,78,exploit-db,https://www.exploit-db.com/exploits/52655,2026-09-25 18:48:08.587333+00,40,,0,20,20,medium,,0,20,medium,no,no,no,,,0,"Population-level REV46 recalculation isolating keyword matching: original non-keyword score contribution is preserved, while keyword matches are recalculated on text_content with word boundaries."
79,79,exploit-db,https://www.exploit-db.com/exploits/52654,2026-09-25 18:48:08.587333+00,34,,0,5,5,low,,0,5,low,no,no,no,,,0,"Population-level REV46 recalculation isolating keyword matching: original non-keyword score contribution is preserved, while keyword matches are recalculated on text_content with word boundaries."
80,80,exploit-db,https://www.exploit-db.com/exploits/52653,2026-09-25 18:48:08.587333+00,43,,0,5,5,low,,0,5,low,no,no,no,,,0,"Population-level REV46 recalculation isolating keyword matching: original non-keyword score contribution is preserved, while keyword matches are recalculated on text_content with word boundaries."
81,81,exploit-db,https://www.exploit-db.com/exploits/52652,2026-09-25 18:48:08.587333+00,19,,0,5,5,low,,0,5,low,no,no,no,,,0,"Population-level REV46 recalculation isolating keyword matching: original non-keyword score contribution is preserved, while keyword matches are recalculated on text_content with word boundaries."
82,82,exploit-db,https://www.exploit-db.com/exploits/52651,2026-09-25 18:48:08.587333+00,47,,0,5,5,low,,0,5,low,no,no,no,,,0,"Population-level REV46 recalculation isolating keyword matching: original non-keyword score contribution is preserved, while keyword matches are recalculated on text_content with word boundaries."
83,83,exploit-db,https://www.exploit-db.com/exploits/52650,2026-09-25 18:48:08.587333+00,21,,0,5,5,low,,0,5,low,no,no,no,,,0,"Population-level REV46 recalculation isolating keyword matching: original non-keyword score contribution is preserved, while keyword matches are recalculated on text_content with word boundaries."
84,84,exploit-db,https://www.exploit-db.com/exploits/52649,2026-09-25 18:48:08.587333+00,31,,0,5,5,low,,0,5,low,no,no,no,,,0,"Population-level REV46 recalculation isolating keyword matching: original non-keyword score contribution is preserved, while keyword matches are recalculated on text_content with word boundaries."
85,85,exploit-db,https://www.exploit-db.com/exploits/52648,2026-09-25 18:48:08.587333+00,38,,0,5,5,low,,0,5,low,no,no,no,,,0,"Population-level REV46 recalculation isolating keyword matching: original non-keyword score contribution is preserved, while keyword matches are recalculated on text_content with word boundaries."
86,86,exploit-db,https://www.exploit-db.com/exploits/52647,2026-09-25 18:48:08.587333+00,48,,0,5,5,low,,0,5,low,no,no,no,,,0,"Population-level REV46 recalculation isolating keyword matching: original non-keyword score contribution is preserved, while keyword matches are recalculated on text_content with word boundaries."
87,87,exploit-db,https://www.exploit-db.com/exploits/52646,2026-09-25 18:48:08.587333+00,40,,0,20,20,medium,,0,20,medium,no,no,no,,,0,"Population-level REV46 recalculation isolating keyword matching: original non-keyword score contribution is preserved, while keyword matches are recalculated on text_content with word boundaries."
88,88,exploit-db,https://www.exploit-db.com/exploits/52645,2026-09-25 18:48:08.587333+00,41,remote code execution,30,50,20,high,remote code execution,30,50,high,no,sí,sí,,,0,"Population-level REV46 recalculation isolating keyword matching: original non-keyword score contribution is preserved, while keyword matches are recalculated on text_content with word boundaries."
89,89,exploit-db,https://www.exploit-db.com/exploits/52644,2026-09-25 18:48:08.587333+00,38,remote code execution,30,50,20,high,remote code execution,30,50,high,no,sí,sí,,,0,"Population-level REV46 recalculation isolating keyword matching: original non-keyword score contribution is preserved, while keyword matches are recalculated on text_content with word boundaries."
90,90,exploit-db,https://www.exploit-db.com/exploits/52643,2026-09-25 18:48:08.587333+00,38,,0,5,5,low,,0,5,low,no,no,no,,,0,"Population-level REV46 recalculation isolating keyword matching: original non-keyword score contribution is preserved, while keyword matches are recalculated on text_content with word boundaries."
91,91,exploit-db,https://www.exploit-db.com/exploits/52642,2026-09-25 18:48:08.587333+00,57,rce,25,45,20,high,,0,20,medium,sí,sí,no,rce,,-25,"Population-level REV46 recalculation isolating keyword matching: original non-keyword score contribution is preserved, while keyword matches are recalculated on text_content with word boundaries."
92,92,exploit-db,https://www.exploit-db.com/exploits/52641,2026-09-25 18:48:08.587333+00,29,,0,5,5,low,,0,5,low,no,no,no,,,0,"Population-level REV46 recalculation isolating keyword matching: original non-keyword score contribution is preserved, while keyword matches are recalculated on text_content with word boundaries."
93,93,exploit-db,https://www.exploit-db.com/exploits/52640,2026-09-25 18:48:08.587333+00,31,rce,25,30,5,medium,rce,25,30,medium,no,no,no,,,0,"Population-level REV46 recalculation isolating keyword matching: original non-keyword score contribution is preserved, while keyword matches are recalculated on text_content with word boundaries."
94,94,exploit-db,https://www.exploit-db.com/exploits/52639,2026-09-25 18:48:08.587333+00,57,remote code execution,30,50,20,high,remote code execution,30,50,high,no,sí,sí,,,0,"Population-level REV46 recalculation isolating keyword matching: original non-keyword score contribution is preserved, while keyword matches are recalculated on text_content with word boundaries."
95,95,exploit-db,https://www.exploit-db.com/exploits/52638,2026-09-25 18:48:08.587333+00,48,,0,20,20,medium,,0,20,medium,no,no,no,,,0,"Population-level REV46 recalculation isolating keyword matching: original non-keyword score contribution is preserved, while keyword matches are recalculated on text_content with word boundaries."
96,96,exploit-db,https://www.exploit-db.com/exploits/52637,2026-09-25 18:48:08.587333+00,57,,0,5,5,low,,0,5,low,no,no,no,,,0,"Population-level REV46 recalculation isolating keyword matching: original non-keyword score contribution is preserved, while keyword matches are recalculated on text_content with word boundaries."
97,97,exploit-db,https://www.exploit-db.com/exploits/52636,2026-09-25 18:48:08.587333+00,68,,0,20,20,medium,,0,20,medium,no,no,no,,,0,"Population-level REV46 recalculation isolating keyword matching: original non-keyword score contribution is preserved, while keyword matches are recalculated on text_content with word boundaries."
98,98,exploit-db,https://www.exploit-db.com/exploits/52635,2026-09-25 18:48:08.587333+00,59,,0,5,5,low,,0,5,low,no,no,no,,,0,"Population-level REV46 recalculation isolating keyword matching: original non-keyword score contribution is preserved, while keyword matches are recalculated on text_content with word boundaries."
99,99,exploit-db,https://www.exploit-db.com/exploits/52633,2026-09-25 18:48:08.587333+00,61,remote code execution,30,50,20,high,remote code execution,30,50,high,no,sí,sí,,,0,"Population-level REV46 recalculation isolating keyword matching: original non-keyword score contribution is preserved, while keyword matches are recalculated on text_content with word boundaries."
100,100,exploit-db,https://www.exploit-db.com/exploits/52632,2026-09-25 18:48:08.587333+00,34,rce,25,30,5,medium,rce,25,30,medium,no,no,no,,,0,"Population-level REV46 recalculation isolating keyword matching: original non-keyword score contribution is preserved, while keyword matches are recalculated on text_content with word boundaries."
101,101,github,5587100415,2026-09-25 18:48:08.587333+00,1168,rce|exploit|attack|security,60,65,5,critical,attack|security,15,20,medium,sí,sí,no,rce|exploit,,-45,"Population-level REV46 recalculation isolating keyword matching: original non-keyword score contribution is preserved, while keyword matches are recalculated on text_content with word boundaries."
102,102,github,5587100093,2026-09-25 18:48:08.587333+00,1069,rce|exploit|attack|security,60,65,5,critical,attack|security,15,20,medium,sí,sí,no,rce|exploit,,-45,"Population-level REV46 recalculation isolating keyword matching: original non-keyword score contribution is preserved, while keyword matches are recalculated on text_content with word boundaries."
103,103,github,5270010648,2026-09-25 18:48:08.587333+00,4000,rce,25,40,15,high,,0,15,low,sí,sí,no,rce,,-25,"Population-level REV46 recalculation isolating keyword matching: original non-keyword score contribution is preserved, while keyword matches are recalculated on text_content with word boundaries."
104,104,github,2104289152,2026-09-25 18:48:08.587333+00,3998,rce|security|vulnerability,40,45,5,high,security|vulnerability,15,20,medium,sí,sí,no,rce,,-25,"Population-level REV46 recalculation isolating keyword matching: original non-keyword score contribution is preserved, while keyword matches are recalculated on text_content with word boundaries."
105,105,github,5587099543,2026-09-25 18:48:08.587333+00,1062,rce|exploit|attack|security,60,65,5,critical,attack|security,15,20,medium,sí,sí,no,rce|exploit,,-45,"Population-level REV46 recalculation isolating keyword matching: original non-keyword score contribution is preserved, while keyword matches are recalculated on text_content with word boundaries."
106,106,github,5587099410,2026-09-25 18:48:08.587333+00,1072,rce|exploit|attack|security,60,65,5,critical,attack|security,15,20,medium,sí,sí,no,rce|exploit,,-45,"Population-level REV46 recalculation isolating keyword matching: original non-keyword score contribution is preserved, while keyword matches are recalculated on text_content with word boundaries."
107,107,github,5587098749,2026-09-25 18:48:08.587333+00,1084,rce|exploit|attack|security,60,65,5,critical,attack|security,15,20,medium,sí,sí,no,rce|exploit,,-45,"Population-level REV46 recalculation isolating keyword matching: original non-keyword score contribution is preserved, while keyword matches are recalculated on text_content with word boundaries."
108,108,github,5587098793,2026-09-25 18:48:08.587333+00,1074,rce|exploit|attack|security,60,65,5,critical,attack|security,15,20,medium,sí,sí,no,rce|exploit,,-45,"Population-level REV46 recalculation isolating keyword matching: original non-keyword score contribution is preserved, while keyword matches are recalculated on text_content with word boundaries."
109,109,github,2955244383,2026-09-25 18:48:08.587333+00,4000,apt|rce,50,55,5,high,,0,5,low,sí,sí,no,apt|rce,,-50,"Population-level REV46 recalculation isolating keyword matching: original non-keyword score contribution is preserved, while keyword matches are recalculated on text_content with word boundaries."
110,110,github,5587098076,2026-09-25 18:48:08.587333+00,1107,rce|exploit|attack|security,60,65,5,critical,attack|security,15,20,medium,sí,sí,no,rce|exploit,,-45,"Population-level REV46 recalculation isolating keyword matching: original non-keyword score contribution is preserved, while keyword matches are recalculated on text_content with word boundaries."
111,111,github,5587097504,2026-09-25 18:48:08.587333+00,1089,rce|exploit|attack|security|vulnerability,70,75,5,critical,attack|security|vulnerability,25,30,medium,sí,sí,no,rce|exploit,,-45,"Population-level REV46 recalculation isolating keyword matching: original non-keyword score contribution is preserved, while keyword matches are recalculated on text_content with word boundaries."
112,112,github,1065852588,2026-09-25 18:48:08.587333+00,3998,rce|security|vulnerability,40,45,5,high,security|vulnerability,15,20,medium,sí,sí,no,rce,,-25,"Population-level REV46 recalculation isolating keyword matching: original non-keyword score contribution is preserved, while keyword matches are recalculated on text_content with word boundaries."
113,113,github,5587096831,2026-09-25 18:48:08.587333+00,1101,rce|exploit|attack|security,60,65,5,critical,attack|security,15,20,medium,sí,sí,no,rce|exploit,,-45,"Population-level REV46 recalculation isolating keyword matching: original non-keyword score contribution is preserved, while keyword matches are recalculated on text_content with word boundaries."
114,114,github,5227246037,2026-09-25 18:48:08.587333+00,4000,rce|security|vulnerability,40,60,20,critical,security|vulnerability,15,35,medium,sí,sí,no,rce,,-25,"Population-level REV46 recalculation isolating keyword matching: original non-keyword score contribution is preserved, while keyword matches are recalculated on text_content with word boundaries."
115,115,github,5586938878,2026-09-25 18:48:08.587333+00,4000,data leak|rce,55,60,5,critical,,0,5,low,sí,sí,no,data leak|rce,,-55,"Population-level REV46 recalculation isolating keyword matching: original non-keyword score contribution is preserved, while keyword matches are recalculated on text_content with word boundaries."
116,116,github,5587096286,2026-09-25 18:48:08.587333+00,1068,rce|exploit|attack|security,60,65,5,critical,attack|security,15,20,medium,sí,sí,no,rce|exploit,,-45,"Population-level REV46 recalculation isolating keyword matching: original non-keyword score contribution is preserved, while keyword matches are recalculated on text_content with word boundaries."
117,117,github,5587095556,2026-09-25 18:48:08.587333+00,1089,rce|exploit|attack|security,60,65,5,critical,attack|security,15,20,medium,sí,sí,no,rce|exploit,,-45,"Population-level REV46 recalculation isolating keyword matching: original non-keyword score contribution is preserved, while keyword matches are recalculated on text_content with word boundaries."
118,118,github,5587095208,2026-09-25 18:48:08.587333+00,3999,rce|vulnerability,35,40,5,high,vulnerability,10,15,low,sí,sí,no,rce,,-25,"Population-level REV46 recalculation isolating keyword matching: original non-keyword score contribution is preserved, while keyword matches are recalculated on text_content with word boundaries."
119,119,github,1188148218,2026-09-25 18:48:08.587333+00,4000,rce,25,45,20,high,,0,20,medium,sí,sí,no,rce,,-25,"Population-level REV46 recalculation isolating keyword matching: original non-keyword score contribution is preserved, while keyword matches are recalculated on text_content with word boundaries."
120,120,github,5576887787,2026-09-25 18:48:08.587333+00,2302,vulnerability,10,30,20,medium,vulnerability,10,30,medium,no,no,no,,,0,"Population-level REV46 recalculation isolating keyword matching: original non-keyword score contribution is preserved, while keyword matches are recalculated on text_content with word boundaries."
121,121,github,5587094658,2026-09-25 18:48:08.587333+00,1067,rce|exploit|attack|security,60,65,5,critical,attack|security,15,20,medium,sí,sí,no,rce|exploit,,-45,"Population-level REV46 recalculation isolating keyword matching: original non-keyword score contribution is preserved, while keyword matches are recalculated on text_content with word boundaries."
122,122,github,5587093505,2026-09-25 18:48:08.587333+00,1081,rce|exploit|attack|security,60,65,5,critical,attack|security,15,20,medium,sí,sí,no,rce|exploit,,-45,"Population-level REV46 recalculation isolating keyword matching: original non-keyword score contribution is preserved, while keyword matches are recalculated on text_content with word boundaries."
123,123,github,4458524233,2026-09-25 18:48:08.587333+00,3151,rce,25,30,5,medium,,0,5,low,sí,no,no,rce,,-25,"Population-level REV46 recalculation isolating keyword matching: original non-keyword score contribution is preserved, while keyword matches are recalculated on text_content with word boundaries."
124,124,github,5587092853,2026-09-25 18:48:08.587333+00,1064,rce|exploit|attack|security,60,65,5,critical,attack|security,15,20,medium,sí,sí,no,rce|exploit,,-45,"Population-level REV46 recalculation isolating keyword matching: original non-keyword score contribution is preserved, while keyword matches are recalculated on text_content with word boundaries."
125,125,github,5587092222,2026-09-25 18:48:08.587333+00,1168,rce|exploit|attack|security,60,65,5,critical,attack|security,15,20,medium,sí,sí,no,rce|exploit,,-45,"Population-level REV46 recalculation isolating keyword matching: original non-keyword score contribution is preserved, while keyword matches are recalculated on text_content with word boundaries."
126,126,github,982569171,2026-09-25 18:48:08.587333+00,3998,rce|security|vulnerability,40,45,5,high,security|vulnerability,15,20,medium,sí,sí,no,rce,,-25,"Population-level REV46 recalculation isolating keyword matching: original non-keyword score contribution is preserved, while keyword matches are recalculated on text_content with word boundaries."
127,127,github,5586257960,2026-09-25 18:48:08.587333+00,4000,rce|exploit,45,50,5,high,,0,5,low,sí,sí,no,rce|exploit,,-45,"Population-level REV46 recalculation isolating keyword matching: original non-keyword score contribution is preserved, while keyword matches are recalculated on text_content with word boundaries."
128,128,github,5587091524,2026-09-25 18:48:08.587333+00,1062,rce|exploit|attack|security,60,65,5,critical,attack|security,15,20,medium,sí,sí,no,rce|exploit,,-45,"Population-level REV46 recalculation isolating keyword matching: original non-keyword score contribution is preserved, while keyword matches are recalculated on text_content with word boundaries."
129,129,github,5587090876,2026-09-25 18:48:08.587333+00,1074,rce|exploit|attack|security,60,65,5,critical,attack|security,15,20,medium,sí,sí,no,rce|exploit,,-45,"Population-level REV46 recalculation isolating keyword matching: original non-keyword score contribution is preserved, while keyword matches are recalculated on text_content with word boundaries."
130,130,github,5481149110,2026-09-25 18:48:08.587333+00,2312,rce|exploit,45,65,20,critical,,0,20,medium,sí,sí,no,rce|exploit,,-45,"Population-level REV46 recalculation isolating keyword matching: original non-keyword score contribution is preserved, while keyword matches are recalculated on text_content with word boundaries."
131,131,github,5587090244,2026-09-25 18:48:08.587333+00,1379,,0,5,5,low,,0,5,low,no,no,no,,,0,"Population-level REV46 recalculation isolating keyword matching: original non-keyword score contribution is preserved, while keyword matches are recalculated on text_content with word boundaries."
132,132,github,5587090148,2026-09-25 18:48:08.587333+00,1115,rce|exploit|attack|security,60,65,5,critical,attack|security,15,20,medium,sí,sí,no,rce|exploit,,-45,"Population-level REV46 recalculation isolating keyword matching: original non-keyword score contribution is preserved, while keyword matches are recalculated on text_content with word boundaries."
133,133,github,5584339276,2026-09-25 18:48:08.587333+00,3317,apt|rce|security,55,60,5,critical,apt|security,30,35,medium,sí,sí,no,rce,,-25,"Population-level REV46 recalculation isolating keyword matching: original non-keyword score contribution is preserved, while keyword matches are recalculated on text_content with word boundaries."
134,134,github,1317526725,2026-09-25 18:48:08.587333+00,4000,rce|security|vulnerability,40,45,5,high,security|vulnerability,15,20,medium,sí,sí,no,rce,,-25,"Population-level REV46 recalculation isolating keyword matching: original non-keyword score contribution is preserved, while keyword matches are recalculated on text_content with word boundaries."
135,135,github,4829123942,2026-09-25 18:48:08.587333+00,3995,cve-,20,40,20,high,cve-,20,40,high,no,sí,sí,,,0,"Population-level REV46 recalculation isolating keyword matching: original non-keyword score contribution is preserved, while keyword matches are recalculated on text_content with word boundaries."
136,136,github,5587089441,2026-09-25 18:48:08.587333+00,1116,rce|exploit|attack|security,60,65,5,critical,attack|security,15,20,medium,sí,sí,no,rce|exploit,,-45,"Population-level REV46 recalculation isolating keyword matching: original non-keyword score contribution is preserved, while keyword matches are recalculated on text_content with word boundaries."
137,137,github,5496411588,2026-09-25 18:48:08.587333+00,4000,apt|rce,50,65,15,critical,,0,15,low,sí,sí,no,apt|rce,,-50,"Population-level REV46 recalculation isolating keyword matching: original non-keyword score contribution is preserved, while keyword matches are recalculated on text_content with word boundaries."
138,138,github,1029351596,2026-09-25 18:48:08.587333+00,4000,rce,25,30,5,medium,,0,5,low,sí,no,no,rce,,-25,"Population-level REV46 recalculation isolating keyword matching: original non-keyword score contribution is preserved, while keyword matches are recalculated on text_content with word boundaries."
139,139,github,5367505632,2026-09-25 18:48:08.587333+00,4000,apt|rce,50,80,30,critical,,0,30,medium,sí,sí,no,apt|rce,,-50,"Population-level REV46 recalculation isolating keyword matching: original non-keyword score contribution is preserved, while keyword matches are recalculated on text_content with word boundaries."
140,140,github,5587088560,2026-09-25 18:48:08.587333+00,1120,rce|exploit|attack|security,60,65,5,critical,attack|security,15,20,medium,sí,sí,no,rce|exploit,,-45,"Population-level REV46 recalculation isolating keyword matching: original non-keyword score contribution is preserved, while keyword matches are recalculated on text_content with word boundaries."
141,141,github,5586954019,2026-09-25 18:48:08.587333+00,2138,security|vulnerability,15,20,5,medium,security|vulnerability,15,20,medium,no,no,no,,,0,"Population-level REV46 recalculation isolating keyword matching: original non-keyword score contribution is preserved, while keyword matches are recalculated on text_content with word boundaries."
142,142,github,2607782070,2026-09-25 18:48:08.587333+00,4000,rce|security|vulnerability,40,45,5,high,security|vulnerability,15,20,medium,sí,sí,no,rce,,-25,"Population-level REV46 recalculation isolating keyword matching: original non-keyword score contribution is preserved, while keyword matches are recalculated on text_content with word boundaries."
143,143,github,5587087880,2026-09-25 18:48:08.587333+00,1088,rce|exploit|attack|security,60,65,5,critical,attack|security,15,20,medium,sí,sí,no,rce|exploit,,-45,"Population-level REV46 recalculation isolating keyword matching: original non-keyword score contribution is preserved, while keyword matches are recalculated on text_content with word boundaries."
144,144,github,1774705161,2026-09-25 18:48:08.587333+00,741,,0,25,25,medium,,0,25,medium,no,no,no,,,0,"Population-level REV46 recalculation isolating keyword matching: original non-keyword score contribution is preserved, while keyword matches are recalculated on text_content with word boundaries."
145,145,github,5587087141,2026-09-25 18:48:08.587333+00,1079,rce|exploit|attack|security,60,65,5,critical,attack|security,15,20,medium,sí,sí,no,rce|exploit,,-45,"Population-level REV46 recalculation isolating keyword matching: original non-keyword score contribution is preserved, while keyword matches are recalculated on text_content with word boundaries."
146,146,github,5581953697,2026-09-25 18:48:08.587333+00,3054,rce|vulnerability,35,55,20,high,vulnerability,10,30,medium,sí,sí,no,rce,,-25,"Population-level REV46 recalculation isolating keyword matching: original non-keyword score contribution is preserved, while keyword matches are recalculated on text_content with word boundaries."
147,147,github,1674512134,2026-09-25 18:48:08.587333+00,2079,rce|security|vulnerability,40,45,5,high,security|vulnerability,15,20,medium,sí,sí,no,rce,,-25,"Population-level REV46 recalculation isolating keyword matching: original non-keyword score contribution is preserved, while keyword matches are recalculated on text_content with word boundaries."
148,148,github,5587086436,2026-09-25 18:48:08.587333+00,1111,rce|exploit|attack|security,60,65,5,critical,attack|security,15,20,medium,sí,sí,no,rce|exploit,,-45,"Population-level REV46 recalculation isolating keyword matching: original non-keyword score contribution is preserved, while keyword matches are recalculated on text_content with word boundaries."
149,149,github,5587085702,2026-09-25 18:48:08.587333+00,1077,rce|exploit|attack|security,60,65,5,critical,attack|security,15,20,medium,sí,sí,no,rce|exploit,,-45,"Population-level REV46 recalculation isolating keyword matching: original non-keyword score contribution is preserved, while keyword matches are recalculated on text_content with word boundaries."
150,150,github,3342159124,2026-09-25 18:48:08.587333+00,3998,rce|security|vulnerability,40,60,20,critical,security|vulnerability,15,35,medium,sí,sí,no,rce,,-25,"Population-level REV46 recalculation isolating keyword matching: original non-keyword score contribution is preserved, while keyword matches are recalculated on text_content with word boundaries."
151,151,hackernews,49848424,2026-09-25 19:00:59.07526+00,72,compromised,20,25,5,medium,compromised,20,25,medium,no,no,no,,,0,"Population-level REV46 recalculation isolating keyword matching: original non-keyword score contribution is preserved, while keyword matches are recalculated on text_content with word boundaries."
152,152,github,2726695921,2026-09-25 19:00:59.07526+00,4000,rce|security|vulnerability,40,45,5,high,security|vulnerability,15,20,medium,sí,sí,no,rce,,-25,"Population-level REV46 recalculation isolating keyword matching: original non-keyword score contribution is preserved, while keyword matches are recalculated on text_content with word boundaries."
153,153,github,1072645846,2026-09-25 19:00:59.07526+00,4000,rce,25,30,5,medium,,0,5,low,sí,no,no,rce,,-25,"Population-level REV46 recalculation isolating keyword matching: original non-keyword score contribution is preserved, while keyword matches are recalculated on text_content with word boundaries."
154,154,github,5582630602,2026-09-25 19:00:59.07526+00,501,security|vulnerability,15,20,5,medium,security|vulnerability,15,20,medium,no,no,no,,,0,"Population-level REV46 recalculation isolating keyword matching: original non-keyword score contribution is preserved, while keyword matches are recalculated on text_content with word boundaries."
155,155,github,1760851013,2026-09-25 19:00:59.07526+00,4000,apt|rce,50,70,20,critical,,0,20,medium,sí,sí,no,apt|rce,,-50,"Population-level REV46 recalculation isolating keyword matching: original non-keyword score contribution is preserved, while keyword matches are recalculated on text_content with word boundaries."
156,156,github,982571095,2026-09-25 19:00:59.07526+00,4000,rce,25,30,5,medium,,0,5,low,sí,no,no,rce,,-25,"Population-level REV46 recalculation isolating keyword matching: original non-keyword score contribution is preserved, while keyword matches are recalculated on text_content with word boundaries."
157,157,github,5047952234,2026-09-25 19:00:59.07526+00,3998,rce,25,45,20,high,,0,20,medium,sí,sí,no,rce,,-25,"Population-level REV46 recalculation isolating keyword matching: original non-keyword score contribution is preserved, while keyword matches are recalculated on text_content with word boundaries."
158,158,github,5511916724,2026-09-25 19:00:59.07526+00,904,rce|exploit,45,65,20,critical,,0,20,medium,sí,sí,no,rce|exploit,,-45,"Population-level REV46 recalculation isolating keyword matching: original non-keyword score contribution is preserved, while keyword matches are recalculated on text_content with word boundaries."
159,159,github,5529780156,2026-09-25 19:00:59.07526+00,4000,rce,25,50,25,high,,0,25,medium,sí,sí,no,rce,,-25,"Population-level REV46 recalculation isolating keyword matching: original non-keyword score contribution is preserved, while keyword matches are recalculated on text_content with word boundaries."
160,160,github,2222477215,2026-09-25 19:00:59.07526+00,3998,rce|security|vulnerability,40,45,5,high,security|vulnerability,15,20,medium,sí,sí,no,rce,,-25,"Population-level REV46 recalculation isolating keyword matching: original non-keyword score contribution is preserved, while keyword matches are recalculated on text_content with word boundaries."
161,161,github,3781750565,2026-09-25 19:00:59.07526+00,4000,rce|security|vulnerability,40,60,20,critical,security|vulnerability,15,35,medium,sí,sí,no,rce,,-25,"Population-level REV46 recalculation isolating keyword matching: original non-keyword score contribution is preserved, while keyword matches are recalculated on text_content with word boundaries."
162,162,github,5587236184,2026-09-25 19:00:59.07526+00,1041,vulnerability,10,30,20,medium,vulnerability,10,30,medium,no,no,no,,,0,"Population-level REV46 recalculation isolating keyword matching: original non-keyword score contribution is preserved, while keyword matches are recalculated on text_content with word boundaries."
163,163,github,5512575755,2026-09-25 19:00:59.07526+00,4000,rce,25,50,25,high,,0,25,medium,sí,sí,no,rce,,-25,"Population-level REV46 recalculation isolating keyword matching: original non-keyword score contribution is preserved, while keyword matches are recalculated on text_content with word boundaries."
164,164,github,3689410406,2026-09-25 19:00:59.07526+00,4000,rce|security|vulnerability,40,60,20,critical,security|vulnerability,15,35,medium,sí,sí,no,rce,,-25,"Population-level REV46 recalculation isolating keyword matching: original non-keyword score contribution is preserved, while keyword matches are recalculated on text_content with word boundaries."
165,165,github,5443632241,2026-09-25 19:00:59.07526+00,4000,apt|rce,50,75,25,critical,,0,25,medium,sí,sí,no,apt|rce,,-50,"Population-level REV46 recalculation isolating keyword matching: original non-keyword score contribution is preserved, while keyword matches are recalculated on text_content with word boundaries."
166,166,github,2096328674,2026-09-25 19:00:59.07526+00,3990,rce|security|vulnerability,40,60,20,critical,security|vulnerability,15,35,medium,sí,sí,no,rce,,-25,"Population-level REV46 recalculation isolating keyword matching: original non-keyword score contribution is preserved, while keyword matches are recalculated on text_content with word boundaries."
167,167,github,5587233561,2026-09-25 19:00:59.07526+00,1297,security|vulnerability,15,35,20,medium,security|vulnerability,15,35,medium,no,no,no,,,0,"Population-level REV46 recalculation isolating keyword matching: original non-keyword score contribution is preserved, while keyword matches are recalculated on text_content with word boundaries."
168,168,github,2303547509,2026-09-25 19:00:59.07526+00,4000,rce,25,30,5,medium,,0,5,low,sí,no,no,rce,,-25,"Population-level REV46 recalculation isolating keyword matching: original non-keyword score contribution is preserved, while keyword matches are recalculated on text_content with word boundaries."
169,169,github,5587124185,2026-09-25 19:00:59.07526+00,4000,apt|rce|security|incident,65,85,20,critical,security|incident,15,35,medium,sí,sí,no,apt|rce,,-50,"Population-level REV46 recalculation isolating keyword matching: original non-keyword score contribution is preserved, while keyword matches are recalculated on text_content with word boundaries."
170,170,github,978714315,2026-09-25 19:00:59.07526+00,1707,rce|security|vulnerability,40,45,5,high,security|vulnerability,15,20,medium,sí,sí,no,rce,,-25,"Population-level REV46 recalculation isolating keyword matching: original non-keyword score contribution is preserved, while keyword matches are recalculated on text_content with word boundaries."
171,171,github,5206025455,2026-09-25 19:00:59.07526+00,4000,rce,25,50,25,high,,0,25,medium,sí,sí,no,rce,,-25,"Population-level REV46 recalculation isolating keyword matching: original non-keyword score contribution is preserved, while keyword matches are recalculated on text_content with word boundaries."
172,172,github,1181754689,2026-09-25 19:00:59.07526+00,4000,rce|security|vulnerability,40,60,20,critical,security|vulnerability,15,35,medium,sí,sí,no,rce,,-25,"Population-level REV46 recalculation isolating keyword matching: original non-keyword score contribution is preserved, while keyword matches are recalculated on text_content with word boundaries."
173,173,github,5584652829,2026-09-25 19:00:59.07526+00,326,security|vulnerability,15,20,5,medium,security|vulnerability,15,20,medium,no,no,no,,,0,"Population-level REV46 recalculation isolating keyword matching: original non-keyword score contribution is preserved, while keyword matches are recalculated on text_content with word boundaries."
174,174,github,5474578895,2026-09-25 19:00:59.07526+00,137,,0,25,25,medium,,0,25,medium,no,no,no,,,0,"Population-level REV46 recalculation isolating keyword matching: original non-keyword score contribution is preserved, while keyword matches are recalculated on text_content with word boundaries."
175,175,github,5558148850,2026-09-25 19:00:59.07526+00,3243,rce,25,40,15,high,,0,15,low,sí,sí,no,rce,,-25,"Population-level REV46 recalculation isolating keyword matching: original non-keyword score contribution is preserved, while keyword matches are recalculated on text_content with word boundaries."
176,176,github,2980652637,2026-09-25 19:00:59.07526+00,3998,apt|rce|security|vulnerability,65,70,5,critical,security|vulnerability,15,20,medium,sí,sí,no,apt|rce,,-50,"Population-level REV46 recalculation isolating keyword matching: original non-keyword score contribution is preserved, while keyword matches are recalculated on text_content with word boundaries."
177,177,github,2471268405,2026-09-25 19:00:59.07526+00,3505,rce,25,30,5,medium,,0,5,low,sí,no,no,rce,,-25,"Population-level REV46 recalculation isolating keyword matching: original non-keyword score contribution is preserved, while keyword matches are recalculated on text_content with word boundaries."
178,178,github,1260858369,2026-09-25 19:00:59.07526+00,3998,rce|security,30,35,5,medium,security,5,10,low,sí,no,no,rce,,-25,"Population-level REV46 recalculation isolating keyword matching: original non-keyword score contribution is preserved, while keyword matches are recalculated on text_content with word boundaries."
179,179,github,1330989011,2026-09-25 19:00:59.07526+00,4000,rce,25,30,5,medium,,0,5,low,sí,no,no,rce,,-25,"Population-level REV46 recalculation isolating keyword matching: original non-keyword score contribution is preserved, while keyword matches are recalculated on text_content with word boundaries."
180,180,github,5558852874,2026-09-25 19:00:59.07526+00,1044,vulnerability,10,15,5,low,vulnerability,10,15,low,no,no,no,,,0,"Population-level REV46 recalculation isolating keyword matching: original non-keyword score contribution is preserved, while keyword matches are recalculated on text_content with word boundaries."
181,181,github,1161501200,2026-09-25 19:00:59.07526+00,3998,rce|security|vulnerability,40,45,5,high,security|vulnerability,15,20,medium,sí,sí,no,rce,,-25,"Population-level REV46 recalculation isolating keyword matching: original non-keyword score contribution is preserved, while keyword matches are recalculated on text_content with word boundaries."
182,182,github,2421315404,2026-09-25 19:00:59.07526+00,3998,rce|security|vulnerability,40,60,20,critical,security|vulnerability,15,35,medium,sí,sí,no,rce,,-25,"Population-level REV46 recalculation isolating keyword matching: original non-keyword score contribution is preserved, while keyword matches are recalculated on text_content with word boundaries."
183,183,github,4273075978,2026-09-25 19:00:59.07526+00,4000,rce|security|vulnerability,40,60,20,critical,security|vulnerability,15,35,medium,sí,sí,no,rce,,-25,"Population-level REV46 recalculation isolating keyword matching: original non-keyword score contribution is preserved, while keyword matches are recalculated on text_content with word boundaries."
184,184,github,5583047945,2026-09-25 19:00:59.07526+00,3433,cve-,20,40,20,high,cve-,20,40,high,no,sí,sí,,,0,"Population-level REV46 recalculation isolating keyword matching: original non-keyword score contribution is preserved, while keyword matches are recalculated on text_content with word boundaries."
185,185,github,5583707384,2026-09-25 19:00:59.07526+00,3998,rce,25,45,20,high,,0,20,medium,sí,sí,no,rce,,-25,"Population-level REV46 recalculation isolating keyword matching: original non-keyword score contribution is preserved, while keyword matches are recalculated on text_content with word boundaries."
186,186,github,4045942574,2026-09-25 19:00:59.07526+00,3996,rce|security|vulnerability,40,45,5,high,security|vulnerability,15,20,medium,sí,sí,no,rce,,-25,"Population-level REV46 recalculation isolating keyword matching: original non-keyword score contribution is preserved, while keyword matches are recalculated on text_content with word boundaries."
187,187,github,5579475947,2026-09-25 19:00:59.07526+00,3530,rce|security|vulnerability,40,45,5,high,security|vulnerability,15,20,medium,sí,sí,no,rce,,-25,"Population-level REV46 recalculation isolating keyword matching: original non-keyword score contribution is preserved, while keyword matches are recalculated on text_content with word boundaries."
188,188,github,5366787879,2026-09-25 19:00:59.07526+00,1928,exploit,20,40,20,high,exploit,20,40,high,no,sí,sí,,,0,"Population-level REV46 recalculation isolating keyword matching: original non-keyword score contribution is preserved, while keyword matches are recalculated on text_content with word boundaries."
189,189,github,4624180653,2026-09-25 19:00:59.07526+00,4000,rce,25,45,20,high,,0,20,medium,sí,sí,no,rce,,-25,"Population-level REV46 recalculation isolating keyword matching: original non-keyword score contribution is preserved, while keyword matches are recalculated on text_content with word boundaries."
190,190,github,1029480871,2026-09-25 19:00:59.07526+00,3998,rce|security|vulnerability,40,45,5,high,security|vulnerability,15,20,medium,sí,sí,no,rce,,-25,"Population-level REV46 recalculation isolating keyword matching: original non-keyword score contribution is preserved, while keyword matches are recalculated on text_content with word boundaries."
191,191,github,5587223311,2026-09-25 19:00:59.07526+00,1655,cve-,20,40,20,high,cve-,20,40,high,no,sí,sí,,,0,"Population-level REV46 recalculation isolating keyword matching: original non-keyword score contribution is preserved, while keyword matches are recalculated on text_content with word boundaries."
192,192,github,2897106872,2026-09-25 19:00:59.07526+00,4000,rce|security|vulnerability,40,45,5,high,security|vulnerability,15,20,medium,sí,sí,no,rce,,-25,"Population-level REV46 recalculation isolating keyword matching: original non-keyword score contribution is preserved, while keyword matches are recalculated on text_content with word boundaries."
193,193,github,1461227413,2026-09-25 19:00:59.07526+00,4000,rce,25,30,5,medium,,0,5,low,sí,no,no,rce,,-25,"Population-level REV46 recalculation isolating keyword matching: original non-keyword score contribution is preserved, while keyword matches are recalculated on text_content with word boundaries."
194,194,github,3004284028,2026-09-25 19:00:59.07526+00,4000,rce|security|vulnerability,40,60,20,critical,security|vulnerability,15,35,medium,sí,sí,no,rce,,-25,"Population-level REV46 recalculation isolating keyword matching: original non-keyword score contribution is preserved, while keyword matches are recalculated on text_content with word boundaries."
195,195,github,1029425172,2026-09-25 19:00:59.07526+00,3998,rce|security|vulnerability,40,45,5,high,security|vulnerability,15,20,medium,sí,sí,no,rce,,-25,"Population-level REV46 recalculation isolating keyword matching: original non-keyword score contribution is preserved, while keyword matches are recalculated on text_content with word boundaries."
196,196,github,5586073780,2026-09-25 19:00:59.07526+00,2343,rce|threat,35,55,20,high,threat,10,30,medium,sí,sí,no,rce,,-25,"Population-level REV46 recalculation isolating keyword matching: original non-keyword score contribution is preserved, while keyword matches are recalculated on text_content with word boundaries."
197,197,github,4798177477,2026-09-25 19:00:59.07526+00,3990,rce,25,45,20,high,,0,20,medium,sí,sí,no,rce,,-25,"Population-level REV46 recalculation isolating keyword matching: original non-keyword score contribution is preserved, while keyword matches are recalculated on text_content with word boundaries."
198,198,github,3277156954,2026-09-25 19:00:59.07526+00,3998,rce|security|vulnerability,40,45,5,high,security|vulnerability,15,20,medium,sí,sí,no,rce,,-25,"Population-level REV46 recalculation isolating keyword matching: original non-keyword score contribution is preserved, while keyword matches are recalculated on text_content with word boundaries."
199,199,github,4044335920,2026-09-25 19:00:59.07526+00,4000,rce,25,45,20,high,,0,20,medium,sí,sí,no,rce,,-25,"Population-level REV46 recalculation isolating keyword matching: original non-keyword score contribution is preserved, while keyword matches are recalculated on text_content with word boundaries."
200,200,github,5413513574,2026-09-25 19:00:59.07526+00,1409,rce|vulnerability,35,40,5,high,vulnerability,10,15,low,sí,sí,no,rce,,-25,"Population-level REV46 recalculation isolating keyword matching: original non-keyword score contribution is preserved, while keyword matches are recalculated on text_content with word boundaries."
201,201,github,5587388151,2026-09-25 19:15:59.043469+00,3678,incident|vulnerability,20,25,5,medium,incident,10,15,low,sí,no,no,vulnerability,,-10,"Population-level REV46 recalculation isolating keyword matching: original non-keyword score contribution is preserved, while keyword matches are recalculated on text_content with word boundaries."
202,202,github,5570748536,2026-09-25 19:15:59.043469+00,164,,0,20,20,medium,,0,20,medium,no,no,no,,,0,"Population-level REV46 recalculation isolating keyword matching: original non-keyword score contribution is preserved, while keyword matches are recalculated on text_content with word boundaries."
203,203,github,2649066518,2026-09-25 19:15:59.043469+00,3998,rce|security|vulnerability,40,45,5,high,security|vulnerability,15,20,medium,sí,sí,no,rce,,-25,"Population-level REV46 recalculation isolating keyword matching: original non-keyword score contribution is preserved, while keyword matches are recalculated on text_content with word boundaries."
204,204,github,988168893,2026-09-25 19:15:59.043469+00,4000,rce,25,30,5,medium,,0,5,low,sí,no,no,rce,,-25,"Population-level REV46 recalculation isolating keyword matching: original non-keyword score contribution is preserved, while keyword matches are recalculated on text_content with word boundaries."
205,205,github,5586924014,2026-09-25 19:15:59.043469+00,1679,rce|security|vulnerability,40,60,20,critical,security|vulnerability,15,35,medium,sí,sí,no,rce,,-25,"Population-level REV46 recalculation isolating keyword matching: original non-keyword score contribution is preserved, while keyword matches are recalculated on text_content with word boundaries."
206,206,github,909872759,2026-09-25 19:15:59.043469+00,4000,rce|security|vulnerability,40,45,5,high,security|vulnerability,15,20,medium,sí,sí,no,rce,,-25,"Population-level REV46 recalculation isolating keyword matching: original non-keyword score contribution is preserved, while keyword matches are recalculated on text_content with word boundaries."
207,207,github,5587386193,2026-09-25 19:15:59.043469+00,3734,apt|incident|vulnerability,45,50,5,high,incident,10,15,low,sí,sí,no,apt|vulnerability,,-35,"Population-level REV46 recalculation isolating keyword matching: original non-keyword score contribution is preserved, while keyword matches are recalculated on text_content with word boundaries."
208,208,github,1799085829,2026-09-25 19:15:59.043469+00,3998,rce|security|vulnerability,40,45,5,high,security|vulnerability,15,20,medium,sí,sí,no,rce,,-25,"Population-level REV46 recalculation isolating keyword matching: original non-keyword score contribution is preserved, while keyword matches are recalculated on text_content with word boundaries."
209,209,github,1029726163,2026-09-25 19:15:59.043469+00,4000,rce,25,30,5,medium,,0,5,low,sí,no,no,rce,,-25,"Population-level REV46 recalculation isolating keyword matching: original non-keyword score contribution is preserved, while keyword matches are recalculated on text_content with word boundaries."
210,210,github,2644301122,2026-09-25 19:15:59.043469+00,3998,rce|security|vulnerability,40,60,20,critical,security|vulnerability,15,35,medium,sí,sí,no,rce,,-25,"Population-level REV46 recalculation isolating keyword matching: original non-keyword score contribution is preserved, while keyword matches are recalculated on text_content with word boundaries."
211,211,github,1295707546,2026-09-25 19:15:59.043469+00,4000,rce,25,30,5,medium,,0,5,low,sí,no,no,rce,,-25,"Population-level REV46 recalculation isolating keyword matching: original non-keyword score contribution is preserved, while keyword matches are recalculated on text_content with word boundaries."
212,212,github,5404320707,2026-09-25 19:15:59.043469+00,4000,rce|vulnerability,35,40,5,high,vulnerability,10,15,low,sí,sí,no,rce,,-25,"Population-level REV46 recalculation isolating keyword matching: original non-keyword score contribution is preserved, while keyword matches are recalculated on text_content with word boundaries."
213,213,github,5587383240,2026-09-25 19:15:59.043469+00,838,vulnerability,10,30,20,medium,vulnerability,10,30,medium,no,no,no,,,0,"Population-level REV46 recalculation isolating keyword matching: original non-keyword score contribution is preserved, while keyword matches are recalculated on text_content with word boundaries."
214,214,github,5331223949,2026-09-25 19:15:59.043469+00,2466,,0,10,10,low,,0,10,low,no,no,no,,,0,"Population-level REV46 recalculation isolating keyword matching: original non-keyword score contribution is preserved, while keyword matches are recalculated on text_content with word boundaries."
215,215,github,1029763653,2026-09-25 19:15:59.043469+00,4000,rce,25,30,5,medium,,0,5,low,sí,no,no,rce,,-25,"Population-level REV46 recalculation isolating keyword matching: original non-keyword score contribution is preserved, while keyword matches are recalculated on text_content with word boundaries."
216,216,github,3016708430,2026-09-25 19:15:59.043469+00,4000,rce,25,45,20,high,,0,20,medium,sí,sí,no,rce,,-25,"Population-level REV46 recalculation isolating keyword matching: original non-keyword score contribution is preserved, while keyword matches are recalculated on text_content with word boundaries."
217,217,github,5242023067,2026-09-25 19:15:59.043469+00,4000,rce,25,50,25,high,,0,25,medium,sí,sí,no,rce,,-25,"Population-level REV46 recalculation isolating keyword matching: original non-keyword score contribution is preserved, while keyword matches are recalculated on text_content with word boundaries."
218,218,github,4053869077,2026-09-25 19:15:59.043469+00,4000,rce|vulnerability,35,40,5,high,vulnerability,10,15,low,sí,sí,no,rce,,-25,"Population-level REV46 recalculation isolating keyword matching: original non-keyword score contribution is preserved, while keyword matches are recalculated on text_content with word boundaries."
219,219,github,3902523144,2026-09-25 19:15:59.043469+00,4000,rce,25,45,20,high,,0,20,medium,sí,sí,no,rce,,-25,"Population-level REV46 recalculation isolating keyword matching: original non-keyword score contribution is preserved, while keyword matches are recalculated on text_content with word boundaries."
220,220,github,4708126402,2026-09-25 19:15:59.043469+00,1785,rce|security|vulnerability,40,45,5,high,security|vulnerability,15,20,medium,sí,sí,no,rce,,-25,"Population-level REV46 recalculation isolating keyword matching: original non-keyword score contribution is preserved, while keyword matches are recalculated on text_content with word boundaries."
221,221,github,5311017724,2026-09-25 19:15:59.043469+00,4000,rce,25,50,25,high,,0,25,medium,sí,sí,no,rce,,-25,"Population-level REV46 recalculation isolating keyword matching: original non-keyword score contribution is preserved, while keyword matches are recalculated on text_content with word boundaries."
222,222,github,2568266579,2026-09-25 19:15:59.043469+00,4000,apt|rce,50,55,5,high,apt,25,30,medium,sí,sí,no,rce,,-25,"Population-level REV46 recalculation isolating keyword matching: original non-keyword score contribution is preserved, while keyword matches are recalculated on text_content with word boundaries."
223,223,github,5440614323,2026-09-25 19:15:59.043469+00,739,,0,10,10,low,,0,10,low,no,no,no,,,0,"Population-level REV46 recalculation isolating keyword matching: original non-keyword score contribution is preserved, while keyword matches are recalculated on text_content with word boundaries."
224,224,github,3842898749,2026-09-25 19:15:59.043469+00,3998,rce|security|vulnerability,40,45,5,high,security|vulnerability,15,20,medium,sí,sí,no,rce,,-25,"Population-level REV46 recalculation isolating keyword matching: original non-keyword score contribution is preserved, while keyword matches are recalculated on text_content with word boundaries."
225,225,github,5586848860,2026-09-25 19:15:59.043469+00,4000,apt|rce,50,70,20,critical,,0,20,medium,sí,sí,no,apt|rce,,-50,"Population-level REV46 recalculation isolating keyword matching: original non-keyword score contribution is preserved, while keyword matches are recalculated on text_content with word boundaries."
226,226,github,5261362781,2026-09-25 19:15:59.043469+00,4000,rce|security|vulnerability,40,60,20,critical,security|vulnerability,15,35,medium,sí,sí,no,rce,,-25,"Population-level REV46 recalculation isolating keyword matching: original non-keyword score contribution is preserved, while keyword matches are recalculated on text_content with word boundaries."
227,227,github,3304722197,2026-09-25 19:15:59.043469+00,4000,rce|security|vulnerability,40,45,5,high,security|vulnerability,15,20,medium,sí,sí,no,rce,,-25,"Population-level REV46 recalculation isolating keyword matching: original non-keyword score contribution is preserved, while keyword matches are recalculated on text_content with word boundaries."
228,228,github,2815462415,2026-09-25 19:15:59.043469+00,3998,rce,25,45,20,high,,0,20,medium,sí,sí,no,rce,,-25,"Population-level REV46 recalculation isolating keyword matching: original non-keyword score contribution is preserved, while keyword matches are recalculated on text_content with word boundaries."
229,229,github,2935684490,2026-09-25 19:15:59.043469+00,4000,rce|security|vulnerability,40,60,20,critical,security|vulnerability,15,35,medium,sí,sí,no,rce,,-25,"Population-level REV46 recalculation isolating keyword matching: original non-keyword score contribution is preserved, while keyword matches are recalculated on text_content with word boundaries."
230,230,github,4586602566,2026-09-25 19:15:59.043469+00,4000,rce|vulnerability,35,55,20,high,vulnerability,10,30,medium,sí,sí,no,rce,,-25,"Population-level REV46 recalculation isolating keyword matching: original non-keyword score contribution is preserved, while keyword matches are recalculated on text_content with word boundaries."
231,231,github,1029265857,2026-09-25 19:15:59.043469+00,4000,rce,25,45,20,high,,0,20,medium,sí,sí,no,rce,,-25,"Population-level REV46 recalculation isolating keyword matching: original non-keyword score contribution is preserved, while keyword matches are recalculated on text_content with word boundaries."
232,232,github,5575562061,2026-09-25 19:15:59.043469+00,3998,phishing|exploit|security|vulnerability,55,75,20,critical,phishing|security|vulnerability,35,55,high,sí,sí,sí,exploit,,-20,"Population-level REV46 recalculation isolating keyword matching: original non-keyword score contribution is preserved, while keyword matches are recalculated on text_content with word boundaries."
233,233,github,5587370673,2026-09-25 19:15:59.043469+00,4000,exploit,20,25,5,medium,,0,5,low,sí,no,no,exploit,,-20,"Population-level REV46 recalculation isolating keyword matching: original non-keyword score contribution is preserved, while keyword matches are recalculated on text_content with word boundaries."
234,234,github,5587370396,2026-09-25 19:15:59.043469+00,1145,security|vulnerability,15,35,20,medium,security|vulnerability,15,35,medium,no,no,no,,,0,"Population-level REV46 recalculation isolating keyword matching: original non-keyword score contribution is preserved, while keyword matches are recalculated on text_content with word boundaries."
235,235,github,5510058038,2026-09-25 19:15:59.043469+00,687,security,5,35,30,medium,security,5,35,medium,no,no,no,,,0,"Population-level REV46 recalculation isolating keyword matching: original non-keyword score contribution is preserved, while keyword matches are recalculated on text_content with word boundaries."
236,236,github,2119372126,2026-09-25 19:15:59.043469+00,4000,security|vulnerability,15,35,20,medium,security|vulnerability,15,35,medium,no,no,no,,,0,"Population-level REV46 recalculation isolating keyword matching: original non-keyword score contribution is preserved, while keyword matches are recalculated on text_content with word boundaries."
237,237,github,3670525110,2026-09-25 19:15:59.043469+00,3998,rce|security,30,50,20,high,security,5,25,medium,sí,sí,no,rce,,-25,"Population-level REV46 recalculation isolating keyword matching: original non-keyword score contribution is preserved, while keyword matches are recalculated on text_content with word boundaries."
238,238,github,3304698302,2026-09-25 19:15:59.043469+00,1966,rce|security|vulnerability,40,45,5,high,security|vulnerability,15,20,medium,sí,sí,no,rce,,-25,"Population-level REV46 recalculation isolating keyword matching: original non-keyword score contribution is preserved, while keyword matches are recalculated on text_content with word boundaries."
239,239,github,1712559166,2026-09-25 19:15:59.043469+00,3998,rce|security|vulnerability,40,45,5,high,security|vulnerability,15,20,medium,sí,sí,no,rce,,-25,"Population-level REV46 recalculation isolating keyword matching: original non-keyword score contribution is preserved, while keyword matches are recalculated on text_content with word boundaries."
240,240,github,2651758359,2026-09-25 19:15:59.043469+00,2358,rce|security|vulnerability,40,45,5,high,security|vulnerability,15,20,medium,sí,sí,no,rce,,-25,"Population-level REV46 recalculation isolating keyword matching: original non-keyword score contribution is preserved, while keyword matches are recalculated on text_content with word boundaries."
241,241,github,5587366332,2026-09-25 19:15:59.043469+00,3144,rce|incident|vulnerability,45,65,20,critical,incident,10,30,medium,sí,sí,no,rce|vulnerability,,-35,"Population-level REV46 recalculation isolating keyword matching: original non-keyword score contribution is preserved, while keyword matches are recalculated on text_content with word boundaries."
242,242,github,4539698551,2026-09-25 19:15:59.043469+00,3649,rce|cve-,45,50,5,high,cve-,20,25,medium,sí,sí,no,rce,,-25,"Population-level REV46 recalculation isolating keyword matching: original non-keyword score contribution is preserved, while keyword matches are recalculated on text_content with word boundaries."
243,243,github,2565696784,2026-09-25 19:15:59.043469+00,4000,rce,25,45,20,high,,0,20,medium,sí,sí,no,rce,,-25,"Population-level REV46 recalculation isolating keyword matching: original non-keyword score contribution is preserved, while keyword matches are recalculated on text_content with word boundaries."
244,244,github,1029522053,2026-09-25 19:15:59.043469+00,2658,rce|security|vulnerability,40,60,20,critical,security|vulnerability,15,35,medium,sí,sí,no,rce,,-25,"Population-level REV46 recalculation isolating keyword matching: original non-keyword score contribution is preserved, while keyword matches are recalculated on text_content with word boundaries."
245,245,github,1029726493,2026-09-25 19:15:59.043469+00,4000,rce,25,30,5,medium,,0,5,low,sí,no,no,rce,,-25,"Population-level REV46 recalculation isolating keyword matching: original non-keyword score contribution is preserved, while keyword matches are recalculated on text_content with word boundaries."
246,246,github,5587364277,2026-09-25 19:15:59.043469+00,3240,incident|vulnerability,20,40,20,high,incident,10,30,medium,sí,sí,no,vulnerability,,-10,"Population-level REV46 recalculation isolating keyword matching: original non-keyword score contribution is preserved, while keyword matches are recalculated on text_content with word boundaries."
247,247,hackernews,49861517,2026-09-27 03:16:00.617564+00,43,security|incident,15,20,5,medium,security,5,10,low,sí,no,no,incident,,-10,"Population-level REV46 recalculation isolating keyword matching: original non-keyword score contribution is preserved, while keyword matches are recalculated on text_content with word boundaries."
248,248,hackernews,49860576,2026-09-27 03:16:00.617564+00,78,security,5,10,5,low,security,5,10,low,no,no,no,,,0,"Population-level REV46 recalculation isolating keyword matching: original non-keyword score contribution is preserved, while keyword matches are recalculated on text_content with word boundaries."
249,249,hackernews,49860383,2026-09-27 03:16:00.617564+00,50,security,5,10,5,low,security,5,10,low,no,no,no,,,0,"Population-level REV46 recalculation isolating keyword matching: original non-keyword score contribution is preserved, while keyword matches are recalculated on text_content with word boundaries."
250,250,hackernews,49860250,2026-09-27 03:16:00.617564+00,59,security,5,10,5,low,security,5,10,low,no,no,no,,,0,"Population-level REV46 recalculation isolating keyword matching: original non-keyword score contribution is preserved, while keyword matches are recalculated on text_content with word boundaries."
251,251,hackernews,49859862,2026-09-27 03:16:00.617564+00,3139,rce|security,30,35,5,medium,security,5,10,low,sí,no,no,rce,,-25,"Population-level REV46 recalculation isolating keyword matching: original non-keyword score contribution is preserved, while keyword matches are recalculated on text_content with word boundaries."
252,252,hackernews,49859087,2026-09-27 03:16:00.617564+00,76,,0,5,5,low,,0,5,low,no,no,no,,,0,"Population-level REV46 recalculation isolating keyword matching: original non-keyword score contribution is preserved, while keyword matches are recalculated on text_content with word boundaries."
253,253,hackernews,49858854,2026-09-27 03:16:00.617564+00,79,security,5,10,5,low,security,5,10,low,no,no,no,,,0,"Population-level REV46 recalculation isolating keyword matching: original non-keyword score contribution is preserved, while keyword matches are recalculated on text_content with word boundaries."
254,254,hackernews,49857290,2026-09-27 03:16:00.617564+00,199,security,5,10,5,low,security,5,10,low,no,no,no,,,0,"Population-level REV46 recalculation isolating keyword matching: original non-keyword score contribution is preserved, while keyword matches are recalculated on text_content with word boundaries."
255,255,hackernews,49856964,2026-09-27 03:16:00.617564+00,78,attack,10,30,20,medium,attack,10,30,medium,no,no,no,,,0,"Population-level REV46 recalculation isolating keyword matching: original non-keyword score contribution is preserved, while keyword matches are recalculated on text_content with word boundaries."
256,256,hackernews,49856149,2026-09-27 03:16:00.617564+00,65,,0,15,15,low,,0,15,low,no,no,no,,,0,"Population-level REV46 recalculation isolating keyword matching: original non-keyword score contribution is preserved, while keyword matches are recalculated on text_content with word boundaries."
257,257,hackernews,49855568,2026-09-27 03:16:00.617564+00,47,,0,20,20,medium,,0,20,medium,no,no,no,,,0,"Population-level REV46 recalculation isolating keyword matching: original non-keyword score contribution is preserved, while keyword matches are recalculated on text_content with word boundaries."
258,258,hackernews,49855344,2026-09-27 03:16:00.617564+00,74,,0,25,25,medium,,0,25,medium,no,no,no,,,0,"Population-level REV46 recalculation isolating keyword matching: original non-keyword score contribution is preserved, while keyword matches are recalculated on text_content with word boundaries."
259,259,hackernews,49855278,2026-09-27 03:16:00.617564+00,76,,0,10,10,low,,0,10,low,no,no,no,,,0,"Population-level REV46 recalculation isolating keyword matching: original non-keyword score contribution is preserved, while keyword matches are recalculated on text_content with word boundaries."
260,260,hackernews,49852501,2026-09-27 03:16:00.617564+00,39,security,5,10,5,low,security,5,10,low,no,no,no,,,0,"Population-level REV46 recalculation isolating keyword matching: original non-keyword score contribution is preserved, while keyword matches are recalculated on text_content with word boundaries."
261,261,hackernews,49850829,2026-09-27 03:16:00.617564+00,76,,0,5,5,low,,0,5,low,no,no,no,,,0,"Population-level REV46 recalculation isolating keyword matching: original non-keyword score contribution is preserved, while keyword matches are recalculated on text_content with word boundaries."
262,262,hackernews,49848954,2026-09-27 03:16:00.617564+00,36,,0,5,5,low,,0,5,low,no,no,no,,,0,"Population-level REV46 recalculation isolating keyword matching: original non-keyword score contribution is preserved, while keyword matches are recalculated on text_content with word boundaries."
263,263,hackernews,49826381,2026-09-27 03:16:00.617564+00,1918,rce|attack|security,40,55,15,high,attack|security,15,30,medium,sí,sí,no,rce,,-25,"Population-level REV46 recalculation isolating keyword matching: original non-keyword score contribution is preserved, while keyword matches are recalculated on text_content with word boundaries."
264,264,github,5599243445,2026-09-27 03:16:00.617564+00,3193,security|vulnerability,15,20,5,medium,security|vulnerability,15,20,medium,no,no,no,,,0,"Population-level REV46 recalculation isolating keyword matching: original non-keyword score contribution is preserved, while keyword matches are recalculated on text_content with word boundaries."
265,265,github,5598204153,2026-09-27 03:16:00.617564+00,4000,rce|security,30,35,5,medium,security,5,10,low,sí,no,no,rce,,-25,"Population-level REV46 recalculation isolating keyword matching: original non-keyword score contribution is preserved, while keyword matches are recalculated on text_content with word boundaries."
266,266,github,5599240013,2026-09-27 03:16:00.617564+00,1212,rce|security,30,50,20,high,security,5,25,medium,sí,sí,no,rce,,-25,"Population-level REV46 recalculation isolating keyword matching: original non-keyword score contribution is preserved, while keyword matches are recalculated on text_content with word boundaries."
267,267,github,3903261893,2026-09-27 03:16:00.617564+00,4000,rce,25,45,20,high,,0,20,medium,sí,sí,no,rce,,-25,"Population-level REV46 recalculation isolating keyword matching: original non-keyword score contribution is preserved, while keyword matches are recalculated on text_content with word boundaries."
268,268,github,1322421837,2026-09-27 03:16:00.617564+00,3998,rce,25,30,5,medium,,0,5,low,sí,no,no,rce,,-25,"Population-level REV46 recalculation isolating keyword matching: original non-keyword score contribution is preserved, while keyword matches are recalculated on text_content with word boundaries."
269,269,github,5593985485,2026-09-27 03:16:00.617564+00,3991,rce|security,30,35,5,medium,security,5,10,low,sí,no,no,rce,,-25,"Population-level REV46 recalculation isolating keyword matching: original non-keyword score contribution is preserved, while keyword matches are recalculated on text_content with word boundaries."
270,270,github,5576985402,2026-09-27 03:16:00.617564+00,4000,rce,25,55,30,high,,0,30,medium,sí,sí,no,rce,,-25,"Population-level REV46 recalculation isolating keyword matching: original non-keyword score contribution is preserved, while keyword matches are recalculated on text_content with word boundaries."
271,271,github,5598466227,2026-09-27 03:16:00.617564+00,4000,apt|rce|security,55,60,5,critical,security,5,10,low,sí,sí,no,apt|rce,,-50,"Population-level REV46 recalculation isolating keyword matching: original non-keyword score contribution is preserved, while keyword matches are recalculated on text_content with word boundaries."
272,272,github,5560257063,2026-09-27 03:16:00.617564+00,4000,rce,25,35,10,medium,,0,10,low,sí,no,no,rce,,-25,"Population-level REV46 recalculation isolating keyword matching: original non-keyword score contribution is preserved, while keyword matches are recalculated on text_content with word boundaries."
273,273,github,5598245387,2026-09-27 03:16:00.617564+00,4000,,0,5,5,low,,0,5,low,no,no,no,,,0,"Population-level REV46 recalculation isolating keyword matching: original non-keyword score contribution is preserved, while keyword matches are recalculated on text_content with word boundaries."
274,274,github,5465494726,2026-09-27 03:16:00.617564+00,1429,security,5,10,5,low,security,5,10,low,no,no,no,,,0,"Population-level REV46 recalculation isolating keyword matching: original non-keyword score contribution is preserved, while keyword matches are recalculated on text_content with word boundaries."
275,275,github,4605653898,2026-09-27 03:16:00.617564+00,822,security|vulnerability,15,20,5,medium,security|vulnerability,15,20,medium,no,no,no,,,0,"Population-level REV46 recalculation isolating keyword matching: original non-keyword score contribution is preserved, while keyword matches are recalculated on text_content with word boundaries."
276,276,github,4226179457,2026-09-27 03:16:00.617564+00,4000,rce|exploit|incident,55,65,10,critical,incident,10,20,medium,sí,sí,no,rce|exploit,,-45,"Population-level REV46 recalculation isolating keyword matching: original non-keyword score contribution is preserved, while keyword matches are recalculated on text_content with word boundaries."
277,277,github,2014846933,2026-09-27 03:16:00.617564+00,4000,rce|security|vulnerability,40,45,5,high,security|vulnerability,15,20,medium,sí,sí,no,rce,,-25,"Population-level REV46 recalculation isolating keyword matching: original non-keyword score contribution is preserved, while keyword matches are recalculated on text_content with word boundaries."
278,278,github,5596144323,2026-09-27 03:16:00.617564+00,93,,0,5,5,low,,0,5,low,no,no,no,,,0,"Population-level REV46 recalculation isolating keyword matching: original non-keyword score contribution is preserved, while keyword matches are recalculated on text_content with word boundaries."
279,279,github,1148175382,2026-09-27 03:16:00.617564+00,4000,rce,25,30,5,medium,,0,5,low,sí,no,no,rce,,-25,"Population-level REV46 recalculation isolating keyword matching: original non-keyword score contribution is preserved, while keyword matches are recalculated on text_content with word boundaries."
280,280,github,3439212407,2026-09-27 03:16:00.617564+00,3997,rce,25,45,20,high,,0,20,medium,sí,sí,no,rce,,-25,"Population-level REV46 recalculation isolating keyword matching: original non-keyword score contribution is preserved, while keyword matches are recalculated on text_content with word boundaries."
281,281,github,5119338708,2026-09-27 03:16:00.617564+00,3652,rce|security,30,45,15,high,security,5,20,medium,sí,sí,no,rce,,-25,"Population-level REV46 recalculation isolating keyword matching: original non-keyword score contribution is preserved, while keyword matches are recalculated on text_content with word boundaries."
282,282,github,5354182386,2026-09-27 03:16:00.617564+00,4000,rce,25,50,25,high,,0,25,medium,sí,sí,no,rce,,-25,"Population-level REV46 recalculation isolating keyword matching: original non-keyword score contribution is preserved, while keyword matches are recalculated on text_content with word boundaries."
283,283,github,2440473718,2026-09-27 03:16:00.617564+00,3999,rce,25,30,5,medium,,0,5,low,sí,no,no,rce,,-25,"Population-level REV46 recalculation isolating keyword matching: original non-keyword score contribution is preserved, while keyword matches are recalculated on text_content with word boundaries."
284,284,github,5475655415,2026-09-27 03:16:00.617564+00,4000,cve-,20,25,5,medium,cve-,20,25,medium,no,no,no,,,0,"Population-level REV46 recalculation isolating keyword matching: original non-keyword score contribution is preserved, while keyword matches are recalculated on text_content with word boundaries."
285,285,github,5350609519,2026-09-27 03:16:00.617564+00,4000,apt,25,55,30,high,,0,30,medium,sí,sí,no,apt,,-25,"Population-level REV46 recalculation isolating keyword matching: original non-keyword score contribution is preserved, while keyword matches are recalculated on text_content with word boundaries."
286,286,github,4537741207,2026-09-27 03:16:00.617564+00,424,security,5,25,20,medium,security,5,25,medium,no,no,no,,,0,"Population-level REV46 recalculation isolating keyword matching: original non-keyword score contribution is preserved, while keyword matches are recalculated on text_content with word boundaries."
287,287,github,5548942732,2026-09-27 03:16:00.617564+00,3362,rce|exploit,45,65,20,critical,,0,20,medium,sí,sí,no,rce|exploit,,-45,"Population-level REV46 recalculation isolating keyword matching: original non-keyword score contribution is preserved, while keyword matches are recalculated on text_content with word boundaries."
288,288,github,5522073006,2026-09-27 03:16:00.617564+00,200,,0,15,15,low,,0,15,low,no,no,no,,,0,"Population-level REV46 recalculation isolating keyword matching: original non-keyword score contribution is preserved, while keyword matches are recalculated on text_content with word boundaries."
289,289,github,5562910605,2026-09-27 03:16:00.617564+00,1932,apt|rce,50,80,30,critical,,0,30,medium,sí,sí,no,apt|rce,,-50,"Population-level REV46 recalculation isolating keyword matching: original non-keyword score contribution is preserved, while keyword matches are recalculated on text_content with word boundaries."
290,290,github,5267679499,2026-09-27 03:16:00.617564+00,4000,,0,30,30,medium,,0,30,medium,no,no,no,,,0,"Population-level REV46 recalculation isolating keyword matching: original non-keyword score contribution is preserved, while keyword matches are recalculated on text_content with word boundaries."
291,291,github,5598771120,2026-09-27 03:16:00.617564+00,1349,,0,15,15,low,,0,15,low,no,no,no,,,0,"Population-level REV46 recalculation isolating keyword matching: original non-keyword score contribution is preserved, while keyword matches are recalculated on text_content with word boundaries."
292,292,github,5512558106,2026-09-27 03:16:00.617564+00,729,,0,30,30,medium,,0,30,medium,no,no,no,,,0,"Population-level REV46 recalculation isolating keyword matching: original non-keyword score contribution is preserved, while keyword matches are recalculated on text_content with word boundaries."
293,293,github,4860985919,2026-09-27 03:16:00.617564+00,461,,0,25,25,medium,,0,25,medium,no,no,no,,,0,"Population-level REV46 recalculation isolating keyword matching: original non-keyword score contribution is preserved, while keyword matches are recalculated on text_content with word boundaries."
294,294,github,3808216497,2026-09-27 03:16:00.617564+00,3998,rce,25,45,20,high,,0,20,medium,sí,sí,no,rce,,-25,"Population-level REV46 recalculation isolating keyword matching: original non-keyword score contribution is preserved, while keyword matches are recalculated on text_content with word boundaries."
295,295,github,1662335477,2026-09-27 03:16:00.617564+00,3998,rce|security|vulnerability,40,45,5,high,security|vulnerability,15,20,medium,sí,sí,no,rce,,-25,"Population-level REV46 recalculation isolating keyword matching: original non-keyword score contribution is preserved, while keyword matches are recalculated on text_content with word boundaries."
296,296,github,5599362072,2026-09-27 03:16:00.617564+00,712,exploit,20,25,5,medium,exploit,20,25,medium,no,no,no,,,0,"Population-level REV46 recalculation isolating keyword matching: original non-keyword score contribution is preserved, while keyword matches are recalculated on text_content with word boundaries."
297,297,github,3399531487,2026-09-27 03:16:00.617564+00,4000,rce,25,45,20,high,,0,20,medium,sí,sí,no,rce,,-25,"Population-level REV46 recalculation isolating keyword matching: original non-keyword score contribution is preserved, while keyword matches are recalculated on text_content with word boundaries."
298,298,github,1029694722,2026-09-27 03:16:00.617564+00,4000,apt|rce,50,55,5,high,,0,5,low,sí,sí,no,apt|rce,,-50,"Population-level REV46 recalculation isolating keyword matching: original non-keyword score contribution is preserved, while keyword matches are recalculated on text_content with word boundaries."
299,299,github,2998198399,2026-09-27 03:16:00.617564+00,4000,rce,25,30,5,medium,,0,5,low,sí,no,no,rce,,-25,"Population-level REV46 recalculation isolating keyword matching: original non-keyword score contribution is preserved, while keyword matches are recalculated on text_content with word boundaries."
300,300,github,5599358494,2026-09-27 03:16:00.617564+00,1381,rce|security,30,35,5,medium,security,5,10,low,sí,no,no,rce,,-25,"Population-level REV46 recalculation isolating keyword matching: original non-keyword score contribution is preserved, while keyword matches are recalculated on text_content with word boundaries."
301,301,github,5594199273,2026-09-27 03:16:00.617564+00,1858,apt|exploit|security,50,70,20,critical,exploit|security,25,45,high,sí,sí,sí,apt,,-25,"Population-level REV46 recalculation isolating keyword matching: original non-keyword score contribution is preserved, while keyword matches are recalculated on text_content with word boundaries."
302,302,github,5379360699,2026-09-27 03:16:00.617564+00,2999,exploit|compromised|attack|security,55,80,25,critical,exploit|compromised|security,45,70,critical,no,sí,sí,attack,,-10,"Population-level REV46 recalculation isolating keyword matching: original non-keyword score contribution is preserved, while keyword matches are recalculated on text_content with word boundaries."
303,303,github,5187694467,2026-09-27 03:16:00.617564+00,4000,security|incident|vulnerability,25,50,25,high,security|incident|vulnerability,25,50,high,no,sí,sí,,,0,"Population-level REV46 recalculation isolating keyword matching: original non-keyword score contribution is preserved, while keyword matches are recalculated on text_content with word boundaries."
304,304,github,4907082103,2026-09-27 03:16:00.617564+00,4000,rce,25,45,20,high,,0,20,medium,sí,sí,no,rce,,-25,"Population-level REV46 recalculation isolating keyword matching: original non-keyword score contribution is preserved, while keyword matches are recalculated on text_content with word boundaries."
305,305,github,5223037760,2026-09-27 03:16:00.617564+00,502,,0,25,25,medium,,0,25,medium,no,no,no,,,0,"Population-level REV46 recalculation isolating keyword matching: original non-keyword score contribution is preserved, while keyword matches are recalculated on text_content with word boundaries."
306,306,github,2902504048,2026-09-27 03:16:00.617564+00,404,,0,15,15,low,,0,15,low,no,no,no,,,0,"Population-level REV46 recalculation isolating keyword matching: original non-keyword score contribution is preserved, while keyword matches are recalculated on text_content with word boundaries."
307,307,github,4713841751,2026-09-27 03:16:00.617564+00,3998,apt|rce,50,70,20,critical,,0,20,medium,sí,sí,no,apt|rce,,-50,"Population-level REV46 recalculation isolating keyword matching: original non-keyword score contribution is preserved, while keyword matches are recalculated on text_content with word boundaries."
308,308,github,5597560072,2026-09-27 03:16:00.617564+00,2183,vulnerability,10,15,5,low,,0,5,low,no,no,no,vulnerability,,-10,"Population-level REV46 recalculation isolating keyword matching: original non-keyword score contribution is preserved, while keyword matches are recalculated on text_content with word boundaries."
309,309,github,5148113194,2026-09-27 03:16:00.617564+00,502,,0,30,30,medium,,0,30,medium,no,no,no,,,0,"Population-level REV46 recalculation isolating keyword matching: original non-keyword score contribution is preserved, while keyword matches are recalculated on text_content with word boundaries."
310,310,github,5082538200,2026-09-27 03:16:00.617564+00,3997,security,5,35,30,medium,security,5,35,medium,no,no,no,,,0,"Population-level REV46 recalculation isolating keyword matching: original non-keyword score contribution is preserved, while keyword matches are recalculated on text_content with word boundaries."
311,311,github,3836469571,2026-09-27 03:16:00.617564+00,3999,rce,25,30,5,medium,,0,5,low,sí,no,no,rce,,-25,"Population-level REV46 recalculation isolating keyword matching: original non-keyword score contribution is preserved, while keyword matches are recalculated on text_content with word boundaries."
312,312,github,5599436920,2026-09-27 03:30:58.547893+00,4000,rce|sql injection|attack|security|vulnerability,70,75,5,critical,sql injection|security|vulnerability,35,40,high,sí,sí,sí,rce|attack,,-35,"Population-level REV46 recalculation isolating keyword matching: original non-keyword score contribution is preserved, while keyword matches are recalculated on text_content with word boundaries."
313,313,github,2558408342,2026-09-27 03:30:58.547893+00,3998,apt|rce,50,55,5,high,,0,5,low,sí,sí,no,apt|rce,,-50,"Population-level REV46 recalculation isolating keyword matching: original non-keyword score contribution is preserved, while keyword matches are recalculated on text_content with word boundaries."
314,314,github,5599294199,2026-09-27 03:30:58.547893+00,3453,apt|exploit|security|denial of service,60,65,5,critical,exploit|security|denial of service,35,40,high,sí,sí,sí,apt,,-25,"Population-level REV46 recalculation isolating keyword matching: original non-keyword score contribution is preserved, while keyword matches are recalculated on text_content with word boundaries."
315,315,github,5599440511,2026-09-27 03:30:58.547893+00,4000,malware,20,40,20,high,malware,20,40,high,no,sí,sí,,,0,"Population-level REV46 recalculation isolating keyword matching: original non-keyword score contribution is preserved, while keyword matches are recalculated on text_content with word boundaries."
316,316,github,4220852361,2026-09-27 03:30:58.547893+00,165,vulnerability,10,30,20,medium,vulnerability,10,30,medium,no,no,no,,,0,"Population-level REV46 recalculation isolating keyword matching: original non-keyword score contribution is preserved, while keyword matches are recalculated on text_content with word boundaries."
317,317,github,3299449759,2026-09-27 03:30:58.547893+00,4000,rce,25,45,20,high,,0,20,medium,sí,sí,no,rce,,-25,"Population-level REV46 recalculation isolating keyword matching: original non-keyword score contribution is preserved, while keyword matches are recalculated on text_content with word boundaries."
318,318,github,5599439897,2026-09-27 03:30:58.547893+00,3821,rce|malware,45,65,20,critical,malware,20,40,high,sí,sí,sí,rce,,-25,"Population-level REV46 recalculation isolating keyword matching: original non-keyword score contribution is preserved, while keyword matches are recalculated on text_content with word boundaries."
319,319,github,5517026801,2026-09-27 03:30:58.547893+00,2143,rce|exploit|attack,55,75,20,critical,exploit,20,40,high,sí,sí,sí,rce|attack,,-35,"Population-level REV46 recalculation isolating keyword matching: original non-keyword score contribution is preserved, while keyword matches are recalculated on text_content with word boundaries."
320,320,github,5434329214,2026-09-27 03:30:58.547893+00,2302,,0,30,30,medium,,0,30,medium,no,no,no,,,0,"Population-level REV46 recalculation isolating keyword matching: original non-keyword score contribution is preserved, while keyword matches are recalculated on text_content with word boundaries."
321,321,github,5318702974,2026-09-27 03:30:58.547893+00,2713,rce|security|vulnerability,40,45,5,high,security|vulnerability,15,20,medium,sí,sí,no,rce,,-25,"Population-level REV46 recalculation isolating keyword matching: original non-keyword score contribution is preserved, while keyword matches are recalculated on text_content with word boundaries."
322,322,github,5031852930,2026-09-27 03:30:58.547893+00,478,,0,25,25,medium,,0,25,medium,no,no,no,,,0,"Population-level REV46 recalculation isolating keyword matching: original non-keyword score contribution is preserved, while keyword matches are recalculated on text_content with word boundaries."
323,323,github,1846772828,2026-09-27 03:30:58.547893+00,3998,rce|security|vulnerability,40,60,20,critical,security|vulnerability,15,35,medium,sí,sí,no,rce,,-25,"Population-level REV46 recalculation isolating keyword matching: original non-keyword score contribution is preserved, while keyword matches are recalculated on text_content with word boundaries."
324,324,github,5599429384,2026-09-27 03:30:58.547893+00,1633,rce|exploit,45,65,20,critical,,0,20,medium,sí,sí,no,rce|exploit,,-45,"Population-level REV46 recalculation isolating keyword matching: original non-keyword score contribution is preserved, while keyword matches are recalculated on text_content with word boundaries."
325,325,github,2293484419,2026-09-27 03:30:58.547893+00,3998,rce|security|vulnerability,40,60,20,critical,security|vulnerability,15,35,medium,sí,sí,no,rce,,-25,"Population-level REV46 recalculation isolating keyword matching: original non-keyword score contribution is preserved, while keyword matches are recalculated on text_content with word boundaries."
326,326,github,5120422530,2026-09-27 03:30:58.547893+00,3530,rce|vulnerability,35,40,5,high,vulnerability,10,15,low,sí,sí,no,rce,,-25,"Population-level REV46 recalculation isolating keyword matching: original non-keyword score contribution is preserved, while keyword matches are recalculated on text_content with word boundaries."
327,327,github,5599435938,2026-09-27 03:30:58.547893+00,1440,security|vulnerability,15,20,5,medium,security|vulnerability,15,20,medium,no,no,no,,,0,"Population-level REV46 recalculation isolating keyword matching: original non-keyword score contribution is preserved, while keyword matches are recalculated on text_content with word boundaries."
328,328,github,5037710148,2026-09-27 03:30:58.547893+00,3996,rce|security|vulnerability,40,45,5,high,security|vulnerability,15,20,medium,sí,sí,no,rce,,-25,"Population-level REV46 recalculation isolating keyword matching: original non-keyword score contribution is preserved, while keyword matches are recalculated on text_content with word boundaries."
329,329,github,5599435599,2026-09-27 03:30:58.547893+00,621,rce,25,30,5,medium,,0,5,low,sí,no,no,rce,,-25,"Population-level REV46 recalculation isolating keyword matching: original non-keyword score contribution is preserved, while keyword matches are recalculated on text_content with word boundaries."
330,330,github,5163520731,2026-09-27 03:30:58.547893+00,4000,security,5,30,25,medium,security,5,30,medium,no,no,no,,,0,"Population-level REV46 recalculation isolating keyword matching: original non-keyword score contribution is preserved, while keyword matches are recalculated on text_content with word boundaries."
331,331,github,5599434921,2026-09-27 03:30:58.547893+00,4000,rce,25,30,5,medium,rce,25,30,medium,no,no,no,,,0,"Population-level REV46 recalculation isolating keyword matching: original non-keyword score contribution is preserved, while keyword matches are recalculated on text_content with word boundaries."
332,332,github,4715399487,2026-09-27 03:30:58.547893+00,3181,rce|vulnerability,35,40,5,high,vulnerability,10,15,low,sí,sí,no,rce,,-25,"Population-level REV46 recalculation isolating keyword matching: original non-keyword score contribution is preserved, while keyword matches are recalculated on text_content with word boundaries."
333,333,github,5264240155,2026-09-27 03:30:58.547893+00,4000,apt|rce|security,55,70,15,critical,security,5,20,medium,sí,sí,no,apt|rce,,-50,"Population-level REV46 recalculation isolating keyword matching: original non-keyword score contribution is preserved, while keyword matches are recalculated on text_content with word boundaries."
334,334,github,4951580844,2026-09-27 03:30:58.547893+00,4000,rce|vulnerability,35,40,5,high,vulnerability,10,15,low,sí,sí,no,rce,,-25,"Population-level REV46 recalculation isolating keyword matching: original non-keyword score contribution is preserved, while keyword matches are recalculated on text_content with word boundaries."
335,335,github,2559203777,2026-09-27 03:30:58.547893+00,3939,rce|security|vulnerability,40,45,5,high,security|vulnerability,15,20,medium,sí,sí,no,rce,,-25,"Population-level REV46 recalculation isolating keyword matching: original non-keyword score contribution is preserved, while keyword matches are recalculated on text_content with word boundaries."
336,336,github,5379361997,2026-09-27 03:30:58.547893+00,2775,exploit|compromised|attack|security,55,60,5,critical,exploit|compromised|security,45,50,high,sí,sí,sí,attack,,-10,"Population-level REV46 recalculation isolating keyword matching: original non-keyword score contribution is preserved, while keyword matches are recalculated on text_content with word boundaries."
337,337,github,4050594171,2026-09-27 03:30:58.547893+00,4000,rce|vulnerability,35,40,5,high,vulnerability,10,15,low,sí,sí,no,rce,,-25,"Population-level REV46 recalculation isolating keyword matching: original non-keyword score contribution is preserved, while keyword matches are recalculated on text_content with word boundaries."
338,338,github,5598966705,2026-09-27 03:30:58.547893+00,1741,security|vulnerability,15,35,20,medium,security|vulnerability,15,35,medium,no,no,no,,,0,"Population-level REV46 recalculation isolating keyword matching: original non-keyword score contribution is preserved, while keyword matches are recalculated on text_content with word boundaries."
339,339,github,3431208312,2026-09-27 03:30:58.547893+00,3998,rce|security|vulnerability,40,60,20,critical,security|vulnerability,15,35,medium,sí,sí,no,rce,,-25,"Population-level REV46 recalculation isolating keyword matching: original non-keyword score contribution is preserved, while keyword matches are recalculated on text_content with word boundaries."
340,340,github,5598914494,2026-09-27 03:30:58.547893+00,3286,rce|security|vulnerability,40,60,20,critical,security|vulnerability,15,35,medium,sí,sí,no,rce,,-25,"Population-level REV46 recalculation isolating keyword matching: original non-keyword score contribution is preserved, while keyword matches are recalculated on text_content with word boundaries."
341,341,github,4761508586,2026-09-27 03:30:58.547893+00,918,vulnerability,10,15,5,low,vulnerability,10,15,low,no,no,no,,,0,"Population-level REV46 recalculation isolating keyword matching: original non-keyword score contribution is preserved, while keyword matches are recalculated on text_content with word boundaries."
342,342,github,2613796469,2026-09-27 03:30:58.547893+00,3996,rce|security|vulnerability,40,45,5,high,security|vulnerability,15,20,medium,sí,sí,no,rce,,-25,"Population-level REV46 recalculation isolating keyword matching: original non-keyword score contribution is preserved, while keyword matches are recalculated on text_content with word boundaries."
343,343,github,5170249896,2026-09-27 03:30:58.547893+00,1228,vulnerability,10,15,5,low,vulnerability,10,15,low,no,no,no,,,0,"Population-level REV46 recalculation isolating keyword matching: original non-keyword score contribution is preserved, while keyword matches are recalculated on text_content with word boundaries."
344,344,github,5419553660,2026-09-27 03:30:58.547893+00,3454,rce|security,30,55,25,high,security,5,30,medium,sí,sí,no,rce,,-25,"Population-level REV46 recalculation isolating keyword matching: original non-keyword score contribution is preserved, while keyword matches are recalculated on text_content with word boundaries."
345,345,github,5556076397,2026-09-27 03:30:58.547893+00,2702,rce|vulnerability,35,40,5,high,vulnerability,10,15,low,sí,sí,no,rce,,-25,"Population-level REV46 recalculation isolating keyword matching: original non-keyword score contribution is preserved, while keyword matches are recalculated on text_content with word boundaries."
346,346,github,3565636793,2026-09-27 03:30:58.547893+00,4000,rce|security|vulnerability,40,45,5,high,security|vulnerability,15,20,medium,sí,sí,no,rce,,-25,"Population-level REV46 recalculation isolating keyword matching: original non-keyword score contribution is preserved, while keyword matches are recalculated on text_content with word boundaries."
347,347,github,2849823899,2026-09-27 03:30:58.547893+00,3999,rce,25,30,5,medium,,0,5,low,sí,no,no,rce,,-25,"Population-level REV46 recalculation isolating keyword matching: original non-keyword score contribution is preserved, while keyword matches are recalculated on text_content with word boundaries."
348,348,github,2849825362,2026-09-27 03:30:58.547893+00,3999,rce,25,30,5,medium,,0,5,low,sí,no,no,rce,,-25,"Population-level REV46 recalculation isolating keyword matching: original non-keyword score contribution is preserved, while keyword matches are recalculated on text_content with word boundaries."
349,349,github,1911293787,2026-09-27 03:30:58.547893+00,4000,rce|security,30,50,20,high,security,5,25,medium,sí,sí,no,rce,,-25,"Population-level REV46 recalculation isolating keyword matching: original non-keyword score contribution is preserved, while keyword matches are recalculated on text_content with word boundaries."
350,350,github,5598119928,2026-09-27 03:30:58.547893+00,4000,rce,25,35,10,medium,,0,10,low,sí,no,no,rce,,-25,"Population-level REV46 recalculation isolating keyword matching: original non-keyword score contribution is preserved, while keyword matches are recalculated on text_content with word boundaries."
351,351,github,5599429108,2026-09-27 03:30:58.547893+00,4000,cve-|attack|security,35,40,5,high,cve-|security,25,30,medium,sí,sí,no,attack,,-10,"Population-level REV46 recalculation isolating keyword matching: original non-keyword score contribution is preserved, while keyword matches are recalculated on text_content with word boundaries."
352,352,github,5599428449,2026-09-27 03:30:58.547893+00,737,security|vulnerability,15,20,5,medium,security|vulnerability,15,20,medium,no,no,no,,,0,"Population-level REV46 recalculation isolating keyword matching: original non-keyword score contribution is preserved, while keyword matches are recalculated on text_content with word boundaries."
353,353,github,5013242176,2026-09-27 03:30:58.547893+00,4000,rce,25,40,15,high,,0,15,low,sí,sí,no,rce,,-25,"Population-level REV46 recalculation isolating keyword matching: original non-keyword score contribution is preserved, while keyword matches are recalculated on text_content with word boundaries."
354,354,github,5428183434,2026-09-27 03:45:58.332803+00,2136,rce,25,65,40,critical,,0,40,high,sí,sí,sí,rce,,-25,"Population-level REV46 recalculation isolating keyword matching: original non-keyword score contribution is preserved, while keyword matches are recalculated on text_content with word boundaries."
355,355,github,5599100939,2026-09-27 03:45:58.332803+00,4000,rce|security,30,40,10,high,security,5,15,low,sí,sí,no,rce,,-25,"Population-level REV46 recalculation isolating keyword matching: original non-keyword score contribution is preserved, while keyword matches are recalculated on text_content with word boundaries."
356,356,github,3505213882,2026-09-27 03:45:58.332803+00,1899,rce|security|vulnerability,40,45,5,high,security|vulnerability,15,20,medium,sí,sí,no,rce,,-25,"Population-level REV46 recalculation isolating keyword matching: original non-keyword score contribution is preserved, while keyword matches are recalculated on text_content with word boundaries."
357,357,github,5161824569,2026-09-27 03:45:58.332803+00,4000,rce|vulnerability,35,40,5,high,vulnerability,10,15,low,sí,sí,no,rce,,-25,"Population-level REV46 recalculation isolating keyword matching: original non-keyword score contribution is preserved, while keyword matches are recalculated on text_content with word boundaries."
358,358,github,5557674217,2026-09-27 03:45:58.332803+00,4000,rce|exploit|attack|security,60,80,20,critical,attack|security,15,35,medium,sí,sí,no,rce|exploit,,-45,"Population-level REV46 recalculation isolating keyword matching: original non-keyword score contribution is preserved, while keyword matches are recalculated on text_content with word boundaries."
359,359,github,2442729123,2026-09-27 03:45:58.332803+00,3998,rce|security|vulnerability,40,45,5,high,security|vulnerability,15,20,medium,sí,sí,no,rce,,-25,"Population-level REV46 recalculation isolating keyword matching: original non-keyword score contribution is preserved, while keyword matches are recalculated on text_content with word boundaries."
360,360,github,1929241430,2026-09-27 03:45:58.332803+00,4000,apt|rce,50,70,20,critical,,0,20,medium,sí,sí,no,apt|rce,,-50,"Population-level REV46 recalculation isolating keyword matching: original non-keyword score contribution is preserved, while keyword matches are recalculated on text_content with word boundaries."
361,361,github,2859990499,2026-09-27 03:45:58.332803+00,4000,rce,25,30,5,medium,,0,5,low,sí,no,no,rce,,-25,"Population-level REV46 recalculation isolating keyword matching: original non-keyword score contribution is preserved, while keyword matches are recalculated on text_content with word boundaries."
362,362,github,2393125034,2026-09-27 03:45:58.332803+00,3604,rce|security|vulnerability,40,45,5,high,security|vulnerability,15,20,medium,sí,sí,no,rce,,-25,"Population-level REV46 recalculation isolating keyword matching: original non-keyword score contribution is preserved, while keyword matches are recalculated on text_content with word boundaries."
363,363,github,5101595581,2026-09-27 03:45:58.332803+00,4000,,0,25,25,medium,,0,25,medium,no,no,no,,,0,"Population-level REV46 recalculation isolating keyword matching: original non-keyword score contribution is preserved, while keyword matches are recalculated on text_content with word boundaries."
364,364,github,5599506568,2026-09-27 03:45:58.332803+00,2218,rce|cve-|attack|security|vulnerability,70,90,20,critical,rce|cve-|security|vulnerability,60,80,critical,no,sí,sí,attack,,-10,"Population-level REV46 recalculation isolating keyword matching: original non-keyword score contribution is preserved, while keyword matches are recalculated on text_content with word boundaries."
365,365,github,4515303555,2026-09-27 03:45:58.332803+00,3996,rce,25,30,5,medium,,0,5,low,sí,no,no,rce,,-25,"Population-level REV46 recalculation isolating keyword matching: original non-keyword score contribution is preserved, while keyword matches are recalculated on text_content with word boundaries."
366,366,github,5469039010,2026-09-27 03:45:58.332803+00,4000,rce,25,50,25,high,,0,25,medium,sí,sí,no,rce,,-25,"Population-level REV46 recalculation isolating keyword matching: original non-keyword score contribution is preserved, while keyword matches are recalculated on text_content with word boundaries."
367,367,github,4010519246,2026-09-27 03:45:58.332803+00,4000,rce|security|vulnerability,40,60,20,critical,security|vulnerability,15,35,medium,sí,sí,no,rce,,-25,"Population-level REV46 recalculation isolating keyword matching: original non-keyword score contribution is preserved, while keyword matches are recalculated on text_content with word boundaries."
368,368,github,5291868567,2026-09-27 03:45:58.332803+00,4000,rce,25,30,5,medium,,0,5,low,sí,no,no,rce,,-25,"Population-level REV46 recalculation isolating keyword matching: original non-keyword score contribution is preserved, while keyword matches are recalculated on text_content with word boundaries."
369,369,github,5349865639,2026-09-27 03:45:58.332803+00,4000,apt|rce,50,90,40,critical,,0,40,high,sí,sí,sí,apt|rce,,-50,"Population-level REV46 recalculation isolating keyword matching: original non-keyword score contribution is preserved, while keyword matches are recalculated on text_content with word boundaries."
370,370,github,2972336510,2026-09-27 03:45:58.332803+00,4000,rce|security|vulnerability,40,45,5,high,security|vulnerability,15,20,medium,sí,sí,no,rce,,-25,"Population-level REV46 recalculation isolating keyword matching: original non-keyword score contribution is preserved, while keyword matches are recalculated on text_content with word boundaries."
371,371,github,1029712029,2026-09-27 03:45:58.332803+00,2120,rce|security|vulnerability,40,60,20,critical,security|vulnerability,15,35,medium,sí,sí,no,rce,,-25,"Population-level REV46 recalculation isolating keyword matching: original non-keyword score contribution is preserved, while keyword matches are recalculated on text_content with word boundaries."
372,372,github,5595513343,2026-09-27 03:45:58.332803+00,405,,0,25,25,medium,,0,25,medium,no,no,no,,,0,"Population-level REV46 recalculation isolating keyword matching: original non-keyword score contribution is preserved, while keyword matches are recalculated on text_content with word boundaries."
373,373,github,5573282208,2026-09-27 03:45:58.332803+00,4000,rce|attack|security,40,50,10,high,attack|security,15,25,medium,sí,sí,no,rce,,-25,"Population-level REV46 recalculation isolating keyword matching: original non-keyword score contribution is preserved, while keyword matches are recalculated on text_content with word boundaries."
374,374,github,5544786573,2026-09-27 03:45:58.332803+00,2975,,0,25,25,medium,,0,25,medium,no,no,no,,,0,"Population-level REV46 recalculation isolating keyword matching: original non-keyword score contribution is preserved, while keyword matches are recalculated on text_content with word boundaries."
375,375,github,5508190014,2026-09-27 03:45:58.332803+00,2149,,0,25,25,medium,,0,25,medium,no,no,no,,,0,"Population-level REV46 recalculation isolating keyword matching: original non-keyword score contribution is preserved, while keyword matches are recalculated on text_content with word boundaries."
376,376,github,5240489301,2026-09-27 03:45:58.332803+00,4000,rce,25,30,5,medium,,0,5,low,sí,no,no,rce,,-25,"Population-level REV46 recalculation isolating keyword matching: original non-keyword score contribution is preserved, while keyword matches are recalculated on text_content with word boundaries."
377,377,github,5362482664,2026-09-27 03:45:58.332803+00,1831,rce,25,35,10,medium,,0,10,low,sí,no,no,rce,,-25,"Population-level REV46 recalculation isolating keyword matching: original non-keyword score contribution is preserved, while keyword matches are recalculated on text_content with word boundaries."
378,378,github,2852579236,2026-09-27 03:45:58.332803+00,3999,rce,25,30,5,medium,,0,5,low,sí,no,no,rce,,-25,"Population-level REV46 recalculation isolating keyword matching: original non-keyword score contribution is preserved, while keyword matches are recalculated on text_content with word boundaries."
379,379,github,1029766486,2026-09-27 03:45:58.332803+00,1927,rce|security|vulnerability,40,45,5,high,security|vulnerability,15,20,medium,sí,sí,no,rce,,-25,"Population-level REV46 recalculation isolating keyword matching: original non-keyword score contribution is preserved, while keyword matches are recalculated on text_content with word boundaries."
380,380,github,1029350223,2026-09-27 03:45:58.332803+00,3998,rce|security|vulnerability,40,45,5,high,security|vulnerability,15,20,medium,sí,sí,no,rce,,-25,"Population-level REV46 recalculation isolating keyword matching: original non-keyword score contribution is preserved, while keyword matches are recalculated on text_content with word boundaries."
381,381,github,5599410947,2026-09-27 03:45:58.332803+00,1091,rce|cve-|security,50,55,5,high,cve-|security,25,30,medium,sí,sí,no,rce,,-25,"Population-level REV46 recalculation isolating keyword matching: original non-keyword score contribution is preserved, while keyword matches are recalculated on text_content with word boundaries."
382,382,github,1242751934,2026-09-27 03:45:58.332803+00,3998,rce|security|vulnerability,40,45,5,high,security|vulnerability,15,20,medium,sí,sí,no,rce,,-25,"Population-level REV46 recalculation isolating keyword matching: original non-keyword score contribution is preserved, while keyword matches are recalculated on text_content with word boundaries."
383,383,github,5599410795,2026-09-27 03:45:58.332803+00,1114,rce|cve-|security,50,70,20,critical,cve-|security,25,45,high,sí,sí,sí,rce,,-25,"Population-level REV46 recalculation isolating keyword matching: original non-keyword score contribution is preserved, while keyword matches are recalculated on text_content with word boundaries."
384,384,github,4887394166,2026-09-27 03:45:58.332803+00,3997,security|vulnerability,15,20,5,medium,security|vulnerability,15,20,medium,no,no,no,,,0,"Population-level REV46 recalculation isolating keyword matching: original non-keyword score contribution is preserved, while keyword matches are recalculated on text_content with word boundaries."
385,385,github,5599410642,2026-09-27 03:45:58.332803+00,1099,rce|cve-|security,50,70,20,critical,cve-|security,25,45,high,sí,sí,sí,rce,,-25,"Population-level REV46 recalculation isolating keyword matching: original non-keyword score contribution is preserved, while keyword matches are recalculated on text_content with word boundaries."
386,386,github,5597541416,2026-09-27 03:45:58.332803+00,3998,rce|vulnerability,35,60,25,critical,,0,25,medium,sí,sí,no,rce|vulnerability,,-35,"Population-level REV46 recalculation isolating keyword matching: original non-keyword score contribution is preserved, while keyword matches are recalculated on text_content with word boundaries."
387,387,github,4851443095,2026-09-27 03:45:58.332803+00,3274,rce|security|vulnerability,40,45,5,high,security|vulnerability,15,20,medium,sí,sí,no,rce,,-25,"Population-level REV46 recalculation isolating keyword matching: original non-keyword score contribution is preserved, while keyword matches are recalculated on text_content with word boundaries."
388,388,github,5548942905,2026-09-27 03:45:58.332803+00,3214,rce|exploit,45,65,20,critical,,0,20,medium,sí,sí,no,rce|exploit,,-45,"Population-level REV46 recalculation isolating keyword matching: original non-keyword score contribution is preserved, while keyword matches are recalculated on text_content with word boundaries."
389,389,github,5093240361,2026-09-27 03:45:58.332803+00,3756,rce,25,45,20,high,,0,20,medium,sí,sí,no,rce,,-25,"Population-level REV46 recalculation isolating keyword matching: original non-keyword score contribution is preserved, while keyword matches are recalculated on text_content with word boundaries."
390,390,github,5599496863,2026-09-27 03:45:58.332803+00,1172,exploit,20,40,20,high,exploit,20,40,high,no,sí,sí,,,0,"Population-level REV46 recalculation isolating keyword matching: original non-keyword score contribution is preserved, while keyword matches are recalculated on text_content with word boundaries."
391,391,github,2259697339,2026-09-27 03:45:58.332803+00,4000,apt,25,30,5,medium,,0,5,low,sí,no,no,apt,,-25,"Population-level REV46 recalculation isolating keyword matching: original non-keyword score contribution is preserved, while keyword matches are recalculated on text_content with word boundaries."
392,392,github,5432468469,2026-09-27 03:45:58.332803+00,2403,rce|security,30,35,5,medium,security,5,10,low,sí,no,no,rce,,-25,"Population-level REV46 recalculation isolating keyword matching: original non-keyword score contribution is preserved, while keyword matches are recalculated on text_content with word boundaries."
393,393,github,4507461057,2026-09-27 03:45:58.332803+00,4000,,0,15,15,low,,0,15,low,no,no,no,,,0,"Population-level REV46 recalculation isolating keyword matching: original non-keyword score contribution is preserved, while keyword matches are recalculated on text_content with word boundaries."
394,394,github,5207147601,2026-09-27 03:45:58.332803+00,174,,0,25,25,medium,,0,25,medium,no,no,no,,,0,"Population-level REV46 recalculation isolating keyword matching: original non-keyword score contribution is preserved, while keyword matches are recalculated on text_content with word boundaries."
395,395,github,3258877637,2026-09-27 03:45:58.332803+00,4000,rce,25,45,20,high,,0,20,medium,sí,sí,no,rce,,-25,"Population-level REV46 recalculation isolating keyword matching: original non-keyword score contribution is preserved, while keyword matches are recalculated on text_content with word boundaries."
396,396,github,2164681289,2026-09-27 04:00:59.945727+00,4000,rce|security|vulnerability,40,45,5,high,security|vulnerability,15,20,medium,sí,sí,no,rce,,-25,"Population-level REV46 recalculation isolating keyword matching: original non-keyword score contribution is preserved, while keyword matches are recalculated on text_content with word boundaries."
397,397,github,1133009502,2026-09-27 04:00:59.945727+00,4000,rce,25,45,20,high,,0,20,medium,sí,sí,no,rce,,-25,"Population-level REV46 recalculation isolating keyword matching: original non-keyword score contribution is preserved, while keyword matches are recalculated on text_content with word boundaries."
398,398,github,5585254852,2026-09-27 04:00:59.945727+00,2546,exploit,20,40,20,high,,0,20,medium,sí,sí,no,exploit,,-20,"Population-level REV46 recalculation isolating keyword matching: original non-keyword score contribution is preserved, while keyword matches are recalculated on text_content with word boundaries."
399,399,github,1342323724,2026-09-27 04:00:59.945727+00,4000,rce,25,30,5,medium,,0,5,low,sí,no,no,rce,,-25,"Population-level REV46 recalculation isolating keyword matching: original non-keyword score contribution is preserved, while keyword matches are recalculated on text_content with word boundaries."
400,400,github,5599577354,2026-09-27 04:00:59.945727+00,4000,rce|exploit|security,50,55,5,high,exploit|security,25,30,medium,sí,sí,no,rce,,-25,"Population-level REV46 recalculation isolating keyword matching: original non-keyword score contribution is preserved, while keyword matches are recalculated on text_content with word boundaries."
401,401,github,5599576866,2026-09-27 04:00:59.945727+00,1634,rce|malware,45,65,20,critical,malware,20,40,high,sí,sí,sí,rce,,-25,"Population-level REV46 recalculation isolating keyword matching: original non-keyword score contribution is preserved, while keyword matches are recalculated on text_content with word boundaries."
402,402,github,2499592136,2026-09-27 04:00:59.945727+00,4000,rce,25,30,5,medium,,0,5,low,sí,no,no,rce,,-25,"Population-level REV46 recalculation isolating keyword matching: original non-keyword score contribution is preserved, while keyword matches are recalculated on text_content with word boundaries."
403,403,github,5430488778,2026-09-27 04:00:59.945727+00,1539,rce|security|vulnerability,40,45,5,high,security|vulnerability,15,20,medium,sí,sí,no,rce,,-25,"Population-level REV46 recalculation isolating keyword matching: original non-keyword score contribution is preserved, while keyword matches are recalculated on text_content with word boundaries."
404,404,github,5584918046,2026-09-27 04:00:59.945727+00,4000,apt|rce,50,80,30,critical,,0,30,medium,sí,sí,no,apt|rce,,-50,"Population-level REV46 recalculation isolating keyword matching: original non-keyword score contribution is preserved, while keyword matches are recalculated on text_content with word boundaries."
405,405,github,5394573562,2026-09-27 04:00:59.945727+00,2643,,0,5,5,low,,0,5,low,no,no,no,,,0,"Population-level REV46 recalculation isolating keyword matching: original non-keyword score contribution is preserved, while keyword matches are recalculated on text_content with word boundaries."
406,406,github,2852599414,2026-09-27 04:00:59.945727+00,3999,rce,25,30,5,medium,,0,5,low,sí,no,no,rce,,-25,"Population-level REV46 recalculation isolating keyword matching: original non-keyword score contribution is preserved, while keyword matches are recalculated on text_content with word boundaries."
407,407,github,3152297428,2026-09-27 04:00:59.945727+00,3998,rce|security|vulnerability,40,45,5,high,security|vulnerability,15,20,medium,sí,sí,no,rce,,-25,"Population-level REV46 recalculation isolating keyword matching: original non-keyword score contribution is preserved, while keyword matches are recalculated on text_content with word boundaries."
408,408,github,2445877681,2026-09-27 04:00:59.945727+00,3998,rce|security|vulnerability,40,45,5,high,security|vulnerability,15,20,medium,sí,sí,no,rce,,-25,"Population-level REV46 recalculation isolating keyword matching: original non-keyword score contribution is preserved, while keyword matches are recalculated on text_content with word boundaries."
409,409,github,2859905685,2026-09-27 04:00:59.945727+00,3998,apt|rce,50,55,5,high,,0,5,low,sí,sí,no,apt|rce,,-50,"Population-level REV46 recalculation isolating keyword matching: original non-keyword score contribution is preserved, while keyword matches are recalculated on text_content with word boundaries."
410,410,github,5373586469,2026-09-27 04:00:59.945727+00,4000,incident,10,30,20,medium,incident,10,30,medium,no,no,no,,,0,"Population-level REV46 recalculation isolating keyword matching: original non-keyword score contribution is preserved, while keyword matches are recalculated on text_content with word boundaries."
411,411,github,5438853841,2026-09-27 04:00:59.945727+00,3997,apt|rce,50,80,30,critical,,0,30,medium,sí,sí,no,apt|rce,,-50,"Population-level REV46 recalculation isolating keyword matching: original non-keyword score contribution is preserved, while keyword matches are recalculated on text_content with word boundaries."
412,412,github,2424688243,2026-09-27 04:00:59.945727+00,3998,apt|rce,50,55,5,high,,0,5,low,sí,sí,no,apt|rce,,-50,"Population-level REV46 recalculation isolating keyword matching: original non-keyword score contribution is preserved, while keyword matches are recalculated on text_content with word boundaries."
413,413,github,5538645202,2026-09-27 04:00:59.945727+00,4000,rce|exploit|vulnerability,55,60,5,critical,exploit|vulnerability,30,35,medium,sí,sí,no,rce,,-25,"Population-level REV46 recalculation isolating keyword matching: original non-keyword score contribution is preserved, while keyword matches are recalculated on text_content with word boundaries."
414,414,github,5597525995,2026-09-27 04:00:59.945727+00,3754,rce,25,30,5,medium,,0,5,low,sí,no,no,rce,,-25,"Population-level REV46 recalculation isolating keyword matching: original non-keyword score contribution is preserved, while keyword matches are recalculated on text_content with word boundaries."
415,415,github,2523830566,2026-09-27 04:00:59.945727+00,3998,rce|security|vulnerability,40,60,20,critical,security|vulnerability,15,35,medium,sí,sí,no,rce,,-25,"Population-level REV46 recalculation isolating keyword matching: original non-keyword score contribution is preserved, while keyword matches are recalculated on text_content with word boundaries."
416,416,github,5599569338,2026-09-27 04:00:59.945727+00,3660,exploit|cve-,40,45,5,high,cve-,20,25,medium,sí,sí,no,exploit,,-20,"Population-level REV46 recalculation isolating keyword matching: original non-keyword score contribution is preserved, while keyword matches are recalculated on text_content with word boundaries."
417,417,github,5374193298,2026-09-27 04:00:59.945727+00,4000,rce,25,50,25,high,,0,25,medium,sí,sí,no,rce,,-25,"Population-level REV46 recalculation isolating keyword matching: original non-keyword score contribution is preserved, while keyword matches are recalculated on text_content with word boundaries."
418,418,github,5599568025,2026-09-27 04:00:59.945727+00,4000,rce|security|vulnerability,40,60,20,critical,security|vulnerability,15,35,medium,sí,sí,no,rce,,-25,"Population-level REV46 recalculation isolating keyword matching: original non-keyword score contribution is preserved, while keyword matches are recalculated on text_content with word boundaries."
419,419,github,2982637196,2026-09-27 04:00:59.945727+00,3998,rce|security|vulnerability,40,45,5,high,security|vulnerability,15,20,medium,sí,sí,no,rce,,-25,"Population-level REV46 recalculation isolating keyword matching: original non-keyword score contribution is preserved, while keyword matches are recalculated on text_content with word boundaries."
420,420,github,1046456517,2026-09-27 04:00:59.945727+00,1295,rce|security|vulnerability,40,60,20,critical,security|vulnerability,15,35,medium,sí,sí,no,rce,,-25,"Population-level REV46 recalculation isolating keyword matching: original non-keyword score contribution is preserved, while keyword matches are recalculated on text_content with word boundaries."
421,421,github,5599567927,2026-09-27 04:00:59.945727+00,3514,apt|rce|exploit|vulnerability,80,100,20,critical,vulnerability,10,30,medium,sí,sí,no,apt|rce|exploit,,-70,"Population-level REV46 recalculation isolating keyword matching: original non-keyword score contribution is preserved, while keyword matches are recalculated on text_content with word boundaries."
422,422,github,5540381611,2026-09-27 04:00:59.945727+00,4000,rce|malware|compromised|attack,75,85,10,critical,malware|compromised|attack,50,60,critical,no,sí,sí,rce,,-25,"Population-level REV46 recalculation isolating keyword matching: original non-keyword score contribution is preserved, while keyword matches are recalculated on text_content with word boundaries."
423,423,github,5441695160,2026-09-27 04:00:59.945727+00,2069,rce,25,65,40,critical,,0,40,high,sí,sí,sí,rce,,-25,"Population-level REV46 recalculation isolating keyword matching: original non-keyword score contribution is preserved, while keyword matches are recalculated on text_content with word boundaries."
424,424,github,5599566492,2026-09-27 04:00:59.945727+00,3999,apt|exploit|vulnerability,55,60,5,critical,vulnerability,10,15,low,sí,sí,no,apt|exploit,,-45,"Population-level REV46 recalculation isolating keyword matching: original non-keyword score contribution is preserved, while keyword matches are recalculated on text_content with word boundaries."
425,425,github,1161454913,2026-09-27 04:00:59.945727+00,3852,rce|security|vulnerability,40,60,20,critical,security|vulnerability,15,35,medium,sí,sí,no,rce,,-25,"Population-level REV46 recalculation isolating keyword matching: original non-keyword score contribution is preserved, while keyword matches are recalculated on text_content with word boundaries."
426,426,github,1306877288,2026-09-27 04:00:59.945727+00,3998,rce|security|vulnerability,40,45,5,high,security|vulnerability,15,20,medium,sí,sí,no,rce,,-25,"Population-level REV46 recalculation isolating keyword matching: original non-keyword score contribution is preserved, while keyword matches are recalculated on text_content with word boundaries."
427,427,github,5599564945,2026-09-27 04:00:59.945727+00,3997,apt|rce|exploit|cve-,90,100,10,critical,cve-,20,30,medium,sí,sí,no,apt|rce|exploit,,-70,"Population-level REV46 recalculation isolating keyword matching: original non-keyword score contribution is preserved, while keyword matches are recalculated on text_content with word boundaries."
428,428,github,5098343653,2026-09-27 04:00:59.945727+00,1513,rce,25,30,5,medium,,0,5,low,sí,no,no,rce,,-25,"Population-level REV46 recalculation isolating keyword matching: original non-keyword score contribution is preserved, while keyword matches are recalculated on text_content with word boundaries."
429,429,github,5598440031,2026-09-27 04:00:59.945727+00,2180,,0,5,5,low,,0,5,low,no,no,no,,,0,"Population-level REV46 recalculation isolating keyword matching: original non-keyword score contribution is preserved, while keyword matches are recalculated on text_content with word boundaries."
430,430,github,5569974707,2026-09-27 04:00:59.945727+00,4000,rce,25,45,20,high,,0,20,medium,sí,sí,no,rce,,-25,"Population-level REV46 recalculation isolating keyword matching: original non-keyword score contribution is preserved, while keyword matches are recalculated on text_content with word boundaries."
431,431,github,5597040628,2026-09-27 04:00:59.945727+00,4000,exploit,20,25,5,medium,,0,5,low,sí,no,no,exploit,,-20,"Population-level REV46 recalculation isolating keyword matching: original non-keyword score contribution is preserved, while keyword matches are recalculated on text_content with word boundaries."
432,432,github,4264122420,2026-09-27 04:00:59.945727+00,3998,rce|security|vulnerability,40,45,5,high,security|vulnerability,15,20,medium,sí,sí,no,rce,,-25,"Population-level REV46 recalculation isolating keyword matching: original non-keyword score contribution is preserved, while keyword matches are recalculated on text_content with word boundaries."
433,433,github,5599474928,2026-09-27 04:00:59.945727+00,2524,rce|exploit,45,65,20,critical,,0,20,medium,sí,sí,no,rce|exploit,,-45,"Population-level REV46 recalculation isolating keyword matching: original non-keyword score contribution is preserved, while keyword matches are recalculated on text_content with word boundaries."
434,434,github,5599563188,2026-09-27 04:00:59.945727+00,2637,apt|exploit|vulnerability,55,75,20,critical,,0,20,medium,sí,sí,no,apt|exploit|vulnerability,,-55,"Population-level REV46 recalculation isolating keyword matching: original non-keyword score contribution is preserved, while keyword matches are recalculated on text_content with word boundaries."
435,435,github,5599562082,2026-09-27 04:00:59.945727+00,3999,apt|rce|exploit|vulnerability,80,85,5,critical,vulnerability,10,15,low,sí,sí,no,apt|rce|exploit,,-70,"Population-level REV46 recalculation isolating keyword matching: original non-keyword score contribution is preserved, while keyword matches are recalculated on text_content with word boundaries."
436,436,github,2069486118,2026-09-27 04:00:59.945727+00,4000,rce,25,45,20,high,,0,20,medium,sí,sí,no,rce,,-25,"Population-level REV46 recalculation isolating keyword matching: original non-keyword score contribution is preserved, while keyword matches are recalculated on text_content with word boundaries."
437,437,github,1029331774,2026-09-27 04:00:59.945727+00,3998,rce|security|vulnerability,40,60,20,critical,security|vulnerability,15,35,medium,sí,sí,no,rce,,-25,"Population-level REV46 recalculation isolating keyword matching: original non-keyword score contribution is preserved, while keyword matches are recalculated on text_content with word boundaries."
438,438,github,1300542151,2026-09-27 04:00:59.945727+00,4000,apt|rce,50,55,5,high,,0,5,low,sí,sí,no,apt|rce,,-50,"Population-level REV46 recalculation isolating keyword matching: original non-keyword score contribution is preserved, while keyword matches are recalculated on text_content with word boundaries."
439,439,hackernews,49864875,2026-09-27 12:45:59.224989+00,50,security|incident,15,20,5,medium,security,5,10,low,sí,no,no,incident,,-10,"Population-level REV46 recalculation isolating keyword matching: original non-keyword score contribution is preserved, while keyword matches are recalculated on text_content with word boundaries."
440,440,hackernews,49864792,2026-09-27 12:45:59.224989+00,61,security,5,10,5,low,security,5,10,low,no,no,no,,,0,"Population-level REV46 recalculation isolating keyword matching: original non-keyword score contribution is preserved, while keyword matches are recalculated on text_content with word boundaries."
441,441,hackernews,49864245,2026-09-27 12:45:59.224989+00,42,security,5,25,20,medium,security,5,25,medium,no,no,no,,,0,"Population-level REV46 recalculation isolating keyword matching: original non-keyword score contribution is preserved, while keyword matches are recalculated on text_content with word boundaries."
442,442,github,5602728360,2026-09-27 12:45:59.224989+00,1790,phishing|malware|security,45,65,20,critical,phishing|malware|security,45,65,critical,no,sí,sí,,,0,"Population-level REV46 recalculation isolating keyword matching: original non-keyword score contribution is preserved, while keyword matches are recalculated on text_content with word boundaries."
443,443,github,2800491975,2026-09-27 12:45:59.224989+00,3999,rce|security|vulnerability,40,60,20,critical,security|vulnerability,15,35,medium,sí,sí,no,rce,,-25,"Population-level REV46 recalculation isolating keyword matching: original non-keyword score contribution is preserved, while keyword matches are recalculated on text_content with word boundaries."
444,444,github,5602466276,2026-09-27 12:45:59.224989+00,4000,rce|security|denial of service,40,60,20,critical,security|denial of service,15,35,medium,sí,sí,no,rce,,-25,"Population-level REV46 recalculation isolating keyword matching: original non-keyword score contribution is preserved, while keyword matches are recalculated on text_content with word boundaries."
445,445,github,1492051164,2026-09-27 12:45:59.224989+00,3998,rce|security|vulnerability,40,45,5,high,security|vulnerability,15,20,medium,sí,sí,no,rce,,-25,"Population-level REV46 recalculation isolating keyword matching: original non-keyword score contribution is preserved, while keyword matches are recalculated on text_content with word boundaries."
446,446,github,5560387302,2026-09-27 12:45:59.224989+00,940,rce,25,50,25,high,,0,25,medium,sí,sí,no,rce,,-25,"Population-level REV46 recalculation isolating keyword matching: original non-keyword score contribution is preserved, while keyword matches are recalculated on text_content with word boundaries."
447,447,github,5214176754,2026-09-27 12:45:59.224989+00,1462,,0,40,40,high,,0,40,high,no,sí,sí,,,0,"Population-level REV46 recalculation isolating keyword matching: original non-keyword score contribution is preserved, while keyword matches are recalculated on text_content with word boundaries."
448,448,github,5600543220,2026-09-27 12:45:59.224989+00,4000,,0,25,25,medium,,0,25,medium,no,no,no,,,0,"Population-level REV46 recalculation isolating keyword matching: original non-keyword score contribution is preserved, while keyword matches are recalculated on text_content with word boundaries."
449,449,github,5238780899,2026-09-27 12:45:59.224989+00,2803,rce,25,65,40,critical,,0,40,high,sí,sí,sí,rce,,-25,"Population-level REV46 recalculation isolating keyword matching: original non-keyword score contribution is preserved, while keyword matches are recalculated on text_content with word boundaries."
450,450,github,4606757653,2026-09-27 12:45:59.224989+00,3999,rce,25,45,20,high,,0,20,medium,sí,sí,no,rce,,-25,"Population-level REV46 recalculation isolating keyword matching: original non-keyword score contribution is preserved, while keyword matches are recalculated on text_content with word boundaries."
451,451,github,5592518418,2026-09-27 12:45:59.224989+00,1791,security|incident|vulnerability|denial of service,35,40,5,high,security|incident|vulnerability|denial of service,35,40,high,no,sí,sí,,,0,"Population-level REV46 recalculation isolating keyword matching: original non-keyword score contribution is preserved, while keyword matches are recalculated on text_content with word boundaries."
452,452,github,5602723709,2026-09-27 12:45:59.224989+00,1851,phishing|malware|security,45,65,20,critical,phishing|malware|security,45,65,critical,no,sí,sí,,,0,"Population-level REV46 recalculation isolating keyword matching: original non-keyword score contribution is preserved, while keyword matches are recalculated on text_content with word boundaries."
453,453,github,1139294267,2026-09-27 12:45:59.224989+00,4000,rce,25,30,5,medium,,0,5,low,sí,no,no,rce,,-25,"Population-level REV46 recalculation isolating keyword matching: original non-keyword score contribution is preserved, while keyword matches are recalculated on text_content with word boundaries."
454,454,github,5560168618,2026-09-27 12:45:59.224989+00,473,security,5,10,5,low,security,5,10,low,no,no,no,,,0,"Population-level REV46 recalculation isolating keyword matching: original non-keyword score contribution is preserved, while keyword matches are recalculated on text_content with word boundaries."
455,455,github,5151789156,2026-09-27 12:45:59.224989+00,2384,rce|security,30,50,20,high,security,5,25,medium,sí,sí,no,rce,,-25,"Population-level REV46 recalculation isolating keyword matching: original non-keyword score contribution is preserved, while keyword matches are recalculated on text_content with word boundaries."
456,456,github,1928571226,2026-09-27 12:45:59.224989+00,4000,rce,25,30,5,medium,,0,5,low,sí,no,no,rce,,-25,"Population-level REV46 recalculation isolating keyword matching: original non-keyword score contribution is preserved, while keyword matches are recalculated on text_content with word boundaries."
457,457,github,1029568860,2026-09-27 12:45:59.224989+00,3998,rce|security|vulnerability,40,45,5,high,security|vulnerability,15,20,medium,sí,sí,no,rce,,-25,"Population-level REV46 recalculation isolating keyword matching: original non-keyword score contribution is preserved, while keyword matches are recalculated on text_content with word boundaries."
458,458,github,5599555700,2026-09-27 12:45:59.224989+00,606,,0,10,10,low,,0,10,low,no,no,no,,,0,"Population-level REV46 recalculation isolating keyword matching: original non-keyword score contribution is preserved, while keyword matches are recalculated on text_content with word boundaries."
459,459,github,2566947577,2026-09-27 12:45:59.224989+00,3999,rce,25,45,20,high,,0,20,medium,sí,sí,no,rce,,-25,"Population-level REV46 recalculation isolating keyword matching: original non-keyword score contribution is preserved, while keyword matches are recalculated on text_content with word boundaries."
460,460,github,5595824112,2026-09-27 12:45:59.224989+00,3519,rce|security|vulnerability,40,45,5,high,security|vulnerability,15,20,medium,sí,sí,no,rce,,-25,"Population-level REV46 recalculation isolating keyword matching: original non-keyword score contribution is preserved, while keyword matches are recalculated on text_content with word boundaries."
461,461,github,5235459673,2026-09-27 12:45:59.224989+00,2206,exploit|security|vulnerability,35,45,10,high,exploit|security|vulnerability,35,45,high,no,sí,sí,,,0,"Population-level REV46 recalculation isolating keyword matching: original non-keyword score contribution is preserved, while keyword matches are recalculated on text_content with word boundaries."
462,462,github,5568883489,2026-09-27 12:45:59.224989+00,3374,rce|remote code execution|attack|security|vulnerability,80,100,20,critical,remote code execution|security|vulnerability,45,65,critical,no,sí,sí,rce|attack,,-35,"Population-level REV46 recalculation isolating keyword matching: original non-keyword score contribution is preserved, while keyword matches are recalculated on text_content with word boundaries."
463,463,github,5601309783,2026-09-27 12:45:59.224989+00,3549,rce|exploit|attack|security,60,80,20,critical,exploit|security,25,45,high,sí,sí,sí,rce|attack,,-35,"Population-level REV46 recalculation isolating keyword matching: original non-keyword score contribution is preserved, while keyword matches are recalculated on text_content with word boundaries."
464,464,github,5235461352,2026-09-27 12:45:59.224989+00,2210,exploit|xss|security|vulnerability,50,55,5,high,exploit|xss|security|vulnerability,50,55,high,no,sí,sí,,,0,"Population-level REV46 recalculation isolating keyword matching: original non-keyword score contribution is preserved, while keyword matches are recalculated on text_content with word boundaries."
465,465,github,3101727703,2026-09-27 12:45:59.224989+00,4000,rce|security|vulnerability,40,60,20,critical,security|vulnerability,15,35,medium,sí,sí,no,rce,,-25,"Population-level REV46 recalculation isolating keyword matching: original non-keyword score contribution is preserved, while keyword matches are recalculated on text_content with word boundaries."
466,466,github,5600829833,2026-09-27 12:45:59.224989+00,1050,rce|exploit|attack,55,60,5,critical,exploit|attack,30,35,medium,sí,sí,no,rce,,-25,"Population-level REV46 recalculation isolating keyword matching: original non-keyword score contribution is preserved, while keyword matches are recalculated on text_content with word boundaries."
467,467,github,5409654316,2026-09-27 12:45:59.224989+00,501,,0,10,10,low,,0,10,low,no,no,no,,,0,"Population-level REV46 recalculation isolating keyword matching: original non-keyword score contribution is preserved, while keyword matches are recalculated on text_content with word boundaries."
468,468,github,5602717908,2026-09-27 12:45:59.224989+00,3619,exploit,20,25,5,medium,exploit,20,25,medium,no,no,no,,,0,"Population-level REV46 recalculation isolating keyword matching: original non-keyword score contribution is preserved, while keyword matches are recalculated on text_content with word boundaries."
469,469,github,5600572086,2026-09-27 12:45:59.224989+00,1092,security,5,15,10,low,security,5,15,low,no,no,no,,,0,"Population-level REV46 recalculation isolating keyword matching: original non-keyword score contribution is preserved, while keyword matches are recalculated on text_content with word boundaries."
470,470,github,5602717710,2026-09-27 12:45:59.224989+00,2040,exploit|cve-|threat|vulnerability|denial of service,70,90,20,critical,exploit|cve-|threat|vulnerability|denial of service,70,90,critical,no,sí,sí,,,0,"Population-level REV46 recalculation isolating keyword matching: original non-keyword score contribution is preserved, while keyword matches are recalculated on text_content with word boundaries."
471,471,github,5602717565,2026-09-27 12:45:59.224989+00,3985,exploit|cve-|threat|vulnerability|denial of service,70,90,20,critical,exploit|cve-|threat|vulnerability|denial of service,70,90,critical,no,sí,sí,,,0,"Population-level REV46 recalculation isolating keyword matching: original non-keyword score contribution is preserved, while keyword matches are recalculated on text_content with word boundaries."
472,472,github,5602717641,2026-09-27 12:45:59.224989+00,2205,exploit|cve-|threat|vulnerability|denial of service,70,90,20,critical,exploit|cve-|threat|vulnerability|denial of service,70,90,critical,no,sí,sí,,,0,"Population-level REV46 recalculation isolating keyword matching: original non-keyword score contribution is preserved, while keyword matches are recalculated on text_content with word boundaries."
473,473,github,5602717491,2026-09-27 12:45:59.224989+00,3528,exploit|cve-|threat|vulnerability|denial of service,70,90,20,critical,exploit|cve-|threat|vulnerability|denial of service,70,90,critical,no,sí,sí,,,0,"Population-level REV46 recalculation isolating keyword matching: original non-keyword score contribution is preserved, while keyword matches are recalculated on text_content with word boundaries."
474,474,github,5251665658,2026-09-27 12:45:59.224989+00,2318,vulnerability,10,15,5,low,vulnerability,10,15,low,no,no,no,,,0,"Population-level REV46 recalculation isolating keyword matching: original non-keyword score contribution is preserved, while keyword matches are recalculated on text_content with word boundaries."
475,475,github,5602717295,2026-09-27 12:45:59.224989+00,3992,remote code execution|exploit|cve-|sql injection|threat|vulnerability|denial of service,120,100,0,critical,remote code execution|exploit|cve-|sql injection|threat|vulnerability|denial of service,120,100,critical,no,sí,sí,,,0,"Population-level REV46 recalculation isolating keyword matching: original non-keyword score contribution is preserved, while keyword matches are recalculated on text_content with word boundaries."
476,476,github,5602717389,2026-09-27 12:45:59.224989+00,3992,exploit|cve-|threat|vulnerability,60,80,20,critical,exploit|cve-|threat|vulnerability,60,80,critical,no,sí,sí,,,0,"Population-level REV46 recalculation isolating keyword matching: original non-keyword score contribution is preserved, while keyword matches are recalculated on text_content with word boundaries."
477,477,github,5602353792,2026-09-27 12:45:59.224989+00,2118,exploit|cve-|threat|vulnerability,60,80,20,critical,exploit|cve-|threat|vulnerability,60,80,critical,no,sí,sí,,,0,"Population-level REV46 recalculation isolating keyword matching: original non-keyword score contribution is preserved, while keyword matches are recalculated on text_content with word boundaries."
478,478,github,5602353725,2026-09-27 12:45:59.224989+00,1949,exploit|cve-|attack|threat|vulnerability,70,90,20,critical,exploit|cve-|threat|vulnerability,60,80,critical,no,sí,sí,attack,,-10,"Population-level REV46 recalculation isolating keyword matching: original non-keyword score contribution is preserved, while keyword matches are recalculated on text_content with word boundaries."
479,479,github,5602353649,2026-09-27 12:45:59.224989+00,3990,remote code execution|exploit|cve-|threat|vulnerability,90,100,10,critical,remote code execution|exploit|cve-|threat|vulnerability,90,100,critical,no,sí,sí,,,0,"Population-level REV46 recalculation isolating keyword matching: original non-keyword score contribution is preserved, while keyword matches are recalculated on text_content with word boundaries."
480,480,github,5593557744,2026-09-27 12:45:59.224989+00,4000,,0,20,20,medium,,0,20,medium,no,no,no,,,0,"Population-level REV46 recalculation isolating keyword matching: original non-keyword score contribution is preserved, while keyword matches are recalculated on text_content with word boundaries."
481,481,github,5593624120,2026-09-27 12:45:59.224989+00,1369,exploit,20,25,5,medium,,0,5,low,sí,no,no,exploit,,-20,"Population-level REV46 recalculation isolating keyword matching: original non-keyword score contribution is preserved, while keyword matches are recalculated on text_content with word boundaries."
482,482,github,5434923733,2026-09-27 12:45:59.224989+00,4000,rce,25,40,15,high,,0,15,low,sí,sí,no,rce,,-25,"Population-level REV46 recalculation isolating keyword matching: original non-keyword score contribution is preserved, while keyword matches are recalculated on text_content with word boundaries."
483,483,github,5602715226,2026-09-27 12:45:59.224989+00,1694,phishing|malware|security,45,65,20,critical,phishing|malware|security,45,65,critical,no,sí,sí,,,0,"Population-level REV46 recalculation isolating keyword matching: original non-keyword score contribution is preserved, while keyword matches are recalculated on text_content with word boundaries."
484,484,github,5581345296,2026-09-27 12:45:59.224989+00,4000,apt|rce,50,55,5,high,,0,5,low,sí,sí,no,apt|rce,,-50,"Population-level REV46 recalculation isolating keyword matching: original non-keyword score contribution is preserved, while keyword matches are recalculated on text_content with word boundaries."
485,485,github,3517787216,2026-09-27 12:45:59.224989+00,3998,rce,25,30,5,medium,,0,5,low,sí,no,no,rce,,-25,"Population-level REV46 recalculation isolating keyword matching: original non-keyword score contribution is preserved, while keyword matches are recalculated on text_content with word boundaries."
486,486,github,3506648706,2026-09-27 12:45:59.224989+00,4000,rce|security,30,50,20,high,,0,20,medium,sí,sí,no,rce|security,,-30,"Population-level REV46 recalculation isolating keyword matching: original non-keyword score contribution is preserved, while keyword matches are recalculated on text_content with word boundaries."
487,487,github,4058068743,2026-09-27 12:45:59.224989+00,4000,rce,25,45,20,high,,0,20,medium,sí,sí,no,rce,,-25,"Population-level REV46 recalculation isolating keyword matching: original non-keyword score contribution is preserved, while keyword matches are recalculated on text_content with word boundaries."
488,488,github,4758726419,2026-09-27 13:00:59.32285+00,421,security,5,35,30,medium,security,5,35,medium,no,no,no,,,0,"Population-level REV46 recalculation isolating keyword matching: original non-keyword score contribution is preserved, while keyword matches are recalculated on text_content with word boundaries."
489,489,github,5602829409,2026-09-27 13:00:59.32285+00,3683,rce|exploit|attack,55,60,5,critical,,0,5,low,sí,sí,no,rce|exploit|attack,,-55,"Population-level REV46 recalculation isolating keyword matching: original non-keyword score contribution is preserved, while keyword matches are recalculated on text_content with word boundaries."
490,490,github,5602819225,2026-09-27 13:00:59.32285+00,4000,rce|security|vulnerability,40,60,20,critical,security|vulnerability,15,35,medium,sí,sí,no,rce,,-25,"Population-level REV46 recalculation isolating keyword matching: original non-keyword score contribution is preserved, while keyword matches are recalculated on text_content with word boundaries."
491,491,github,5602607509,2026-09-27 13:00:59.32285+00,1665,vulnerability,10,30,20,medium,vulnerability,10,30,medium,no,no,no,,,0,"Population-level REV46 recalculation isolating keyword matching: original non-keyword score contribution is preserved, while keyword matches are recalculated on text_content with word boundaries."
492,492,github,2057916654,2026-09-27 13:00:59.32285+00,3998,rce|security|vulnerability,40,60,20,critical,security|vulnerability,15,35,medium,sí,sí,no,rce,,-25,"Population-level REV46 recalculation isolating keyword matching: original non-keyword score contribution is preserved, while keyword matches are recalculated on text_content with word boundaries."
493,493,github,5362065637,2026-09-27 13:00:59.32285+00,4000,rce|attack|vulnerability,45,50,5,high,vulnerability,10,15,low,sí,sí,no,rce|attack,,-35,"Population-level REV46 recalculation isolating keyword matching: original non-keyword score contribution is preserved, while keyword matches are recalculated on text_content with word boundaries."
494,494,github,5362058404,2026-09-27 13:00:59.32285+00,4000,rce|cve-|security,50,70,20,critical,cve-|security,25,45,high,sí,sí,sí,rce,,-25,"Population-level REV46 recalculation isolating keyword matching: original non-keyword score contribution is preserved, while keyword matches are recalculated on text_content with word boundaries."
495,495,github,5602818814,2026-09-27 13:00:59.32285+00,1356,exploit|privilege escalation,40,45,5,high,privilege escalation,20,25,medium,sí,sí,no,exploit,,-20,"Population-level REV46 recalculation isolating keyword matching: original non-keyword score contribution is preserved, while keyword matches are recalculated on text_content with word boundaries."
496,496,github,2498802308,2026-09-27 13:00:59.32285+00,2676,rce,25,30,5,medium,,0,5,low,sí,no,no,rce,,-25,"Population-level REV46 recalculation isolating keyword matching: original non-keyword score contribution is preserved, while keyword matches are recalculated on text_content with word boundaries."
497,497,github,5294491574,2026-09-27 13:00:59.32285+00,4000,apt|rce,50,65,15,critical,,0,15,low,sí,sí,no,apt|rce,,-50,"Population-level REV46 recalculation isolating keyword matching: original non-keyword score contribution is preserved, while keyword matches are recalculated on text_content with word boundaries."
498,498,github,5602402023,2026-09-27 13:00:59.32285+00,4000,apt|cve-,45,50,5,high,cve-,20,25,medium,sí,sí,no,apt,,-25,"Population-level REV46 recalculation isolating keyword matching: original non-keyword score contribution is preserved, while keyword matches are recalculated on text_content with word boundaries."
499,499,github,5602774657,2026-09-27 13:00:59.32285+00,4000,rce|threat|security,40,45,5,high,threat|security,15,20,medium,sí,sí,no,rce,,-25,"Population-level REV46 recalculation isolating keyword matching: original non-keyword score contribution is preserved, while keyword matches are recalculated on text_content with word boundaries."
500,500,github,5458478948,2026-09-27 13:00:59.32285+00,4000,rce|security,30,45,15,high,security,5,20,medium,sí,sí,no,rce,,-25,"Population-level REV46 recalculation isolating keyword matching: original non-keyword score contribution is preserved, while keyword matches are recalculated on text_content with word boundaries."
501,501,github,5601851161,2026-09-27 13:00:59.32285+00,960,,0,25,25,medium,,0,25,medium,no,no,no,,,0,"Population-level REV46 recalculation isolating keyword matching: original non-keyword score contribution is preserved, while keyword matches are recalculated on text_content with word boundaries."
502,502,github,5595463803,2026-09-27 13:00:59.32285+00,2624,rce|exploit|security,50,55,5,high,exploit|security,25,30,medium,sí,sí,no,rce,,-25,"Population-level REV46 recalculation isolating keyword matching: original non-keyword score contribution is preserved, while keyword matches are recalculated on text_content with word boundaries."
503,503,github,5532053740,2026-09-27 13:00:59.32285+00,867,rce|malware,45,50,5,high,malware,20,25,medium,sí,sí,no,rce,,-25,"Population-level REV46 recalculation isolating keyword matching: original non-keyword score contribution is preserved, while keyword matches are recalculated on text_content with word boundaries."
504,504,github,1385039438,2026-09-27 13:00:59.32285+00,1192,vulnerability,10,30,20,medium,vulnerability,10,30,medium,no,no,no,,,0,"Population-level REV46 recalculation isolating keyword matching: original non-keyword score contribution is preserved, while keyword matches are recalculated on text_content with word boundaries."
505,505,github,1666419150,2026-09-27 13:00:59.32285+00,3991,rce|security|vulnerability,40,45,5,high,security|vulnerability,15,20,medium,sí,sí,no,rce,,-25,"Population-level REV46 recalculation isolating keyword matching: original non-keyword score contribution is preserved, while keyword matches are recalculated on text_content with word boundaries."
506,506,github,4516663201,2026-09-27 13:00:59.32285+00,4000,rce|security|vulnerability,40,45,5,high,security|vulnerability,15,20,medium,sí,sí,no,rce,,-25,"Population-level REV46 recalculation isolating keyword matching: original non-keyword score contribution is preserved, while keyword matches are recalculated on text_content with word boundaries."
507,507,github,5566648711,2026-09-27 13:00:59.32285+00,1649,rce|exploit|security|incident,60,65,5,critical,security|incident,15,20,medium,sí,sí,no,rce|exploit,,-45,"Population-level REV46 recalculation isolating keyword matching: original non-keyword score contribution is preserved, while keyword matches are recalculated on text_content with word boundaries."
508,508,github,2825386173,2026-09-27 13:00:59.32285+00,3999,rce|security|vulnerability,40,45,5,high,security|vulnerability,15,20,medium,sí,sí,no,rce,,-25,"Population-level REV46 recalculation isolating keyword matching: original non-keyword score contribution is preserved, while keyword matches are recalculated on text_content with word boundaries."
509,509,github,5516784979,2026-09-27 13:00:59.32285+00,978,rce,25,40,15,high,,0,15,low,sí,sí,no,rce,,-25,"Population-level REV46 recalculation isolating keyword matching: original non-keyword score contribution is preserved, while keyword matches are recalculated on text_content with word boundaries."
510,510,github,5601105492,2026-09-27 13:00:59.32285+00,785,exploit|security,25,30,5,medium,exploit|security,25,30,medium,no,no,no,,,0,"Population-level REV46 recalculation isolating keyword matching: original non-keyword score contribution is preserved, while keyword matches are recalculated on text_content with word boundaries."
511,511,github,5362896468,2026-09-27 13:00:59.32285+00,1386,rce,25,40,15,high,,0,15,low,sí,sí,no,rce,,-25,"Population-level REV46 recalculation isolating keyword matching: original non-keyword score contribution is preserved, while keyword matches are recalculated on text_content with word boundaries."
512,512,github,5064785333,2026-09-27 13:00:59.32285+00,1001,vulnerability,10,30,20,medium,vulnerability,10,30,medium,no,no,no,,,0,"Population-level REV46 recalculation isolating keyword matching: original non-keyword score contribution is preserved, while keyword matches are recalculated on text_content with word boundaries."
513,513,github,4148310577,2026-09-27 13:00:59.32285+00,1024,rce,25,65,40,critical,,0,40,high,sí,sí,sí,rce,,-25,"Population-level REV46 recalculation isolating keyword matching: original non-keyword score contribution is preserved, while keyword matches are recalculated on text_content with word boundaries."
514,514,github,5586370444,2026-09-27 13:00:59.32285+00,2314,rce,25,35,10,medium,,0,10,low,sí,no,no,rce,,-25,"Population-level REV46 recalculation isolating keyword matching: original non-keyword score contribution is preserved, while keyword matches are recalculated on text_content with word boundaries."
515,515,github,5602815989,2026-09-27 13:00:59.32285+00,1506,rce|exploit,45,50,5,high,,0,5,low,sí,sí,no,rce|exploit,,-45,"Population-level REV46 recalculation isolating keyword matching: original non-keyword score contribution is preserved, while keyword matches are recalculated on text_content with word boundaries."
516,516,github,4969904452,2026-09-27 13:00:59.32285+00,3998,rce|security|vulnerability,40,45,5,high,security|vulnerability,15,20,medium,sí,sí,no,rce,,-25,"Population-level REV46 recalculation isolating keyword matching: original non-keyword score contribution is preserved, while keyword matches are recalculated on text_content with word boundaries."
517,517,github,5383713804,2026-09-27 13:00:59.32285+00,4000,,0,25,25,medium,,0,25,medium,no,no,no,,,0,"Population-level REV46 recalculation isolating keyword matching: original non-keyword score contribution is preserved, while keyword matches are recalculated on text_content with word boundaries."
518,518,github,5591571316,2026-09-27 13:00:59.32285+00,2543,rce,25,35,10,medium,,0,10,low,sí,no,no,rce,,-25,"Population-level REV46 recalculation isolating keyword matching: original non-keyword score contribution is preserved, while keyword matches are recalculated on text_content with word boundaries."
519,519,github,2404798356,2026-09-27 13:00:59.32285+00,4000,rce,25,45,20,high,,0,20,medium,sí,sí,no,rce,,-25,"Population-level REV46 recalculation isolating keyword matching: original non-keyword score contribution is preserved, while keyword matches are recalculated on text_content with word boundaries."
520,520,github,3449152863,2026-09-27 13:00:59.32285+00,3737,,0,25,25,medium,,0,25,medium,no,no,no,,,0,"Population-level REV46 recalculation isolating keyword matching: original non-keyword score contribution is preserved, while keyword matches are recalculated on text_content with word boundaries."
521,521,github,4813362372,2026-09-27 13:00:59.32285+00,4000,apt,25,40,15,high,,0,15,low,sí,sí,no,apt,,-25,"Population-level REV46 recalculation isolating keyword matching: original non-keyword score contribution is preserved, while keyword matches are recalculated on text_content with word boundaries."
522,522,github,5602810045,2026-09-27 13:00:59.32285+00,2771,apt|threat|security,40,45,5,high,threat|security,15,20,medium,sí,sí,no,apt,,-25,"Population-level REV46 recalculation isolating keyword matching: original non-keyword score contribution is preserved, while keyword matches are recalculated on text_content with word boundaries."
523,523,github,5602581987,2026-09-27 13:00:59.32285+00,1593,rce|exploit,45,65,20,critical,exploit,20,40,high,sí,sí,sí,rce,,-25,"Population-level REV46 recalculation isolating keyword matching: original non-keyword score contribution is preserved, while keyword matches are recalculated on text_content with word boundaries."
524,524,github,5602808340,2026-09-27 13:00:59.32285+00,2761,apt|rce|security,55,75,20,critical,security,5,25,medium,sí,sí,no,apt|rce,,-50,"Population-level REV46 recalculation isolating keyword matching: original non-keyword score contribution is preserved, while keyword matches are recalculated on text_content with word boundaries."
525,525,github,5602807419,2026-09-27 13:00:59.32285+00,4000,threat|security,15,35,20,medium,threat|security,15,35,medium,no,no,no,,,0,"Population-level REV46 recalculation isolating keyword matching: original non-keyword score contribution is preserved, while keyword matches are recalculated on text_content with word boundaries."
526,526,github,2310390942,2026-09-27 13:00:59.32285+00,4000,rce|vulnerability,35,55,20,high,vulnerability,10,30,medium,sí,sí,no,rce,,-25,"Population-level REV46 recalculation isolating keyword matching: original non-keyword score contribution is preserved, while keyword matches are recalculated on text_content with word boundaries."
527,527,github,5250727068,2026-09-27 13:00:59.32285+00,1387,,0,25,25,medium,,0,25,medium,no,no,no,,,0,"Population-level REV46 recalculation isolating keyword matching: original non-keyword score contribution is preserved, while keyword matches are recalculated on text_content with word boundaries."
528,528,github,5574577508,2026-09-27 13:16:01.59847+00,4000,rce|security,30,35,5,medium,security,5,10,low,sí,no,no,rce,,-25,"Population-level REV46 recalculation isolating keyword matching: original non-keyword score contribution is preserved, while keyword matches are recalculated on text_content with word boundaries."
529,529,github,4977892681,2026-09-27 13:16:01.59847+00,3998,rce,25,30,5,medium,,0,5,low,sí,no,no,rce,,-25,"Population-level REV46 recalculation isolating keyword matching: original non-keyword score contribution is preserved, while keyword matches are recalculated on text_content with word boundaries."
530,530,github,2343863645,2026-09-27 13:16:01.59847+00,4000,rce,25,30,5,medium,,0,5,low,sí,no,no,rce,,-25,"Population-level REV46 recalculation isolating keyword matching: original non-keyword score contribution is preserved, while keyword matches are recalculated on text_content with word boundaries."
531,531,github,5597987913,2026-09-27 13:16:01.59847+00,2267,security,5,10,5,low,security,5,10,low,no,no,no,,,0,"Population-level REV46 recalculation isolating keyword matching: original non-keyword score contribution is preserved, while keyword matches are recalculated on text_content with word boundaries."
532,532,github,1856329654,2026-09-27 13:16:01.59847+00,4000,rce,25,30,5,medium,,0,5,low,sí,no,no,rce,,-25,"Population-level REV46 recalculation isolating keyword matching: original non-keyword score contribution is preserved, while keyword matches are recalculated on text_content with word boundaries."
533,533,github,5602646232,2026-09-27 13:16:01.59847+00,688,cve-|security,25,30,5,medium,cve-|security,25,30,medium,no,no,no,,,0,"Population-level REV46 recalculation isolating keyword matching: original non-keyword score contribution is preserved, while keyword matches are recalculated on text_content with word boundaries."
534,534,github,5597312523,2026-09-27 13:16:01.59847+00,2080,rce|security|vulnerability,40,45,5,high,security|vulnerability,15,20,medium,sí,sí,no,rce,,-25,"Population-level REV46 recalculation isolating keyword matching: original non-keyword score contribution is preserved, while keyword matches are recalculated on text_content with word boundaries."
535,535,github,5569604752,2026-09-27 13:16:01.59847+00,106,exploit,20,25,5,medium,exploit,20,25,medium,no,no,no,,,0,"Population-level REV46 recalculation isolating keyword matching: original non-keyword score contribution is preserved, while keyword matches are recalculated on text_content with word boundaries."
536,536,github,1277977803,2026-09-27 13:16:01.59847+00,4000,rce,25,30,5,medium,,0,5,low,sí,no,no,rce,,-25,"Population-level REV46 recalculation isolating keyword matching: original non-keyword score contribution is preserved, while keyword matches are recalculated on text_content with word boundaries."
537,537,github,5586743042,2026-09-27 13:16:01.59847+00,4000,exploit,20,40,20,high,exploit,20,40,high,no,sí,sí,,,0,"Population-level REV46 recalculation isolating keyword matching: original non-keyword score contribution is preserved, while keyword matches are recalculated on text_content with word boundaries."
538,538,github,5602920291,2026-09-27 13:16:01.59847+00,696,security|vulnerability,15,20,5,medium,security|vulnerability,15,20,medium,no,no,no,,,0,"Population-level REV46 recalculation isolating keyword matching: original non-keyword score contribution is preserved, while keyword matches are recalculated on text_content with word boundaries."
539,539,github,5583382636,2026-09-27 13:16:01.59847+00,4000,rce,25,30,5,medium,,0,5,low,sí,no,no,rce,,-25,"Population-level REV46 recalculation isolating keyword matching: original non-keyword score contribution is preserved, while keyword matches are recalculated on text_content with word boundaries."
540,540,github,5170317910,2026-09-27 13:16:01.59847+00,2141,rce|security,30,50,20,high,security,5,25,medium,sí,sí,no,rce,,-25,"Population-level REV46 recalculation isolating keyword matching: original non-keyword score contribution is preserved, while keyword matches are recalculated on text_content with word boundaries."
541,541,github,3708666868,2026-09-27 13:16:01.59847+00,745,malware|trojan|threat|security,55,60,5,critical,malware|trojan|threat|security,55,60,critical,no,sí,sí,,,0,"Population-level REV46 recalculation isolating keyword matching: original non-keyword score contribution is preserved, while keyword matches are recalculated on text_content with word boundaries."
542,542,github,5169560911,2026-09-27 13:16:01.59847+00,2949,security,5,10,5,low,security,5,10,low,no,no,no,,,0,"Population-level REV46 recalculation isolating keyword matching: original non-keyword score contribution is preserved, while keyword matches are recalculated on text_content with word boundaries."
543,543,github,5600746377,2026-09-27 13:16:01.59847+00,4000,rce|exploit,45,65,20,critical,,0,20,medium,sí,sí,no,rce|exploit,,-45,"Population-level REV46 recalculation isolating keyword matching: original non-keyword score contribution is preserved, while keyword matches are recalculated on text_content with word boundaries."
544,544,github,5602917846,2026-09-27 13:16:01.59847+00,1933,exploit|security,25,30,5,medium,exploit|security,25,30,medium,no,no,no,,,0,"Population-level REV46 recalculation isolating keyword matching: original non-keyword score contribution is preserved, while keyword matches are recalculated on text_content with word boundaries."
545,545,github,1394583391,2026-09-27 13:16:01.59847+00,3998,rce|security|vulnerability,40,45,5,high,security|vulnerability,15,20,medium,sí,sí,no,rce,,-25,"Population-level REV46 recalculation isolating keyword matching: original non-keyword score contribution is preserved, while keyword matches are recalculated on text_content with word boundaries."
546,546,github,5593729065,2026-09-27 13:16:01.59847+00,4000,rce,25,40,15,high,,0,15,low,sí,sí,no,rce,,-25,"Population-level REV46 recalculation isolating keyword matching: original non-keyword score contribution is preserved, while keyword matches are recalculated on text_content with word boundaries."
547,547,github,2600042640,2026-09-27 13:16:01.59847+00,3998,rce|security|vulnerability,40,60,20,critical,security|vulnerability,15,35,medium,sí,sí,no,rce,,-25,"Population-level REV46 recalculation isolating keyword matching: original non-keyword score contribution is preserved, while keyword matches are recalculated on text_content with word boundaries."
548,548,github,5602876139,2026-09-27 13:16:01.59847+00,3134,apt,25,30,5,medium,,0,5,low,sí,no,no,apt,,-25,"Population-level REV46 recalculation isolating keyword matching: original non-keyword score contribution is preserved, while keyword matches are recalculated on text_content with word boundaries."
549,549,github,2302047023,2026-09-27 13:16:01.59847+00,4000,rce,25,45,20,high,,0,20,medium,sí,sí,no,rce,,-25,"Population-level REV46 recalculation isolating keyword matching: original non-keyword score contribution is preserved, while keyword matches are recalculated on text_content with word boundaries."
550,550,github,1599534632,2026-09-27 13:16:01.59847+00,4000,rce|security|vulnerability,40,45,5,high,security|vulnerability,15,20,medium,sí,sí,no,rce,,-25,"Population-level REV46 recalculation isolating keyword matching: original non-keyword score contribution is preserved, while keyword matches are recalculated on text_content with word boundaries."
551,551,github,4703332506,2026-09-27 13:16:01.59847+00,4000,rce,25,45,20,high,,0,20,medium,sí,sí,no,rce,,-25,"Population-level REV46 recalculation isolating keyword matching: original non-keyword score contribution is preserved, while keyword matches are recalculated on text_content with word boundaries."
552,552,github,5510256768,2026-09-27 13:16:01.59847+00,894,exploit,20,25,5,medium,exploit,20,25,medium,no,no,no,,,0,"Population-level REV46 recalculation isolating keyword matching: original non-keyword score contribution is preserved, while keyword matches are recalculated on text_content with word boundaries."
553,553,github,3671301153,2026-09-27 13:16:01.59847+00,4000,rce,25,45,20,high,,0,20,medium,sí,sí,no,rce,,-25,"Population-level REV46 recalculation isolating keyword matching: original non-keyword score contribution is preserved, while keyword matches are recalculated on text_content with word boundaries."
554,554,github,5433521122,2026-09-27 13:16:01.59847+00,289,,0,15,15,low,,0,15,low,no,no,no,,,0,"Population-level REV46 recalculation isolating keyword matching: original non-keyword score contribution is preserved, while keyword matches are recalculated on text_content with word boundaries."
555,555,github,5600947400,2026-09-27 13:16:01.59847+00,4000,apt|exploit|attack|security,60,65,5,critical,security,5,10,low,sí,sí,no,apt|exploit|attack,,-55,"Population-level REV46 recalculation isolating keyword matching: original non-keyword score contribution is preserved, while keyword matches are recalculated on text_content with word boundaries."
556,556,github,5171547171,2026-09-27 13:16:01.59847+00,4000,rce,25,50,25,high,,0,25,medium,sí,sí,no,rce,,-25,"Population-level REV46 recalculation isolating keyword matching: original non-keyword score contribution is preserved, while keyword matches are recalculated on text_content with word boundaries."
557,557,github,5602913987,2026-09-27 13:16:01.59847+00,666,security|vulnerability,15,35,20,medium,security|vulnerability,15,35,medium,no,no,no,,,0,"Population-level REV46 recalculation isolating keyword matching: original non-keyword score contribution is preserved, while keyword matches are recalculated on text_content with word boundaries."
558,558,github,1551820659,2026-09-27 13:16:01.59847+00,4000,rce|security|vulnerability,40,45,5,high,security|vulnerability,15,20,medium,sí,sí,no,rce,,-25,"Population-level REV46 recalculation isolating keyword matching: original non-keyword score contribution is preserved, while keyword matches are recalculated on text_content with word boundaries."
559,559,github,5034655987,2026-09-27 13:16:01.59847+00,3999,rce|vulnerability,35,55,20,high,vulnerability,10,30,medium,sí,sí,no,rce,,-25,"Population-level REV46 recalculation isolating keyword matching: original non-keyword score contribution is preserved, while keyword matches are recalculated on text_content with word boundaries."
560,560,github,5125837602,2026-09-27 13:16:01.59847+00,4000,rce,25,40,15,high,,0,15,low,sí,sí,no,rce,,-25,"Population-level REV46 recalculation isolating keyword matching: original non-keyword score contribution is preserved, while keyword matches are recalculated on text_content with word boundaries."
561,561,github,3681781017,2026-09-27 13:16:01.59847+00,4000,rce|security|vulnerability,40,60,20,critical,security|vulnerability,15,35,medium,sí,sí,no,rce,,-25,"Population-level REV46 recalculation isolating keyword matching: original non-keyword score contribution is preserved, while keyword matches are recalculated on text_content with word boundaries."
562,562,github,5235460310,2026-09-27 13:16:01.59847+00,2286,exploit|security|vulnerability,35,40,5,high,exploit|security|vulnerability,35,40,high,no,sí,sí,,,0,"Population-level REV46 recalculation isolating keyword matching: original non-keyword score contribution is preserved, while keyword matches are recalculated on text_content with word boundaries."
563,563,github,5235459989,2026-09-27 13:16:01.59847+00,2265,exploit|security|vulnerability,35,40,5,high,exploit|security|vulnerability,35,40,high,no,sí,sí,,,0,"Population-level REV46 recalculation isolating keyword matching: original non-keyword score contribution is preserved, while keyword matches are recalculated on text_content with word boundaries."
564,564,github,5235460635,2026-09-27 13:16:01.59847+00,2204,exploit|security|vulnerability,35,40,5,high,exploit|security|vulnerability,35,40,high,no,sí,sí,,,0,"Population-level REV46 recalculation isolating keyword matching: original non-keyword score contribution is preserved, while keyword matches are recalculated on text_content with word boundaries."
565,565,github,4120892880,2026-09-27 13:16:01.59847+00,4000,rce,25,45,20,high,,0,20,medium,sí,sí,no,rce,,-25,"Population-level REV46 recalculation isolating keyword matching: original non-keyword score contribution is preserved, while keyword matches are recalculated on text_content with word boundaries."
566,566,github,5597982246,2026-09-27 13:16:01.59847+00,4000,rce,25,45,20,high,,0,20,medium,sí,sí,no,rce,,-25,"Population-level REV46 recalculation isolating keyword matching: original non-keyword score contribution is preserved, while keyword matches are recalculated on text_content with word boundaries."
567,567,github,5347181845,2026-09-27 13:30:59.269011+00,2170,cve-,20,45,25,high,cve-,20,45,high,no,sí,sí,,,0,"Population-level REV46 recalculation isolating keyword matching: original non-keyword score contribution is preserved, while keyword matches are recalculated on text_content with word boundaries."
568,568,github,5603018160,2026-09-27 13:30:59.269011+00,4000,rce|security,30,50,20,high,security,5,25,medium,sí,sí,no,rce,,-25,"Population-level REV46 recalculation isolating keyword matching: original non-keyword score contribution is preserved, while keyword matches are recalculated on text_content with word boundaries."
569,569,github,5603021916,2026-09-27 13:30:59.269011+00,3996,security,5,25,20,medium,security,5,25,medium,no,no,no,,,0,"Population-level REV46 recalculation isolating keyword matching: original non-keyword score contribution is preserved, while keyword matches are recalculated on text_content with word boundaries."
570,570,github,2732267370,2026-09-27 13:30:59.269011+00,4000,rce,25,45,20,high,,0,20,medium,sí,sí,no,rce,,-25,"Population-level REV46 recalculation isolating keyword matching: original non-keyword score contribution is preserved, while keyword matches are recalculated on text_content with word boundaries."
571,571,github,5536632001,2026-09-27 13:30:59.269011+00,3039,rce,25,30,5,medium,,0,5,low,sí,no,no,rce,,-25,"Population-level REV46 recalculation isolating keyword matching: original non-keyword score contribution is preserved, while keyword matches are recalculated on text_content with word boundaries."
572,572,github,5602758445,2026-09-27 13:30:59.269011+00,922,rce,25,35,10,medium,,0,10,low,sí,no,no,rce,,-25,"Population-level REV46 recalculation isolating keyword matching: original non-keyword score contribution is preserved, while keyword matches are recalculated on text_content with word boundaries."
573,573,github,5099199371,2026-09-27 13:30:59.269011+00,4000,rce|vulnerability,35,55,20,high,vulnerability,10,30,medium,sí,sí,no,rce,,-25,"Population-level REV46 recalculation isolating keyword matching: original non-keyword score contribution is preserved, while keyword matches are recalculated on text_content with word boundaries."
574,574,github,5598741867,2026-09-27 13:30:59.269011+00,4000,rce,25,30,5,medium,,0,5,low,sí,no,no,rce,,-25,"Population-level REV46 recalculation isolating keyword matching: original non-keyword score contribution is preserved, while keyword matches are recalculated on text_content with word boundaries."
575,575,github,5603019999,2026-09-27 13:30:59.269011+00,1700,rce|security|vulnerability,40,60,20,critical,security|vulnerability,15,35,medium,sí,sí,no,rce,,-25,"Population-level REV46 recalculation isolating keyword matching: original non-keyword score contribution is preserved, while keyword matches are recalculated on text_content with word boundaries."
576,576,github,5603010222,2026-09-27 13:30:59.269011+00,2251,rce|critical vulnerability|vulnerability,55,60,5,critical,critical vulnerability|vulnerability,30,35,medium,sí,sí,no,rce,,-25,"Population-level REV46 recalculation isolating keyword matching: original non-keyword score contribution is preserved, while keyword matches are recalculated on text_content with word boundaries."
577,577,github,4951488119,2026-09-27 13:30:59.269011+00,4000,rce|vulnerability,35,40,5,high,vulnerability,10,15,low,sí,sí,no,rce,,-25,"Population-level REV46 recalculation isolating keyword matching: original non-keyword score contribution is preserved, while keyword matches are recalculated on text_content with word boundaries."
578,578,github,5603018850,2026-09-27 13:30:59.269011+00,824,rce|vulnerability,35,40,5,high,vulnerability,10,15,low,sí,sí,no,rce,,-25,"Population-level REV46 recalculation isolating keyword matching: original non-keyword score contribution is preserved, while keyword matches are recalculated on text_content with word boundaries."
579,579,github,5603019416,2026-09-27 13:30:59.269011+00,2153,rce|vulnerability,35,55,20,high,vulnerability,10,30,medium,sí,sí,no,rce,,-25,"Population-level REV46 recalculation isolating keyword matching: original non-keyword score contribution is preserved, while keyword matches are recalculated on text_content with word boundaries."
580,580,github,5602486727,2026-09-27 13:30:59.269011+00,4000,rce|attack|security,40,60,20,critical,security,5,25,medium,sí,sí,no,rce|attack,,-35,"Population-level REV46 recalculation isolating keyword matching: original non-keyword score contribution is preserved, while keyword matches are recalculated on text_content with word boundaries."
581,581,github,5603018211,2026-09-27 13:30:59.269011+00,1949,rce|cve-|security,50,70,20,critical,cve-|security,25,45,high,sí,sí,sí,rce,,-25,"Population-level REV46 recalculation isolating keyword matching: original non-keyword score contribution is preserved, while keyword matches are recalculated on text_content with word boundaries."
582,582,github,5603011335,2026-09-27 13:30:59.269011+00,921,rce,25,30,5,medium,,0,5,low,sí,no,no,rce,,-25,"Population-level REV46 recalculation isolating keyword matching: original non-keyword score contribution is preserved, while keyword matches are recalculated on text_content with word boundaries."
583,583,github,5327900842,2026-09-27 13:30:59.269011+00,3992,rce|security,30,40,10,high,security,5,15,low,sí,sí,no,rce,,-25,"Population-level REV46 recalculation isolating keyword matching: original non-keyword score contribution is preserved, while keyword matches are recalculated on text_content with word boundaries."
584,584,github,2554489005,2026-09-27 13:30:59.269011+00,3998,rce|security|vulnerability,40,45,5,high,security|vulnerability,15,20,medium,sí,sí,no,rce,,-25,"Population-level REV46 recalculation isolating keyword matching: original non-keyword score contribution is preserved, while keyword matches are recalculated on text_content with word boundaries."
585,585,github,2996186392,2026-09-27 13:30:59.269011+00,3998,rce|security|vulnerability,40,45,5,high,security|vulnerability,15,20,medium,sí,sí,no,rce,,-25,"Population-level REV46 recalculation isolating keyword matching: original non-keyword score contribution is preserved, while keyword matches are recalculated on text_content with word boundaries."
586,586,github,5602253748,2026-09-27 13:30:59.269011+00,4000,rce|security,30,35,5,medium,security,5,10,low,sí,no,no,rce,,-25,"Population-level REV46 recalculation isolating keyword matching: original non-keyword score contribution is preserved, while keyword matches are recalculated on text_content with word boundaries."
587,587,github,5603016047,2026-09-27 13:30:59.269011+00,2038,phishing|malware|security,45,65,20,critical,phishing|malware|security,45,65,critical,no,sí,sí,,,0,"Population-level REV46 recalculation isolating keyword matching: original non-keyword score contribution is preserved, while keyword matches are recalculated on text_content with word boundaries."
588,588,github,3159686246,2026-09-27 13:30:59.269011+00,4000,rce,25,45,20,high,,0,20,medium,sí,sí,no,rce,,-25,"Population-level REV46 recalculation isolating keyword matching: original non-keyword score contribution is preserved, while keyword matches are recalculated on text_content with word boundaries."
589,589,github,5501108418,2026-09-27 13:30:59.269011+00,2834,rce|cve-|security|denial of service,60,65,5,critical,cve-|security|denial of service,35,40,high,sí,sí,sí,rce,,-25,"Population-level REV46 recalculation isolating keyword matching: original non-keyword score contribution is preserved, while keyword matches are recalculated on text_content with word boundaries."
590,590,github,5544503282,2026-09-27 13:30:59.269011+00,4000,apt|rce,50,65,15,critical,,0,15,low,sí,sí,no,apt|rce,,-50,"Population-level REV46 recalculation isolating keyword matching: original non-keyword score contribution is preserved, while keyword matches are recalculated on text_content with word boundaries."
591,591,github,5166250504,2026-09-27 13:30:59.269011+00,2057,rce|exploit,45,50,5,high,exploit,20,25,medium,sí,sí,no,rce,,-25,"Population-level REV46 recalculation isolating keyword matching: original non-keyword score contribution is preserved, while keyword matches are recalculated on text_content with word boundaries."
592,592,github,5416381169,2026-09-27 13:30:59.269011+00,4000,rce|attack,35,60,25,critical,,0,25,medium,sí,sí,no,rce|attack,,-35,"Population-level REV46 recalculation isolating keyword matching: original non-keyword score contribution is preserved, while keyword matches are recalculated on text_content with word boundaries."
593,593,github,5603013267,2026-09-27 13:30:59.269011+00,4000,security,5,25,20,medium,security,5,25,medium,no,no,no,,,0,"Population-level REV46 recalculation isolating keyword matching: original non-keyword score contribution is preserved, while keyword matches are recalculated on text_content with word boundaries."
594,594,github,5227831705,2026-09-27 13:30:59.269011+00,4000,rce,25,55,30,high,,0,30,medium,sí,sí,no,rce,,-25,"Population-level REV46 recalculation isolating keyword matching: original non-keyword score contribution is preserved, while keyword matches are recalculated on text_content with word boundaries."
595,595,github,2519955946,2026-09-27 13:30:59.269011+00,4000,,0,5,5,low,,0,5,low,no,no,no,,,0,"Population-level REV46 recalculation isolating keyword matching: original non-keyword score contribution is preserved, while keyword matches are recalculated on text_content with word boundaries."
596,596,github,5603004663,2026-09-27 13:30:59.269011+00,3461,apt,25,45,20,high,,0,20,medium,sí,sí,no,apt,,-25,"Population-level REV46 recalculation isolating keyword matching: original non-keyword score contribution is preserved, while keyword matches are recalculated on text_content with word boundaries."
597,597,github,5583702846,2026-09-27 13:30:59.269011+00,4000,vulnerability,10,15,5,low,vulnerability,10,15,low,no,no,no,,,0,"Population-level REV46 recalculation isolating keyword matching: original non-keyword score contribution is preserved, while keyword matches are recalculated on text_content with word boundaries."
598,598,github,856633308,2026-09-27 13:30:59.269011+00,4000,rce,25,30,5,medium,,0,5,low,sí,no,no,rce,,-25,"Population-level REV46 recalculation isolating keyword matching: original non-keyword score contribution is preserved, while keyword matches are recalculated on text_content with word boundaries."
599,599,github,5603010226,2026-09-27 13:30:59.269011+00,3788,rce|attack|security|vulnerability,50,70,20,critical,attack|security|vulnerability,25,45,high,sí,sí,sí,rce,,-25,"Population-level REV46 recalculation isolating keyword matching: original non-keyword score contribution is preserved, while keyword matches are recalculated on text_content with word boundaries."
600,600,github,5603008587,2026-09-27 13:30:59.269011+00,3786,rce|attack|security|vulnerability,50,70,20,critical,attack|security|vulnerability,25,45,high,sí,sí,sí,rce,,-25,"Population-level REV46 recalculation isolating keyword matching: original non-keyword score contribution is preserved, while keyword matches are recalculated on text_content with word boundaries."
601,601,github,3883590657,2026-09-27 13:30:59.269011+00,4000,cve-,20,40,20,high,cve-,20,40,high,no,sí,sí,,,0,"Population-level REV46 recalculation isolating keyword matching: original non-keyword score contribution is preserved, while keyword matches are recalculated on text_content with word boundaries."
602,602,github,5601845083,2026-09-27 13:30:59.269011+00,4000,apt|rce|security,55,75,20,critical,security,5,25,medium,sí,sí,no,apt|rce,,-50,"Population-level REV46 recalculation isolating keyword matching: original non-keyword score contribution is preserved, while keyword matches are recalculated on text_content with word boundaries."
603,603,github,5603005282,2026-09-27 13:30:59.269011+00,1002,apt|cve-,45,50,5,high,cve-,20,25,medium,sí,sí,no,apt,,-25,"Population-level REV46 recalculation isolating keyword matching: original non-keyword score contribution is preserved, while keyword matches are recalculated on text_content with word boundaries."
604,604,github,5603005197,2026-09-27 13:30:59.269011+00,1211,exploit|cve-,40,45,5,high,cve-,20,25,medium,sí,sí,no,exploit,,-20,"Population-level REV46 recalculation isolating keyword matching: original non-keyword score contribution is preserved, while keyword matches are recalculated on text_content with word boundaries."
605,605,github,5603005098,2026-09-27 13:30:59.269011+00,1663,exploit|cve-,40,60,20,critical,cve-,20,40,high,sí,sí,sí,exploit,,-20,"Population-level REV46 recalculation isolating keyword matching: original non-keyword score contribution is preserved, while keyword matches are recalculated on text_content with word boundaries."
606,606,github,5603004954,2026-09-27 13:30:59.269011+00,1714,rce|cve-,45,65,20,critical,rce|cve-,45,65,critical,no,sí,sí,,,0,"Population-level REV46 recalculation isolating keyword matching: original non-keyword score contribution is preserved, while keyword matches are recalculated on text_content with word boundaries."
607,607,github,5146524791,2026-09-27 13:30:59.269011+00,4000,rce,25,40,15,high,,0,15,low,sí,sí,no,rce,,-25,"Population-level REV46 recalculation isolating keyword matching: original non-keyword score contribution is preserved, while keyword matches are recalculated on text_content with word boundaries."
608,608,github,4498779287,2026-09-27 13:45:58.870216+00,3998,rce,25,45,20,high,,0,20,medium,sí,sí,no,rce,,-25,"Population-level REV46 recalculation isolating keyword matching: original non-keyword score contribution is preserved, while keyword matches are recalculated on text_content with word boundaries."
609,609,github,1449709060,2026-09-27 13:45:58.870216+00,3998,rce,25,45,20,high,,0,20,medium,sí,sí,no,rce,,-25,"Population-level REV46 recalculation isolating keyword matching: original non-keyword score contribution is preserved, while keyword matches are recalculated on text_content with word boundaries."
610,610,github,1688419968,2026-09-27 13:45:58.870216+00,4000,rce,25,45,20,high,,0,20,medium,sí,sí,no,rce,,-25,"Population-level REV46 recalculation isolating keyword matching: original non-keyword score contribution is preserved, while keyword matches are recalculated on text_content with word boundaries."
611,611,github,3670694405,2026-09-27 13:45:58.870216+00,3998,rce,25,45,20,high,,0,20,medium,sí,sí,no,rce,,-25,"Population-level REV46 recalculation isolating keyword matching: original non-keyword score contribution is preserved, while keyword matches are recalculated on text_content with word boundaries."
612,612,github,2656756040,2026-09-27 13:45:58.870216+00,2411,rce|security|vulnerability,40,45,5,high,security|vulnerability,15,20,medium,sí,sí,no,rce,,-25,"Population-level REV46 recalculation isolating keyword matching: original non-keyword score contribution is preserved, while keyword matches are recalculated on text_content with word boundaries."
613,613,github,5603100758,2026-09-27 13:45:58.870216+00,56,,0,5,5,low,,0,5,low,no,no,no,,,0,"Population-level REV46 recalculation isolating keyword matching: original non-keyword score contribution is preserved, while keyword matches are recalculated on text_content with word boundaries."
614,614,github,5603114033,2026-09-27 13:45:58.870216+00,2557,exploit,20,40,20,high,,0,20,medium,sí,sí,no,exploit,,-20,"Population-level REV46 recalculation isolating keyword matching: original non-keyword score contribution is preserved, while keyword matches are recalculated on text_content with word boundaries."
615,615,github,2905099792,2026-09-27 13:45:58.870216+00,3998,rce|security|vulnerability,40,45,5,high,security|vulnerability,15,20,medium,sí,sí,no,rce,,-25,"Population-level REV46 recalculation isolating keyword matching: original non-keyword score contribution is preserved, while keyword matches are recalculated on text_content with word boundaries."
616,616,github,5597072981,2026-09-27 13:45:58.870216+00,4000,apt|rce,50,55,5,high,,0,5,low,sí,sí,no,apt|rce,,-50,"Population-level REV46 recalculation isolating keyword matching: original non-keyword score contribution is preserved, while keyword matches are recalculated on text_content with word boundaries."
617,617,github,2615780142,2026-09-27 13:45:58.870216+00,3998,rce|security|vulnerability,40,60,20,critical,security|vulnerability,15,35,medium,sí,sí,no,rce,,-25,"Population-level REV46 recalculation isolating keyword matching: original non-keyword score contribution is preserved, while keyword matches are recalculated on text_content with word boundaries."
618,618,github,5313979871,2026-09-27 13:45:58.870216+00,2873,security|vulnerability,15,30,15,medium,security|vulnerability,15,30,medium,no,no,no,,,0,"Population-level REV46 recalculation isolating keyword matching: original non-keyword score contribution is preserved, while keyword matches are recalculated on text_content with word boundaries."
619,619,github,3782504800,2026-09-27 13:45:58.870216+00,4000,rce|security,30,50,20,high,,0,20,medium,sí,sí,no,rce|security,,-30,"Population-level REV46 recalculation isolating keyword matching: original non-keyword score contribution is preserved, while keyword matches are recalculated on text_content with word boundaries."
620,620,github,4508666185,2026-09-27 13:45:58.870216+00,3134,cve-,20,30,10,medium,cve-,20,30,medium,no,no,no,,,0,"Population-level REV46 recalculation isolating keyword matching: original non-keyword score contribution is preserved, while keyword matches are recalculated on text_content with word boundaries."
621,621,github,3496910257,2026-09-27 13:45:58.870216+00,3998,rce,25,45,20,high,,0,20,medium,sí,sí,no,rce,,-25,"Population-level REV46 recalculation isolating keyword matching: original non-keyword score contribution is preserved, while keyword matches are recalculated on text_content with word boundaries."
622,622,github,5583004059,2026-09-27 13:45:58.870216+00,1483,exploit|attack|vulnerability,40,60,20,critical,vulnerability,10,30,medium,sí,sí,no,exploit|attack,,-30,"Population-level REV46 recalculation isolating keyword matching: original non-keyword score contribution is preserved, while keyword matches are recalculated on text_content with word boundaries."
623,623,github,982543676,2026-09-27 13:45:58.870216+00,4000,rce,25,45,20,high,,0,20,medium,sí,sí,no,rce,,-25,"Population-level REV46 recalculation isolating keyword matching: original non-keyword score contribution is preserved, while keyword matches are recalculated on text_content with word boundaries."
624,624,github,5603108202,2026-09-27 13:45:58.870216+00,3716,exploit,20,25,5,medium,,0,5,low,sí,no,no,exploit,,-20,"Population-level REV46 recalculation isolating keyword matching: original non-keyword score contribution is preserved, while keyword matches are recalculated on text_content with word boundaries."
625,625,github,5596941933,2026-09-27 13:45:58.870216+00,3456,rce|exploit,45,65,20,critical,,0,20,medium,sí,sí,no,rce|exploit,,-45,"Population-level REV46 recalculation isolating keyword matching: original non-keyword score contribution is preserved, while keyword matches are recalculated on text_content with word boundaries."
626,626,github,1650965284,2026-09-27 13:45:58.870216+00,4000,rce,25,45,20,high,,0,20,medium,sí,sí,no,rce,,-25,"Population-level REV46 recalculation isolating keyword matching: original non-keyword score contribution is preserved, while keyword matches are recalculated on text_content with word boundaries."
627,627,github,2150008022,2026-09-27 13:45:58.870216+00,3996,rce,25,30,5,medium,,0,5,low,sí,no,no,rce,,-25,"Population-level REV46 recalculation isolating keyword matching: original non-keyword score contribution is preserved, while keyword matches are recalculated on text_content with word boundaries."
628,628,github,1449771132,2026-09-27 13:45:58.870216+00,3996,rce,25,45,20,high,,0,20,medium,sí,sí,no,rce,,-25,"Population-level REV46 recalculation isolating keyword matching: original non-keyword score contribution is preserved, while keyword matches are recalculated on text_content with word boundaries."
629,629,github,3260189148,2026-09-27 13:45:58.870216+00,3998,rce|security|vulnerability,40,60,20,critical,security|vulnerability,15,35,medium,sí,sí,no,rce,,-25,"Population-level REV46 recalculation isolating keyword matching: original non-keyword score contribution is preserved, while keyword matches are recalculated on text_content with word boundaries."
630,630,github,5602861455,2026-09-27 13:45:58.870216+00,641,vulnerability,10,30,20,medium,vulnerability,10,30,medium,no,no,no,,,0,"Population-level REV46 recalculation isolating keyword matching: original non-keyword score contribution is preserved, while keyword matches are recalculated on text_content with word boundaries."
631,631,github,5603105055,2026-09-27 13:45:58.870216+00,2603,rce|vulnerability,35,40,5,high,,0,5,low,sí,sí,no,rce|vulnerability,,-35,"Population-level REV46 recalculation isolating keyword matching: original non-keyword score contribution is preserved, while keyword matches are recalculated on text_content with word boundaries."
632,632,github,5431011460,2026-09-27 13:45:58.870216+00,2024,apt|rce,50,75,25,critical,,0,25,medium,sí,sí,no,apt|rce,,-50,"Population-level REV46 recalculation isolating keyword matching: original non-keyword score contribution is preserved, while keyword matches are recalculated on text_content with word boundaries."
633,633,github,4663572534,2026-09-27 13:45:58.870216+00,4000,rce,25,45,20,high,,0,20,medium,sí,sí,no,rce,,-25,"Population-level REV46 recalculation isolating keyword matching: original non-keyword score contribution is preserved, while keyword matches are recalculated on text_content with word boundaries."
634,634,github,3781841384,2026-09-27 13:45:58.870216+00,3997,rce,25,45,20,high,,0,20,medium,sí,sí,no,rce,,-25,"Population-level REV46 recalculation isolating keyword matching: original non-keyword score contribution is preserved, while keyword matches are recalculated on text_content with word boundaries."
635,635,github,5203393062,2026-09-27 13:45:58.870216+00,2423,rce|exploit|security,50,55,5,high,exploit|security,25,30,medium,sí,sí,no,rce,,-25,"Population-level REV46 recalculation isolating keyword matching: original non-keyword score contribution is preserved, while keyword matches are recalculated on text_content with word boundaries."
636,636,github,2786709514,2026-09-27 13:45:58.870216+00,4000,rce|vulnerability,35,40,5,high,vulnerability,10,15,low,sí,sí,no,rce,,-25,"Population-level REV46 recalculation isolating keyword matching: original non-keyword score contribution is preserved, while keyword matches are recalculated on text_content with word boundaries."
637,637,github,4672750014,2026-09-27 13:45:58.870216+00,4000,rce|exploit,45,55,10,high,,0,10,low,sí,sí,no,rce|exploit,,-45,"Population-level REV46 recalculation isolating keyword matching: original non-keyword score contribution is preserved, while keyword matches are recalculated on text_content with word boundaries."
638,638,github,4250520286,2026-09-27 13:45:58.870216+00,3386,rce|security,30,35,5,medium,,0,5,low,sí,no,no,rce|security,,-30,"Population-level REV46 recalculation isolating keyword matching: original non-keyword score contribution is preserved, while keyword matches are recalculated on text_content with word boundaries."
639,639,github,5317560534,2026-09-27 13:45:58.870216+00,4000,,0,25,25,medium,,0,25,medium,no,no,no,,,0,"Population-level REV46 recalculation isolating keyword matching: original non-keyword score contribution is preserved, while keyword matches are recalculated on text_content with word boundaries."
640,640,github,5601993527,2026-09-27 13:45:58.870216+00,2808,rce,25,30,5,medium,,0,5,low,sí,no,no,rce,,-25,"Population-level REV46 recalculation isolating keyword matching: original non-keyword score contribution is preserved, while keyword matches are recalculated on text_content with word boundaries."
641,641,github,3150186557,2026-09-27 13:45:58.870216+00,4000,rce,25,30,5,medium,,0,5,low,sí,no,no,rce,,-25,"Population-level REV46 recalculation isolating keyword matching: original non-keyword score contribution is preserved, while keyword matches are recalculated on text_content with word boundaries."
642,642,github,5555988639,2026-09-27 13:45:58.870216+00,608,vulnerability,10,30,20,medium,vulnerability,10,30,medium,no,no,no,,,0,"Population-level REV46 recalculation isolating keyword matching: original non-keyword score contribution is preserved, while keyword matches are recalculated on text_content with word boundaries."
643,643,github,5517569466,2026-09-27 13:45:58.870216+00,2300,,0,20,20,medium,,0,20,medium,no,no,no,,,0,"Population-level REV46 recalculation isolating keyword matching: original non-keyword score contribution is preserved, while keyword matches are recalculated on text_content with word boundaries."
644,644,github,2776850104,2026-09-27 13:45:58.870216+00,3998,rce|security|vulnerability,40,60,20,critical,security|vulnerability,15,35,medium,sí,sí,no,rce,,-25,"Population-level REV46 recalculation isolating keyword matching: original non-keyword score contribution is preserved, while keyword matches are recalculated on text_content with word boundaries."
645,645,github,5603098051,2026-09-27 13:45:58.870216+00,4000,rce|security,30,35,5,medium,security,5,10,low,sí,no,no,rce,,-25,"Population-level REV46 recalculation isolating keyword matching: original non-keyword score contribution is preserved, while keyword matches are recalculated on text_content with word boundaries."
646,646,github,5409526911,2026-09-27 13:45:58.870216+00,4000,apt|rce|security,55,60,5,critical,security,5,10,low,sí,sí,no,apt|rce,,-50,"Population-level REV46 recalculation isolating keyword matching: original non-keyword score contribution is preserved, while keyword matches are recalculated on text_content with word boundaries."
647,647,github,1759344046,2026-09-27 13:45:58.870216+00,4000,rce,25,50,25,high,,0,25,medium,sí,sí,no,rce,,-25,"Population-level REV46 recalculation isolating keyword matching: original non-keyword score contribution is preserved, while keyword matches are recalculated on text_content with word boundaries."
648,648,github,5600251752,2026-09-27 14:01:00.644645+00,2177,rce|exploit|vulnerability,55,75,20,critical,vulnerability,10,30,medium,sí,sí,no,rce|exploit,,-45,"Population-level REV46 recalculation isolating keyword matching: original non-keyword score contribution is preserved, while keyword matches are recalculated on text_content with word boundaries."
649,649,github,5600250936,2026-09-27 14:01:00.644645+00,2106,rce|exploit|vulnerability,55,60,5,critical,vulnerability,10,15,low,sí,sí,no,rce|exploit,,-45,"Population-level REV46 recalculation isolating keyword matching: original non-keyword score contribution is preserved, while keyword matches are recalculated on text_content with word boundaries."
650,650,github,978702196,2026-09-27 14:01:00.644645+00,3998,rce|security|vulnerability,40,45,5,high,security|vulnerability,15,20,medium,sí,sí,no,rce,,-25,"Population-level REV46 recalculation isolating keyword matching: original non-keyword score contribution is preserved, while keyword matches are recalculated on text_content with word boundaries."
651,651,github,2745872876,2026-09-27 14:01:00.644645+00,4000,rce|security|vulnerability,40,60,20,critical,security|vulnerability,15,35,medium,sí,sí,no,rce,,-25,"Population-level REV46 recalculation isolating keyword matching: original non-keyword score contribution is preserved, while keyword matches are recalculated on text_content with word boundaries."
652,652,github,5362602643,2026-09-27 14:01:00.644645+00,3537,rce,25,45,20,high,,0,20,medium,sí,sí,no,rce,,-25,"Population-level REV46 recalculation isolating keyword matching: original non-keyword score contribution is preserved, while keyword matches are recalculated on text_content with word boundaries."
653,653,github,5602352810,2026-09-27 14:01:00.644645+00,1189,exploit,20,25,5,medium,,0,5,low,sí,no,no,exploit,,-20,"Population-level REV46 recalculation isolating keyword matching: original non-keyword score contribution is preserved, while keyword matches are recalculated on text_content with word boundaries."
654,654,github,2169609093,2026-09-27 14:01:00.644645+00,3432,rce|security|vulnerability,40,45,5,high,security|vulnerability,15,20,medium,sí,sí,no,rce,,-25,"Population-level REV46 recalculation isolating keyword matching: original non-keyword score contribution is preserved, while keyword matches are recalculated on text_content with word boundaries."
655,655,github,5603144698,2026-09-27 14:01:00.644645+00,3742,rce,25,30,5,medium,,0,5,low,sí,no,no,rce,,-25,"Population-level REV46 recalculation isolating keyword matching: original non-keyword score contribution is preserved, while keyword matches are recalculated on text_content with word boundaries."
656,656,github,5203765400,2026-09-27 14:01:00.644645+00,3999,rce|vulnerability,35,55,20,high,vulnerability,10,30,medium,sí,sí,no,rce,,-25,"Population-level REV46 recalculation isolating keyword matching: original non-keyword score contribution is preserved, while keyword matches are recalculated on text_content with word boundaries."
657,657,github,5596919362,2026-09-27 14:01:00.644645+00,1419,rce|vulnerability,35,45,10,high,vulnerability,10,20,medium,sí,sí,no,rce,,-25,"Population-level REV46 recalculation isolating keyword matching: original non-keyword score contribution is preserved, while keyword matches are recalculated on text_content with word boundaries."
658,658,github,3804065459,2026-09-27 14:01:00.644645+00,3997,rce|security|vulnerability,40,60,20,critical,security|vulnerability,15,35,medium,sí,sí,no,rce,,-25,"Population-level REV46 recalculation isolating keyword matching: original non-keyword score contribution is preserved, while keyword matches are recalculated on text_content with word boundaries."
659,659,github,4456922053,2026-09-27 14:01:00.644645+00,4000,rce,25,45,20,high,,0,20,medium,sí,sí,no,rce,,-25,"Population-level REV46 recalculation isolating keyword matching: original non-keyword score contribution is preserved, while keyword matches are recalculated on text_content with word boundaries."
660,660,github,3878834694,2026-09-27 14:01:00.644645+00,3998,rce,25,30,5,medium,,0,5,low,sí,no,no,rce,,-25,"Population-level REV46 recalculation isolating keyword matching: original non-keyword score contribution is preserved, while keyword matches are recalculated on text_content with word boundaries."
661,661,github,1848385989,2026-09-27 14:01:00.644645+00,3998,rce|security|vulnerability,40,45,5,high,security|vulnerability,15,20,medium,sí,sí,no,rce,,-25,"Population-level REV46 recalculation isolating keyword matching: original non-keyword score contribution is preserved, while keyword matches are recalculated on text_content with word boundaries."
662,662,github,5603227184,2026-09-27 14:01:00.644645+00,4000,sql injection|security,25,45,20,high,sql injection|security,25,45,high,no,sí,sí,,,0,"Population-level REV46 recalculation isolating keyword matching: original non-keyword score contribution is preserved, while keyword matches are recalculated on text_content with word boundaries."
663,663,github,5172596665,2026-09-27 14:01:00.644645+00,297,,0,25,25,medium,,0,25,medium,no,no,no,,,0,"Population-level REV46 recalculation isolating keyword matching: original non-keyword score contribution is preserved, while keyword matches are recalculated on text_content with word boundaries."
664,664,github,5154135923,2026-09-27 14:01:00.644645+00,4000,rce|security|vulnerability,40,45,5,high,security|vulnerability,15,20,medium,sí,sí,no,rce,,-25,"Population-level REV46 recalculation isolating keyword matching: original non-keyword score contribution is preserved, while keyword matches are recalculated on text_content with word boundaries."
665,665,github,5603234486,2026-09-27 14:01:00.644645+00,3812,exploit,20,25,5,medium,exploit,20,25,medium,no,no,no,,,0,"Population-level REV46 recalculation isolating keyword matching: original non-keyword score contribution is preserved, while keyword matches are recalculated on text_content with word boundaries."
666,666,github,3901958804,2026-09-27 14:01:00.644645+00,4000,rce,25,45,20,high,,0,20,medium,sí,sí,no,rce,,-25,"Population-level REV46 recalculation isolating keyword matching: original non-keyword score contribution is preserved, while keyword matches are recalculated on text_content with word boundaries."
667,667,github,5546581119,2026-09-27 14:01:00.644645+00,4000,rce|security|vulnerability,40,45,5,high,security|vulnerability,15,20,medium,sí,sí,no,rce,,-25,"Population-level REV46 recalculation isolating keyword matching: original non-keyword score contribution is preserved, while keyword matches are recalculated on text_content with word boundaries."
668,668,github,5603231869,2026-09-27 14:01:00.644645+00,3153,rce|exploit,45,65,20,critical,,0,20,medium,sí,sí,no,rce|exploit,,-45,"Population-level REV46 recalculation isolating keyword matching: original non-keyword score contribution is preserved, while keyword matches are recalculated on text_content with word boundaries."
669,669,github,5546476833,2026-09-27 14:01:00.644645+00,4000,rce|security|vulnerability,40,45,5,high,security|vulnerability,15,20,medium,sí,sí,no,rce,,-25,"Population-level REV46 recalculation isolating keyword matching: original non-keyword score contribution is preserved, while keyword matches are recalculated on text_content with word boundaries."
670,670,github,5520186595,2026-09-27 14:01:00.644645+00,4000,rce|security,30,55,25,high,security,5,30,medium,sí,sí,no,rce,,-25,"Population-level REV46 recalculation isolating keyword matching: original non-keyword score contribution is preserved, while keyword matches are recalculated on text_content with word boundaries."
671,671,github,2074882829,2026-09-27 14:01:00.644645+00,3998,rce|security|vulnerability,40,45,5,high,security|vulnerability,15,20,medium,sí,sí,no,rce,,-25,"Population-level REV46 recalculation isolating keyword matching: original non-keyword score contribution is preserved, while keyword matches are recalculated on text_content with word boundaries."
672,672,github,5418168909,2026-09-27 14:01:00.644645+00,4000,incident,10,40,30,high,incident,10,40,high,no,sí,sí,,,0,"Population-level REV46 recalculation isolating keyword matching: original non-keyword score contribution is preserved, while keyword matches are recalculated on text_content with word boundaries."
673,673,github,5546330040,2026-09-27 14:01:00.644645+00,4000,rce|security|vulnerability,40,45,5,high,security|vulnerability,15,20,medium,sí,sí,no,rce,,-25,"Population-level REV46 recalculation isolating keyword matching: original non-keyword score contribution is preserved, while keyword matches are recalculated on text_content with word boundaries."
674,674,github,4422142890,2026-09-27 14:01:00.644645+00,3998,rce,25,35,10,medium,,0,10,low,sí,no,no,rce,,-25,"Population-level REV46 recalculation isolating keyword matching: original non-keyword score contribution is preserved, while keyword matches are recalculated on text_content with word boundaries."
675,675,github,2158221653,2026-09-27 14:01:00.644645+00,4000,rce,25,45,20,high,,0,20,medium,sí,sí,no,rce,,-25,"Population-level REV46 recalculation isolating keyword matching: original non-keyword score contribution is preserved, while keyword matches are recalculated on text_content with word boundaries."
676,676,github,5595099605,2026-09-27 14:01:00.644645+00,1209,,0,20,20,medium,,0,20,medium,no,no,no,,,0,"Population-level REV46 recalculation isolating keyword matching: original non-keyword score contribution is preserved, while keyword matches are recalculated on text_content with word boundaries."
677,677,github,5118249294,2026-09-27 14:01:00.644645+00,683,,0,10,10,low,,0,10,low,no,no,no,,,0,"Population-level REV46 recalculation isolating keyword matching: original non-keyword score contribution is preserved, while keyword matches are recalculated on text_content with word boundaries."
678,678,github,5583480128,2026-09-27 14:01:00.644645+00,262,,0,15,15,low,,0,15,low,no,no,no,,,0,"Population-level REV46 recalculation isolating keyword matching: original non-keyword score contribution is preserved, while keyword matches are recalculated on text_content with word boundaries."
679,679,github,5462974272,2026-09-27 14:01:00.644645+00,4000,apt|security,30,40,10,high,security,5,15,low,sí,sí,no,apt,,-25,"Population-level REV46 recalculation isolating keyword matching: original non-keyword score contribution is preserved, while keyword matches are recalculated on text_content with word boundaries."
680,680,github,5561566647,2026-09-27 14:01:00.644645+00,3845,,0,5,5,low,,0,5,low,no,no,no,,,0,"Population-level REV46 recalculation isolating keyword matching: original non-keyword score contribution is preserved, while keyword matches are recalculated on text_content with word boundaries."
681,681,github,4467516892,2026-09-27 14:01:00.644645+00,3996,rce|security|vulnerability,40,45,5,high,security|vulnerability,15,20,medium,sí,sí,no,rce,,-25,"Population-level REV46 recalculation isolating keyword matching: original non-keyword score contribution is preserved, while keyword matches are recalculated on text_content with word boundaries."
682,682,github,5600405090,2026-09-27 14:01:00.644645+00,3980,rce|exploit,45,65,20,critical,,0,20,medium,sí,sí,no,rce|exploit,,-45,"Population-level REV46 recalculation isolating keyword matching: original non-keyword score contribution is preserved, while keyword matches are recalculated on text_content with word boundaries."
683,683,github,5591632868,2026-09-27 14:01:00.644645+00,4000,security,5,20,15,medium,security,5,20,medium,no,no,no,,,0,"Population-level REV46 recalculation isolating keyword matching: original non-keyword score contribution is preserved, while keyword matches are recalculated on text_content with word boundaries."
684,684,github,5603222813,2026-09-27 14:01:00.644645+00,4000,rce,25,45,20,high,,0,20,medium,sí,sí,no,rce,,-25,"Population-level REV46 recalculation isolating keyword matching: original non-keyword score contribution is preserved, while keyword matches are recalculated on text_content with word boundaries."
685,685,github,2723300294,2026-09-27 14:01:00.644645+00,3998,rce|security|vulnerability,40,60,20,critical,security|vulnerability,15,35,medium,sí,sí,no,rce,,-25,"Population-level REV46 recalculation isolating keyword matching: original non-keyword score contribution is preserved, while keyword matches are recalculated on text_content with word boundaries."
686,686,github,1831816883,2026-09-27 14:01:00.644645+00,4000,rce,25,30,5,medium,,0,5,low,sí,no,no,rce,,-25,"Population-level REV46 recalculation isolating keyword matching: original non-keyword score contribution is preserved, while keyword matches are recalculated on text_content with word boundaries."
687,687,github,2158387262,2026-09-27 14:01:00.644645+00,4000,rce,25,45,20,high,,0,20,medium,sí,sí,no,rce,,-25,"Population-level REV46 recalculation isolating keyword matching: original non-keyword score contribution is preserved, while keyword matches are recalculated on text_content with word boundaries."
688,688,github,3816558475,2026-09-27 14:11:47.117152+00,3998,rce|security|vulnerability,40,45,5,high,security|vulnerability,15,20,medium,sí,sí,no,rce,,-25,"Population-level REV46 recalculation isolating keyword matching: original non-keyword score contribution is preserved, while keyword matches are recalculated on text_content with word boundaries."
689,689,github,3780649987,2026-09-27 14:11:47.117152+00,4000,rce|security,30,50,20,high,security,5,25,medium,sí,sí,no,rce,,-25,"Population-level REV46 recalculation isolating keyword matching: original non-keyword score contribution is preserved, while keyword matches are recalculated on text_content with word boundaries."
690,690,github,5602503136,2026-09-27 14:11:47.117152+00,1660,rce,25,35,10,medium,,0,10,low,sí,no,no,rce,,-25,"Population-level REV46 recalculation isolating keyword matching: original non-keyword score contribution is preserved, while keyword matches are recalculated on text_content with word boundaries."
691,691,github,1146332927,2026-09-27 14:11:47.117152+00,3998,rce|security|vulnerability,40,60,20,critical,security|vulnerability,15,35,medium,sí,sí,no,rce,,-25,"Population-level REV46 recalculation isolating keyword matching: original non-keyword score contribution is preserved, while keyword matches are recalculated on text_content with word boundaries."
692,692,github,5596775843,2026-09-27 14:11:47.117152+00,331,exploit|incident,30,35,5,medium,,0,5,low,sí,no,no,exploit|incident,,-30,"Population-level REV46 recalculation isolating keyword matching: original non-keyword score contribution is preserved, while keyword matches are recalculated on text_content with word boundaries."
693,693,github,5052429669,2026-09-27 14:11:47.117152+00,2708,rce,25,65,40,critical,,0,40,high,sí,sí,sí,rce,,-25,"Population-level REV46 recalculation isolating keyword matching: original non-keyword score contribution is preserved, while keyword matches are recalculated on text_content with word boundaries."
694,694,github,2766828251,2026-09-27 14:11:47.117152+00,3998,rce|security|vulnerability,40,60,20,critical,security|vulnerability,15,35,medium,sí,sí,no,rce,,-25,"Population-level REV46 recalculation isolating keyword matching: original non-keyword score contribution is preserved, while keyword matches are recalculated on text_content with word boundaries."
695,695,github,4735174648,2026-09-27 14:11:47.117152+00,4000,rce,25,30,5,medium,,0,5,low,sí,no,no,rce,,-25,"Population-level REV46 recalculation isolating keyword matching: original non-keyword score contribution is preserved, while keyword matches are recalculated on text_content with word boundaries."
696,696,github,5318875621,2026-09-27 14:11:47.117152+00,2826,rce|security|vulnerability,40,60,20,critical,security|vulnerability,15,35,medium,sí,sí,no,rce,,-25,"Population-level REV46 recalculation isolating keyword matching: original non-keyword score contribution is preserved, while keyword matches are recalculated on text_content with word boundaries."
697,697,github,5601112462,2026-09-27 14:11:47.117152+00,2302,vulnerability,10,30,20,medium,vulnerability,10,30,medium,no,no,no,,,0,"Population-level REV46 recalculation isolating keyword matching: original non-keyword score contribution is preserved, while keyword matches are recalculated on text_content with word boundaries."
698,698,github,4891701769,2026-09-27 14:11:47.117152+00,3996,rce|security|vulnerability,40,45,5,high,security|vulnerability,15,20,medium,sí,sí,no,rce,,-25,"Population-level REV46 recalculation isolating keyword matching: original non-keyword score contribution is preserved, while keyword matches are recalculated on text_content with word boundaries."
699,699,github,5553364138,2026-09-27 14:11:47.117152+00,4000,security|vulnerability,15,35,20,medium,security|vulnerability,15,35,medium,no,no,no,,,0,"Population-level REV46 recalculation isolating keyword matching: original non-keyword score contribution is preserved, while keyword matches are recalculated on text_content with word boundaries."
700,700,github,3293193085,2026-09-27 14:11:47.117152+00,4000,rce|security|vulnerability,40,45,5,high,security|vulnerability,15,20,medium,sí,sí,no,rce,,-25,"Population-level REV46 recalculation isolating keyword matching: original non-keyword score contribution is preserved, while keyword matches are recalculated on text_content with word boundaries."
701,701,github,2355495930,2026-09-27 14:11:47.117152+00,3997,rce,25,30,5,medium,,0,5,low,sí,no,no,rce,,-25,"Population-level REV46 recalculation isolating keyword matching: original non-keyword score contribution is preserved, while keyword matches are recalculated on text_content with word boundaries."
702,702,github,2140841250,2026-09-27 14:11:47.117152+00,3998,rce|security|vulnerability,40,45,5,high,security|vulnerability,15,20,medium,sí,sí,no,rce,,-25,"Population-level REV46 recalculation isolating keyword matching: original non-keyword score contribution is preserved, while keyword matches are recalculated on text_content with word boundaries."
703,703,github,2300850038,2026-09-27 14:11:47.117152+00,4000,,0,5,5,low,,0,5,low,no,no,no,,,0,"Population-level REV46 recalculation isolating keyword matching: original non-keyword score contribution is preserved, while keyword matches are recalculated on text_content with word boundaries."
704,704,github,3439883900,2026-09-27 14:11:47.117152+00,4000,,0,5,5,low,,0,5,low,no,no,no,,,0,"Population-level REV46 recalculation isolating keyword matching: original non-keyword score contribution is preserved, while keyword matches are recalculated on text_content with word boundaries."
705,705,github,1029653429,2026-09-27 14:11:47.117152+00,3998,rce|security|vulnerability,40,45,5,high,security|vulnerability,15,20,medium,sí,sí,no,rce,,-25,"Population-level REV46 recalculation isolating keyword matching: original non-keyword score contribution is preserved, while keyword matches are recalculated on text_content with word boundaries."
706,706,github,4555448717,2026-09-27 14:11:47.117152+00,3998,rce|security,30,35,5,medium,,0,5,low,sí,no,no,rce|security,,-30,"Population-level REV46 recalculation isolating keyword matching: original non-keyword score contribution is preserved, while keyword matches are recalculated on text_content with word boundaries."
707,707,github,2921114439,2026-09-27 14:11:47.117152+00,3998,rce|security|vulnerability,40,60,20,critical,security|vulnerability,15,35,medium,sí,sí,no,rce,,-25,"Population-level REV46 recalculation isolating keyword matching: original non-keyword score contribution is preserved, while keyword matches are recalculated on text_content with word boundaries."
708,708,github,1165972636,2026-09-27 14:11:47.117152+00,4000,rce|security|vulnerability,40,45,5,high,security|vulnerability,15,20,medium,sí,sí,no,rce,,-25,"Population-level REV46 recalculation isolating keyword matching: original non-keyword score contribution is preserved, while keyword matches are recalculated on text_content with word boundaries."
709,709,github,1335864132,2026-09-27 14:11:47.117152+00,4000,rce,25,45,20,high,,0,20,medium,sí,sí,no,rce,,-25,"Population-level REV46 recalculation isolating keyword matching: original non-keyword score contribution is preserved, while keyword matches are recalculated on text_content with word boundaries."
710,710,github,5595442202,2026-09-27 14:11:47.117152+00,1938,,0,25,25,medium,,0,25,medium,no,no,no,,,0,"Population-level REV46 recalculation isolating keyword matching: original non-keyword score contribution is preserved, while keyword matches are recalculated on text_content with word boundaries."
711,711,github,1985401423,2026-09-27 14:11:47.117152+00,4000,rce,25,30,5,medium,,0,5,low,sí,no,no,rce,,-25,"Population-level REV46 recalculation isolating keyword matching: original non-keyword score contribution is preserved, while keyword matches are recalculated on text_content with word boundaries."
712,712,github,3295740944,2026-09-27 14:11:47.117152+00,4000,rce,25,45,20,high,,0,20,medium,sí,sí,no,rce,,-25,"Population-level REV46 recalculation isolating keyword matching: original non-keyword score contribution is preserved, while keyword matches are recalculated on text_content with word boundaries."
713,713,github,5603162085,2026-09-27 14:11:47.117152+00,2481,,0,5,5,low,,0,5,low,no,no,no,,,0,"Population-level REV46 recalculation isolating keyword matching: original non-keyword score contribution is preserved, while keyword matches are recalculated on text_content with word boundaries."
714,714,github,5300440804,2026-09-27 14:11:47.117152+00,502,,0,20,20,medium,,0,20,medium,no,no,no,,,0,"Population-level REV46 recalculation isolating keyword matching: original non-keyword score contribution is preserved, while keyword matches are recalculated on text_content with word boundaries."
715,715,github,3541305004,2026-09-27 14:11:47.117152+00,4000,rce,25,45,20,high,,0,20,medium,sí,sí,no,rce,,-25,"Population-level REV46 recalculation isolating keyword matching: original non-keyword score contribution is preserved, while keyword matches are recalculated on text_content with word boundaries."
716,716,github,5521467821,2026-09-27 14:11:47.117152+00,4000,,0,30,30,medium,,0,30,medium,no,no,no,,,0,"Population-level REV46 recalculation isolating keyword matching: original non-keyword score contribution is preserved, while keyword matches are recalculated on text_content with word boundaries."
717,717,github,1703015409,2026-09-27 14:11:47.117152+00,3267,rce|security|vulnerability,40,45,5,high,security|vulnerability,15,20,medium,sí,sí,no,rce,,-25,"Population-level REV46 recalculation isolating keyword matching: original non-keyword score contribution is preserved, while keyword matches are recalculated on text_content with word boundaries."
718,718,github,3572064874,2026-09-27 14:11:47.117152+00,4000,rce,25,45,20,high,,0,20,medium,sí,sí,no,rce,,-25,"Population-level REV46 recalculation isolating keyword matching: original non-keyword score contribution is preserved, while keyword matches are recalculated on text_content with word boundaries."
719,719,github,3308978806,2026-09-27 14:11:47.117152+00,3998,rce,25,45,20,high,,0,20,medium,sí,sí,no,rce,,-25,"Population-level REV46 recalculation isolating keyword matching: original non-keyword score contribution is preserved, while keyword matches are recalculated on text_content with word boundaries."
720,720,github,5196506785,2026-09-27 14:11:47.117152+00,4000,rce|cve-,45,65,20,critical,cve-,20,40,high,sí,sí,sí,rce,,-25,"Population-level REV46 recalculation isolating keyword matching: original non-keyword score contribution is preserved, while keyword matches are recalculated on text_content with word boundaries."
721,721,github,5603302193,2026-09-27 14:11:47.117152+00,1767,apt|rce|exploit|security|vulnerability,85,100,15,critical,exploit|security|vulnerability,35,50,high,sí,sí,sí,apt|rce,,-50,"Population-level REV46 recalculation isolating keyword matching: original non-keyword score contribution is preserved, while keyword matches are recalculated on text_content with word boundaries."
722,722,github,5224608936,2026-09-27 14:11:47.117152+00,786,rce|exploit,45,55,10,high,exploit,20,30,medium,sí,sí,no,rce,,-25,"Population-level REV46 recalculation isolating keyword matching: original non-keyword score contribution is preserved, while keyword matches are recalculated on text_content with word boundaries."
723,723,hackernews,49870848,2026-09-27 21:15:59.357696+00,68,,0,20,20,medium,,0,20,medium,no,no,no,,,0,"Population-level REV46 recalculation isolating keyword matching: original non-keyword score contribution is preserved, while keyword matches are recalculated on text_content with word boundaries."
724,724,hackernews,49869344,2026-09-27 21:15:59.357696+00,73,,0,20,20,medium,,0,20,medium,no,no,no,,,0,"Population-level REV46 recalculation isolating keyword matching: original non-keyword score contribution is preserved, while keyword matches are recalculated on text_content with word boundaries."
725,725,hackernews,49869024,2026-09-27 21:15:59.357696+00,71,security|incident,15,20,5,medium,security,5,10,low,sí,no,no,incident,,-10,"Population-level REV46 recalculation isolating keyword matching: original non-keyword score contribution is preserved, while keyword matches are recalculated on text_content with word boundaries."
726,726,hackernews,49868561,2026-09-27 21:15:59.357696+00,73,security,5,10,5,low,security,5,10,low,no,no,no,,,0,"Population-level REV46 recalculation isolating keyword matching: original non-keyword score contribution is preserved, while keyword matches are recalculated on text_content with word boundaries."
727,727,hackernews,49867267,2026-09-27 21:15:59.357696+00,46,security|incident,15,20,5,medium,security|incident,15,20,medium,no,no,no,,,0,"Population-level REV46 recalculation isolating keyword matching: original non-keyword score contribution is preserved, while keyword matches are recalculated on text_content with word boundaries."
728,728,github,5596506345,2026-09-27 21:15:59.357696+00,431,,0,25,25,medium,,0,25,medium,no,no,no,,,0,"Population-level REV46 recalculation isolating keyword matching: original non-keyword score contribution is preserved, while keyword matches are recalculated on text_content with word boundaries."
729,729,github,5604216154,2026-09-27 21:15:59.357696+00,4000,rce|vulnerability,35,40,5,high,vulnerability,10,15,low,sí,sí,no,rce,,-25,"Population-level REV46 recalculation isolating keyword matching: original non-keyword score contribution is preserved, while keyword matches are recalculated on text_content with word boundaries."
730,730,github,5606348698,2026-09-27 21:15:59.357696+00,4000,exploit|cve-|attack|security|vulnerability,65,85,20,critical,exploit|cve-|attack|security|vulnerability,65,85,critical,no,sí,sí,,,0,"Population-level REV46 recalculation isolating keyword matching: original non-keyword score contribution is preserved, while keyword matches are recalculated on text_content with word boundaries."
731,731,github,5561186640,2026-09-27 21:15:59.357696+00,1767,rce|exploit,45,65,20,critical,exploit,20,40,high,sí,sí,sí,rce,,-25,"Population-level REV46 recalculation isolating keyword matching: original non-keyword score contribution is preserved, while keyword matches are recalculated on text_content with word boundaries."
732,732,github,5509152511,2026-09-27 21:15:59.357696+00,2796,,0,10,10,low,,0,10,low,no,no,no,,,0,"Population-level REV46 recalculation isolating keyword matching: original non-keyword score contribution is preserved, while keyword matches are recalculated on text_content with word boundaries."
733,733,github,5532874920,2026-09-27 21:15:59.357696+00,1192,rce,25,35,10,medium,,0,10,low,sí,no,no,rce,,-25,"Population-level REV46 recalculation isolating keyword matching: original non-keyword score contribution is preserved, while keyword matches are recalculated on text_content with word boundaries."
734,734,github,5159726431,2026-09-27 21:15:59.357696+00,4000,rce,25,45,20,high,,0,20,medium,sí,sí,no,rce,,-25,"Population-level REV46 recalculation isolating keyword matching: original non-keyword score contribution is preserved, while keyword matches are recalculated on text_content with word boundaries."
735,735,github,3568672286,2026-09-27 21:15:59.357696+00,4000,rce|security|vulnerability,40,60,20,critical,security|vulnerability,15,35,medium,sí,sí,no,rce,,-25,"Population-level REV46 recalculation isolating keyword matching: original non-keyword score contribution is preserved, while keyword matches are recalculated on text_content with word boundaries."
736,736,github,3655064124,2026-09-27 21:15:59.357696+00,4000,rce,25,45,20,high,,0,20,medium,sí,sí,no,rce,,-25,"Population-level REV46 recalculation isolating keyword matching: original non-keyword score contribution is preserved, while keyword matches are recalculated on text_content with word boundaries."
737,737,github,5016464365,2026-09-27 21:15:59.357696+00,4000,rce|cve-|vulnerability,55,75,20,critical,cve-|vulnerability,30,50,high,sí,sí,sí,rce,,-25,"Population-level REV46 recalculation isolating keyword matching: original non-keyword score contribution is preserved, while keyword matches are recalculated on text_content with word boundaries."
738,738,github,3025085539,2026-09-27 21:15:59.357696+00,4000,rce|cve-|vulnerability,55,75,20,critical,cve-|vulnerability,30,50,high,sí,sí,sí,rce,,-25,"Population-level REV46 recalculation isolating keyword matching: original non-keyword score contribution is preserved, while keyword matches are recalculated on text_content with word boundaries."
739,739,github,5519615922,2026-09-27 21:15:59.357696+00,1480,security,5,30,25,medium,security,5,30,medium,no,no,no,,,0,"Population-level REV46 recalculation isolating keyword matching: original non-keyword score contribution is preserved, while keyword matches are recalculated on text_content with word boundaries."
740,740,github,5606345863,2026-09-27 21:15:59.357696+00,4000,rce|exploit|cve-|attack|security|vulnerability,90,95,5,critical,exploit|cve-|attack|security|vulnerability,65,70,critical,no,sí,sí,rce,,-25,"Population-level REV46 recalculation isolating keyword matching: original non-keyword score contribution is preserved, while keyword matches are recalculated on text_content with word boundaries."
741,741,github,5144376009,2026-09-27 21:15:59.357696+00,4000,rce|vulnerability,35,40,5,high,vulnerability,10,15,low,sí,sí,no,rce,,-25,"Population-level REV46 recalculation isolating keyword matching: original non-keyword score contribution is preserved, while keyword matches are recalculated on text_content with word boundaries."
742,742,github,5519638991,2026-09-27 21:15:59.357696+00,1353,security,5,30,25,medium,security,5,30,medium,no,no,no,,,0,"Population-level REV46 recalculation isolating keyword matching: original non-keyword score contribution is preserved, while keyword matches are recalculated on text_content with word boundaries."
743,743,github,4004515787,2026-09-27 21:15:59.357696+00,3998,rce|security|vulnerability,40,60,20,critical,security|vulnerability,15,35,medium,sí,sí,no,rce,,-25,"Population-level REV46 recalculation isolating keyword matching: original non-keyword score contribution is preserved, while keyword matches are recalculated on text_content with word boundaries."
744,744,github,3442490975,2026-09-27 21:15:59.357696+00,4000,rce|security|vulnerability,40,45,5,high,security|vulnerability,15,20,medium,sí,sí,no,rce,,-25,"Population-level REV46 recalculation isolating keyword matching: original non-keyword score contribution is preserved, while keyword matches are recalculated on text_content with word boundaries."
745,745,github,5555380365,2026-09-27 21:15:59.357696+00,3998,rce,25,30,5,medium,,0,5,low,sí,no,no,rce,,-25,"Population-level REV46 recalculation isolating keyword matching: original non-keyword score contribution is preserved, while keyword matches are recalculated on text_content with word boundaries."
746,746,github,5426956943,2026-09-27 21:15:59.357696+00,3083,rce|exploit|security,50,70,20,critical,exploit|security,25,45,high,sí,sí,sí,rce,,-25,"Population-level REV46 recalculation isolating keyword matching: original non-keyword score contribution is preserved, while keyword matches are recalculated on text_content with word boundaries."
747,747,github,5606340949,2026-09-27 21:15:59.357696+00,4000,exploit|cve-|attack|security|vulnerability|denial of service,75,95,20,critical,exploit|cve-|attack|security|vulnerability|denial of service,75,95,critical,no,sí,sí,,,0,"Population-level REV46 recalculation isolating keyword matching: original non-keyword score contribution is preserved, while keyword matches are recalculated on text_content with word boundaries."
748,748,github,4774033431,2026-09-27 21:15:59.357696+00,4000,apt|rce,50,65,15,critical,,0,15,low,sí,sí,no,apt|rce,,-50,"Population-level REV46 recalculation isolating keyword matching: original non-keyword score contribution is preserved, while keyword matches are recalculated on text_content with word boundaries."
749,749,github,5606340240,2026-09-27 21:15:59.357696+00,3839,attack,10,30,20,medium,attack,10,30,medium,no,no,no,,,0,"Population-level REV46 recalculation isolating keyword matching: original non-keyword score contribution is preserved, while keyword matches are recalculated on text_content with word boundaries."
750,750,github,1522405791,2026-09-27 21:15:59.357696+00,3998,rce|security|vulnerability,40,45,5,high,security|vulnerability,15,20,medium,sí,sí,no,rce,,-25,"Population-level REV46 recalculation isolating keyword matching: original non-keyword score contribution is preserved, while keyword matches are recalculated on text_content with word boundaries."
751,751,github,5528169037,2026-09-27 21:15:59.357696+00,1349,exploit|security|vulnerability,35,45,10,high,security|vulnerability,15,25,medium,sí,sí,no,exploit,,-20,"Population-level REV46 recalculation isolating keyword matching: original non-keyword score contribution is preserved, while keyword matches are recalculated on text_content with word boundaries."
752,752,github,2564676131,2026-09-27 21:15:59.357696+00,4000,rce,25,30,5,medium,,0,5,low,sí,no,no,rce,,-25,"Population-level REV46 recalculation isolating keyword matching: original non-keyword score contribution is preserved, while keyword matches are recalculated on text_content with word boundaries."
753,753,github,982547709,2026-09-27 21:15:59.357696+00,3998,rce|security|vulnerability,40,45,5,high,security|vulnerability,15,20,medium,sí,sí,no,rce,,-25,"Population-level REV46 recalculation isolating keyword matching: original non-keyword score contribution is preserved, while keyword matches are recalculated on text_content with word boundaries."
754,754,github,4891883953,2026-09-27 21:15:59.357696+00,4000,rce|security,30,60,30,critical,security,5,35,medium,sí,sí,no,rce,,-25,"Population-level REV46 recalculation isolating keyword matching: original non-keyword score contribution is preserved, while keyword matches are recalculated on text_content with word boundaries."
755,755,github,5606080441,2026-09-27 21:15:59.357696+00,1650,exploit|security,25,30,5,medium,exploit|security,25,30,medium,no,no,no,,,0,"Population-level REV46 recalculation isolating keyword matching: original non-keyword score contribution is preserved, while keyword matches are recalculated on text_content with word boundaries."
756,756,github,2396891460,2026-09-27 21:15:59.357696+00,3998,security|vulnerability,15,20,5,medium,security|vulnerability,15,20,medium,no,no,no,,,0,"Population-level REV46 recalculation isolating keyword matching: original non-keyword score contribution is preserved, while keyword matches are recalculated on text_content with word boundaries."
757,757,github,3541253564,2026-09-27 21:15:59.357696+00,4000,rce,25,45,20,high,,0,20,medium,sí,sí,no,rce,,-25,"Population-level REV46 recalculation isolating keyword matching: original non-keyword score contribution is preserved, while keyword matches are recalculated on text_content with word boundaries."
758,758,github,5251685501,2026-09-27 21:15:59.357696+00,4000,rce|vulnerability,35,55,20,high,vulnerability,10,30,medium,sí,sí,no,rce,,-25,"Population-level REV46 recalculation isolating keyword matching: original non-keyword score contribution is preserved, while keyword matches are recalculated on text_content with word boundaries."
759,759,github,1273537084,2026-09-27 21:15:59.357696+00,2368,rce,25,30,5,medium,,0,5,low,sí,no,no,rce,,-25,"Population-level REV46 recalculation isolating keyword matching: original non-keyword score contribution is preserved, while keyword matches are recalculated on text_content with word boundaries."
760,760,github,5413531535,2026-09-27 21:15:59.357696+00,4000,,0,20,20,medium,,0,20,medium,no,no,no,,,0,"Population-level REV46 recalculation isolating keyword matching: original non-keyword score contribution is preserved, while keyword matches are recalculated on text_content with word boundaries."
761,761,github,5606004531,2026-09-27 21:15:59.357696+00,4000,vulnerability,10,30,20,medium,vulnerability,10,30,medium,no,no,no,,,0,"Population-level REV46 recalculation isolating keyword matching: original non-keyword score contribution is preserved, while keyword matches are recalculated on text_content with word boundaries."
762,762,github,5413530107,2026-09-27 21:15:59.357696+00,4000,apt|rce|cve-,70,75,5,critical,cve-,20,25,medium,sí,sí,no,apt|rce,,-50,"Population-level REV46 recalculation isolating keyword matching: original non-keyword score contribution is preserved, while keyword matches are recalculated on text_content with word boundaries."
763,763,github,2994269060,2026-09-27 21:15:59.357696+00,4000,rce,25,30,5,medium,,0,5,low,sí,no,no,rce,,-25,"Population-level REV46 recalculation isolating keyword matching: original non-keyword score contribution is preserved, while keyword matches are recalculated on text_content with word boundaries."
764,764,github,5528465455,2026-09-27 21:15:59.357696+00,1356,vulnerability,10,30,20,medium,vulnerability,10,30,medium,no,no,no,,,0,"Population-level REV46 recalculation isolating keyword matching: original non-keyword score contribution is preserved, while keyword matches are recalculated on text_content with word boundaries."
765,765,github,5230472622,2026-09-27 21:15:59.357696+00,4000,rce|security,30,40,10,high,security,5,15,low,sí,sí,no,rce,,-25,"Population-level REV46 recalculation isolating keyword matching: original non-keyword score contribution is preserved, while keyword matches are recalculated on text_content with word boundaries."
766,766,github,2334369692,2026-09-27 21:30:58.301524+00,2751,rce,25,30,5,medium,,0,5,low,sí,no,no,rce,,-25,"Population-level REV46 recalculation isolating keyword matching: original non-keyword score contribution is preserved, while keyword matches are recalculated on text_content with word boundaries."
767,767,github,5566263477,2026-09-27 21:30:58.301524+00,911,exploit,20,25,5,medium,,0,5,low,sí,no,no,exploit,,-20,"Population-level REV46 recalculation isolating keyword matching: original non-keyword score contribution is preserved, while keyword matches are recalculated on text_content with word boundaries."
768,768,github,5566264327,2026-09-27 21:30:58.301524+00,947,exploit,20,25,5,medium,,0,5,low,sí,no,no,exploit,,-20,"Population-level REV46 recalculation isolating keyword matching: original non-keyword score contribution is preserved, while keyword matches are recalculated on text_content with word boundaries."
769,769,github,4397031867,2026-09-27 21:30:58.301524+00,3999,,0,5,5,low,,0,5,low,no,no,no,,,0,"Population-level REV46 recalculation isolating keyword matching: original non-keyword score contribution is preserved, while keyword matches are recalculated on text_content with word boundaries."
770,770,github,5563317819,2026-09-27 21:30:58.301524+00,4000,rce|security|vulnerability,40,60,20,critical,security|vulnerability,15,35,medium,sí,sí,no,rce,,-25,"Population-level REV46 recalculation isolating keyword matching: original non-keyword score contribution is preserved, while keyword matches are recalculated on text_content with word boundaries."
771,771,github,5606392441,2026-09-27 21:30:58.301524+00,3071,,0,20,20,medium,,0,20,medium,no,no,no,,,0,"Population-level REV46 recalculation isolating keyword matching: original non-keyword score contribution is preserved, while keyword matches are recalculated on text_content with word boundaries."
772,772,github,3970183862,2026-09-27 21:30:58.301524+00,2172,,0,5,5,low,,0,5,low,no,no,no,,,0,"Population-level REV46 recalculation isolating keyword matching: original non-keyword score contribution is preserved, while keyword matches are recalculated on text_content with word boundaries."
773,773,github,5505043434,2026-09-27 21:30:58.301524+00,4000,rce|security|vulnerability,40,45,5,high,security|vulnerability,15,20,medium,sí,sí,no,rce,,-25,"Population-level REV46 recalculation isolating keyword matching: original non-keyword score contribution is preserved, while keyword matches are recalculated on text_content with word boundaries."
774,774,github,1246381854,2026-09-27 21:30:58.301524+00,3998,security|vulnerability,15,20,5,medium,security|vulnerability,15,20,medium,no,no,no,,,0,"Population-level REV46 recalculation isolating keyword matching: original non-keyword score contribution is preserved, while keyword matches are recalculated on text_content with word boundaries."
775,775,github,5599600461,2026-09-27 21:30:58.301524+00,4000,rce|security,30,35,5,medium,security,5,10,low,sí,no,no,rce,,-25,"Population-level REV46 recalculation isolating keyword matching: original non-keyword score contribution is preserved, while keyword matches are recalculated on text_content with word boundaries."
776,776,github,1989331014,2026-09-27 21:30:58.301524+00,4000,rce|security|vulnerability,40,60,20,critical,security|vulnerability,15,35,medium,sí,sí,no,rce,,-25,"Population-level REV46 recalculation isolating keyword matching: original non-keyword score contribution is preserved, while keyword matches are recalculated on text_content with word boundaries."
777,777,github,5606438218,2026-09-27 21:30:58.301524+00,4000,rce|exploit,45,65,20,critical,exploit,20,40,high,sí,sí,sí,rce,,-25,"Population-level REV46 recalculation isolating keyword matching: original non-keyword score contribution is preserved, while keyword matches are recalculated on text_content with word boundaries."
778,778,github,5606437475,2026-09-27 21:30:58.301524+00,4000,attack|vulnerability,20,40,20,high,vulnerability,10,30,medium,sí,sí,no,attack,,-10,"Population-level REV46 recalculation isolating keyword matching: original non-keyword score contribution is preserved, while keyword matches are recalculated on text_content with word boundaries."
779,779,github,5350553703,2026-09-27 21:30:58.301524+00,4000,exploit,20,45,25,high,,0,25,medium,sí,sí,no,exploit,,-20,"Population-level REV46 recalculation isolating keyword matching: original non-keyword score contribution is preserved, while keyword matches are recalculated on text_content with word boundaries."
780,780,github,5604402841,2026-09-27 21:30:58.301524+00,4000,rce|malware,45,50,5,high,malware,20,25,medium,sí,sí,no,rce,,-25,"Population-level REV46 recalculation isolating keyword matching: original non-keyword score contribution is preserved, while keyword matches are recalculated on text_content with word boundaries."
781,781,github,5344248559,2026-09-27 21:30:58.301524+00,2023,,0,10,10,low,,0,10,low,no,no,no,,,0,"Population-level REV46 recalculation isolating keyword matching: original non-keyword score contribution is preserved, while keyword matches are recalculated on text_content with word boundaries."
782,782,github,982595264,2026-09-27 21:30:58.301524+00,3998,rce|security|vulnerability,40,45,5,high,security|vulnerability,15,20,medium,sí,sí,no,rce,,-25,"Population-level REV46 recalculation isolating keyword matching: original non-keyword score contribution is preserved, while keyword matches are recalculated on text_content with word boundaries."
783,783,github,5314305154,2026-09-27 21:30:58.301524+00,3256,attack|security,15,25,10,medium,security,5,15,low,sí,no,no,attack,,-10,"Population-level REV46 recalculation isolating keyword matching: original non-keyword score contribution is preserved, while keyword matches are recalculated on text_content with word boundaries."
784,784,github,5606435537,2026-09-27 21:30:58.301524+00,4000,rce|security|vulnerability,40,45,5,high,security|vulnerability,15,20,medium,sí,sí,no,rce,,-25,"Population-level REV46 recalculation isolating keyword matching: original non-keyword score contribution is preserved, while keyword matches are recalculated on text_content with word boundaries."
785,785,github,5606183330,2026-09-27 21:30:58.301524+00,1634,rce|exploit,45,70,25,critical,,0,25,medium,sí,sí,no,rce|exploit,,-45,"Population-level REV46 recalculation isolating keyword matching: original non-keyword score contribution is preserved, while keyword matches are recalculated on text_content with word boundaries."
786,786,github,5566272674,2026-09-27 21:30:58.301524+00,913,exploit,20,30,10,medium,,0,10,low,sí,no,no,exploit,,-20,"Population-level REV46 recalculation isolating keyword matching: original non-keyword score contribution is preserved, while keyword matches are recalculated on text_content with word boundaries."
787,787,github,5606433249,2026-09-27 21:30:58.301524+00,4000,,0,20,20,medium,,0,20,medium,no,no,no,,,0,"Population-level REV46 recalculation isolating keyword matching: original non-keyword score contribution is preserved, while keyword matches are recalculated on text_content with word boundaries."
788,788,github,1334523153,2026-09-27 21:30:58.301524+00,4000,rce,25,45,20,high,,0,20,medium,sí,sí,no,rce,,-25,"Population-level REV46 recalculation isolating keyword matching: original non-keyword score contribution is preserved, while keyword matches are recalculated on text_content with word boundaries."
789,789,github,5606431616,2026-09-27 21:30:58.301524+00,4000,rce,25,30,5,medium,,0,5,low,sí,no,no,rce,,-25,"Population-level REV46 recalculation isolating keyword matching: original non-keyword score contribution is preserved, while keyword matches are recalculated on text_content with word boundaries."
790,790,github,5606193330,2026-09-27 21:30:58.301524+00,1061,vulnerability,10,30,20,medium,vulnerability,10,30,medium,no,no,no,,,0,"Population-level REV46 recalculation isolating keyword matching: original non-keyword score contribution is preserved, while keyword matches are recalculated on text_content with word boundaries."
791,791,github,5433501871,2026-09-27 21:30:58.301524+00,4000,rce,25,35,10,medium,,0,10,low,sí,no,no,rce,,-25,"Population-level REV46 recalculation isolating keyword matching: original non-keyword score contribution is preserved, while keyword matches are recalculated on text_content with word boundaries."
792,792,github,5606427980,2026-09-27 21:30:58.301524+00,4000,rce|exploit|security,50,70,20,critical,security,5,25,medium,sí,sí,no,rce|exploit,,-45,"Population-level REV46 recalculation isolating keyword matching: original non-keyword score contribution is preserved, while keyword matches are recalculated on text_content with word boundaries."
793,793,github,982559316,2026-09-27 21:30:58.301524+00,4000,rce|security|vulnerability,40,45,5,high,security|vulnerability,15,20,medium,sí,sí,no,rce,,-25,"Population-level REV46 recalculation isolating keyword matching: original non-keyword score contribution is preserved, while keyword matches are recalculated on text_content with word boundaries."
794,794,github,1441929831,2026-09-27 21:30:58.301524+00,4000,rce,25,30,5,medium,,0,5,low,sí,no,no,rce,,-25,"Population-level REV46 recalculation isolating keyword matching: original non-keyword score contribution is preserved, while keyword matches are recalculated on text_content with word boundaries."
795,795,github,5447530627,2026-09-27 21:30:58.301524+00,801,security,5,15,10,low,security,5,15,low,no,no,no,,,0,"Population-level REV46 recalculation isolating keyword matching: original non-keyword score contribution is preserved, while keyword matches are recalculated on text_content with word boundaries."
796,796,github,5606385354,2026-09-27 21:30:58.301524+00,4000,apt|rce,50,70,20,critical,,0,20,medium,sí,sí,no,apt|rce,,-50,"Population-level REV46 recalculation isolating keyword matching: original non-keyword score contribution is preserved, while keyword matches are recalculated on text_content with word boundaries."
797,797,github,5459098321,2026-09-27 21:30:58.301524+00,4000,apt,25,50,25,high,,0,25,medium,sí,sí,no,apt,,-25,"Population-level REV46 recalculation isolating keyword matching: original non-keyword score contribution is preserved, while keyword matches are recalculated on text_content with word boundaries."
798,798,github,1244737032,2026-09-27 21:30:58.301524+00,4000,rce,25,30,5,medium,,0,5,low,sí,no,no,rce,,-25,"Population-level REV46 recalculation isolating keyword matching: original non-keyword score contribution is preserved, while keyword matches are recalculated on text_content with word boundaries."
799,799,github,5525096237,2026-09-27 21:30:58.301524+00,801,security,5,15,10,low,security,5,15,low,no,no,no,,,0,"Population-level REV46 recalculation isolating keyword matching: original non-keyword score contribution is preserved, while keyword matches are recalculated on text_content with word boundaries."
800,800,github,5606235387,2026-09-27 21:30:58.301524+00,740,,0,20,20,medium,,0,20,medium,no,no,no,,,0,"Population-level REV46 recalculation isolating keyword matching: original non-keyword score contribution is preserved, while keyword matches are recalculated on text_content with word boundaries."
801,801,github,5602708126,2026-09-27 21:30:58.301524+00,4000,rce|exploit,45,50,5,high,,0,5,low,sí,sí,no,rce|exploit,,-45,"Population-level REV46 recalculation isolating keyword matching: original non-keyword score contribution is preserved, while keyword matches are recalculated on text_content with word boundaries."
802,802,github,5372222782,2026-09-27 21:30:58.301524+00,801,security,5,15,10,low,security,5,15,low,no,no,no,,,0,"Population-level REV46 recalculation isolating keyword matching: original non-keyword score contribution is preserved, while keyword matches are recalculated on text_content with word boundaries."
803,803,github,5606422443,2026-09-27 21:30:58.301524+00,632,security|vulnerability,15,20,5,medium,security|vulnerability,15,20,medium,no,no,no,,,0,"Population-level REV46 recalculation isolating keyword matching: original non-keyword score contribution is preserved, while keyword matches are recalculated on text_content with word boundaries."
804,804,github,4029961321,2026-09-27 21:30:58.301524+00,4000,rce,25,45,20,high,,0,20,medium,sí,sí,no,rce,,-25,"Population-level REV46 recalculation isolating keyword matching: original non-keyword score contribution is preserved, while keyword matches are recalculated on text_content with word boundaries."
805,805,hackernews,49884626,2026-09-28 22:45:58.80965+00,1113,,0,5,5,low,,0,5,low,no,no,no,,,0,"Population-level REV46 recalculation isolating keyword matching: original non-keyword score contribution is preserved, while keyword matches are recalculated on text_content with word boundaries."
806,806,hackernews,49884046,2026-09-28 22:45:58.80965+00,36,security,5,25,20,medium,security,5,25,medium,no,no,no,,,0,"Population-level REV46 recalculation isolating keyword matching: original non-keyword score contribution is preserved, while keyword matches are recalculated on text_content with word boundaries."
807,807,hackernews,49881465,2026-09-28 22:45:58.80965+00,41,security|incident,15,20,5,medium,security|incident,15,20,medium,no,no,no,,,0,"Population-level REV46 recalculation isolating keyword matching: original non-keyword score contribution is preserved, while keyword matches are recalculated on text_content with word boundaries."
808,808,hackernews,49880807,2026-09-28 22:45:58.80965+00,1241,rce|security,30,30,0,medium,security,5,5,low,sí,no,no,rce,,-25,"Population-level REV46 recalculation isolating keyword matching: original non-keyword score contribution is preserved, while keyword matches are recalculated on text_content with word boundaries."
809,809,hackernews,49879880,2026-09-28 22:45:58.80965+00,64,zero-day|rce|exploit|attack,85,100,15,critical,rce,25,40,high,sí,sí,sí,zero-day|exploit|attack,,-60,"Population-level REV46 recalculation isolating keyword matching: original non-keyword score contribution is preserved, while keyword matches are recalculated on text_content with word boundaries."
810,810,hackernews,49879268,2026-09-28 22:45:58.80965+00,3151,rce|security,30,35,5,medium,security,5,10,low,sí,no,no,rce,,-25,"Population-level REV46 recalculation isolating keyword matching: original non-keyword score contribution is preserved, while keyword matches are recalculated on text_content with word boundaries."
811,811,hackernews,49879006,2026-09-28 22:45:58.80965+00,28,,0,5,5,low,,0,5,low,no,no,no,,,0,"Population-level REV46 recalculation isolating keyword matching: original non-keyword score contribution is preserved, while keyword matches are recalculated on text_content with word boundaries."
812,812,hackernews,49878918,2026-09-28 22:45:58.80965+00,44,security,5,10,5,low,security,5,10,low,no,no,no,,,0,"Population-level REV46 recalculation isolating keyword matching: original non-keyword score contribution is preserved, while keyword matches are recalculated on text_content with word boundaries."
813,813,hackernews,49878479,2026-09-28 22:45:58.80965+00,58,,0,5,5,low,,0,5,low,no,no,no,,,0,"Population-level REV46 recalculation isolating keyword matching: original non-keyword score contribution is preserved, while keyword matches are recalculated on text_content with word boundaries."
814,814,hackernews,49878028,2026-09-28 22:45:58.80965+00,66,rce|security,30,35,5,medium,security,5,10,low,sí,no,no,rce,,-25,"Population-level REV46 recalculation isolating keyword matching: original non-keyword score contribution is preserved, while keyword matches are recalculated on text_content with word boundaries."
815,815,hackernews,49877752,2026-09-28 22:45:58.80965+00,1767,rce|security,30,40,10,high,security,5,15,low,sí,sí,no,rce,,-25,"Population-level REV46 recalculation isolating keyword matching: original non-keyword score contribution is preserved, while keyword matches are recalculated on text_content with word boundaries."
816,816,hackernews,49877182,2026-09-28 22:45:58.80965+00,3255,exploit|security,25,30,5,medium,exploit|security,25,30,medium,no,no,no,,,0,"Population-level REV46 recalculation isolating keyword matching: original non-keyword score contribution is preserved, while keyword matches are recalculated on text_content with word boundaries."
817,817,hackernews,49877091,2026-09-28 22:45:58.80965+00,55,security,5,10,5,low,security,5,10,low,no,no,no,,,0,"Population-level REV46 recalculation isolating keyword matching: original non-keyword score contribution is preserved, while keyword matches are recalculated on text_content with word boundaries."
818,818,hackernews,49876470,2026-09-28 22:45:58.80965+00,56,security,5,10,5,low,security,5,10,low,no,no,no,,,0,"Population-level REV46 recalculation isolating keyword matching: original non-keyword score contribution is preserved, while keyword matches are recalculated on text_content with word boundaries."
819,819,hackernews,49876188,2026-09-28 22:45:58.80965+00,34,security,5,10,5,low,security,5,10,low,no,no,no,,,0,"Population-level REV46 recalculation isolating keyword matching: original non-keyword score contribution is preserved, while keyword matches are recalculated on text_content with word boundaries."
820,820,hackernews,49875297,2026-09-28 22:45:58.80965+00,638,rce|attack|security,40,40,0,high,security,5,5,low,sí,sí,no,rce|attack,,-35,"Population-level REV46 recalculation isolating keyword matching: original non-keyword score contribution is preserved, while keyword matches are recalculated on text_content with word boundaries."
821,821,hackernews,49875060,2026-09-28 22:45:58.80965+00,57,compromised,20,25,5,medium,compromised,20,25,medium,no,no,no,,,0,"Population-level REV46 recalculation isolating keyword matching: original non-keyword score contribution is preserved, while keyword matches are recalculated on text_content with word boundaries."
822,822,hackernews,49874737,2026-09-28 22:45:58.80965+00,65,cve-,20,25,5,medium,cve-,20,25,medium,no,no,no,,,0,"Population-level REV46 recalculation isolating keyword matching: original non-keyword score contribution is preserved, while keyword matches are recalculated on text_content with word boundaries."
823,823,hackernews,49874311,2026-09-28 22:45:58.80965+00,42,security,5,25,20,medium,security,5,25,medium,no,no,no,,,0,"Population-level REV46 recalculation isolating keyword matching: original non-keyword score contribution is preserved, while keyword matches are recalculated on text_content with word boundaries."
824,824,hackernews,49873303,2026-09-28 22:45:58.80965+00,902,privilege escalation|security,25,30,5,medium,privilege escalation|security,25,30,medium,no,no,no,,,0,"Population-level REV46 recalculation isolating keyword matching: original non-keyword score contribution is preserved, while keyword matches are recalculated on text_content with word boundaries."
825,825,hackernews,49873005,2026-09-28 22:45:58.80965+00,77,security,5,30,25,medium,security,5,30,medium,no,no,no,,,0,"Population-level REV46 recalculation isolating keyword matching: original non-keyword score contribution is preserved, while keyword matches are recalculated on text_content with word boundaries."
826,826,github,4641652769,2026-09-28 22:45:58.80965+00,478,,0,25,25,medium,,0,25,medium,no,no,no,,,0,"Population-level REV46 recalculation isolating keyword matching: original non-keyword score contribution is preserved, while keyword matches are recalculated on text_content with word boundaries."
827,827,github,2900969124,2026-09-28 22:45:58.80965+00,3998,rce|security|vulnerability,40,45,5,high,security|vulnerability,15,20,medium,sí,sí,no,rce,,-25,"Population-level REV46 recalculation isolating keyword matching: original non-keyword score contribution is preserved, while keyword matches are recalculated on text_content with word boundaries."
828,828,github,1909758302,2026-09-28 22:45:58.80965+00,4000,rce,25,30,5,medium,,0,5,low,sí,no,no,rce,,-25,"Population-level REV46 recalculation isolating keyword matching: original non-keyword score contribution is preserved, while keyword matches are recalculated on text_content with word boundaries."
829,829,github,1899840414,2026-09-28 22:45:58.80965+00,3998,rce|security,30,50,20,high,security,5,25,medium,sí,sí,no,rce,,-25,"Population-level REV46 recalculation isolating keyword matching: original non-keyword score contribution is preserved, while keyword matches are recalculated on text_content with word boundaries."
830,830,github,5513823581,2026-09-28 22:45:58.80965+00,4000,rce|security,30,45,15,high,security,5,20,medium,sí,sí,no,rce,,-25,"Population-level REV46 recalculation isolating keyword matching: original non-keyword score contribution is preserved, while keyword matches are recalculated on text_content with word boundaries."
831,831,github,982562816,2026-09-28 22:45:58.80965+00,4000,rce,25,30,5,medium,,0,5,low,sí,no,no,rce,,-25,"Population-level REV46 recalculation isolating keyword matching: original non-keyword score contribution is preserved, while keyword matches are recalculated on text_content with word boundaries."
832,832,github,1892997960,2026-09-28 22:45:58.80965+00,3998,rce|security|vulnerability,40,45,5,high,security|vulnerability,15,20,medium,sí,sí,no,rce,,-25,"Population-level REV46 recalculation isolating keyword matching: original non-keyword score contribution is preserved, while keyword matches are recalculated on text_content with word boundaries."
833,833,github,978721642,2026-09-28 22:45:58.80965+00,4000,rce,25,30,5,medium,,0,5,low,sí,no,no,rce,,-25,"Population-level REV46 recalculation isolating keyword matching: original non-keyword score contribution is preserved, while keyword matches are recalculated on text_content with word boundaries."
834,834,github,978720620,2026-09-28 22:45:58.80965+00,4000,rce,25,30,5,medium,,0,5,low,sí,no,no,rce,,-25,"Population-level REV46 recalculation isolating keyword matching: original non-keyword score contribution is preserved, while keyword matches are recalculated on text_content with word boundaries."
835,835,github,5560821267,2026-09-28 22:45:58.80965+00,1998,rce,25,50,25,high,,0,25,medium,sí,sí,no,rce,,-25,"Population-level REV46 recalculation isolating keyword matching: original non-keyword score contribution is preserved, while keyword matches are recalculated on text_content with word boundaries."
836,836,github,5429143706,2026-09-28 22:45:58.80965+00,4000,rce,25,45,20,high,,0,20,medium,sí,sí,no,rce,,-25,"Population-level REV46 recalculation isolating keyword matching: original non-keyword score contribution is preserved, while keyword matches are recalculated on text_content with word boundaries."
837,837,github,4750113672,2026-09-28 22:45:58.80965+00,3998,rce|security|vulnerability,40,45,5,high,security|vulnerability,15,20,medium,sí,sí,no,rce,,-25,"Population-level REV46 recalculation isolating keyword matching: original non-keyword score contribution is preserved, while keyword matches are recalculated on text_content with word boundaries."
838,838,github,5622254366,2026-09-28 22:45:58.80965+00,958,exploit,20,25,5,medium,exploit,20,25,medium,no,no,no,,,0,"Population-level REV46 recalculation isolating keyword matching: original non-keyword score contribution is preserved, while keyword matches are recalculated on text_content with word boundaries."
839,839,github,1029756944,2026-09-28 22:45:58.80965+00,3657,rce|security|vulnerability,40,45,5,high,security|vulnerability,15,20,medium,sí,sí,no,rce,,-25,"Population-level REV46 recalculation isolating keyword matching: original non-keyword score contribution is preserved, while keyword matches are recalculated on text_content with word boundaries."
840,840,github,5621439867,2026-09-28 22:45:58.80965+00,4000,rce|attack|security,40,50,10,high,attack|security,15,25,medium,sí,sí,no,rce,,-25,"Population-level REV46 recalculation isolating keyword matching: original non-keyword score contribution is preserved, while keyword matches are recalculated on text_content with word boundaries."
841,841,github,569661439,2026-09-28 22:45:58.80965+00,4000,rce,25,45,20,high,,0,20,medium,sí,sí,no,rce,,-25,"Population-level REV46 recalculation isolating keyword matching: original non-keyword score contribution is preserved, while keyword matches are recalculated on text_content with word boundaries."
842,842,github,5585627903,2026-09-28 22:45:58.80965+00,3576,rce,25,40,15,high,,0,15,low,sí,sí,no,rce,,-25,"Population-level REV46 recalculation isolating keyword matching: original non-keyword score contribution is preserved, while keyword matches are recalculated on text_content with word boundaries."
843,843,github,978704658,2026-09-28 22:45:58.80965+00,2570,rce|security|vulnerability,40,60,20,critical,security|vulnerability,15,35,medium,sí,sí,no,rce,,-25,"Population-level REV46 recalculation isolating keyword matching: original non-keyword score contribution is preserved, while keyword matches are recalculated on text_content with word boundaries."
844,844,github,1507786020,2026-09-28 22:45:58.80965+00,4000,rce,25,30,5,medium,,0,5,low,sí,no,no,rce,,-25,"Population-level REV46 recalculation isolating keyword matching: original non-keyword score contribution is preserved, while keyword matches are recalculated on text_content with word boundaries."
845,845,github,4772120422,2026-09-28 22:45:58.80965+00,3998,rce|security|vulnerability,40,45,5,high,security|vulnerability,15,20,medium,sí,sí,no,rce,,-25,"Population-level REV46 recalculation isolating keyword matching: original non-keyword score contribution is preserved, while keyword matches are recalculated on text_content with word boundaries."
846,846,github,3646906923,2026-09-28 22:45:58.80965+00,3998,rce|security|vulnerability,40,45,5,high,security|vulnerability,15,20,medium,sí,sí,no,rce,,-25,"Population-level REV46 recalculation isolating keyword matching: original non-keyword score contribution is preserved, while keyword matches are recalculated on text_content with word boundaries."
847,847,github,5052154086,2026-09-28 22:45:58.80965+00,3998,rce,25,30,5,medium,,0,5,low,sí,no,no,rce,,-25,"Population-level REV46 recalculation isolating keyword matching: original non-keyword score contribution is preserved, while keyword matches are recalculated on text_content with word boundaries."
848,848,github,982540171,2026-09-28 22:45:58.80965+00,3998,rce|security|vulnerability,40,45,5,high,security|vulnerability,15,20,medium,sí,sí,no,rce,,-25,"Population-level REV46 recalculation isolating keyword matching: original non-keyword score contribution is preserved, while keyword matches are recalculated on text_content with word boundaries."
849,849,github,5535819599,2026-09-28 22:45:58.80965+00,618,security|vulnerability,15,20,5,medium,security|vulnerability,15,20,medium,no,no,no,,,0,"Population-level REV46 recalculation isolating keyword matching: original non-keyword score contribution is preserved, while keyword matches are recalculated on text_content with word boundaries."
850,850,github,5535004947,2026-09-28 22:45:58.80965+00,4000,rce,25,35,10,medium,,0,10,low,sí,no,no,rce,,-25,"Population-level REV46 recalculation isolating keyword matching: original non-keyword score contribution is preserved, while keyword matches are recalculated on text_content with word boundaries."
851,851,github,2910703924,2026-09-28 22:45:58.80965+00,3998,rce|security|vulnerability,40,60,20,critical,security|vulnerability,15,35,medium,sí,sí,no,rce,,-25,"Population-level REV46 recalculation isolating keyword matching: original non-keyword score contribution is preserved, while keyword matches are recalculated on text_content with word boundaries."
852,852,github,1315925448,2026-09-28 22:45:58.80965+00,3998,rce,25,30,5,medium,,0,5,low,sí,no,no,rce,,-25,"Population-level REV46 recalculation isolating keyword matching: original non-keyword score contribution is preserved, while keyword matches are recalculated on text_content with word boundaries."
853,853,github,3282004159,2026-09-28 22:45:58.80965+00,4000,rce,25,45,20,high,,0,20,medium,sí,sí,no,rce,,-25,"Population-level REV46 recalculation isolating keyword matching: original non-keyword score contribution is preserved, while keyword matches are recalculated on text_content with word boundaries."
854,854,github,5284478859,2026-09-28 22:45:58.80965+00,4000,apt|incident,35,60,25,critical,incident,10,35,medium,sí,sí,no,apt,,-25,"Population-level REV46 recalculation isolating keyword matching: original non-keyword score contribution is preserved, while keyword matches are recalculated on text_content with word boundaries."
855,855,github,5606296788,2026-09-28 22:45:58.80965+00,214,,0,15,15,low,,0,15,low,no,no,no,,,0,"Population-level REV46 recalculation isolating keyword matching: original non-keyword score contribution is preserved, while keyword matches are recalculated on text_content with word boundaries."
856,856,github,1095977658,2026-09-28 22:45:58.80965+00,4000,rce,25,30,5,medium,,0,5,low,sí,no,no,rce,,-25,"Population-level REV46 recalculation isolating keyword matching: original non-keyword score contribution is preserved, while keyword matches are recalculated on text_content with word boundaries."
857,857,github,1869529392,2026-09-28 22:45:58.80965+00,4000,apt|rce,50,70,20,critical,,0,20,medium,sí,sí,no,apt|rce,,-50,"Population-level REV46 recalculation isolating keyword matching: original non-keyword score contribution is preserved, while keyword matches are recalculated on text_content with word boundaries."
858,858,github,4302010856,2026-09-28 22:45:58.80965+00,3996,rce,25,45,20,high,,0,20,medium,sí,sí,no,rce,,-25,"Population-level REV46 recalculation isolating keyword matching: original non-keyword score contribution is preserved, while keyword matches are recalculated on text_content with word boundaries."
859,859,github,1029737476,2026-09-28 22:45:58.80965+00,4000,rce|security|vulnerability,40,60,20,critical,security|vulnerability,15,35,medium,sí,sí,no,rce,,-25,"Population-level REV46 recalculation isolating keyword matching: original non-keyword score contribution is preserved, while keyword matches are recalculated on text_content with word boundaries."
860,860,github,4473949465,2026-09-28 22:45:58.80965+00,3999,rce,25,45,20,high,,0,20,medium,sí,sí,no,rce,,-25,"Population-level REV46 recalculation isolating keyword matching: original non-keyword score contribution is preserved, while keyword matches are recalculated on text_content with word boundaries."
861,861,github,5582386821,2026-09-28 22:45:58.80965+00,2412,rce|security,30,40,10,high,security,5,15,low,sí,sí,no,rce,,-25,"Population-level REV46 recalculation isolating keyword matching: original non-keyword score contribution is preserved, while keyword matches are recalculated on text_content with word boundaries."
862,862,github,5615117700,2026-09-28 22:45:58.80965+00,3978,rce,25,50,25,high,,0,25,medium,sí,sí,no,rce,,-25,"Population-level REV46 recalculation isolating keyword matching: original non-keyword score contribution is preserved, while keyword matches are recalculated on text_content with word boundaries."
863,863,github,5612706823,2026-09-28 22:45:58.80965+00,4000,,0,20,20,medium,,0,20,medium,no,no,no,,,0,"Population-level REV46 recalculation isolating keyword matching: original non-keyword score contribution is preserved, while keyword matches are recalculated on text_content with word boundaries."
864,864,github,5583638972,2026-09-28 22:45:58.80965+00,4000,exploit|security,25,30,5,medium,security,5,10,low,sí,no,no,exploit,,-20,"Population-level REV46 recalculation isolating keyword matching: original non-keyword score contribution is preserved, while keyword matches are recalculated on text_content with word boundaries."
865,865,github,5612510630,2026-09-28 22:45:58.80965+00,4000,,0,20,20,medium,,0,20,medium,no,no,no,,,0,"Population-level REV46 recalculation isolating keyword matching: original non-keyword score contribution is preserved, while keyword matches are recalculated on text_content with word boundaries."
866,866,github,2129508452,2026-09-28 22:45:58.80965+00,3998,rce,25,45,20,high,,0,20,medium,sí,sí,no,rce,,-25,"Population-level REV46 recalculation isolating keyword matching: original non-keyword score contribution is preserved, while keyword matches are recalculated on text_content with word boundaries."
867,867,github,5611983674,2026-09-28 22:45:58.80965+00,4000,,0,20,20,medium,,0,20,medium,no,no,no,,,0,"Population-level REV46 recalculation isolating keyword matching: original non-keyword score contribution is preserved, while keyword matches are recalculated on text_content with word boundaries."
868,868,github,3208648169,2026-09-28 22:45:58.80965+00,3998,rce|security|vulnerability,40,60,20,critical,security|vulnerability,15,35,medium,sí,sí,no,rce,,-25,"Population-level REV46 recalculation isolating keyword matching: original non-keyword score contribution is preserved, while keyword matches are recalculated on text_content with word boundaries."
869,869,github,4402623087,2026-09-28 22:45:58.80965+00,3996,rce|security|vulnerability,40,60,20,critical,security|vulnerability,15,35,medium,sí,sí,no,rce,,-25,"Population-level REV46 recalculation isolating keyword matching: original non-keyword score contribution is preserved, while keyword matches are recalculated on text_content with word boundaries."
870,870,github,5603553816,2026-09-28 22:45:58.80965+00,1468,rce|attack|vulnerability,45,65,20,critical,vulnerability,10,30,medium,sí,sí,no,rce|attack,,-35,"Population-level REV46 recalculation isolating keyword matching: original non-keyword score contribution is preserved, while keyword matches are recalculated on text_content with word boundaries."
871,871,github,5532850865,2026-09-28 22:45:58.80965+00,4000,security,5,10,5,low,security,5,10,low,no,no,no,,,0,"Population-level REV46 recalculation isolating keyword matching: original non-keyword score contribution is preserved, while keyword matches are recalculated on text_content with word boundaries."
872,872,github,3520754840,2026-09-28 22:45:58.80965+00,4000,rce|security|vulnerability,40,60,20,critical,security|vulnerability,15,35,medium,sí,sí,no,rce,,-25,"Population-level REV46 recalculation isolating keyword matching: original non-keyword score contribution is preserved, while keyword matches are recalculated on text_content with word boundaries."
873,873,github,1455401712,2026-09-28 22:45:58.80965+00,3998,rce|security|vulnerability,40,45,5,high,security|vulnerability,15,20,medium,sí,sí,no,rce,,-25,"Population-level REV46 recalculation isolating keyword matching: original non-keyword score contribution is preserved, while keyword matches are recalculated on text_content with word boundaries."
874,874,hackernews,49885659,2026-09-28 23:46:05.951097+00,48,security,5,10,5,low,security,5,10,low,no,no,no,,,0,"Population-level REV46 recalculation isolating keyword matching: original non-keyword score contribution is preserved, while keyword matches are recalculated on text_content with word boundaries."
875,875,github,5269497861,2026-09-28 23:46:05.951097+00,2998,rce|exploit|security,50,60,10,critical,security,5,15,low,sí,sí,no,rce|exploit,,-45,"Population-level REV46 recalculation isolating keyword matching: original non-keyword score contribution is preserved, while keyword matches are recalculated on text_content with word boundaries."
876,876,github,1051075861,2026-09-28 23:46:05.951097+00,1799,rce|security|vulnerability,40,45,5,high,security|vulnerability,15,20,medium,sí,sí,no,rce,,-25,"Population-level REV46 recalculation isolating keyword matching: original non-keyword score contribution is preserved, while keyword matches are recalculated on text_content with word boundaries."
877,877,github,5384642826,2026-09-28 23:46:05.951097+00,3676,rce|vulnerability,35,40,5,high,vulnerability,10,15,low,sí,sí,no,rce,,-25,"Population-level REV46 recalculation isolating keyword matching: original non-keyword score contribution is preserved, while keyword matches are recalculated on text_content with word boundaries."
878,878,github,4756738073,2026-09-28 23:46:05.951097+00,1806,rce,25,30,5,medium,,0,5,low,sí,no,no,rce,,-25,"Population-level REV46 recalculation isolating keyword matching: original non-keyword score contribution is preserved, while keyword matches are recalculated on text_content with word boundaries."
879,879,github,5559476202,2026-09-28 23:46:05.951097+00,4000,,0,10,10,low,,0,10,low,no,no,no,,,0,"Population-level REV46 recalculation isolating keyword matching: original non-keyword score contribution is preserved, while keyword matches are recalculated on text_content with word boundaries."
880,880,github,5609338289,2026-09-28 23:46:05.951097+00,2369,rce|security|vulnerability,40,45,5,high,security|vulnerability,15,20,medium,sí,sí,no,rce,,-25,"Population-level REV46 recalculation isolating keyword matching: original non-keyword score contribution is preserved, while keyword matches are recalculated on text_content with word boundaries."
881,881,github,5616041048,2026-09-28 23:46:05.951097+00,4000,apt|rce|exploit|attack|threat,90,100,10,critical,exploit|attack|threat,40,50,high,sí,sí,sí,apt|rce,,-50,"Population-level REV46 recalculation isolating keyword matching: original non-keyword score contribution is preserved, while keyword matches are recalculated on text_content with word boundaries."
882,882,github,4235199040,2026-09-28 23:46:05.951097+00,3998,rce,25,30,5,medium,,0,5,low,sí,no,no,rce,,-25,"Population-level REV46 recalculation isolating keyword matching: original non-keyword score contribution is preserved, while keyword matches are recalculated on text_content with word boundaries."
883,883,github,5515902676,2026-09-28 23:46:05.951097+00,4000,rce|security,30,40,10,high,security,5,15,low,sí,sí,no,rce,,-25,"Population-level REV46 recalculation isolating keyword matching: original non-keyword score contribution is preserved, while keyword matches are recalculated on text_content with word boundaries."
884,884,github,1599972700,2026-09-28 23:46:05.951097+00,3998,rce|security|vulnerability,40,45,5,high,security|vulnerability,15,20,medium,sí,sí,no,rce,,-25,"Population-level REV46 recalculation isolating keyword matching: original non-keyword score contribution is preserved, while keyword matches are recalculated on text_content with word boundaries."
885,885,github,2608028714,2026-09-28 23:46:05.951097+00,1765,rce|security|vulnerability,40,45,5,high,security|vulnerability,15,20,medium,sí,sí,no,rce,,-25,"Population-level REV46 recalculation isolating keyword matching: original non-keyword score contribution is preserved, while keyword matches are recalculated on text_content with word boundaries."
886,886,github,1400313598,2026-09-28 23:46:05.951097+00,2549,rce|security|vulnerability,40,45,5,high,security|vulnerability,15,20,medium,sí,sí,no,rce,,-25,"Population-level REV46 recalculation isolating keyword matching: original non-keyword score contribution is preserved, while keyword matches are recalculated on text_content with word boundaries."
887,887,github,5622809968,2026-09-28 23:46:05.951097+00,1416,security,5,25,20,medium,security,5,25,medium,no,no,no,,,0,"Population-level REV46 recalculation isolating keyword matching: original non-keyword score contribution is preserved, while keyword matches are recalculated on text_content with word boundaries."
888,888,github,1029501227,2026-09-28 23:46:05.951097+00,4000,rce,25,30,5,medium,,0,5,low,sí,no,no,rce,,-25,"Population-level REV46 recalculation isolating keyword matching: original non-keyword score contribution is preserved, while keyword matches are recalculated on text_content with word boundaries."
889,889,github,2403959880,2026-09-28 23:46:05.951097+00,3998,rce,25,30,5,medium,,0,5,low,sí,no,no,rce,,-25,"Population-level REV46 recalculation isolating keyword matching: original non-keyword score contribution is preserved, while keyword matches are recalculated on text_content with word boundaries."
890,890,github,1029538384,2026-09-28 23:46:05.951097+00,3998,rce|security|vulnerability,40,60,20,critical,security|vulnerability,15,35,medium,sí,sí,no,rce,,-25,"Population-level REV46 recalculation isolating keyword matching: original non-keyword score contribution is preserved, while keyword matches are recalculated on text_content with word boundaries."
891,891,github,2374173368,2026-09-28 23:46:05.951097+00,3499,rce|security|vulnerability,40,45,5,high,security|vulnerability,15,20,medium,sí,sí,no,rce,,-25,"Population-level REV46 recalculation isolating keyword matching: original non-keyword score contribution is preserved, while keyword matches are recalculated on text_content with word boundaries."
892,892,github,1321603475,2026-09-28 23:46:05.951097+00,4000,rce|security|vulnerability,40,45,5,high,security|vulnerability,15,20,medium,sí,sí,no,rce,,-25,"Population-level REV46 recalculation isolating keyword matching: original non-keyword score contribution is preserved, while keyword matches are recalculated on text_content with word boundaries."
893,893,github,4157193316,2026-09-28 23:46:05.951097+00,4000,apt|rce,50,70,20,critical,,0,20,medium,sí,sí,no,apt|rce,,-50,"Population-level REV46 recalculation isolating keyword matching: original non-keyword score contribution is preserved, while keyword matches are recalculated on text_content with word boundaries."
894,894,github,2554205490,2026-09-28 23:46:05.951097+00,3998,rce|security|vulnerability,40,45,5,high,security|vulnerability,15,20,medium,sí,sí,no,rce,,-25,"Population-level REV46 recalculation isolating keyword matching: original non-keyword score contribution is preserved, while keyword matches are recalculated on text_content with word boundaries."
895,895,github,5541610725,2026-09-28 23:46:05.951097+00,4000,rce,25,40,15,high,,0,15,low,sí,sí,no,rce,,-25,"Population-level REV46 recalculation isolating keyword matching: original non-keyword score contribution is preserved, while keyword matches are recalculated on text_content with word boundaries."
896,896,github,5541627081,2026-09-28 23:46:05.951097+00,4000,rce|security,30,40,10,high,security,5,15,low,sí,sí,no,rce,,-25,"Population-level REV46 recalculation isolating keyword matching: original non-keyword score contribution is preserved, while keyword matches are recalculated on text_content with word boundaries."
897,897,github,5604293668,2026-09-28 23:46:05.951097+00,600,phishing|malware,40,45,5,high,phishing|malware,40,45,high,no,sí,sí,,,0,"Population-level REV46 recalculation isolating keyword matching: original non-keyword score contribution is preserved, while keyword matches are recalculated on text_content with word boundaries."
898,898,github,5622785107,2026-09-28 23:46:05.951097+00,1785,cve-|security,25,30,5,medium,cve-|security,25,30,medium,no,no,no,,,0,"Population-level REV46 recalculation isolating keyword matching: original non-keyword score contribution is preserved, while keyword matches are recalculated on text_content with word boundaries."
899,899,github,978712056,2026-09-28 23:46:05.951097+00,4000,,0,5,5,low,,0,5,low,no,no,no,,,0,"Population-level REV46 recalculation isolating keyword matching: original non-keyword score contribution is preserved, while keyword matches are recalculated on text_content with word boundaries."
900,900,github,5608128434,2026-09-28 23:46:05.951097+00,874,exploit|security,25,35,10,medium,exploit|security,25,35,medium,no,no,no,,,0,"Population-level REV46 recalculation isolating keyword matching: original non-keyword score contribution is preserved, while keyword matches are recalculated on text_content with word boundaries."
901,901,github,1372730898,2026-09-28 23:46:05.951097+00,4000,rce,25,30,5,medium,,0,5,low,sí,no,no,rce,,-25,"Population-level REV46 recalculation isolating keyword matching: original non-keyword score contribution is preserved, while keyword matches are recalculated on text_content with word boundaries."
902,902,github,982602589,2026-09-28 23:46:05.951097+00,3967,rce|security|vulnerability,40,60,20,critical,security|vulnerability,15,35,medium,sí,sí,no,rce,,-25,"Population-level REV46 recalculation isolating keyword matching: original non-keyword score contribution is preserved, while keyword matches are recalculated on text_content with word boundaries."
903,903,github,5608128296,2026-09-28 23:46:05.951097+00,896,exploit|security,25,50,25,high,exploit|security,25,50,high,no,sí,sí,,,0,"Population-level REV46 recalculation isolating keyword matching: original non-keyword score contribution is preserved, while keyword matches are recalculated on text_content with word boundaries."
904,904,github,5230468696,2026-09-28 23:46:05.951097+00,3234,apt|rce,50,75,25,critical,apt,25,50,high,sí,sí,sí,rce,,-25,"Population-level REV46 recalculation isolating keyword matching: original non-keyword score contribution is preserved, while keyword matches are recalculated on text_content with word boundaries."
905,905,github,2962472134,2026-09-28 23:46:05.951097+00,4000,rce|security|vulnerability,40,45,5,high,security|vulnerability,15,20,medium,sí,sí,no,rce,,-25,"Population-level REV46 recalculation isolating keyword matching: original non-keyword score contribution is preserved, while keyword matches are recalculated on text_content with word boundaries."
906,906,github,2459617550,2026-09-28 23:46:05.951097+00,3998,rce|security|vulnerability,40,45,5,high,security|vulnerability,15,20,medium,sí,sí,no,rce,,-25,"Population-level REV46 recalculation isolating keyword matching: original non-keyword score contribution is preserved, while keyword matches are recalculated on text_content with word boundaries."
907,907,github,5554408917,2026-09-28 23:46:05.951097+00,4000,security,5,15,10,low,security,5,15,low,no,no,no,,,0,"Population-level REV46 recalculation isolating keyword matching: original non-keyword score contribution is preserved, while keyword matches are recalculated on text_content with word boundaries."
908,908,github,5213751283,2026-09-28 23:46:05.951097+00,4000,rce|attack,35,50,15,high,,0,15,low,sí,sí,no,rce|attack,,-35,"Population-level REV46 recalculation isolating keyword matching: original non-keyword score contribution is preserved, while keyword matches are recalculated on text_content with word boundaries."
909,909,github,3246779029,2026-09-28 23:46:05.951097+00,3999,rce|vulnerability,35,40,5,high,vulnerability,10,15,low,sí,sí,no,rce,,-25,"Population-level REV46 recalculation isolating keyword matching: original non-keyword score contribution is preserved, while keyword matches are recalculated on text_content with word boundaries."
910,910,github,4038254731,2026-09-28 23:46:05.951097+00,3998,rce|security|vulnerability,40,60,20,critical,security|vulnerability,15,35,medium,sí,sí,no,rce,,-25,"Population-level REV46 recalculation isolating keyword matching: original non-keyword score contribution is preserved, while keyword matches are recalculated on text_content with word boundaries."
911,911,github,4668218730,2026-09-28 23:46:05.951097+00,3999,rce,25,45,20,high,,0,20,medium,sí,sí,no,rce,,-25,"Population-level REV46 recalculation isolating keyword matching: original non-keyword score contribution is preserved, while keyword matches are recalculated on text_content with word boundaries."
912,912,github,982537595,2026-09-28 23:46:05.951097+00,3998,rce|security|vulnerability,40,45,5,high,security|vulnerability,15,20,medium,sí,sí,no,rce,,-25,"Population-level REV46 recalculation isolating keyword matching: original non-keyword score contribution is preserved, while keyword matches are recalculated on text_content with word boundaries."
913,913,github,3037669711,2026-09-28 23:46:05.951097+00,3998,rce|security|vulnerability,40,45,5,high,security|vulnerability,15,20,medium,sí,sí,no,rce,,-25,"Population-level REV46 recalculation isolating keyword matching: original non-keyword score contribution is preserved, while keyword matches are recalculated on text_content with word boundaries."
914,914,github,4357904718,2026-09-29 00:01:01.57248+00,3998,rce,25,45,20,high,,0,20,medium,sí,sí,no,rce,,-25,"Population-level REV46 recalculation isolating keyword matching: original non-keyword score contribution is preserved, while keyword matches are recalculated on text_content with word boundaries."
915,915,github,1029770292,2026-09-29 00:01:01.57248+00,3998,rce|security|vulnerability,40,60,20,critical,security|vulnerability,15,35,medium,sí,sí,no,rce,,-25,"Population-level REV46 recalculation isolating keyword matching: original non-keyword score contribution is preserved, while keyword matches are recalculated on text_content with word boundaries."
916,916,github,2104288994,2026-09-29 00:01:01.57248+00,3998,rce|security|vulnerability,40,45,5,high,security|vulnerability,15,20,medium,sí,sí,no,rce,,-25,"Population-level REV46 recalculation isolating keyword matching: original non-keyword score contribution is preserved, while keyword matches are recalculated on text_content with word boundaries."
917,917,github,5622938391,2026-09-29 00:01:01.57248+00,3713,rce|attack|security|vulnerability,50,55,5,high,attack|security|vulnerability,25,30,medium,sí,sí,no,rce,,-25,"Population-level REV46 recalculation isolating keyword matching: original non-keyword score contribution is preserved, while keyword matches are recalculated on text_content with word boundaries."
918,918,github,3686820806,2026-09-29 00:01:01.57248+00,3998,rce,25,45,20,high,,0,20,medium,sí,sí,no,rce,,-25,"Population-level REV46 recalculation isolating keyword matching: original non-keyword score contribution is preserved, while keyword matches are recalculated on text_content with word boundaries."
919,919,github,4305010145,2026-09-29 00:01:01.57248+00,4000,,0,20,20,medium,,0,20,medium,no,no,no,,,0,"Population-level REV46 recalculation isolating keyword matching: original non-keyword score contribution is preserved, while keyword matches are recalculated on text_content with word boundaries."
920,920,github,3686821549,2026-09-29 00:01:01.57248+00,3998,rce|vulnerability,35,55,20,high,vulnerability,10,30,medium,sí,sí,no,rce,,-25,"Population-level REV46 recalculation isolating keyword matching: original non-keyword score contribution is preserved, while keyword matches are recalculated on text_content with word boundaries."
921,921,github,5573944881,2026-09-29 00:01:01.57248+00,4000,rce|security,30,40,10,high,security,5,15,low,sí,sí,no,rce,,-25,"Population-level REV46 recalculation isolating keyword matching: original non-keyword score contribution is preserved, while keyword matches are recalculated on text_content with word boundaries."
922,922,github,5559584526,2026-09-29 00:01:01.57248+00,4000,rce|security,30,55,25,high,security,5,30,medium,sí,sí,no,rce,,-25,"Population-level REV46 recalculation isolating keyword matching: original non-keyword score contribution is preserved, while keyword matches are recalculated on text_content with word boundaries."
923,923,github,5575049595,2026-09-29 00:01:01.57248+00,4000,security,5,15,10,low,security,5,15,low,no,no,no,,,0,"Population-level REV46 recalculation isolating keyword matching: original non-keyword score contribution is preserved, while keyword matches are recalculated on text_content with word boundaries."
924,924,github,4211877742,2026-09-29 00:01:01.57248+00,2175,security,5,15,10,low,security,5,15,low,no,no,no,,,0,"Population-level REV46 recalculation isolating keyword matching: original non-keyword score contribution is preserved, while keyword matches are recalculated on text_content with word boundaries."
925,925,github,2106687353,2026-09-29 00:01:01.57248+00,4000,rce|security|vulnerability,40,60,20,critical,security|vulnerability,15,35,medium,sí,sí,no,rce,,-25,"Population-level REV46 recalculation isolating keyword matching: original non-keyword score contribution is preserved, while keyword matches are recalculated on text_content with word boundaries."
926,926,github,978708170,2026-09-29 00:01:01.57248+00,3998,apt|rce|security|vulnerability,65,70,5,critical,security|vulnerability,15,20,medium,sí,sí,no,apt|rce,,-50,"Population-level REV46 recalculation isolating keyword matching: original non-keyword score contribution is preserved, while keyword matches are recalculated on text_content with word boundaries."
927,927,github,4265618823,2026-09-29 00:01:01.57248+00,3998,rce|security|vulnerability,40,45,5,high,security|vulnerability,15,20,medium,sí,sí,no,rce,,-25,"Population-level REV46 recalculation isolating keyword matching: original non-keyword score contribution is preserved, while keyword matches are recalculated on text_content with word boundaries."
928,928,github,5577032675,2026-09-29 00:01:01.57248+00,4000,rce|security|vulnerability,40,45,5,high,security|vulnerability,15,20,medium,sí,sí,no,rce,,-25,"Population-level REV46 recalculation isolating keyword matching: original non-keyword score contribution is preserved, while keyword matches are recalculated on text_content with word boundaries."
929,929,github,1696753877,2026-09-29 00:01:01.57248+00,3998,rce|security|vulnerability,40,45,5,high,security|vulnerability,15,20,medium,sí,sí,no,rce,,-25,"Population-level REV46 recalculation isolating keyword matching: original non-keyword score contribution is preserved, while keyword matches are recalculated on text_content with word boundaries."
930,930,github,1029752125,2026-09-29 00:01:01.57248+00,3998,rce|security|vulnerability,40,60,20,critical,security|vulnerability,15,35,medium,sí,sí,no,rce,,-25,"Population-level REV46 recalculation isolating keyword matching: original non-keyword score contribution is preserved, while keyword matches are recalculated on text_content with word boundaries."
931,931,github,4473613018,2026-09-29 00:01:01.57248+00,3998,rce|security|vulnerability,40,45,5,high,security|vulnerability,15,20,medium,sí,sí,no,rce,,-25,"Population-level REV46 recalculation isolating keyword matching: original non-keyword score contribution is preserved, while keyword matches are recalculated on text_content with word boundaries."
932,932,github,4624175752,2026-09-29 00:01:01.57248+00,4000,rce,25,45,20,high,,0,20,medium,sí,sí,no,rce,,-25,"Population-level REV46 recalculation isolating keyword matching: original non-keyword score contribution is preserved, while keyword matches are recalculated on text_content with word boundaries."
933,933,github,1029505337,2026-09-29 00:01:01.57248+00,4000,rce,25,30,5,medium,,0,5,low,sí,no,no,rce,,-25,"Population-level REV46 recalculation isolating keyword matching: original non-keyword score contribution is preserved, while keyword matches are recalculated on text_content with word boundaries."
934,934,github,2077352641,2026-09-29 00:01:01.57248+00,996,,0,15,15,low,,0,15,low,no,no,no,,,0,"Population-level REV46 recalculation isolating keyword matching: original non-keyword score contribution is preserved, while keyword matches are recalculated on text_content with word boundaries."
935,935,github,1659781467,2026-09-29 00:01:01.57248+00,3998,apt|rce,50,55,5,high,,0,5,low,sí,sí,no,apt|rce,,-50,"Population-level REV46 recalculation isolating keyword matching: original non-keyword score contribution is preserved, while keyword matches are recalculated on text_content with word boundaries."
936,936,github,5622930994,2026-09-29 00:01:01.57248+00,922,rce,25,30,5,medium,,0,5,low,sí,no,no,rce,,-25,"Population-level REV46 recalculation isolating keyword matching: original non-keyword score contribution is preserved, while keyword matches are recalculated on text_content with word boundaries."
937,937,github,1149938679,2026-09-29 00:01:01.57248+00,4000,rce,25,30,5,medium,,0,5,low,sí,no,no,rce,,-25,"Population-level REV46 recalculation isolating keyword matching: original non-keyword score contribution is preserved, while keyword matches are recalculated on text_content with word boundaries."
938,938,github,5035420994,2026-09-29 00:01:01.57248+00,1139,vulnerability,10,30,20,medium,vulnerability,10,30,medium,no,no,no,,,0,"Population-level REV46 recalculation isolating keyword matching: original non-keyword score contribution is preserved, while keyword matches are recalculated on text_content with word boundaries."
939,939,github,4023960906,2026-09-29 00:01:01.57248+00,4000,apt|rce,50,70,20,critical,,0,20,medium,sí,sí,no,apt|rce,,-50,"Population-level REV46 recalculation isolating keyword matching: original non-keyword score contribution is preserved, while keyword matches are recalculated on text_content with word boundaries."
940,940,github,2490022708,2026-09-29 00:01:01.57248+00,3999,rce,25,30,5,medium,,0,5,low,sí,no,no,rce,,-25,"Population-level REV46 recalculation isolating keyword matching: original non-keyword score contribution is preserved, while keyword matches are recalculated on text_content with word boundaries."
941,941,github,728792528,2026-09-29 00:01:01.57248+00,1994,rce|security|vulnerability,40,45,5,high,security|vulnerability,15,20,medium,sí,sí,no,rce,,-25,"Population-level REV46 recalculation isolating keyword matching: original non-keyword score contribution is preserved, while keyword matches are recalculated on text_content with word boundaries."
942,942,github,5622928317,2026-09-29 00:01:01.57248+00,1463,ransomware|rce|exploit|attack|security|incident,100,100,0,critical,ransomware|attack|security|incident,55,55,high,sí,sí,sí,rce|exploit,,-45,"Population-level REV46 recalculation isolating keyword matching: original non-keyword score contribution is preserved, while keyword matches are recalculated on text_content with word boundaries."
943,943,github,3333893463,2026-09-29 00:01:01.57248+00,3998,rce,25,30,5,medium,,0,5,low,sí,no,no,rce,,-25,"Population-level REV46 recalculation isolating keyword matching: original non-keyword score contribution is preserved, while keyword matches are recalculated on text_content with word boundaries."
944,944,github,5612684438,2026-09-29 00:01:01.57248+00,1308,rce|exploit,45,50,5,high,exploit,20,25,medium,sí,sí,no,rce,,-25,"Population-level REV46 recalculation isolating keyword matching: original non-keyword score contribution is preserved, while keyword matches are recalculated on text_content with word boundaries."
945,945,github,4022948036,2026-09-29 00:01:01.57248+00,4000,rce,25,30,5,medium,,0,5,low,sí,no,no,rce,,-25,"Population-level REV46 recalculation isolating keyword matching: original non-keyword score contribution is preserved, while keyword matches are recalculated on text_content with word boundaries."
946,946,github,4214524159,2026-09-29 00:01:01.57248+00,4000,rce|security|vulnerability,40,60,20,critical,security|vulnerability,15,35,medium,sí,sí,no,rce,,-25,"Population-level REV46 recalculation isolating keyword matching: original non-keyword score contribution is preserved, while keyword matches are recalculated on text_content with word boundaries."
947,947,github,4413881353,2026-09-29 00:01:01.57248+00,3998,rce|security|vulnerability,40,45,5,high,security|vulnerability,15,20,medium,sí,sí,no,rce,,-25,"Population-level REV46 recalculation isolating keyword matching: original non-keyword score contribution is preserved, while keyword matches are recalculated on text_content with word boundaries."
948,948,github,2355480690,2026-09-29 00:01:01.57248+00,1701,,0,5,5,low,,0,5,low,no,no,no,,,0,"Population-level REV46 recalculation isolating keyword matching: original non-keyword score contribution is preserved, while keyword matches are recalculated on text_content with word boundaries."
949,949,github,5622928443,2026-09-29 00:01:01.57248+00,455,vulnerability|denial of service,20,40,20,high,vulnerability|denial of service,20,40,high,no,sí,sí,,,0,"Population-level REV46 recalculation isolating keyword matching: original non-keyword score contribution is preserved, while keyword matches are recalculated on text_content with word boundaries."
950,950,github,1029457966,2026-09-29 00:01:01.57248+00,4000,rce,25,30,5,medium,,0,5,low,sí,no,no,rce,,-25,"Population-level REV46 recalculation isolating keyword matching: original non-keyword score contribution is preserved, while keyword matches are recalculated on text_content with word boundaries."
951,951,github,5622927862,2026-09-29 00:01:01.57248+00,2301,rce|security,30,35,5,medium,security,5,10,low,sí,no,no,rce,,-25,"Population-level REV46 recalculation isolating keyword matching: original non-keyword score contribution is preserved, while keyword matches are recalculated on text_content with word boundaries."
952,952,github,2874026692,2026-09-29 00:01:01.57248+00,3998,rce|security|vulnerability,40,45,5,high,security|vulnerability,15,20,medium,sí,sí,no,rce,,-25,"Population-level REV46 recalculation isolating keyword matching: original non-keyword score contribution is preserved, while keyword matches are recalculated on text_content with word boundaries."
953,953,github,2664507129,2026-09-29 00:01:01.57248+00,3998,rce,25,30,5,medium,,0,5,low,sí,no,no,rce,,-25,"Population-level REV46 recalculation isolating keyword matching: original non-keyword score contribution is preserved, while keyword matches are recalculated on text_content with word boundaries."
954,954,github,4982582067,2026-09-29 00:01:01.57248+00,2092,rce,25,40,15,high,,0,15,low,sí,sí,no,rce,,-25,"Population-level REV46 recalculation isolating keyword matching: original non-keyword score contribution is preserved, while keyword matches are recalculated on text_content with word boundaries."
955,955,github,2109333438,2026-09-29 00:01:01.57248+00,4000,rce|security|vulnerability,40,60,20,critical,security|vulnerability,15,35,medium,sí,sí,no,rce,,-25,"Population-level REV46 recalculation isolating keyword matching: original non-keyword score contribution is preserved, while keyword matches are recalculated on text_content with word boundaries."
956,956,github,5623065238,2026-09-29 00:16:11.975536+00,1195,rce|exploit|cve-|attack,75,95,20,critical,cve-,20,40,high,sí,sí,sí,rce|exploit|attack,,-55,"Population-level REV46 recalculation isolating keyword matching: original non-keyword score contribution is preserved, while keyword matches are recalculated on text_content with word boundaries."
957,957,github,5623065075,2026-09-29 00:16:11.975536+00,2008,rce|exploit|cve-|privilege escalation|attack,95,100,5,critical,cve-|privilege escalation,40,45,high,sí,sí,sí,rce|exploit|attack,,-55,"Population-level REV46 recalculation isolating keyword matching: original non-keyword score contribution is preserved, while keyword matches are recalculated on text_content with word boundaries."
958,958,github,5623065009,2026-09-29 00:16:11.975536+00,1219,rce|exploit|cve-|attack,75,80,5,critical,cve-,20,25,medium,sí,sí,no,rce|exploit|attack,,-55,"Population-level REV46 recalculation isolating keyword matching: original non-keyword score contribution is preserved, while keyword matches are recalculated on text_content with word boundaries."
959,959,github,5623064881,2026-09-29 00:16:11.975536+00,2274,rce|exploit|cve-|attack|vulnerability,85,100,15,critical,cve-|vulnerability,30,45,high,sí,sí,sí,rce|exploit|attack,,-55,"Population-level REV46 recalculation isolating keyword matching: original non-keyword score contribution is preserved, while keyword matches are recalculated on text_content with word boundaries."
960,960,github,5623064949,2026-09-29 00:16:11.975536+00,1347,rce|exploit|cve-|attack,75,80,5,critical,cve-,20,25,medium,sí,sí,no,rce|exploit|attack,,-55,"Population-level REV46 recalculation isolating keyword matching: original non-keyword score contribution is preserved, while keyword matches are recalculated on text_content with word boundaries."
961,961,github,5623064760,2026-09-29 00:16:11.975536+00,1143,rce|remote code execution|exploit|cve-|attack,105,100,0,critical,remote code execution|cve-,50,50,high,sí,sí,sí,rce|exploit|attack,,-50,"Population-level REV46 recalculation isolating keyword matching: original non-keyword score contribution is preserved, while keyword matches are recalculated on text_content with word boundaries."
962,962,github,5623064810,2026-09-29 00:16:11.975536+00,1562,rce|remote code execution|exploit|cve-|sql injection|attack,125,100,0,critical,remote code execution|cve-|sql injection,70,70,critical,no,sí,sí,rce|exploit|attack,,-30,"Population-level REV46 recalculation isolating keyword matching: original non-keyword score contribution is preserved, while keyword matches are recalculated on text_content with word boundaries."
963,963,github,5607518840,2026-09-29 00:16:11.975536+00,3997,attack|security|vulnerability|denial of service,35,55,20,high,attack|security|vulnerability|denial of service,35,55,high,no,sí,sí,,,0,"Population-level REV46 recalculation isolating keyword matching: original non-keyword score contribution is preserved, while keyword matches are recalculated on text_content with word boundaries."
964,964,github,2527229626,2026-09-29 00:16:11.975536+00,3998,rce|security|vulnerability,40,45,5,high,security|vulnerability,15,20,medium,sí,sí,no,rce,,-25,"Population-level REV46 recalculation isolating keyword matching: original non-keyword score contribution is preserved, while keyword matches are recalculated on text_content with word boundaries."
965,965,github,5618291050,2026-09-29 00:16:11.975536+00,2775,apt|rce|security,55,80,25,critical,security,5,30,medium,sí,sí,no,apt|rce,,-50,"Population-level REV46 recalculation isolating keyword matching: original non-keyword score contribution is preserved, while keyword matches are recalculated on text_content with word boundaries."
966,966,github,5508117441,2026-09-29 00:16:11.975536+00,4000,,0,5,5,low,,0,5,low,no,no,no,,,0,"Population-level REV46 recalculation isolating keyword matching: original non-keyword score contribution is preserved, while keyword matches are recalculated on text_content with word boundaries."
967,967,github,5001905977,2026-09-29 00:16:11.975536+00,2751,rce,25,45,20,high,,0,20,medium,sí,sí,no,rce,,-25,"Population-level REV46 recalculation isolating keyword matching: original non-keyword score contribution is preserved, while keyword matches are recalculated on text_content with word boundaries."
968,968,github,978709042,2026-09-29 00:16:11.975536+00,4000,rce,25,45,20,high,,0,20,medium,sí,sí,no,rce,,-25,"Population-level REV46 recalculation isolating keyword matching: original non-keyword score contribution is preserved, while keyword matches are recalculated on text_content with word boundaries."
969,969,github,3919484762,2026-09-29 00:16:11.975536+00,4000,rce,25,45,20,high,,0,20,medium,sí,sí,no,rce,,-25,"Population-level REV46 recalculation isolating keyword matching: original non-keyword score contribution is preserved, while keyword matches are recalculated on text_content with word boundaries."
970,970,github,4965722394,2026-09-29 00:16:11.975536+00,4000,rce|security,30,45,15,high,security,5,20,medium,sí,sí,no,rce,,-25,"Population-level REV46 recalculation isolating keyword matching: original non-keyword score contribution is preserved, while keyword matches are recalculated on text_content with word boundaries."
971,971,github,4725323720,2026-09-29 00:16:11.975536+00,4000,rce,25,45,20,high,,0,20,medium,sí,sí,no,rce,,-25,"Population-level REV46 recalculation isolating keyword matching: original non-keyword score contribution is preserved, while keyword matches are recalculated on text_content with word boundaries."
972,972,github,2342244727,2026-09-29 00:16:11.975536+00,4000,rce,25,45,20,high,,0,20,medium,sí,sí,no,rce,,-25,"Population-level REV46 recalculation isolating keyword matching: original non-keyword score contribution is preserved, while keyword matches are recalculated on text_content with word boundaries."
973,973,github,4391793956,2026-09-29 00:16:11.975536+00,4000,rce|security|vulnerability,40,60,20,critical,security|vulnerability,15,35,medium,sí,sí,no,rce,,-25,"Population-level REV46 recalculation isolating keyword matching: original non-keyword score contribution is preserved, while keyword matches are recalculated on text_content with word boundaries."
974,974,github,5518315357,2026-09-29 00:16:11.975536+00,442,,0,5,5,low,,0,5,low,no,no,no,,,0,"Population-level REV46 recalculation isolating keyword matching: original non-keyword score contribution is preserved, while keyword matches are recalculated on text_content with word boundaries."
975,975,github,1415846726,2026-09-29 00:16:11.975536+00,3975,rce|security|vulnerability,40,45,5,high,security|vulnerability,15,20,medium,sí,sí,no,rce,,-25,"Population-level REV46 recalculation isolating keyword matching: original non-keyword score contribution is preserved, while keyword matches are recalculated on text_content with word boundaries."
976,976,github,2886433639,2026-09-29 00:16:11.975536+00,3998,rce|security|vulnerability,40,45,5,high,security|vulnerability,15,20,medium,sí,sí,no,rce,,-25,"Population-level REV46 recalculation isolating keyword matching: original non-keyword score contribution is preserved, while keyword matches are recalculated on text_content with word boundaries."
977,977,github,3596085203,2026-09-29 00:16:11.975536+00,3998,rce|security|vulnerability,40,45,5,high,security|vulnerability,15,20,medium,sí,sí,no,rce,,-25,"Population-level REV46 recalculation isolating keyword matching: original non-keyword score contribution is preserved, while keyword matches are recalculated on text_content with word boundaries."
978,978,github,2742818856,2026-09-29 00:16:11.975536+00,3049,rce|vulnerability,35,55,20,high,vulnerability,10,30,medium,sí,sí,no,rce,,-25,"Population-level REV46 recalculation isolating keyword matching: original non-keyword score contribution is preserved, while keyword matches are recalculated on text_content with word boundaries."
979,979,github,4888620753,2026-09-29 00:16:11.975536+00,4000,rce,25,45,20,high,,0,20,medium,sí,sí,no,rce,,-25,"Population-level REV46 recalculation isolating keyword matching: original non-keyword score contribution is preserved, while keyword matches are recalculated on text_content with word boundaries."
980,980,github,5623054302,2026-09-29 00:16:11.975536+00,4000,cve-|attack|security|vulnerability,45,50,5,high,cve-|attack|security|vulnerability,45,50,high,no,sí,sí,,,0,"Population-level REV46 recalculation isolating keyword matching: original non-keyword score contribution is preserved, while keyword matches are recalculated on text_content with word boundaries."
981,981,github,3195921440,2026-09-29 00:16:11.975536+00,4000,rce|vulnerability,35,55,20,high,vulnerability,10,30,medium,sí,sí,no,rce,,-25,"Population-level REV46 recalculation isolating keyword matching: original non-keyword score contribution is preserved, while keyword matches are recalculated on text_content with word boundaries."
982,982,github,5600358624,2026-09-29 00:16:11.975536+00,1202,rce|security,30,40,10,high,security,5,15,low,sí,sí,no,rce,,-25,"Population-level REV46 recalculation isolating keyword matching: original non-keyword score contribution is preserved, while keyword matches are recalculated on text_content with word boundaries."
983,983,github,1465338970,2026-09-29 00:16:11.975536+00,3998,rce|security|vulnerability,40,45,5,high,security|vulnerability,15,20,medium,sí,sí,no,rce,,-25,"Population-level REV46 recalculation isolating keyword matching: original non-keyword score contribution is preserved, while keyword matches are recalculated on text_content with word boundaries."
984,984,github,4923175904,2026-09-29 00:16:11.975536+00,4000,security,5,30,25,medium,security,5,30,medium,no,no,no,,,0,"Population-level REV46 recalculation isolating keyword matching: original non-keyword score contribution is preserved, while keyword matches are recalculated on text_content with word boundaries."
985,985,github,3801061810,2026-09-29 00:16:11.975536+00,3998,rce|security|vulnerability,40,60,20,critical,security|vulnerability,15,35,medium,sí,sí,no,rce,,-25,"Population-level REV46 recalculation isolating keyword matching: original non-keyword score contribution is preserved, while keyword matches are recalculated on text_content with word boundaries."
986,986,github,2960640971,2026-09-29 00:16:11.975536+00,3998,rce|security|vulnerability,40,60,20,critical,security|vulnerability,15,35,medium,sí,sí,no,rce,,-25,"Population-level REV46 recalculation isolating keyword matching: original non-keyword score contribution is preserved, while keyword matches are recalculated on text_content with word boundaries."
987,987,github,3504298758,2026-09-29 00:16:11.975536+00,2252,,0,5,5,low,,0,5,low,no,no,no,,,0,"Population-level REV46 recalculation isolating keyword matching: original non-keyword score contribution is preserved, while keyword matches are recalculated on text_content with word boundaries."
988,988,github,5397063110,2026-09-29 00:16:11.975536+00,4000,rce,25,50,25,high,,0,25,medium,sí,sí,no,rce,,-25,"Population-level REV46 recalculation isolating keyword matching: original non-keyword score contribution is preserved, while keyword matches are recalculated on text_content with word boundaries."
989,989,github,3180616123,2026-09-29 00:16:11.975536+00,3622,rce|vulnerability,35,55,20,high,vulnerability,10,30,medium,sí,sí,no,rce,,-25,"Population-level REV46 recalculation isolating keyword matching: original non-keyword score contribution is preserved, while keyword matches are recalculated on text_content with word boundaries."
990,990,github,4981975271,2026-09-29 00:16:11.975536+00,3998,rce|security|vulnerability,40,45,5,high,security|vulnerability,15,20,medium,sí,sí,no,rce,,-25,"Population-level REV46 recalculation isolating keyword matching: original non-keyword score contribution is preserved, while keyword matches are recalculated on text_content with word boundaries."
991,991,github,5560546823,2026-09-29 00:16:11.975536+00,4000,,0,30,30,medium,,0,30,medium,no,no,no,,,0,"Population-level REV46 recalculation isolating keyword matching: original non-keyword score contribution is preserved, while keyword matches are recalculated on text_content with word boundaries."
992,992,github,1029741898,2026-09-29 00:16:11.975536+00,3998,rce|security|vulnerability,40,60,20,critical,security|vulnerability,15,35,medium,sí,sí,no,rce,,-25,"Population-level REV46 recalculation isolating keyword matching: original non-keyword score contribution is preserved, while keyword matches are recalculated on text_content with word boundaries."
993,993,github,1071109211,2026-09-29 00:31:15.032696+00,3998,rce,25,30,5,medium,,0,5,low,sí,no,no,rce,,-25,"Population-level REV46 recalculation isolating keyword matching: original non-keyword score contribution is preserved, while keyword matches are recalculated on text_content with word boundaries."
994,994,github,4282633332,2026-09-29 00:31:15.032696+00,4000,rce|cve-|vulnerability,55,75,20,critical,cve-|vulnerability,30,50,high,sí,sí,sí,rce,,-25,"Population-level REV46 recalculation isolating keyword matching: original non-keyword score contribution is preserved, while keyword matches are recalculated on text_content with word boundaries."
995,995,github,5623184563,2026-09-29 00:31:15.032696+00,814,cve-|security,25,30,5,medium,cve-|security,25,30,medium,no,no,no,,,0,"Population-level REV46 recalculation isolating keyword matching: original non-keyword score contribution is preserved, while keyword matches are recalculated on text_content with word boundaries."
996,996,github,4886075279,2026-09-29 00:31:15.032696+00,4000,rce|exploit|cve-|attack|vulnerability,85,100,15,critical,cve-|attack|vulnerability,40,55,high,sí,sí,sí,rce|exploit,,-45,"Population-level REV46 recalculation isolating keyword matching: original non-keyword score contribution is preserved, while keyword matches are recalculated on text_content with word boundaries."
997,997,github,4033992082,2026-09-29 00:31:15.032696+00,4000,rce|exploit|cve-|attack|vulnerability,85,100,15,critical,cve-|attack|vulnerability,40,55,high,sí,sí,sí,rce|exploit,,-45,"Population-level REV46 recalculation isolating keyword matching: original non-keyword score contribution is preserved, while keyword matches are recalculated on text_content with word boundaries."
998,998,github,3993520323,2026-09-29 00:31:15.032696+00,4000,rce|cve-|vulnerability,55,75,20,critical,cve-|vulnerability,30,50,high,sí,sí,sí,rce,,-25,"Population-level REV46 recalculation isolating keyword matching: original non-keyword score contribution is preserved, while keyword matches are recalculated on text_content with word boundaries."
999,999,github,3918821535,2026-09-29 00:31:15.032696+00,4000,rce|cve-|vulnerability,55,75,20,critical,cve-|vulnerability,30,50,high,sí,sí,sí,rce,,-25,"Population-level REV46 recalculation isolating keyword matching: original non-keyword score contribution is preserved, while keyword matches are recalculated on text_content with word boundaries."
1000,1000,github,982560165,2026-09-29 00:31:15.032696+00,3998,rce|security|vulnerability,40,45,5,high,security|vulnerability,15,20,medium,sí,sí,no,rce,,-25,"Population-level REV46 recalculation isolating keyword matching: original non-keyword score contribution is preserved, while keyword matches are recalculated on text_content with word boundaries."
1001,1001,github,3072855664,2026-09-29 00:31:15.032696+00,3998,rce|security|vulnerability,40,45,5,high,security|vulnerability,15,20,medium,sí,sí,no,rce,,-25,"Population-level REV46 recalculation isolating keyword matching: original non-keyword score contribution is preserved, while keyword matches are recalculated on text_content with word boundaries."
1002,1002,github,3955300673,2026-09-29 00:31:15.032696+00,4000,rce|cve-|vulnerability,55,75,20,critical,cve-|vulnerability,30,50,high,sí,sí,sí,rce,,-25,"Population-level REV46 recalculation isolating keyword matching: original non-keyword score contribution is preserved, while keyword matches are recalculated on text_content with word boundaries."
1003,1003,github,4661470732,2026-09-29 00:31:15.032696+00,3996,rce|security,30,35,5,medium,,0,5,low,sí,no,no,rce|security,,-30,"Population-level REV46 recalculation isolating keyword matching: original non-keyword score contribution is preserved, while keyword matches are recalculated on text_content with word boundaries."
1004,1004,github,3285756181,2026-09-29 00:31:15.032696+00,3996,apt,25,30,5,medium,,0,5,low,sí,no,no,apt,,-25,"Population-level REV46 recalculation isolating keyword matching: original non-keyword score contribution is preserved, while keyword matches are recalculated on text_content with word boundaries."
1005,1005,github,5054596220,2026-09-29 00:31:15.032696+00,4000,rce|security,30,40,10,high,security,5,15,low,sí,sí,no,rce,,-25,"Population-level REV46 recalculation isolating keyword matching: original non-keyword score contribution is preserved, while keyword matches are recalculated on text_content with word boundaries."
1006,1006,github,982577504,2026-09-29 00:31:15.032696+00,3998,rce|security|vulnerability,40,45,5,high,security|vulnerability,15,20,medium,sí,sí,no,rce,,-25,"Population-level REV46 recalculation isolating keyword matching: original non-keyword score contribution is preserved, while keyword matches are recalculated on text_content with word boundaries."
1007,1007,github,2858469744,2026-09-29 00:31:15.032696+00,4000,rce,25,30,5,medium,,0,5,low,sí,no,no,rce,,-25,"Population-level REV46 recalculation isolating keyword matching: original non-keyword score contribution is preserved, while keyword matches are recalculated on text_content with word boundaries."
1008,1008,github,3770040218,2026-09-29 00:31:15.032696+00,3450,rce|security|vulnerability,40,45,5,high,security|vulnerability,15,20,medium,sí,sí,no,rce,,-25,"Population-level REV46 recalculation isolating keyword matching: original non-keyword score contribution is preserved, while keyword matches are recalculated on text_content with word boundaries."
1009,1009,github,3696845074,2026-09-29 00:31:15.032696+00,4000,rce|security|vulnerability,40,60,20,critical,security|vulnerability,15,35,medium,sí,sí,no,rce,,-25,"Population-level REV46 recalculation isolating keyword matching: original non-keyword score contribution is preserved, while keyword matches are recalculated on text_content with word boundaries."
1010,1010,github,1029632457,2026-09-29 00:31:15.032696+00,4000,rce,25,30,5,medium,,0,5,low,sí,no,no,rce,,-25,"Population-level REV46 recalculation isolating keyword matching: original non-keyword score contribution is preserved, while keyword matches are recalculated on text_content with word boundaries."
1011,1011,github,1261608098,2026-09-29 00:31:15.032696+00,4000,rce|exploit|cve-|vulnerability,75,95,20,critical,exploit|cve-|vulnerability,50,70,critical,no,sí,sí,rce,,-25,"Population-level REV46 recalculation isolating keyword matching: original non-keyword score contribution is preserved, while keyword matches are recalculated on text_content with word boundaries."
1012,1012,github,2267104474,2026-09-29 00:31:15.032696+00,3998,rce,25,45,20,high,,0,20,medium,sí,sí,no,rce,,-25,"Population-level REV46 recalculation isolating keyword matching: original non-keyword score contribution is preserved, while keyword matches are recalculated on text_content with word boundaries."
1013,1013,github,5083419428,2026-09-29 00:31:15.032696+00,4000,rce|security|vulnerability,40,60,20,critical,security|vulnerability,15,35,medium,sí,sí,no,rce,,-25,"Population-level REV46 recalculation isolating keyword matching: original non-keyword score contribution is preserved, while keyword matches are recalculated on text_content with word boundaries."
1014,1014,github,5623136795,2026-09-29 00:31:15.032696+00,4000,,0,20,20,medium,,0,20,medium,no,no,no,,,0,"Population-level REV46 recalculation isolating keyword matching: original non-keyword score contribution is preserved, while keyword matches are recalculated on text_content with word boundaries."
1015,1015,github,1261608010,2026-09-29 00:31:15.032696+00,4000,rce|exploit|cve-|vulnerability,75,95,20,critical,exploit|cve-|vulnerability,50,70,critical,no,sí,sí,rce,,-25,"Population-level REV46 recalculation isolating keyword matching: original non-keyword score contribution is preserved, while keyword matches are recalculated on text_content with word boundaries."
1016,1016,github,1465654844,2026-09-29 00:31:15.032696+00,4000,rce|exploit|cve-|vulnerability,75,95,20,critical,exploit|cve-|vulnerability,50,70,critical,no,sí,sí,rce,,-25,"Population-level REV46 recalculation isolating keyword matching: original non-keyword score contribution is preserved, while keyword matches are recalculated on text_content with word boundaries."
1017,1017,github,1261607883,2026-09-29 00:31:15.032696+00,4000,rce|exploit|cve-|vulnerability,75,95,20,critical,exploit|cve-|vulnerability,50,70,critical,no,sí,sí,rce,,-25,"Population-level REV46 recalculation isolating keyword matching: original non-keyword score contribution is preserved, while keyword matches are recalculated on text_content with word boundaries."
1018,1018,github,1261607805,2026-09-29 00:31:15.032696+00,4000,rce|exploit|cve-|vulnerability,75,95,20,critical,exploit|cve-|vulnerability,50,70,critical,no,sí,sí,rce,,-25,"Population-level REV46 recalculation isolating keyword matching: original non-keyword score contribution is preserved, while keyword matches are recalculated on text_content with word boundaries."
1019,1019,github,3819713622,2026-09-29 00:31:15.032696+00,4000,rce|security|vulnerability,40,45,5,high,security|vulnerability,15,20,medium,sí,sí,no,rce,,-25,"Population-level REV46 recalculation isolating keyword matching: original non-keyword score contribution is preserved, while keyword matches are recalculated on text_content with word boundaries."
1020,1020,github,1261607718,2026-09-29 00:31:15.032696+00,4000,rce|exploit|cve-|vulnerability,75,95,20,critical,exploit|cve-|vulnerability,50,70,critical,no,sí,sí,rce,,-25,"Population-level REV46 recalculation isolating keyword matching: original non-keyword score contribution is preserved, while keyword matches are recalculated on text_content with word boundaries."
1021,1021,github,1455768435,2026-09-29 00:31:15.032696+00,4000,rce|exploit|cve-|vulnerability,75,95,20,critical,exploit|cve-|vulnerability,50,70,critical,no,sí,sí,rce,,-25,"Population-level REV46 recalculation isolating keyword matching: original non-keyword score contribution is preserved, while keyword matches are recalculated on text_content with word boundaries."
1022,1022,github,1261607471,2026-09-29 00:31:15.032696+00,4000,rce|exploit|cve-|vulnerability,75,95,20,critical,exploit|cve-|vulnerability,50,70,critical,no,sí,sí,rce,,-25,"Population-level REV46 recalculation isolating keyword matching: original non-keyword score contribution is preserved, while keyword matches are recalculated on text_content with word boundaries."
1023,1023,github,5621402561,2026-09-29 00:31:15.032696+00,2117,exploit|vulnerability,30,35,5,medium,vulnerability,10,15,low,sí,no,no,exploit,,-20,"Population-level REV46 recalculation isolating keyword matching: original non-keyword score contribution is preserved, while keyword matches are recalculated on text_content with word boundaries."
1024,1024,github,1029704385,2026-09-29 00:31:15.032696+00,3998,rce,25,30,5,medium,,0,5,low,sí,no,no,rce,,-25,"Population-level REV46 recalculation isolating keyword matching: original non-keyword score contribution is preserved, while keyword matches are recalculated on text_content with word boundaries."
1025,1025,github,1261608055,2026-09-29 00:31:15.032696+00,4000,rce|exploit|cve-|vulnerability,75,95,20,critical,exploit|cve-|vulnerability,50,70,critical,no,sí,sí,rce,,-25,"Population-level REV46 recalculation isolating keyword matching: original non-keyword score contribution is preserved, while keyword matches are recalculated on text_content with word boundaries."
1026,1026,github,1261607835,2026-09-29 00:31:15.032696+00,4000,rce|exploit|cve-|attack|vulnerability,85,100,15,critical,exploit|cve-|vulnerability,50,65,critical,no,sí,sí,rce|attack,,-35,"Population-level REV46 recalculation isolating keyword matching: original non-keyword score contribution is preserved, while keyword matches are recalculated on text_content with word boundaries."
1027,1027,github,4902484212,2026-09-29 00:31:15.032696+00,4000,rce|cve-|vulnerability,55,75,20,critical,cve-|vulnerability,30,50,high,sí,sí,sí,rce,,-25,"Population-level REV46 recalculation isolating keyword matching: original non-keyword score contribution is preserved, while keyword matches are recalculated on text_content with word boundaries."
1028,1028,github,2403110070,2026-09-29 00:31:15.032696+00,3998,rce,25,30,5,medium,,0,5,low,sí,no,no,rce,,-25,"Population-level REV46 recalculation isolating keyword matching: original non-keyword score contribution is preserved, while keyword matches are recalculated on text_content with word boundaries."
1029,1029,github,5621404912,2026-09-29 00:31:15.032696+00,1900,exploit,20,40,20,high,,0,20,medium,sí,sí,no,exploit,,-20,"Population-level REV46 recalculation isolating keyword matching: original non-keyword score contribution is preserved, while keyword matches are recalculated on text_content with word boundaries."
1030,1030,github,3843004376,2026-09-29 00:31:15.032696+00,4000,rce|exploit|cve-|attack|threat|vulnerability,95,100,5,critical,exploit|cve-|threat|vulnerability,60,65,critical,no,sí,sí,rce|attack,,-35,"Population-level REV46 recalculation isolating keyword matching: original non-keyword score contribution is preserved, while keyword matches are recalculated on text_content with word boundaries."
1031,1031,github,1307220582,2026-09-29 00:31:15.032696+00,4000,rce|exploit|cve-|vulnerability,75,95,20,critical,exploit|cve-|vulnerability,50,70,critical,no,sí,sí,rce,,-25,"Population-level REV46 recalculation isolating keyword matching: original non-keyword score contribution is preserved, while keyword matches are recalculated on text_content with word boundaries."
1032,1032,github,4492439368,2026-09-29 00:31:15.032696+00,4000,rce|cve-|vulnerability,55,75,20,critical,cve-|vulnerability,30,50,high,sí,sí,sí,rce,,-25,"Population-level REV46 recalculation isolating keyword matching: original non-keyword score contribution is preserved, while keyword matches are recalculated on text_content with word boundaries."
1033,1033,github,2378031624,2026-09-29 00:46:05.624358+00,2150,vulnerability,10,30,20,medium,vulnerability,10,30,medium,no,no,no,,,0,"Population-level REV46 recalculation isolating keyword matching: original non-keyword score contribution is preserved, while keyword matches are recalculated on text_content with word boundaries."
1034,1034,github,5592036805,2026-09-29 00:46:05.624358+00,2093,apt|rce|exploit|security,75,80,5,critical,exploit|security,25,30,medium,sí,sí,no,apt|rce,,-50,"Population-level REV46 recalculation isolating keyword matching: original non-keyword score contribution is preserved, while keyword matches are recalculated on text_content with word boundaries."
1035,1035,github,3779810245,2026-09-29 00:46:05.624358+00,4000,rce,25,30,5,medium,,0,5,low,sí,no,no,rce,,-25,"Population-level REV46 recalculation isolating keyword matching: original non-keyword score contribution is preserved, while keyword matches are recalculated on text_content with word boundaries."
1036,1036,github,3935297819,2026-09-29 00:46:05.624358+00,3998,rce|security|vulnerability,40,45,5,high,security|vulnerability,15,20,medium,sí,sí,no,rce,,-25,"Population-level REV46 recalculation isolating keyword matching: original non-keyword score contribution is preserved, while keyword matches are recalculated on text_content with word boundaries."
1037,1037,github,5561717392,2026-09-29 00:46:05.624358+00,4000,apt|rce|security,55,80,25,critical,security,5,30,medium,sí,sí,no,apt|rce,,-50,"Population-level REV46 recalculation isolating keyword matching: original non-keyword score contribution is preserved, while keyword matches are recalculated on text_content with word boundaries."
1038,1038,github,1870240721,2026-09-29 00:46:05.624358+00,4000,rce|cve-|vulnerability,55,75,20,critical,cve-|vulnerability,30,50,high,sí,sí,sí,rce,,-25,"Population-level REV46 recalculation isolating keyword matching: original non-keyword score contribution is preserved, while keyword matches are recalculated on text_content with word boundaries."
1039,1039,github,5362708777,2026-09-29 00:46:05.624358+00,3996,rce|security|vulnerability,40,45,5,high,security|vulnerability,15,20,medium,sí,sí,no,rce,,-25,"Population-level REV46 recalculation isolating keyword matching: original non-keyword score contribution is preserved, while keyword matches are recalculated on text_content with word boundaries."
1040,1040,github,4488250969,2026-09-29 00:46:05.624358+00,3998,rce,25,30,5,medium,,0,5,low,sí,no,no,rce,,-25,"Population-level REV46 recalculation isolating keyword matching: original non-keyword score contribution is preserved, while keyword matches are recalculated on text_content with word boundaries."
1041,1041,github,1870240134,2026-09-29 00:46:05.624358+00,4000,rce|cve-|vulnerability,55,75,20,critical,cve-|vulnerability,30,50,high,sí,sí,sí,rce,,-25,"Population-level REV46 recalculation isolating keyword matching: original non-keyword score contribution is preserved, while keyword matches are recalculated on text_content with word boundaries."
1042,1042,github,5232857715,2026-09-29 00:46:05.624358+00,2069,exploit,20,25,5,medium,,0,5,low,sí,no,no,exploit,,-20,"Population-level REV46 recalculation isolating keyword matching: original non-keyword score contribution is preserved, while keyword matches are recalculated on text_content with word boundaries."
1043,1043,github,5605057719,2026-09-29 00:46:05.624358+00,4000,rce|cve-|vulnerability,55,75,20,critical,cve-|vulnerability,30,50,high,sí,sí,sí,rce,,-25,"Population-level REV46 recalculation isolating keyword matching: original non-keyword score contribution is preserved, while keyword matches are recalculated on text_content with word boundaries."
1044,1044,github,5605057196,2026-09-29 00:46:05.624358+00,4000,rce|cve-|vulnerability,55,75,20,critical,cve-|vulnerability,30,50,high,sí,sí,sí,rce,,-25,"Population-level REV46 recalculation isolating keyword matching: original non-keyword score contribution is preserved, while keyword matches are recalculated on text_content with word boundaries."
1045,1045,github,5585139451,2026-09-29 00:46:05.624358+00,4000,apt|rce|exploit,70,95,25,critical,,0,25,medium,sí,sí,no,apt|rce|exploit,,-70,"Population-level REV46 recalculation isolating keyword matching: original non-keyword score contribution is preserved, while keyword matches are recalculated on text_content with word boundaries."
1046,1046,github,1382961216,2026-09-29 00:46:05.624358+00,4000,rce,25,30,5,medium,,0,5,low,sí,no,no,rce,,-25,"Population-level REV46 recalculation isolating keyword matching: original non-keyword score contribution is preserved, while keyword matches are recalculated on text_content with word boundaries."
1047,1047,github,5597188063,2026-09-29 00:46:05.624358+00,1588,rce|exploit,45,65,20,critical,exploit,20,40,high,sí,sí,sí,rce,,-25,"Population-level REV46 recalculation isolating keyword matching: original non-keyword score contribution is preserved, while keyword matches are recalculated on text_content with word boundaries."
1048,1048,github,5605057048,2026-09-29 00:46:05.624358+00,4000,rce|cve-|attack|vulnerability,65,85,20,critical,cve-|vulnerability,30,50,high,sí,sí,sí,rce|attack,,-35,"Population-level REV46 recalculation isolating keyword matching: original non-keyword score contribution is preserved, while keyword matches are recalculated on text_content with word boundaries."
1049,1049,github,5597186985,2026-09-29 00:46:05.624358+00,1116,rce|exploit|cve-|vulnerability,75,95,20,critical,exploit|cve-|vulnerability,50,70,critical,no,sí,sí,rce,,-25,"Population-level REV46 recalculation isolating keyword matching: original non-keyword score contribution is preserved, while keyword matches are recalculated on text_content with word boundaries."
1050,1050,github,5605056889,2026-09-29 00:46:05.624358+00,4000,rce|cve-|vulnerability,55,75,20,critical,cve-|vulnerability,30,50,high,sí,sí,sí,rce,,-25,"Population-level REV46 recalculation isolating keyword matching: original non-keyword score contribution is preserved, while keyword matches are recalculated on text_content with word boundaries."
1051,1051,github,3728316937,2026-09-29 00:46:05.624358+00,2960,rce,25,30,5,medium,,0,5,low,sí,no,no,rce,,-25,"Population-level REV46 recalculation isolating keyword matching: original non-keyword score contribution is preserved, while keyword matches are recalculated on text_content with word boundaries."
1052,1052,github,5449964959,2026-09-29 00:46:05.624358+00,4000,rce|cve-|vulnerability,55,75,20,critical,cve-|vulnerability,30,50,high,sí,sí,sí,rce,,-25,"Population-level REV46 recalculation isolating keyword matching: original non-keyword score contribution is preserved, while keyword matches are recalculated on text_content with word boundaries."
1053,1053,github,5582174665,2026-09-29 00:46:05.624358+00,1315,security,5,25,20,medium,security,5,25,medium,no,no,no,,,0,"Population-level REV46 recalculation isolating keyword matching: original non-keyword score contribution is preserved, while keyword matches are recalculated on text_content with word boundaries."
1054,1054,github,5621098135,2026-09-29 00:46:05.624358+00,4000,rce|vulnerability,35,40,5,high,vulnerability,10,15,low,sí,sí,no,rce,,-25,"Population-level REV46 recalculation isolating keyword matching: original non-keyword score contribution is preserved, while keyword matches are recalculated on text_content with word boundaries."
1055,1055,github,5324215723,2026-09-29 00:46:05.624358+00,4000,rce|cve-|vulnerability,55,75,20,critical,cve-|vulnerability,30,50,high,sí,sí,sí,rce,,-25,"Population-level REV46 recalculation isolating keyword matching: original non-keyword score contribution is preserved, while keyword matches are recalculated on text_content with word boundaries."
1056,1056,github,5246822874,2026-09-29 00:46:05.624358+00,4000,rce|cve-|vulnerability,55,75,20,critical,cve-|vulnerability,30,50,high,sí,sí,sí,rce,,-25,"Population-level REV46 recalculation isolating keyword matching: original non-keyword score contribution is preserved, while keyword matches are recalculated on text_content with word boundaries."
1057,1057,github,5623298447,2026-09-29 00:46:05.624358+00,21,malware,20,25,5,medium,malware,20,25,medium,no,no,no,,,0,"Population-level REV46 recalculation isolating keyword matching: original non-keyword score contribution is preserved, while keyword matches are recalculated on text_content with word boundaries."
1058,1058,github,5605057368,2026-09-29 00:46:05.624358+00,2599,rce|exploit|cve-|attack|security|vulnerability,90,100,10,critical,cve-|attack|security|vulnerability,45,55,high,sí,sí,sí,rce|exploit,,-45,"Population-level REV46 recalculation isolating keyword matching: original non-keyword score contribution is preserved, while keyword matches are recalculated on text_content with word boundaries."
1059,1059,github,4732374316,2026-09-29 00:46:05.624358+00,4000,rce|cve-|vulnerability,55,75,20,critical,cve-|vulnerability,30,50,high,sí,sí,sí,rce,,-25,"Population-level REV46 recalculation isolating keyword matching: original non-keyword score contribution is preserved, while keyword matches are recalculated on text_content with word boundaries."
1060,1060,github,5312059648,2026-09-29 00:46:05.624358+00,4000,rce|cve-|vulnerability,55,75,20,critical,cve-|vulnerability,30,50,high,sí,sí,sí,rce,,-25,"Population-level REV46 recalculation isolating keyword matching: original non-keyword score contribution is preserved, while keyword matches are recalculated on text_content with word boundaries."
1061,1061,github,4446335312,2026-09-29 00:46:05.624358+00,4000,rce|cve-|vulnerability,55,75,20,critical,cve-|vulnerability,30,50,high,sí,sí,sí,rce,,-25,"Population-level REV46 recalculation isolating keyword matching: original non-keyword score contribution is preserved, while keyword matches are recalculated on text_content with word boundaries."
1062,1062,github,1065308960,2026-09-29 00:46:05.624358+00,4000,rce,25,30,5,medium,,0,5,low,sí,no,no,rce,,-25,"Population-level REV46 recalculation isolating keyword matching: original non-keyword score contribution is preserved, while keyword matches are recalculated on text_content with word boundaries."
1063,1063,github,4446335120,2026-09-29 00:46:05.624358+00,4000,rce|cve-|vulnerability,55,75,20,critical,cve-|vulnerability,30,50,high,sí,sí,sí,rce,,-25,"Population-level REV46 recalculation isolating keyword matching: original non-keyword score contribution is preserved, while keyword matches are recalculated on text_content with word boundaries."
1064,1064,github,1382229076,2026-09-29 00:46:05.624358+00,4000,rce,25,30,5,medium,,0,5,low,sí,no,no,rce,,-25,"Population-level REV46 recalculation isolating keyword matching: original non-keyword score contribution is preserved, while keyword matches are recalculated on text_content with word boundaries."
1065,1065,github,2958848062,2026-09-29 00:46:05.624358+00,4000,rce|cve-|vulnerability,55,75,20,critical,cve-|vulnerability,30,50,high,sí,sí,sí,rce,,-25,"Population-level REV46 recalculation isolating keyword matching: original non-keyword score contribution is preserved, while keyword matches are recalculated on text_content with word boundaries."
1066,1066,github,5596655546,2026-09-29 00:46:05.624358+00,3640,cve-,20,25,5,medium,cve-,20,25,medium,no,no,no,,,0,"Population-level REV46 recalculation isolating keyword matching: original non-keyword score contribution is preserved, while keyword matches are recalculated on text_content with word boundaries."
1067,1067,github,1182291090,2026-09-29 00:46:05.624358+00,4000,rce,25,30,5,medium,,0,5,low,sí,no,no,rce,,-25,"Population-level REV46 recalculation isolating keyword matching: original non-keyword score contribution is preserved, while keyword matches are recalculated on text_content with word boundaries."
1068,1068,github,1111770000,2026-09-29 00:46:05.624358+00,2451,rce|security|vulnerability,40,45,5,high,security|vulnerability,15,20,medium,sí,sí,no,rce,,-25,"Population-level REV46 recalculation isolating keyword matching: original non-keyword score contribution is preserved, while keyword matches are recalculated on text_content with word boundaries."
1069,1069,github,5483989582,2026-09-29 00:46:05.624358+00,3998,rce,25,30,5,medium,,0,5,low,sí,no,no,rce,,-25,"Population-level REV46 recalculation isolating keyword matching: original non-keyword score contribution is preserved, while keyword matches are recalculated on text_content with word boundaries."
1070,1070,github,5261240491,2026-09-29 00:46:05.624358+00,344,rce,25,50,25,high,,0,25,medium,sí,sí,no,rce,,-25,"Population-level REV46 recalculation isolating keyword matching: original non-keyword score contribution is preserved, while keyword matches are recalculated on text_content with word boundaries."
1071,1071,github,4907094786,2026-09-29 00:46:05.624358+00,4000,rce|security|vulnerability,40,60,20,critical,security|vulnerability,15,35,medium,sí,sí,no,rce,,-25,"Population-level REV46 recalculation isolating keyword matching: original non-keyword score contribution is preserved, while keyword matches are recalculated on text_content with word boundaries."
1072,1072,github,1054411072,2026-09-29 00:46:05.624358+00,4000,rce,25,30,5,medium,,0,5,low,sí,no,no,rce,,-25,"Population-level REV46 recalculation isolating keyword matching: original non-keyword score contribution is preserved, while keyword matches are recalculated on text_content with word boundaries."
1073,1073,github,1388588657,2026-09-29 00:46:05.624358+00,3998,rce|security|vulnerability,40,45,5,high,security|vulnerability,15,20,medium,sí,sí,no,rce,,-25,"Population-level REV46 recalculation isolating keyword matching: original non-keyword score contribution is preserved, while keyword matches are recalculated on text_content with word boundaries."
1074,1074,github,5617816796,2026-09-29 00:46:05.624358+00,1879,rce|vulnerability,35,40,5,high,vulnerability,10,15,low,sí,sí,no,rce,,-25,"Population-level REV46 recalculation isolating keyword matching: original non-keyword score contribution is preserved, while keyword matches are recalculated on text_content with word boundaries."
1075,1075,github,5341355626,2026-09-29 00:46:05.624358+00,4000,apt|rce,50,75,25,critical,,0,25,medium,sí,sí,no,apt|rce,,-50,"Population-level REV46 recalculation isolating keyword matching: original non-keyword score contribution is preserved, while keyword matches are recalculated on text_content with word boundaries."
1076,1076,github,5471833400,2026-09-29 00:46:05.624358+00,4000,rce,25,55,30,high,,0,30,medium,sí,sí,no,rce,,-25,"Population-level REV46 recalculation isolating keyword matching: original non-keyword score contribution is preserved, while keyword matches are recalculated on text_content with word boundaries."
1077,1077,github,2061110239,2026-09-29 00:46:05.624358+00,3998,rce|security|vulnerability,40,45,5,high,security|vulnerability,15,20,medium,sí,sí,no,rce,,-25,"Population-level REV46 recalculation isolating keyword matching: original non-keyword score contribution is preserved, while keyword matches are recalculated on text_content with word boundaries."
1078,1078,hackernews,49886609,2026-09-29 01:01:00.551728+00,75,rce|security,30,35,5,medium,security,5,10,low,sí,no,no,rce,,-25,"Population-level REV46 recalculation isolating keyword matching: original non-keyword score contribution is preserved, while keyword matches are recalculated on text_content with word boundaries."
1079,1079,github,1559460803,2026-09-29 01:01:00.551728+00,4000,rce,25,30,5,medium,,0,5,low,sí,no,no,rce,,-25,"Population-level REV46 recalculation isolating keyword matching: original non-keyword score contribution is preserved, while keyword matches are recalculated on text_content with word boundaries."
1080,1080,github,4221355072,2026-09-29 01:01:00.551728+00,4000,rce|vulnerability,35,40,5,high,vulnerability,10,15,low,sí,sí,no,rce,,-25,"Population-level REV46 recalculation isolating keyword matching: original non-keyword score contribution is preserved, while keyword matches are recalculated on text_content with word boundaries."
1081,1081,github,3048832380,2026-09-29 01:01:00.551728+00,3456,rce|security|vulnerability,40,45,5,high,security|vulnerability,15,20,medium,sí,sí,no,rce,,-25,"Population-level REV46 recalculation isolating keyword matching: original non-keyword score contribution is preserved, while keyword matches are recalculated on text_content with word boundaries."
1082,1082,github,4344307273,2026-09-29 01:01:00.551728+00,3913,attack|security|vulnerability|denial of service,35,55,20,high,security|vulnerability|denial of service,25,45,high,no,sí,sí,attack,,-10,"Population-level REV46 recalculation isolating keyword matching: original non-keyword score contribution is preserved, while keyword matches are recalculated on text_content with word boundaries."
1083,1083,github,5623417401,2026-09-29 01:01:00.551728+00,1453,rce,25,45,20,high,,0,20,medium,sí,sí,no,rce,,-25,"Population-level REV46 recalculation isolating keyword matching: original non-keyword score contribution is preserved, while keyword matches are recalculated on text_content with word boundaries."
1084,1084,github,3094182301,2026-09-29 01:01:00.551728+00,3998,rce,25,30,5,medium,,0,5,low,sí,no,no,rce,,-25,"Population-level REV46 recalculation isolating keyword matching: original non-keyword score contribution is preserved, while keyword matches are recalculated on text_content with word boundaries."
1085,1085,github,3928687999,2026-09-29 01:01:00.551728+00,3588,rce|security,30,35,5,medium,,0,5,low,sí,no,no,rce|security,,-30,"Population-level REV46 recalculation isolating keyword matching: original non-keyword score contribution is preserved, while keyword matches are recalculated on text_content with word boundaries."
1086,1086,github,4777102840,2026-09-29 01:01:00.551728+00,3998,rce|security|vulnerability,40,45,5,high,security|vulnerability,15,20,medium,sí,sí,no,rce,,-25,"Population-level REV46 recalculation isolating keyword matching: original non-keyword score contribution is preserved, while keyword matches are recalculated on text_content with word boundaries."
1087,1087,github,4036252926,2026-09-29 01:01:00.551728+00,4000,rce|security,30,35,5,medium,,0,5,low,sí,no,no,rce|security,,-30,"Population-level REV46 recalculation isolating keyword matching: original non-keyword score contribution is preserved, while keyword matches are recalculated on text_content with word boundaries."
1088,1088,github,2873378813,2026-09-29 01:01:00.551728+00,4000,rce|cve-|vulnerability,55,75,20,critical,cve-|vulnerability,30,50,high,sí,sí,sí,rce,,-25,"Population-level REV46 recalculation isolating keyword matching: original non-keyword score contribution is preserved, while keyword matches are recalculated on text_content with word boundaries."
1089,1089,github,978704829,2026-09-29 01:01:00.551728+00,3998,rce|security|vulnerability,40,45,5,high,security|vulnerability,15,20,medium,sí,sí,no,rce,,-25,"Population-level REV46 recalculation isolating keyword matching: original non-keyword score contribution is preserved, while keyword matches are recalculated on text_content with word boundaries."
1090,1090,github,2873378806,2026-09-29 01:01:00.551728+00,4000,rce|cve-|vulnerability,55,75,20,critical,cve-|vulnerability,30,50,high,sí,sí,sí,rce,,-25,"Population-level REV46 recalculation isolating keyword matching: original non-keyword score contribution is preserved, while keyword matches are recalculated on text_content with word boundaries."
1091,1091,github,4732396224,2026-09-29 01:01:00.551728+00,4000,rce|cve-|vulnerability,55,75,20,critical,cve-|vulnerability,30,50,high,sí,sí,sí,rce,,-25,"Population-level REV46 recalculation isolating keyword matching: original non-keyword score contribution is preserved, while keyword matches are recalculated on text_content with word boundaries."
1092,1092,github,1505549337,2026-09-29 01:01:00.551728+00,4000,rce|cve-|vulnerability,55,75,20,critical,cve-|vulnerability,30,50,high,sí,sí,sí,rce,,-25,"Population-level REV46 recalculation isolating keyword matching: original non-keyword score contribution is preserved, while keyword matches are recalculated on text_content with word boundaries."
1093,1093,github,1782473663,2026-09-29 01:01:00.551728+00,3999,,0,5,5,low,,0,5,low,no,no,no,,,0,"Population-level REV46 recalculation isolating keyword matching: original non-keyword score contribution is preserved, while keyword matches are recalculated on text_content with word boundaries."
1094,1094,github,1215176831,2026-09-29 01:01:00.551728+00,4000,rce,25,45,20,high,,0,20,medium,sí,sí,no,rce,,-25,"Population-level REV46 recalculation isolating keyword matching: original non-keyword score contribution is preserved, while keyword matches are recalculated on text_content with word boundaries."
1095,1095,github,2873378762,2026-09-29 01:01:00.551728+00,4000,rce|cve-|vulnerability,55,75,20,critical,cve-|vulnerability,30,50,high,sí,sí,sí,rce,,-25,"Population-level REV46 recalculation isolating keyword matching: original non-keyword score contribution is preserved, while keyword matches are recalculated on text_content with word boundaries."
1096,1096,github,1354464608,2026-09-29 01:01:00.551728+00,3996,security,5,10,5,low,security,5,10,low,no,no,no,,,0,"Population-level REV46 recalculation isolating keyword matching: original non-keyword score contribution is preserved, while keyword matches are recalculated on text_content with word boundaries."
1097,1097,github,3120771396,2026-09-29 01:01:00.551728+00,4000,security,5,25,20,medium,security,5,25,medium,no,no,no,,,0,"Population-level REV46 recalculation isolating keyword matching: original non-keyword score contribution is preserved, while keyword matches are recalculated on text_content with word boundaries."
1098,1098,github,5594065632,2026-09-29 01:01:00.551728+00,4000,apt|rce,50,55,5,high,,0,5,low,sí,sí,no,apt|rce,,-50,"Population-level REV46 recalculation isolating keyword matching: original non-keyword score contribution is preserved, while keyword matches are recalculated on text_content with word boundaries."
1099,1099,github,3542152091,2026-09-29 01:01:00.551728+00,3998,rce|security|vulnerability,40,60,20,critical,security|vulnerability,15,35,medium,sí,sí,no,rce,,-25,"Population-level REV46 recalculation isolating keyword matching: original non-keyword score contribution is preserved, while keyword matches are recalculated on text_content with word boundaries."
1100,1100,github,5623400327,2026-09-29 01:01:00.551728+00,4000,rce|security,30,35,5,medium,security,5,10,low,sí,no,no,rce,,-25,"Population-level REV46 recalculation isolating keyword matching: original non-keyword score contribution is preserved, while keyword matches are recalculated on text_content with word boundaries."
1101,1101,github,5623412640,2026-09-29 01:01:00.551728+00,4000,rce|security|vulnerability,40,45,5,high,security|vulnerability,15,20,medium,sí,sí,no,rce,,-25,"Population-level REV46 recalculation isolating keyword matching: original non-keyword score contribution is preserved, while keyword matches are recalculated on text_content with word boundaries."
1102,1102,github,5610897122,2026-09-29 01:01:00.551728+00,3822,rce|exploit|attack|security,60,65,5,critical,exploit|security,25,30,medium,sí,sí,no,rce|attack,,-35,"Population-level REV46 recalculation isolating keyword matching: original non-keyword score contribution is preserved, while keyword matches are recalculated on text_content with word boundaries."
1103,1103,github,3902047525,2026-09-29 01:01:00.551728+00,2513,rce|security|vulnerability,40,60,20,critical,security|vulnerability,15,35,medium,sí,sí,no,rce,,-25,"Population-level REV46 recalculation isolating keyword matching: original non-keyword score contribution is preserved, while keyword matches are recalculated on text_content with word boundaries."
1104,1104,github,5623393284,2026-09-29 01:01:00.551728+00,4000,,0,20,20,medium,,0,20,medium,no,no,no,,,0,"Population-level REV46 recalculation isolating keyword matching: original non-keyword score contribution is preserved, while keyword matches are recalculated on text_content with word boundaries."
1105,1105,github,5623306061,2026-09-29 01:01:00.551728+00,4000,exploit|privilege escalation|security,45,65,20,critical,exploit|privilege escalation|security,45,65,critical,no,sí,sí,,,0,"Population-level REV46 recalculation isolating keyword matching: original non-keyword score contribution is preserved, while keyword matches are recalculated on text_content with word boundaries."
1106,1106,github,5623316624,2026-09-29 01:01:00.551728+00,4000,,0,20,20,medium,,0,20,medium,no,no,no,,,0,"Population-level REV46 recalculation isolating keyword matching: original non-keyword score contribution is preserved, while keyword matches are recalculated on text_content with word boundaries."
1107,1107,github,5466402477,2026-09-29 01:01:00.551728+00,4000,vulnerability,10,35,25,medium,vulnerability,10,35,medium,no,no,no,,,0,"Population-level REV46 recalculation isolating keyword matching: original non-keyword score contribution is preserved, while keyword matches are recalculated on text_content with word boundaries."
1108,1108,github,2836519679,2026-09-29 01:01:00.551728+00,4000,rce|vulnerability,35,55,20,high,,0,20,medium,sí,sí,no,rce|vulnerability,,-35,"Population-level REV46 recalculation isolating keyword matching: original non-keyword score contribution is preserved, while keyword matches are recalculated on text_content with word boundaries."
1109,1109,github,5612939836,2026-09-29 01:01:00.551728+00,2841,apt|rce|exploit|attack|security,85,100,15,critical,exploit|security,25,40,high,sí,sí,sí,apt|rce|attack,,-60,"Population-level REV46 recalculation isolating keyword matching: original non-keyword score contribution is preserved, while keyword matches are recalculated on text_content with word boundaries."
1110,1110,github,2377745558,2026-09-29 01:01:00.551728+00,4000,rce|vulnerability,35,40,5,high,vulnerability,10,15,low,sí,sí,no,rce,,-25,"Population-level REV46 recalculation isolating keyword matching: original non-keyword score contribution is preserved, while keyword matches are recalculated on text_content with word boundaries."
1111,1111,github,5618682480,2026-09-29 01:01:00.551728+00,1203,malware,20,25,5,medium,,0,5,low,sí,no,no,malware,,-20,"Population-level REV46 recalculation isolating keyword matching: original non-keyword score contribution is preserved, while keyword matches are recalculated on text_content with word boundaries."
1112,1112,github,5614238158,2026-09-29 01:01:00.551728+00,4000,apt|rce|attack|security,65,85,20,critical,security,5,25,medium,sí,sí,no,apt|rce|attack,,-60,"Population-level REV46 recalculation isolating keyword matching: original non-keyword score contribution is preserved, while keyword matches are recalculated on text_content with word boundaries."
1113,1113,github,5623406190,2026-09-29 01:01:00.551728+00,3016,rce|exploit|cve-|attack|security|vulnerability,90,100,10,critical,cve-|attack|security|vulnerability,45,55,high,sí,sí,sí,rce|exploit,,-45,"Population-level REV46 recalculation isolating keyword matching: original non-keyword score contribution is preserved, while keyword matches are recalculated on text_content with word boundaries."
1114,1114,github,2550824730,2026-09-29 01:01:00.551728+00,3998,rce,25,45,20,high,,0,20,medium,sí,sí,no,rce,,-25,"Population-level REV46 recalculation isolating keyword matching: original non-keyword score contribution is preserved, while keyword matches are recalculated on text_content with word boundaries."
1115,1115,github,4346372334,2026-09-29 01:01:00.551728+00,4000,rce,25,45,20,high,,0,20,medium,sí,sí,no,rce,,-25,"Population-level REV46 recalculation isolating keyword matching: original non-keyword score contribution is preserved, while keyword matches are recalculated on text_content with word boundaries."
1116,1116,github,5614238743,2026-09-29 01:01:00.551728+00,4000,apt|rce|exploit|attack|security,85,100,15,critical,exploit|security,25,40,high,sí,sí,sí,apt|rce|attack,,-60,"Population-level REV46 recalculation isolating keyword matching: original non-keyword score contribution is preserved, while keyword matches are recalculated on text_content with word boundaries."
1117,1117,github,4897258323,2026-09-29 01:01:00.551728+00,4000,rce,25,30,5,medium,,0,5,low,sí,no,no,rce,,-25,"Population-level REV46 recalculation isolating keyword matching: original non-keyword score contribution is preserved, while keyword matches are recalculated on text_content with word boundaries."
1118,1118,github,5563542698,2026-09-29 01:01:00.551728+00,2701,rce|security,30,40,10,high,security,5,15,low,sí,sí,no,rce,,-25,"Population-level REV46 recalculation isolating keyword matching: original non-keyword score contribution is preserved, while keyword matches are recalculated on text_content with word boundaries."
1119,1119,github,5463246534,2026-09-29 01:15:57.672891+00,4000,rce|exploit,45,55,10,high,exploit,20,30,medium,sí,sí,no,rce,,-25,"Population-level REV46 recalculation isolating keyword matching: original non-keyword score contribution is preserved, while keyword matches are recalculated on text_content with word boundaries."
1120,1120,github,2584677277,2026-09-29 01:15:57.672891+00,4000,rce,25,45,20,high,,0,20,medium,sí,sí,no,rce,,-25,"Population-level REV46 recalculation isolating keyword matching: original non-keyword score contribution is preserved, while keyword matches are recalculated on text_content with word boundaries."
1121,1121,github,2441127032,2026-09-29 01:15:57.672891+00,4000,rce,25,30,5,medium,,0,5,low,sí,no,no,rce,,-25,"Population-level REV46 recalculation isolating keyword matching: original non-keyword score contribution is preserved, while keyword matches are recalculated on text_content with word boundaries."
1122,1122,github,3790907105,2026-09-29 01:15:57.672891+00,3998,rce,25,45,20,high,,0,20,medium,sí,sí,no,rce,,-25,"Population-level REV46 recalculation isolating keyword matching: original non-keyword score contribution is preserved, while keyword matches are recalculated on text_content with word boundaries."
1123,1123,github,3687841428,2026-09-29 01:15:57.672891+00,4000,rce|vulnerability,35,40,5,high,vulnerability,10,15,low,sí,sí,no,rce,,-25,"Population-level REV46 recalculation isolating keyword matching: original non-keyword score contribution is preserved, while keyword matches are recalculated on text_content with word boundaries."
1124,1124,github,3429419282,2026-09-29 01:15:57.672891+00,4000,rce|security|vulnerability,40,60,20,critical,security|vulnerability,15,35,medium,sí,sí,no,rce,,-25,"Population-level REV46 recalculation isolating keyword matching: original non-keyword score contribution is preserved, while keyword matches are recalculated on text_content with word boundaries."
1125,1125,github,2641798335,2026-09-29 01:15:57.672891+00,4000,rce|security,30,50,20,high,security,5,25,medium,sí,sí,no,rce,,-25,"Population-level REV46 recalculation isolating keyword matching: original non-keyword score contribution is preserved, while keyword matches are recalculated on text_content with word boundaries."
1126,1126,github,5500141422,2026-09-29 01:15:57.672891+00,2578,rce,25,50,25,high,,0,25,medium,sí,sí,no,rce,,-25,"Population-level REV46 recalculation isolating keyword matching: original non-keyword score contribution is preserved, while keyword matches are recalculated on text_content with word boundaries."
1127,1127,github,5622103933,2026-09-29 01:15:57.672891+00,4000,rce|security,30,35,5,medium,security,5,10,low,sí,no,no,rce,,-25,"Population-level REV46 recalculation isolating keyword matching: original non-keyword score contribution is preserved, while keyword matches are recalculated on text_content with word boundaries."
1128,1128,github,4823059411,2026-09-29 01:15:57.672891+00,3998,rce,25,30,5,medium,,0,5,low,sí,no,no,rce,,-25,"Population-level REV46 recalculation isolating keyword matching: original non-keyword score contribution is preserved, while keyword matches are recalculated on text_content with word boundaries."
1129,1129,github,2143467431,2026-09-29 01:15:57.672891+00,3998,rce|security|vulnerability,40,45,5,high,security|vulnerability,15,20,medium,sí,sí,no,rce,,-25,"Population-level REV46 recalculation isolating keyword matching: original non-keyword score contribution is preserved, while keyword matches are recalculated on text_content with word boundaries."
1130,1130,github,5607266772,2026-09-29 01:15:57.672891+00,2260,rce|exploit|attack|security,60,65,5,critical,security,5,10,low,sí,sí,no,rce|exploit|attack,,-55,"Population-level REV46 recalculation isolating keyword matching: original non-keyword score contribution is preserved, while keyword matches are recalculated on text_content with word boundaries."
1131,1131,github,4138640858,2026-09-29 01:15:57.672891+00,1213,cve-,20,25,5,medium,cve-,20,25,medium,no,no,no,,,0,"Population-level REV46 recalculation isolating keyword matching: original non-keyword score contribution is preserved, while keyword matches are recalculated on text_content with word boundaries."
1132,1132,github,3834457018,2026-09-29 01:15:57.672891+00,4000,rce,25,45,20,high,,0,20,medium,sí,sí,no,rce,,-25,"Population-level REV46 recalculation isolating keyword matching: original non-keyword score contribution is preserved, while keyword matches are recalculated on text_content with word boundaries."
1133,1133,github,5427319899,2026-09-29 01:15:57.672891+00,2947,security,5,25,20,medium,security,5,25,medium,no,no,no,,,0,"Population-level REV46 recalculation isolating keyword matching: original non-keyword score contribution is preserved, while keyword matches are recalculated on text_content with word boundaries."
1134,1134,github,5618965402,2026-09-29 01:15:57.672891+00,3288,rce,25,45,20,high,,0,20,medium,sí,sí,no,rce,,-25,"Population-level REV46 recalculation isolating keyword matching: original non-keyword score contribution is preserved, while keyword matches are recalculated on text_content with word boundaries."
1135,1135,github,5368015547,2026-09-29 01:15:57.672891+00,4000,rce|exploit|security|incident,60,80,20,critical,exploit|security|incident,35,55,high,sí,sí,sí,rce,,-25,"Population-level REV46 recalculation isolating keyword matching: original non-keyword score contribution is preserved, while keyword matches are recalculated on text_content with word boundaries."
1136,1136,github,5532806165,2026-09-29 01:15:57.672891+00,4000,exploit,20,40,20,high,exploit,20,40,high,no,sí,sí,,,0,"Population-level REV46 recalculation isolating keyword matching: original non-keyword score contribution is preserved, while keyword matches are recalculated on text_content with word boundaries."
1137,1137,github,5623510462,2026-09-29 01:15:57.672891+00,1294,data breach|rce|hacked|security,80,85,5,critical,data breach|hacked|security,55,60,critical,no,sí,sí,rce,,-25,"Population-level REV46 recalculation isolating keyword matching: original non-keyword score contribution is preserved, while keyword matches are recalculated on text_content with word boundaries."
1138,1138,github,3768404420,2026-09-29 01:15:57.672891+00,4000,rce|vulnerability,35,40,5,high,vulnerability,10,15,low,sí,sí,no,rce,,-25,"Population-level REV46 recalculation isolating keyword matching: original non-keyword score contribution is preserved, while keyword matches are recalculated on text_content with word boundaries."
1139,1139,github,5623531467,2026-09-29 01:15:57.672891+00,1564,rce|exploit,45,50,5,high,,0,5,low,sí,sí,no,rce|exploit,,-45,"Population-level REV46 recalculation isolating keyword matching: original non-keyword score contribution is preserved, while keyword matches are recalculated on text_content with word boundaries."
1140,1140,github,1738321257,2026-09-29 01:15:57.672891+00,4000,rce,25,45,20,high,,0,20,medium,sí,sí,no,rce,,-25,"Population-level REV46 recalculation isolating keyword matching: original non-keyword score contribution is preserved, while keyword matches are recalculated on text_content with word boundaries."
1141,1141,github,4144012114,2026-09-29 01:15:57.672891+00,4000,rce,25,45,20,high,,0,20,medium,sí,sí,no,rce,,-25,"Population-level REV46 recalculation isolating keyword matching: original non-keyword score contribution is preserved, while keyword matches are recalculated on text_content with word boundaries."
1142,1142,github,3385532761,2026-09-29 01:15:57.672891+00,4000,rce,25,30,5,medium,,0,5,low,sí,no,no,rce,,-25,"Population-level REV46 recalculation isolating keyword matching: original non-keyword score contribution is preserved, while keyword matches are recalculated on text_content with word boundaries."
1143,1143,github,5266059412,2026-09-29 01:15:57.672891+00,3608,rce|security,30,35,5,medium,security,5,10,low,sí,no,no,rce,,-25,"Population-level REV46 recalculation isolating keyword matching: original non-keyword score contribution is preserved, while keyword matches are recalculated on text_content with word boundaries."
1144,1144,github,5226068632,2026-09-29 01:15:57.672891+00,3998,,0,5,5,low,,0,5,low,no,no,no,,,0,"Population-level REV46 recalculation isolating keyword matching: original non-keyword score contribution is preserved, while keyword matches are recalculated on text_content with word boundaries."
1145,1145,github,4324740522,2026-09-29 01:15:57.672891+00,3998,rce,25,30,5,medium,,0,5,low,sí,no,no,rce,,-25,"Population-level REV46 recalculation isolating keyword matching: original non-keyword score contribution is preserved, while keyword matches are recalculated on text_content with word boundaries."
1146,1146,github,5607749595,2026-09-29 01:15:57.672891+00,3051,malware|security,25,30,5,medium,malware|security,25,30,medium,no,no,no,,,0,"Population-level REV46 recalculation isolating keyword matching: original non-keyword score contribution is preserved, while keyword matches are recalculated on text_content with word boundaries."
1147,1147,github,1517663952,2026-09-29 01:15:57.672891+00,4000,rce,25,45,20,high,,0,20,medium,sí,sí,no,rce,,-25,"Population-level REV46 recalculation isolating keyword matching: original non-keyword score contribution is preserved, while keyword matches are recalculated on text_content with word boundaries."
1148,1148,github,5615367904,2026-09-29 01:15:57.672891+00,2134,rce|exploit|security,50,55,5,high,exploit|security,25,30,medium,sí,sí,no,rce,,-25,"Population-level REV46 recalculation isolating keyword matching: original non-keyword score contribution is preserved, while keyword matches are recalculated on text_content with word boundaries."
1149,1149,github,5055652647,2026-09-29 01:15:57.672891+00,4000,apt|rce,50,75,25,critical,,0,25,medium,sí,sí,no,apt|rce,,-50,"Population-level REV46 recalculation isolating keyword matching: original non-keyword score contribution is preserved, while keyword matches are recalculated on text_content with word boundaries."
1150,1150,github,5611852891,2026-09-29 01:15:57.672891+00,921,exploit|security,25,35,10,medium,exploit|security,25,35,medium,no,no,no,,,0,"Population-level REV46 recalculation isolating keyword matching: original non-keyword score contribution is preserved, while keyword matches are recalculated on text_content with word boundaries."
1151,1151,github,2097543785,2026-09-29 01:15:57.672891+00,4000,rce|security|vulnerability,40,45,5,high,security|vulnerability,15,20,medium,sí,sí,no,rce,,-25,"Population-level REV46 recalculation isolating keyword matching: original non-keyword score contribution is preserved, while keyword matches are recalculated on text_content with word boundaries."
1152,1152,github,5520806063,2026-09-29 01:15:57.672891+00,4000,apt|rce,50,65,15,critical,,0,15,low,sí,sí,no,apt|rce,,-50,"Population-level REV46 recalculation isolating keyword matching: original non-keyword score contribution is preserved, while keyword matches are recalculated on text_content with word boundaries."
1153,1153,github,569663864,2026-09-29 01:15:57.672891+00,3998,rce|security|vulnerability,40,45,5,high,security|vulnerability,15,20,medium,sí,sí,no,rce,,-25,"Population-level REV46 recalculation isolating keyword matching: original non-keyword score contribution is preserved, while keyword matches are recalculated on text_content with word boundaries."
1154,1154,github,5560995038,2026-09-29 01:15:57.672891+00,876,security,5,10,5,low,security,5,10,low,no,no,no,,,0,"Population-level REV46 recalculation isolating keyword matching: original non-keyword score contribution is preserved, while keyword matches are recalculated on text_content with word boundaries."
1155,1155,github,5525040669,2026-09-29 01:15:57.672891+00,4000,,0,15,15,low,,0,15,low,no,no,no,,,0,"Population-level REV46 recalculation isolating keyword matching: original non-keyword score contribution is preserved, while keyword matches are recalculated on text_content with word boundaries."
1156,1156,github,2933501188,2026-09-29 01:15:57.672891+00,3998,apt|rce,50,70,20,critical,apt,25,45,high,sí,sí,sí,rce,,-25,"Population-level REV46 recalculation isolating keyword matching: original non-keyword score contribution is preserved, while keyword matches are recalculated on text_content with word boundaries."
1157,1157,github,5602662380,2026-09-29 01:15:57.672891+00,4000,,0,15,15,low,,0,15,low,no,no,no,,,0,"Population-level REV46 recalculation isolating keyword matching: original non-keyword score contribution is preserved, while keyword matches are recalculated on text_content with word boundaries."
1159,1158,github,3809563557,2026-09-29 01:36:58.013436+00,4000,rce|vulnerability,35,40,5,high,vulnerability,10,15,low,sí,sí,no,rce,,-25,"Population-level REV46 recalculation isolating keyword matching: original non-keyword score contribution is preserved, while keyword matches are recalculated on text_content with word boundaries."
1160,1159,github,5607854310,2026-09-29 01:36:58.013436+00,2871,cve-|vulnerability,30,50,20,high,cve-|vulnerability,30,50,high,no,sí,sí,,,0,"Population-level REV46 recalculation isolating keyword matching: original non-keyword score contribution is preserved, while keyword matches are recalculated on text_content with word boundaries."
1161,1160,github,3236540341,2026-09-29 01:36:58.013436+00,4000,rce|security|vulnerability,40,60,20,critical,security|vulnerability,15,35,medium,sí,sí,no,rce,,-25,"Population-level REV46 recalculation isolating keyword matching: original non-keyword score contribution is preserved, while keyword matches are recalculated on text_content with word boundaries."
1162,1161,github,3684649510,2026-09-29 01:36:58.013436+00,3997,rce|security|vulnerability,40,45,5,high,security|vulnerability,15,20,medium,sí,sí,no,rce,,-25,"Population-level REV46 recalculation isolating keyword matching: original non-keyword score contribution is preserved, while keyword matches are recalculated on text_content with word boundaries."
1163,1162,github,5623716367,2026-09-29 01:36:58.013436+00,4000,rce|exploit|security,50,55,5,high,security,5,10,low,sí,sí,no,rce|exploit,,-45,"Population-level REV46 recalculation isolating keyword matching: original non-keyword score contribution is preserved, while keyword matches are recalculated on text_content with word boundaries."
1164,1163,github,5547855194,2026-09-29 01:36:58.013436+00,4000,apt,25,35,10,medium,,0,10,low,sí,no,no,apt,,-25,"Population-level REV46 recalculation isolating keyword matching: original non-keyword score contribution is preserved, while keyword matches are recalculated on text_content with word boundaries."
1165,1164,github,3308526139,2026-09-29 01:36:58.013436+00,3996,apt|rce|security|vulnerability,65,70,5,critical,security|vulnerability,15,20,medium,sí,sí,no,apt|rce,,-50,"Population-level REV46 recalculation isolating keyword matching: original non-keyword score contribution is preserved, while keyword matches are recalculated on text_content with word boundaries."
1166,1165,github,1797699905,2026-09-29 01:36:58.013436+00,3998,rce,25,30,5,medium,,0,5,low,sí,no,no,rce,,-25,"Population-level REV46 recalculation isolating keyword matching: original non-keyword score contribution is preserved, while keyword matches are recalculated on text_content with word boundaries."
1167,1166,github,5590586553,2026-09-29 01:36:58.013436+00,3587,rce|exploit|attack,55,60,5,critical,attack,10,15,low,sí,sí,no,rce|exploit,,-45,"Population-level REV46 recalculation isolating keyword matching: original non-keyword score contribution is preserved, while keyword matches are recalculated on text_content with word boundaries."
1168,1167,github,5623711475,2026-09-29 01:36:58.013436+00,4000,rce|security,30,50,20,high,security,5,25,medium,sí,sí,no,rce,,-25,"Population-level REV46 recalculation isolating keyword matching: original non-keyword score contribution is preserved, while keyword matches are recalculated on text_content with word boundaries."
1169,1168,github,3952829536,2026-09-29 01:36:58.013436+00,3998,rce,25,45,20,high,,0,20,medium,sí,sí,no,rce,,-25,"Population-level REV46 recalculation isolating keyword matching: original non-keyword score contribution is preserved, while keyword matches are recalculated on text_content with word boundaries."
1170,1169,github,3751034003,2026-09-29 01:36:58.013436+00,4000,rce,25,45,20,high,,0,20,medium,sí,sí,no,rce,,-25,"Population-level REV46 recalculation isolating keyword matching: original non-keyword score contribution is preserved, while keyword matches are recalculated on text_content with word boundaries."
1171,1170,github,2132416661,2026-09-29 01:36:58.013436+00,4000,rce,25,30,5,medium,,0,5,low,sí,no,no,rce,,-25,"Population-level REV46 recalculation isolating keyword matching: original non-keyword score contribution is preserved, while keyword matches are recalculated on text_content with word boundaries."
1172,1171,github,2164009823,2026-09-29 01:36:58.013436+00,4000,rce|security|vulnerability,40,60,20,critical,security|vulnerability,15,35,medium,sí,sí,no,rce,,-25,"Population-level REV46 recalculation isolating keyword matching: original non-keyword score contribution is preserved, while keyword matches are recalculated on text_content with word boundaries."
1173,1172,github,5601105179,2026-09-29 01:36:58.013436+00,815,exploit|security,25,35,10,medium,exploit|security,25,35,medium,no,no,no,,,0,"Population-level REV46 recalculation isolating keyword matching: original non-keyword score contribution is preserved, while keyword matches are recalculated on text_content with word boundaries."
1174,1173,github,5081539814,2026-09-29 01:36:58.013436+00,4000,rce|exploit,45,55,10,high,,0,10,low,sí,sí,no,rce|exploit,,-45,"Population-level REV46 recalculation isolating keyword matching: original non-keyword score contribution is preserved, while keyword matches are recalculated on text_content with word boundaries."
1175,1174,github,5589908021,2026-09-29 01:36:58.013436+00,3966,rce|remote code execution|attack,65,70,5,critical,rce|remote code execution,55,60,critical,no,sí,sí,attack,,-10,"Population-level REV46 recalculation isolating keyword matching: original non-keyword score contribution is preserved, while keyword matches are recalculated on text_content with word boundaries."
1176,1175,github,3484996974,2026-09-29 01:36:58.013436+00,3998,rce|security|vulnerability,40,45,5,high,security|vulnerability,15,20,medium,sí,sí,no,rce,,-25,"Population-level REV46 recalculation isolating keyword matching: original non-keyword score contribution is preserved, while keyword matches are recalculated on text_content with word boundaries."
1177,1176,github,982561162,2026-09-29 01:36:58.013436+00,4000,rce|security|vulnerability,40,45,5,high,security|vulnerability,15,20,medium,sí,sí,no,rce,,-25,"Population-level REV46 recalculation isolating keyword matching: original non-keyword score contribution is preserved, while keyword matches are recalculated on text_content with word boundaries."
1178,1177,github,5369482080,2026-09-29 01:36:58.013436+00,4000,rce|security|incident|vulnerability,50,70,20,critical,security|vulnerability,15,35,medium,sí,sí,no,rce|incident,,-35,"Population-level REV46 recalculation isolating keyword matching: original non-keyword score contribution is preserved, while keyword matches are recalculated on text_content with word boundaries."
1179,1178,github,5511257362,2026-09-29 01:36:58.013436+00,4000,rce,25,65,40,critical,,0,40,high,sí,sí,sí,rce,,-25,"Population-level REV46 recalculation isolating keyword matching: original non-keyword score contribution is preserved, while keyword matches are recalculated on text_content with word boundaries."
1180,1179,github,5104299273,2026-09-29 01:36:58.013436+00,3998,rce|security|vulnerability,40,45,5,high,security|vulnerability,15,20,medium,sí,sí,no,rce,,-25,"Population-level REV46 recalculation isolating keyword matching: original non-keyword score contribution is preserved, while keyword matches are recalculated on text_content with word boundaries."
1181,1180,github,3037645901,2026-09-29 01:36:58.013436+00,3998,rce|security|vulnerability,40,45,5,high,security|vulnerability,15,20,medium,sí,sí,no,rce,,-25,"Population-level REV46 recalculation isolating keyword matching: original non-keyword score contribution is preserved, while keyword matches are recalculated on text_content with word boundaries."
1182,1181,github,4672612740,2026-09-29 01:36:58.013436+00,4000,rce|security,30,50,20,high,security,5,25,medium,sí,sí,no,rce,,-25,"Population-level REV46 recalculation isolating keyword matching: original non-keyword score contribution is preserved, while keyword matches are recalculated on text_content with word boundaries."
1183,1182,github,5623211558,2026-09-29 01:36:58.013436+00,4000,exploit,20,40,20,high,,0,20,medium,sí,sí,no,exploit,,-20,"Population-level REV46 recalculation isolating keyword matching: original non-keyword score contribution is preserved, while keyword matches are recalculated on text_content with word boundaries."
1184,1183,github,5623209642,2026-09-29 01:36:58.013436+00,4000,rce|exploit,45,65,20,critical,,0,20,medium,sí,sí,no,rce|exploit,,-45,"Population-level REV46 recalculation isolating keyword matching: original non-keyword score contribution is preserved, while keyword matches are recalculated on text_content with word boundaries."
1185,1184,github,5623207239,2026-09-29 01:36:58.013436+00,4000,rce|exploit|attack,55,60,5,critical,,0,5,low,sí,sí,no,rce|exploit|attack,,-55,"Population-level REV46 recalculation isolating keyword matching: original non-keyword score contribution is preserved, while keyword matches are recalculated on text_content with word boundaries."
1186,1185,github,4265055455,2026-09-29 01:36:58.013436+00,3998,rce|security|vulnerability,40,45,5,high,security|vulnerability,15,20,medium,sí,sí,no,rce,,-25,"Population-level REV46 recalculation isolating keyword matching: original non-keyword score contribution is preserved, while keyword matches are recalculated on text_content with word boundaries."
1187,1186,github,4525458317,2026-09-29 01:36:58.013436+00,4000,,0,40,40,high,,0,40,high,no,sí,sí,,,0,"Population-level REV46 recalculation isolating keyword matching: original non-keyword score contribution is preserved, while keyword matches are recalculated on text_content with word boundaries."
1188,1187,github,4951626429,2026-09-29 01:36:58.013436+00,4000,rce|vulnerability,35,40,5,high,vulnerability,10,15,low,sí,sí,no,rce,,-25,"Population-level REV46 recalculation isolating keyword matching: original non-keyword score contribution is preserved, while keyword matches are recalculated on text_content with word boundaries."
1189,1188,github,4889994353,2026-09-29 01:36:58.013436+00,4000,apt|rce,50,75,25,critical,,0,25,medium,sí,sí,no,apt|rce,,-50,"Population-level REV46 recalculation isolating keyword matching: original non-keyword score contribution is preserved, while keyword matches are recalculated on text_content with word boundaries."
1190,1189,github,4186991115,2026-09-29 01:36:58.013436+00,3998,rce|security,30,50,20,high,security,5,25,medium,sí,sí,no,rce,,-25,"Population-level REV46 recalculation isolating keyword matching: original non-keyword score contribution is preserved, while keyword matches are recalculated on text_content with word boundaries."
1191,1190,github,5514636200,2026-09-29 01:36:58.013436+00,4000,rce|exploit,45,50,5,high,,0,5,low,sí,sí,no,rce|exploit,,-45,"Population-level REV46 recalculation isolating keyword matching: original non-keyword score contribution is preserved, while keyword matches are recalculated on text_content with word boundaries."
1192,1191,github,2357396686,2026-09-29 01:36:58.013436+00,3998,apt|rce|security|vulnerability,65,70,5,critical,security|vulnerability,15,20,medium,sí,sí,no,apt|rce,,-50,"Population-level REV46 recalculation isolating keyword matching: original non-keyword score contribution is preserved, while keyword matches are recalculated on text_content with word boundaries."
1193,1192,github,5623189295,2026-09-29 01:36:58.013436+00,4000,apt|rce|attack|security,65,85,20,critical,security,5,25,medium,sí,sí,no,apt|rce|attack,,-60,"Population-level REV46 recalculation isolating keyword matching: original non-keyword score contribution is preserved, while keyword matches are recalculated on text_content with word boundaries."
1194,1193,github,655107029,2026-09-29 01:36:58.013436+00,3998,rce|security|vulnerability,40,60,20,critical,security|vulnerability,15,35,medium,sí,sí,no,rce,,-25,"Population-level REV46 recalculation isolating keyword matching: original non-keyword score contribution is preserved, while keyword matches are recalculated on text_content with word boundaries."
1195,1194,github,3324102903,2026-09-29 01:36:58.013436+00,3998,rce,25,45,20,high,,0,20,medium,sí,sí,no,rce,,-25,"Population-level REV46 recalculation isolating keyword matching: original non-keyword score contribution is preserved, while keyword matches are recalculated on text_content with word boundaries."
1196,1195,github,5623699692,2026-09-29 01:36:58.013436+00,4000,exploit|backdoor|attack|ataque|security,65,85,20,critical,backdoor|ataque|security,35,55,high,sí,sí,sí,exploit|attack,,-30,"Population-level REV46 recalculation isolating keyword matching: original non-keyword score contribution is preserved, while keyword matches are recalculated on text_content with word boundaries."
1197,1196,github,3034588406,2026-09-29 01:36:58.013436+00,3999,rce,25,30,5,medium,,0,5,low,sí,no,no,rce,,-25,"Population-level REV46 recalculation isolating keyword matching: original non-keyword score contribution is preserved, while keyword matches are recalculated on text_content with word boundaries."
1198,1197,github,3358961385,2026-09-29 01:36:58.013436+00,3997,rce|security|vulnerability,40,60,20,critical,security|vulnerability,15,35,medium,sí,sí,no,rce,,-25,"Population-level REV46 recalculation isolating keyword matching: original non-keyword score contribution is preserved, while keyword matches are recalculated on text_content with word boundaries."
1199,1198,github,3005496591,2026-09-29 01:36:58.013436+00,4000,rce|security|vulnerability,40,60,20,critical,security|vulnerability,15,35,medium,sí,sí,no,rce,,-25,"Population-level REV46 recalculation isolating keyword matching: original non-keyword score contribution is preserved, while keyword matches are recalculated on text_content with word boundaries."
1200,1199,github,4075169779,2026-09-29 01:45:57.677942+00,3998,rce|security|vulnerability,40,45,5,high,security|vulnerability,15,20,medium,sí,sí,no,rce,,-25,"Population-level REV46 recalculation isolating keyword matching: original non-keyword score contribution is preserved, while keyword matches are recalculated on text_content with word boundaries."
1201,1200,github,1160050749,2026-09-29 01:45:57.677942+00,3998,rce|security|vulnerability,40,45,5,high,security|vulnerability,15,20,medium,sí,sí,no,rce,,-25,"Population-level REV46 recalculation isolating keyword matching: original non-keyword score contribution is preserved, while keyword matches are recalculated on text_content with word boundaries."
1202,1201,github,5161123639,2026-09-29 01:45:57.677942+00,1383,cve-|attack|security|vulnerability,45,65,20,critical,cve-|attack|security|vulnerability,45,65,critical,no,sí,sí,,,0,"Population-level REV46 recalculation isolating keyword matching: original non-keyword score contribution is preserved, while keyword matches are recalculated on text_content with word boundaries."
1203,1202,github,5621618335,2026-09-29 01:45:57.677942+00,697,rce|security|vulnerability,40,45,5,high,security|vulnerability,15,20,medium,sí,sí,no,rce,,-25,"Population-level REV46 recalculation isolating keyword matching: original non-keyword score contribution is preserved, while keyword matches are recalculated on text_content with word boundaries."
1204,1203,github,5161123972,2026-09-29 01:45:57.677942+00,1275,cve-|xss|attack|security|vulnerability,60,80,20,critical,cve-|xss|attack|security|vulnerability,60,80,critical,no,sí,sí,,,0,"Population-level REV46 recalculation isolating keyword matching: original non-keyword score contribution is preserved, while keyword matches are recalculated on text_content with word boundaries."
1205,1204,github,2054903843,2026-09-29 01:45:57.677942+00,4000,rce,25,30,5,medium,,0,5,low,sí,no,no,rce,,-25,"Population-level REV46 recalculation isolating keyword matching: original non-keyword score contribution is preserved, while keyword matches are recalculated on text_content with word boundaries."
1206,1205,github,4812259125,2026-09-29 01:45:57.677942+00,458,security,5,15,10,low,security,5,15,low,no,no,no,,,0,"Population-level REV46 recalculation isolating keyword matching: original non-keyword score contribution is preserved, while keyword matches are recalculated on text_content with word boundaries."
1207,1206,github,5623628682,2026-09-29 01:45:57.677942+00,922,rce,25,35,10,medium,,0,10,low,sí,no,no,rce,,-25,"Population-level REV46 recalculation isolating keyword matching: original non-keyword score contribution is preserved, while keyword matches are recalculated on text_content with word boundaries."
1208,1207,github,2669109468,2026-09-29 01:45:57.677942+00,3998,rce|security|vulnerability,40,45,5,high,security|vulnerability,15,20,medium,sí,sí,no,rce,,-25,"Population-level REV46 recalculation isolating keyword matching: original non-keyword score contribution is preserved, while keyword matches are recalculated on text_content with word boundaries."
1209,1208,github,1477203652,2026-09-29 01:45:57.677942+00,3998,rce,25,30,5,medium,,0,5,low,sí,no,no,rce,,-25,"Population-level REV46 recalculation isolating keyword matching: original non-keyword score contribution is preserved, while keyword matches are recalculated on text_content with word boundaries."
1210,1209,github,5320585810,2026-09-29 01:45:57.677942+00,2580,rce|security|vulnerability,40,45,5,high,security|vulnerability,15,20,medium,sí,sí,no,rce,,-25,"Population-level REV46 recalculation isolating keyword matching: original non-keyword score contribution is preserved, while keyword matches are recalculated on text_content with word boundaries."
1211,1210,github,5161123913,2026-09-29 01:45:57.677942+00,1293,cve-|attack|security|vulnerability,45,65,20,critical,cve-|attack|security|vulnerability,45,65,critical,no,sí,sí,,,0,"Population-level REV46 recalculation isolating keyword matching: original non-keyword score contribution is preserved, while keyword matches are recalculated on text_content with word boundaries."
1212,1211,github,3501046667,2026-09-29 01:45:57.677942+00,4000,rce|vulnerability,35,40,5,high,vulnerability,10,15,low,sí,sí,no,rce,,-25,"Population-level REV46 recalculation isolating keyword matching: original non-keyword score contribution is preserved, while keyword matches are recalculated on text_content with word boundaries."
1213,1212,github,5570324638,2026-09-29 01:45:57.677942+00,4000,rce|security|vulnerability,40,45,5,high,security|vulnerability,15,20,medium,sí,sí,no,rce,,-25,"Population-level REV46 recalculation isolating keyword matching: original non-keyword score contribution is preserved, while keyword matches are recalculated on text_content with word boundaries."
1214,1213,github,780778454,2026-09-29 01:45:57.677942+00,4000,rce,25,45,20,high,,0,20,medium,sí,sí,no,rce,,-25,"Population-level REV46 recalculation isolating keyword matching: original non-keyword score contribution is preserved, while keyword matches are recalculated on text_content with word boundaries."
1215,1214,github,4923177590,2026-09-29 01:45:57.677942+00,4000,,0,25,25,medium,,0,25,medium,no,no,no,,,0,"Population-level REV46 recalculation isolating keyword matching: original non-keyword score contribution is preserved, while keyword matches are recalculated on text_content with word boundaries."
1216,1215,github,5161123688,2026-09-29 01:45:57.677942+00,1269,cve-|attack|security|vulnerability,45,65,20,critical,cve-|attack|security|vulnerability,45,65,critical,no,sí,sí,,,0,"Population-level REV46 recalculation isolating keyword matching: original non-keyword score contribution is preserved, while keyword matches are recalculated on text_content with word boundaries."
1217,1216,github,5314226140,2026-09-29 01:45:57.677942+00,4000,rce,25,40,15,high,,0,15,low,sí,sí,no,rce,,-25,"Population-level REV46 recalculation isolating keyword matching: original non-keyword score contribution is preserved, while keyword matches are recalculated on text_content with word boundaries."
1218,1217,github,5161123737,2026-09-29 01:45:57.677942+00,1232,cve-|attack|security|vulnerability,45,65,20,critical,cve-|attack|security|vulnerability,45,65,critical,no,sí,sí,,,0,"Population-level REV46 recalculation isolating keyword matching: original non-keyword score contribution is preserved, while keyword matches are recalculated on text_content with word boundaries."
1219,1218,github,1243785736,2026-09-29 01:45:57.677942+00,4000,rce|security,30,50,20,high,security,5,25,medium,sí,sí,no,rce,,-25,"Population-level REV46 recalculation isolating keyword matching: original non-keyword score contribution is preserved, while keyword matches are recalculated on text_content with word boundaries."
1220,1219,github,4255147080,2026-09-29 01:45:57.677942+00,3998,rce|vulnerability,35,40,5,high,vulnerability,10,15,low,sí,sí,no,rce,,-25,"Population-level REV46 recalculation isolating keyword matching: original non-keyword score contribution is preserved, while keyword matches are recalculated on text_content with word boundaries."
1221,1220,github,5623780866,2026-09-29 01:45:57.677942+00,932,security,5,10,5,low,security,5,10,low,no,no,no,,,0,"Population-level REV46 recalculation isolating keyword matching: original non-keyword score contribution is preserved, while keyword matches are recalculated on text_content with word boundaries."
1222,1221,github,5393681437,2026-09-29 01:45:57.677942+00,4000,rce|vulnerability,35,40,5,high,vulnerability,10,15,low,sí,sí,no,rce,,-25,"Population-level REV46 recalculation isolating keyword matching: original non-keyword score contribution is preserved, while keyword matches are recalculated on text_content with word boundaries."
1223,1222,github,2764925965,2026-09-29 01:45:57.677942+00,2506,rce|security|vulnerability,40,45,5,high,security|vulnerability,15,20,medium,sí,sí,no,rce,,-25,"Population-level REV46 recalculation isolating keyword matching: original non-keyword score contribution is preserved, while keyword matches are recalculated on text_content with word boundaries."
1224,1223,github,1716170908,2026-09-29 01:45:57.677942+00,3875,rce|security|vulnerability,40,60,20,critical,security|vulnerability,15,35,medium,sí,sí,no,rce,,-25,"Population-level REV46 recalculation isolating keyword matching: original non-keyword score contribution is preserved, while keyword matches are recalculated on text_content with word boundaries."
1225,1224,github,1308105546,2026-09-29 01:45:57.677942+00,3996,rce|security|vulnerability,40,45,5,high,security|vulnerability,15,20,medium,sí,sí,no,rce,,-25,"Population-level REV46 recalculation isolating keyword matching: original non-keyword score contribution is preserved, while keyword matches are recalculated on text_content with word boundaries."
1226,1225,github,1134547370,2026-09-29 01:45:57.677942+00,3998,rce|security|vulnerability,40,60,20,critical,security|vulnerability,15,35,medium,sí,sí,no,rce,,-25,"Population-level REV46 recalculation isolating keyword matching: original non-keyword score contribution is preserved, while keyword matches are recalculated on text_content with word boundaries."
1227,1226,github,5000846864,2026-09-29 01:45:57.677942+00,4000,rce,25,45,20,high,,0,20,medium,sí,sí,no,rce,,-25,"Population-level REV46 recalculation isolating keyword matching: original non-keyword score contribution is preserved, while keyword matches are recalculated on text_content with word boundaries."
1228,1227,github,1660886487,2026-09-29 01:45:57.677942+00,3998,rce|security|vulnerability,40,45,5,high,security|vulnerability,15,20,medium,sí,sí,no,rce,,-25,"Population-level REV46 recalculation isolating keyword matching: original non-keyword score contribution is preserved, while keyword matches are recalculated on text_content with word boundaries."
1229,1228,github,3353602457,2026-09-29 01:45:57.677942+00,3998,rce|security|vulnerability,40,60,20,critical,security|vulnerability,15,35,medium,sí,sí,no,rce,,-25,"Population-level REV46 recalculation isolating keyword matching: original non-keyword score contribution is preserved, while keyword matches are recalculated on text_content with word boundaries."
1230,1229,github,5623773677,2026-09-29 01:45:57.677942+00,1025,exploit|security,25,30,5,medium,exploit|security,25,30,medium,no,no,no,,,0,"Population-level REV46 recalculation isolating keyword matching: original non-keyword score contribution is preserved, while keyword matches are recalculated on text_content with word boundaries."
1231,1230,github,1250057929,2026-09-29 01:45:57.677942+00,4000,rce,25,30,5,medium,,0,5,low,sí,no,no,rce,,-25,"Population-level REV46 recalculation isolating keyword matching: original non-keyword score contribution is preserved, while keyword matches are recalculated on text_content with word boundaries."
1232,1231,github,4006547074,2026-09-29 01:45:57.677942+00,2058,rce|security|vulnerability,40,45,5,high,security|vulnerability,15,20,medium,sí,sí,no,rce,,-25,"Population-level REV46 recalculation isolating keyword matching: original non-keyword score contribution is preserved, while keyword matches are recalculated on text_content with word boundaries."
1233,1232,github,3807490444,2026-09-29 01:45:57.677942+00,4000,rce,25,45,20,high,,0,20,medium,sí,sí,no,rce,,-25,"Population-level REV46 recalculation isolating keyword matching: original non-keyword score contribution is preserved, while keyword matches are recalculated on text_content with word boundaries."
1234,1233,github,832823469,2026-09-29 01:45:57.677942+00,4000,rce,25,30,5,medium,,0,5,low,sí,no,no,rce,,-25,"Population-level REV46 recalculation isolating keyword matching: original non-keyword score contribution is preserved, while keyword matches are recalculated on text_content with word boundaries."
1235,1234,github,2071182678,2026-09-29 01:45:57.677942+00,4000,rce,25,45,20,high,,0,20,medium,sí,sí,no,rce,,-25,"Population-level REV46 recalculation isolating keyword matching: original non-keyword score contribution is preserved, while keyword matches are recalculated on text_content with word boundaries."
1236,1235,github,3018883887,2026-09-29 01:45:57.677942+00,4000,rce,25,30,5,medium,,0,5,low,sí,no,no,rce,,-25,"Population-level REV46 recalculation isolating keyword matching: original non-keyword score contribution is preserved, while keyword matches are recalculated on text_content with word boundaries."
1237,1236,github,2386809368,2026-09-29 01:45:57.677942+00,2110,,0,20,20,medium,,0,20,medium,no,no,no,,,0,"Population-level REV46 recalculation isolating keyword matching: original non-keyword score contribution is preserved, while keyword matches are recalculated on text_content with word boundaries."
1238,1237,github,940420723,2026-09-29 01:45:57.677942+00,4000,rce,25,30,5,medium,,0,5,low,sí,no,no,rce,,-25,"Population-level REV46 recalculation isolating keyword matching: original non-keyword score contribution is preserved, while keyword matches are recalculated on text_content with word boundaries."
1239,1238,github,4270725018,2026-09-29 01:45:57.677942+00,3998,rce,25,45,20,high,,0,20,medium,sí,sí,no,rce,,-25,"Population-level REV46 recalculation isolating keyword matching: original non-keyword score contribution is preserved, while keyword matches are recalculated on text_content with word boundaries."
1240,1239,github,5578809198,2026-09-29 01:45:57.677942+00,1192,malware,20,25,5,medium,malware,20,25,medium,no,no,no,,,0,"Population-level REV46 recalculation isolating keyword matching: original non-keyword score contribution is preserved, while keyword matches are recalculated on text_content with word boundaries."
1241,1240,github,4201190900,2026-09-29 01:45:57.677942+00,3998,rce,25,30,5,medium,,0,5,low,sí,no,no,rce,,-25,"Population-level REV46 recalculation isolating keyword matching: original non-keyword score contribution is preserved, while keyword matches are recalculated on text_content with word boundaries."
1242,1241,hackernews,49893815,2026-09-29 14:45:58.949203+00,53,security,5,25,20,medium,security,5,25,medium,no,no,no,,,0,"Population-level REV46 recalculation isolating keyword matching: original non-keyword score contribution is preserved, while keyword matches are recalculated on text_content with word boundaries."
1243,1242,hackernews,49893201,2026-09-29 14:45:58.949203+00,1095,security,5,5,0,low,security,5,5,low,no,no,no,,,0,"Population-level REV46 recalculation isolating keyword matching: original non-keyword score contribution is preserved, while keyword matches are recalculated on text_content with word boundaries."
1244,1243,hackernews,49891411,2026-09-29 14:45:58.949203+00,21,security,5,10,5,low,security,5,10,low,no,no,no,,,0,"Population-level REV46 recalculation isolating keyword matching: original non-keyword score contribution is preserved, while keyword matches are recalculated on text_content with word boundaries."
1245,1244,hackernews,49891126,2026-09-29 14:45:58.949203+00,77,,0,0,0,low,,0,0,low,no,no,no,,,0,"Population-level REV46 recalculation isolating keyword matching: original non-keyword score contribution is preserved, while keyword matches are recalculated on text_content with word boundaries."
1246,1245,hackernews,49890770,2026-09-29 14:45:58.949203+00,71,security,5,10,5,low,security,5,10,low,no,no,no,,,0,"Population-level REV46 recalculation isolating keyword matching: original non-keyword score contribution is preserved, while keyword matches are recalculated on text_content with word boundaries."
1247,1246,hackernews,49889344,2026-09-29 14:45:58.949203+00,73,rce,25,50,25,high,,0,25,medium,sí,sí,no,rce,,-25,"Population-level REV46 recalculation isolating keyword matching: original non-keyword score contribution is preserved, while keyword matches are recalculated on text_content with word boundaries."
1248,1247,hackernews,49889147,2026-09-29 14:45:58.949203+00,76,,0,5,5,low,,0,5,low,no,no,no,,,0,"Population-level REV46 recalculation isolating keyword matching: original non-keyword score contribution is preserved, while keyword matches are recalculated on text_content with word boundaries."
1249,1248,hackernews,49888937,2026-09-29 14:45:58.949203+00,53,security,5,30,25,medium,security,5,30,medium,no,no,no,,,0,"Population-level REV46 recalculation isolating keyword matching: original non-keyword score contribution is preserved, while keyword matches are recalculated on text_content with word boundaries."
1250,1249,hackernews,49887245,2026-09-29 14:45:58.949203+00,50,security,5,10,5,low,security,5,10,low,no,no,no,,,0,"Population-level REV46 recalculation isolating keyword matching: original non-keyword score contribution is preserved, while keyword matches are recalculated on text_content with word boundaries."
1251,1250,github,3346589174,2026-09-29 14:45:58.949203+00,4000,rce,25,45,20,high,,0,20,medium,sí,sí,no,rce,,-25,"Population-level REV46 recalculation isolating keyword matching: original non-keyword score contribution is preserved, while keyword matches are recalculated on text_content with word boundaries."
1252,1251,github,5627458323,2026-09-29 14:45:58.949203+00,1743,cve-|security,25,55,30,high,cve-|security,25,55,high,no,sí,sí,,,0,"Population-level REV46 recalculation isolating keyword matching: original non-keyword score contribution is preserved, while keyword matches are recalculated on text_content with word boundaries."
1253,1252,github,5632384491,2026-09-29 14:45:58.949203+00,218,xss|vulnerability,25,30,5,medium,xss|vulnerability,25,30,medium,no,no,no,,,0,"Population-level REV46 recalculation isolating keyword matching: original non-keyword score contribution is preserved, while keyword matches are recalculated on text_content with word boundaries."
1254,1253,github,2159585662,2026-09-29 14:45:58.949203+00,2431,rce|exploit|cve-|attack|vulnerability,85,100,15,critical,cve-|attack|vulnerability,40,55,high,sí,sí,sí,rce|exploit,,-45,"Population-level REV46 recalculation isolating keyword matching: original non-keyword score contribution is preserved, while keyword matches are recalculated on text_content with word boundaries."
1255,1254,github,5630163845,2026-09-29 14:45:58.949203+00,4000,rce|security|vulnerability,40,60,20,critical,security|vulnerability,15,35,medium,sí,sí,no,rce,,-25,"Population-level REV46 recalculation isolating keyword matching: original non-keyword score contribution is preserved, while keyword matches are recalculated on text_content with word boundaries."
1256,1255,github,2159585594,2026-09-29 14:45:58.949203+00,4000,rce|cve-|vulnerability,55,75,20,critical,cve-|vulnerability,30,50,high,sí,sí,sí,rce,,-25,"Population-level REV46 recalculation isolating keyword matching: original non-keyword score contribution is preserved, while keyword matches are recalculated on text_content with word boundaries."
1257,1256,github,5631981204,2026-09-29 14:45:58.949203+00,308,exploit|security,25,45,20,high,security,5,25,medium,sí,sí,no,exploit,,-20,"Population-level REV46 recalculation isolating keyword matching: original non-keyword score contribution is preserved, while keyword matches are recalculated on text_content with word boundaries."
1258,1257,github,2159585512,2026-09-29 14:45:58.949203+00,4000,rce|remote code execution|cve-|vulnerability,85,100,15,critical,remote code execution|cve-|vulnerability,60,75,critical,no,sí,sí,rce,,-25,"Population-level REV46 recalculation isolating keyword matching: original non-keyword score contribution is preserved, while keyword matches are recalculated on text_content with word boundaries."
1259,1258,github,4268707164,2026-09-29 14:45:58.949203+00,2130,rce|security|vulnerability,40,45,5,high,security|vulnerability,15,20,medium,sí,sí,no,rce,,-25,"Population-level REV46 recalculation isolating keyword matching: original non-keyword score contribution is preserved, while keyword matches are recalculated on text_content with word boundaries."
1260,1259,github,1006866070,2026-09-29 14:45:58.949203+00,4000,rce,25,30,5,medium,,0,5,low,sí,no,no,rce,,-25,"Population-level REV46 recalculation isolating keyword matching: original non-keyword score contribution is preserved, while keyword matches are recalculated on text_content with word boundaries."
1261,1260,github,2159585319,2026-09-29 14:45:58.949203+00,4000,rce|cve-|vulnerability,55,75,20,critical,cve-|vulnerability,30,50,high,sí,sí,sí,rce,,-25,"Population-level REV46 recalculation isolating keyword matching: original non-keyword score contribution is preserved, while keyword matches are recalculated on text_content with word boundaries."
1262,1261,github,982596299,2026-09-29 14:45:58.949203+00,4000,rce,25,30,5,medium,,0,5,low,sí,no,no,rce,,-25,"Population-level REV46 recalculation isolating keyword matching: original non-keyword score contribution is preserved, while keyword matches are recalculated on text_content with word boundaries."
1263,1262,github,2159585420,2026-09-29 14:45:58.949203+00,4000,rce|cve-|vulnerability,55,75,20,critical,cve-|vulnerability,30,50,high,sí,sí,sí,rce,,-25,"Population-level REV46 recalculation isolating keyword matching: original non-keyword score contribution is preserved, while keyword matches are recalculated on text_content with word boundaries."
1264,1263,github,2159585102,2026-09-29 14:45:58.949203+00,4000,rce|cve-|vulnerability,55,75,20,critical,cve-|vulnerability,30,50,high,sí,sí,sí,rce,,-25,"Population-level REV46 recalculation isolating keyword matching: original non-keyword score contribution is preserved, while keyword matches are recalculated on text_content with word boundaries."
1265,1264,github,5619068073,2026-09-29 14:45:58.949203+00,4000,apt|rce|exploit|attack|security,85,90,5,critical,exploit|security,25,30,medium,sí,sí,no,apt|rce|attack,,-60,"Population-level REV46 recalculation isolating keyword matching: original non-keyword score contribution is preserved, while keyword matches are recalculated on text_content with word boundaries."
1266,1265,github,2159584905,2026-09-29 14:45:58.949203+00,4000,rce|cve-|vulnerability,55,75,20,critical,cve-|vulnerability,30,50,high,sí,sí,sí,rce,,-25,"Population-level REV46 recalculation isolating keyword matching: original non-keyword score contribution is preserved, while keyword matches are recalculated on text_content with word boundaries."
1267,1266,github,5478659535,2026-09-29 14:45:58.949203+00,2940,rce|exploit|cve-|attack|security|vulnerability|denial of service,100,100,0,critical,exploit|cve-|security|vulnerability|denial of service,65,65,critical,no,sí,sí,rce|attack,,-35,"Population-level REV46 recalculation isolating keyword matching: original non-keyword score contribution is preserved, while keyword matches are recalculated on text_content with word boundaries."
1268,1267,github,4430028698,2026-09-29 14:45:58.949203+00,677,rce,25,35,10,medium,,0,10,low,sí,no,no,rce,,-25,"Population-level REV46 recalculation isolating keyword matching: original non-keyword score contribution is preserved, while keyword matches are recalculated on text_content with word boundaries."
1269,1268,github,2159584816,2026-09-29 14:45:58.949203+00,4000,rce|cve-|vulnerability,55,75,20,critical,cve-|vulnerability,30,50,high,sí,sí,sí,rce,,-25,"Population-level REV46 recalculation isolating keyword matching: original non-keyword score contribution is preserved, while keyword matches are recalculated on text_content with word boundaries."
1270,1269,github,2159584743,2026-09-29 14:45:58.949203+00,4000,rce|cve-|security|vulnerability,60,80,20,critical,cve-|security|vulnerability,35,55,high,sí,sí,sí,rce,,-25,"Population-level REV46 recalculation isolating keyword matching: original non-keyword score contribution is preserved, while keyword matches are recalculated on text_content with word boundaries."
1271,1270,github,2159584592,2026-09-29 14:45:58.949203+00,4000,rce|exploit|cve-|attack|vulnerability,85,100,15,critical,cve-|attack|vulnerability,40,55,high,sí,sí,sí,rce|exploit,,-45,"Population-level REV46 recalculation isolating keyword matching: original non-keyword score contribution is preserved, while keyword matches are recalculated on text_content with word boundaries."
1272,1271,github,5563593959,2026-09-29 14:45:58.949203+00,4000,cve-|privilege escalation|sql injection|security,65,85,20,critical,cve-|privilege escalation|sql injection|security,65,85,critical,no,sí,sí,,,0,"Population-level REV46 recalculation isolating keyword matching: original non-keyword score contribution is preserved, while keyword matches are recalculated on text_content with word boundaries."
1273,1272,github,2159584525,2026-09-29 14:45:58.949203+00,4000,rce|cve-|vulnerability,55,75,20,critical,cve-|vulnerability,30,50,high,sí,sí,sí,rce,,-25,"Population-level REV46 recalculation isolating keyword matching: original non-keyword score contribution is preserved, while keyword matches are recalculated on text_content with word boundaries."
1274,1273,github,5477475233,2026-09-29 14:45:58.949203+00,2941,rce|exploit|cve-|attack|security|vulnerability|denial of service,100,100,0,critical,exploit|cve-|security|vulnerability|denial of service,65,65,critical,no,sí,sí,rce|attack,,-35,"Population-level REV46 recalculation isolating keyword matching: original non-keyword score contribution is preserved, while keyword matches are recalculated on text_content with word boundaries."
1275,1274,github,2159584469,2026-09-29 14:45:58.949203+00,4000,rce|exploit|cve-|attack|vulnerability,85,100,15,critical,cve-|attack|vulnerability,40,55,high,sí,sí,sí,rce|exploit,,-45,"Population-level REV46 recalculation isolating keyword matching: original non-keyword score contribution is preserved, while keyword matches are recalculated on text_content with word boundaries."
1276,1275,github,2159584402,2026-09-29 14:45:58.949203+00,4000,rce|exploit|cve-|attack|vulnerability,85,100,15,critical,cve-|attack|vulnerability,40,55,high,sí,sí,sí,rce|exploit,,-45,"Population-level REV46 recalculation isolating keyword matching: original non-keyword score contribution is preserved, while keyword matches are recalculated on text_content with word boundaries."
1277,1276,github,2159584338,2026-09-29 14:45:58.949203+00,4000,rce|cve-|vulnerability,55,75,20,critical,cve-|vulnerability,30,50,high,sí,sí,sí,rce,,-25,"Population-level REV46 recalculation isolating keyword matching: original non-keyword score contribution is preserved, while keyword matches are recalculated on text_content with word boundaries."
1278,1277,github,1009461110,2026-09-29 14:45:58.949203+00,3998,rce|security|vulnerability,40,60,20,critical,security|vulnerability,15,35,medium,sí,sí,no,rce,,-25,"Population-level REV46 recalculation isolating keyword matching: original non-keyword score contribution is preserved, while keyword matches are recalculated on text_content with word boundaries."
1279,1278,github,2159584261,2026-09-29 14:45:58.949203+00,4000,rce|exploit|cve-|xss|attack|security|vulnerability,105,100,0,critical,cve-|xss|attack|security|vulnerability,60,60,critical,no,sí,sí,rce|exploit,,-40,"Population-level REV46 recalculation isolating keyword matching: original non-keyword score contribution is preserved, while keyword matches are recalculated on text_content with word boundaries."
1280,1279,github,5538023555,2026-09-29 14:45:58.949203+00,4000,cve-|security,25,50,25,high,cve-|security,25,50,high,no,sí,sí,,,0,"Population-level REV46 recalculation isolating keyword matching: original non-keyword score contribution is preserved, while keyword matches are recalculated on text_content with word boundaries."
1281,1280,github,5632346839,2026-09-29 14:45:58.949203+00,943,exploit|security,25,30,5,medium,,0,5,low,sí,no,no,exploit|security,,-25,"Population-level REV46 recalculation isolating keyword matching: original non-keyword score contribution is preserved, while keyword matches are recalculated on text_content with word boundaries."
1282,1281,github,2539973751,2026-09-29 14:45:58.949203+00,4000,rce,25,45,20,high,,0,20,medium,sí,sí,no,rce,,-25,"Population-level REV46 recalculation isolating keyword matching: original non-keyword score contribution is preserved, while keyword matches are recalculated on text_content with word boundaries."
1283,1282,github,5632370134,2026-09-29 14:45:58.949203+00,4000,rce|sql injection|attack|security|vulnerability,70,75,5,critical,sql injection|attack|security|vulnerability,45,50,high,sí,sí,sí,rce,,-25,"Population-level REV46 recalculation isolating keyword matching: original non-keyword score contribution is preserved, while keyword matches are recalculated on text_content with word boundaries."
1284,1283,github,5632369761,2026-09-29 14:45:58.949203+00,4000,rce|sql injection|security|vulnerability,60,65,5,critical,sql injection|security|vulnerability,35,40,high,sí,sí,sí,rce,,-25,"Population-level REV46 recalculation isolating keyword matching: original non-keyword score contribution is preserved, while keyword matches are recalculated on text_content with word boundaries."
1285,1284,github,2096328290,2026-09-29 14:45:58.949203+00,3989,rce|security|vulnerability,40,45,5,high,security|vulnerability,15,20,medium,sí,sí,no,rce,,-25,"Population-level REV46 recalculation isolating keyword matching: original non-keyword score contribution is preserved, while keyword matches are recalculated on text_content with word boundaries."
1286,1285,github,5632369355,2026-09-29 14:45:58.949203+00,4000,rce|sql injection|attack|security|vulnerability,70,75,5,critical,sql injection|attack|security|vulnerability,45,50,high,sí,sí,sí,rce,,-25,"Population-level REV46 recalculation isolating keyword matching: original non-keyword score contribution is preserved, while keyword matches are recalculated on text_content with word boundaries."
1287,1286,github,5621536475,2026-09-29 14:45:58.949203+00,4000,rce,25,50,25,high,,0,25,medium,sí,sí,no,rce,,-25,"Population-level REV46 recalculation isolating keyword matching: original non-keyword score contribution is preserved, while keyword matches are recalculated on text_content with word boundaries."
1288,1287,github,5632368931,2026-09-29 14:45:58.949203+00,4000,rce|sql injection|attack|security|vulnerability,70,75,5,critical,sql injection|attack|security|vulnerability,45,50,high,sí,sí,sí,rce,,-25,"Population-level REV46 recalculation isolating keyword matching: original non-keyword score contribution is preserved, while keyword matches are recalculated on text_content with word boundaries."
1289,1288,github,5607557689,2026-09-29 14:45:58.949203+00,1725,security|vulnerability,15,20,5,medium,security|vulnerability,15,20,medium,no,no,no,,,0,"Population-level REV46 recalculation isolating keyword matching: original non-keyword score contribution is preserved, while keyword matches are recalculated on text_content with word boundaries."
1290,1289,github,5632368556,2026-09-29 14:45:58.949203+00,4000,rce|sql injection|security|vulnerability,60,65,5,critical,sql injection|security|vulnerability,35,40,high,sí,sí,sí,rce,,-25,"Population-level REV46 recalculation isolating keyword matching: original non-keyword score contribution is preserved, while keyword matches are recalculated on text_content with word boundaries."
1291,1290,github,5632368059,2026-09-29 14:45:58.949203+00,4000,rce|sql injection|attack|security|vulnerability,70,75,5,critical,sql injection|attack|security|vulnerability,45,50,high,sí,sí,sí,rce,,-25,"Population-level REV46 recalculation isolating keyword matching: original non-keyword score contribution is preserved, while keyword matches are recalculated on text_content with word boundaries."
1292,1291,github,5632367708,2026-09-29 14:45:58.949203+00,4000,rce|sql injection|attack|security|vulnerability,70,75,5,critical,sql injection|attack|security|vulnerability,45,50,high,sí,sí,sí,rce,,-25,"Population-level REV46 recalculation isolating keyword matching: original non-keyword score contribution is preserved, while keyword matches are recalculated on text_content with word boundaries."
1293,1292,github,5632367328,2026-09-29 14:45:58.949203+00,4000,rce|sql injection|attack|security|vulnerability,70,75,5,critical,sql injection|attack|security|vulnerability,45,50,high,sí,sí,sí,rce,,-25,"Population-level REV46 recalculation isolating keyword matching: original non-keyword score contribution is preserved, while keyword matches are recalculated on text_content with word boundaries."
1294,1293,github,5632366940,2026-09-29 14:45:58.949203+00,4000,rce|sql injection|attack|security|vulnerability,70,75,5,critical,sql injection|attack|security|vulnerability,45,50,high,sí,sí,sí,rce,,-25,"Population-level REV46 recalculation isolating keyword matching: original non-keyword score contribution is preserved, while keyword matches are recalculated on text_content with word boundaries."
1295,1294,github,4893773851,2026-09-29 14:45:58.949203+00,4000,xss|security,20,50,30,high,xss|security,20,50,high,no,sí,sí,,,0,"Population-level REV46 recalculation isolating keyword matching: original non-keyword score contribution is preserved, while keyword matches are recalculated on text_content with word boundaries."
1296,1295,github,5631975170,2026-09-29 14:45:58.949203+00,4000,rce|attack|security|vulnerability,50,70,20,critical,security|vulnerability,15,35,medium,sí,sí,no,rce|attack,,-35,"Population-level REV46 recalculation isolating keyword matching: original non-keyword score contribution is preserved, while keyword matches are recalculated on text_content with word boundaries."
1297,1296,github,1257900050,2026-09-29 15:01:02.293444+00,4000,rce|exploit|cve-|vulnerability,75,95,20,critical,exploit|cve-|vulnerability,50,70,critical,no,sí,sí,rce,,-25,"Population-level REV46 recalculation isolating keyword matching: original non-keyword score contribution is preserved, while keyword matches are recalculated on text_content with word boundaries."
1298,1297,github,2329873539,2026-09-29 15:01:02.293444+00,4000,rce|exploit|cve-|vulnerability,75,95,20,critical,exploit|cve-|vulnerability,50,70,critical,no,sí,sí,rce,,-25,"Population-level REV46 recalculation isolating keyword matching: original non-keyword score contribution is preserved, while keyword matches are recalculated on text_content with word boundaries."
1299,1298,github,1465653734,2026-09-29 15:01:02.293444+00,4000,rce|exploit|cve-|vulnerability,75,95,20,critical,exploit|cve-|vulnerability,50,70,critical,no,sí,sí,rce,,-25,"Population-level REV46 recalculation isolating keyword matching: original non-keyword score contribution is preserved, while keyword matches are recalculated on text_content with word boundaries."
1300,1299,github,1257900006,2026-09-29 15:01:02.293444+00,4000,rce|exploit|cve-|threat|vulnerability,85,100,15,critical,exploit|cve-|threat|vulnerability,60,75,critical,no,sí,sí,rce,,-25,"Population-level REV46 recalculation isolating keyword matching: original non-keyword score contribution is preserved, while keyword matches are recalculated on text_content with word boundaries."
1301,1300,github,3544443814,2026-09-29 15:01:02.293444+00,4000,rce,25,45,20,high,,0,20,medium,sí,sí,no,rce,,-25,"Population-level REV46 recalculation isolating keyword matching: original non-keyword score contribution is preserved, while keyword matches are recalculated on text_content with word boundaries."
1302,1301,github,2724179429,2026-09-29 15:01:02.293444+00,4000,rce|cve-|vulnerability,55,75,20,critical,cve-|vulnerability,30,50,high,sí,sí,sí,rce,,-25,"Population-level REV46 recalculation isolating keyword matching: original non-keyword score contribution is preserved, while keyword matches are recalculated on text_content with word boundaries."
1303,1302,github,4145651473,2026-09-29 15:01:02.293444+00,4000,rce,25,45,20,high,,0,20,medium,sí,sí,no,rce,,-25,"Population-level REV46 recalculation isolating keyword matching: original non-keyword score contribution is preserved, while keyword matches are recalculated on text_content with word boundaries."
1304,1303,github,4139599890,2026-09-29 15:01:02.293444+00,4000,rce|exploit|cve-|attack|vulnerability,85,100,15,critical,cve-|attack|vulnerability,40,55,high,sí,sí,sí,rce|exploit,,-45,"Population-level REV46 recalculation isolating keyword matching: original non-keyword score contribution is preserved, while keyword matches are recalculated on text_content with word boundaries."
1305,1304,github,2915971587,2026-09-29 15:01:02.293444+00,4000,rce|cve-|vulnerability,55,75,20,critical,cve-|vulnerability,30,50,high,sí,sí,sí,rce,,-25,"Population-level REV46 recalculation isolating keyword matching: original non-keyword score contribution is preserved, while keyword matches are recalculated on text_content with word boundaries."
1306,1305,github,4092140020,2026-09-29 15:01:02.293444+00,758,rce|security|vulnerability,40,45,5,high,security|vulnerability,15,20,medium,sí,sí,no,rce,,-25,"Population-level REV46 recalculation isolating keyword matching: original non-keyword score contribution is preserved, while keyword matches are recalculated on text_content with word boundaries."
1307,1306,github,5598857286,2026-09-29 15:01:02.293444+00,2462,rce|exploit,45,50,5,high,exploit,20,25,medium,sí,sí,no,rce,,-25,"Population-level REV46 recalculation isolating keyword matching: original non-keyword score contribution is preserved, while keyword matches are recalculated on text_content with word boundaries."
1308,1307,github,5091510568,2026-09-29 15:01:02.293444+00,3999,rce,25,45,20,high,,0,20,medium,sí,sí,no,rce,,-25,"Population-level REV46 recalculation isolating keyword matching: original non-keyword score contribution is preserved, while keyword matches are recalculated on text_content with word boundaries."
1309,1308,github,3665202791,2026-09-29 15:01:02.293444+00,4000,rce|cve-|vulnerability,55,75,20,critical,cve-|vulnerability,30,50,high,sí,sí,sí,rce,,-25,"Population-level REV46 recalculation isolating keyword matching: original non-keyword score contribution is preserved, while keyword matches are recalculated on text_content with word boundaries."
1310,1309,github,3843023995,2026-09-29 15:01:02.293444+00,4000,rce|exploit|cve-|attack|vulnerability,85,100,15,critical,cve-|attack|vulnerability,40,55,high,sí,sí,sí,rce|exploit,,-45,"Population-level REV46 recalculation isolating keyword matching: original non-keyword score contribution is preserved, while keyword matches are recalculated on text_content with word boundaries."
1311,1310,github,5632567841,2026-09-29 15:01:02.293444+00,747,exploit|security|vulnerability,35,40,5,high,exploit|security|vulnerability,35,40,high,no,sí,sí,,,0,"Population-level REV46 recalculation isolating keyword matching: original non-keyword score contribution is preserved, while keyword matches are recalculated on text_content with word boundaries."
1312,1311,github,4668580500,2026-09-29 15:01:02.293444+00,3431,rce|exploit|cve-|attack|vulnerability,85,100,15,critical,cve-|attack|vulnerability,40,55,high,sí,sí,sí,rce|exploit,,-45,"Population-level REV46 recalculation isolating keyword matching: original non-keyword score contribution is preserved, while keyword matches are recalculated on text_content with word boundaries."
1313,1312,github,3246810150,2026-09-29 15:01:02.293444+00,4000,rce|exploit|cve-|attack|vulnerability,85,100,15,critical,cve-|attack|vulnerability,40,55,high,sí,sí,sí,rce|exploit,,-45,"Population-level REV46 recalculation isolating keyword matching: original non-keyword score contribution is preserved, while keyword matches are recalculated on text_content with word boundaries."
1314,1313,github,2885190193,2026-09-29 15:01:02.293444+00,3998,rce,25,45,20,high,,0,20,medium,sí,sí,no,rce,,-25,"Population-level REV46 recalculation isolating keyword matching: original non-keyword score contribution is preserved, while keyword matches are recalculated on text_content with word boundaries."
1315,1314,github,5632563718,2026-09-29 15:01:02.293444+00,4000,attack|security,15,20,5,medium,security,5,10,low,sí,no,no,attack,,-10,"Population-level REV46 recalculation isolating keyword matching: original non-keyword score contribution is preserved, while keyword matches are recalculated on text_content with word boundaries."
1316,1315,github,5346859724,2026-09-29 15:01:02.293444+00,76,security,5,10,5,low,security,5,10,low,no,no,no,,,0,"Population-level REV46 recalculation isolating keyword matching: original non-keyword score contribution is preserved, while keyword matches are recalculated on text_content with word boundaries."
1317,1316,github,1230936657,2026-09-29 15:01:02.293444+00,4000,rce,25,45,20,high,,0,20,medium,sí,sí,no,rce,,-25,"Population-level REV46 recalculation isolating keyword matching: original non-keyword score contribution is preserved, while keyword matches are recalculated on text_content with word boundaries."
1318,1317,github,5226699278,2026-09-29 15:01:02.293444+00,1626,,0,25,25,medium,,0,25,medium,no,no,no,,,0,"Population-level REV46 recalculation isolating keyword matching: original non-keyword score contribution is preserved, while keyword matches are recalculated on text_content with word boundaries."
1319,1318,github,5621871061,2026-09-29 15:01:02.293444+00,4000,security|vulnerability,15,20,5,medium,security|vulnerability,15,20,medium,no,no,no,,,0,"Population-level REV46 recalculation isolating keyword matching: original non-keyword score contribution is preserved, while keyword matches are recalculated on text_content with word boundaries."
1320,1319,github,5593116110,2026-09-29 15:01:02.293444+00,4000,rce,25,35,10,medium,,0,10,low,sí,no,no,rce,,-25,"Population-level REV46 recalculation isolating keyword matching: original non-keyword score contribution is preserved, while keyword matches are recalculated on text_content with word boundaries."
1321,1320,github,5608532809,2026-09-29 15:01:02.293444+00,3999,,0,5,5,low,,0,5,low,no,no,no,,,0,"Population-level REV46 recalculation isolating keyword matching: original non-keyword score contribution is preserved, while keyword matches are recalculated on text_content with word boundaries."
1322,1321,github,5470222002,2026-09-29 15:01:02.293444+00,4000,apt|rce|attack,60,85,25,critical,,0,25,medium,sí,sí,no,apt|rce|attack,,-60,"Population-level REV46 recalculation isolating keyword matching: original non-keyword score contribution is preserved, while keyword matches are recalculated on text_content with word boundaries."
1323,1322,github,4103189486,2026-09-29 15:01:02.293444+00,3999,rce,25,30,5,medium,,0,5,low,sí,no,no,rce,,-25,"Population-level REV46 recalculation isolating keyword matching: original non-keyword score contribution is preserved, while keyword matches are recalculated on text_content with word boundaries."
1324,1323,github,5632260704,2026-09-29 15:01:02.293444+00,3146,security,5,10,5,low,security,5,10,low,no,no,no,,,0,"Population-level REV46 recalculation isolating keyword matching: original non-keyword score contribution is preserved, while keyword matches are recalculated on text_content with word boundaries."
1325,1324,github,5632445140,2026-09-29 15:01:02.293444+00,2137,security,5,10,5,low,security,5,10,low,no,no,no,,,0,"Population-level REV46 recalculation isolating keyword matching: original non-keyword score contribution is preserved, while keyword matches are recalculated on text_content with word boundaries."
1326,1325,github,5588256781,2026-09-29 15:01:02.293444+00,3824,rce,25,30,5,medium,,0,5,low,sí,no,no,rce,,-25,"Population-level REV46 recalculation isolating keyword matching: original non-keyword score contribution is preserved, while keyword matches are recalculated on text_content with word boundaries."
1327,1326,github,5629979746,2026-09-29 15:01:02.293444+00,4000,rce,25,45,20,high,,0,20,medium,sí,sí,no,rce,,-25,"Population-level REV46 recalculation isolating keyword matching: original non-keyword score contribution is preserved, while keyword matches are recalculated on text_content with word boundaries."
1328,1327,github,5543487722,2026-09-29 15:01:02.293444+00,4000,,0,5,5,low,,0,5,low,no,no,no,,,0,"Population-level REV46 recalculation isolating keyword matching: original non-keyword score contribution is preserved, while keyword matches are recalculated on text_content with word boundaries."
1329,1328,github,5613703593,2026-09-29 15:01:02.293444+00,2023,apt|rce|exploit,70,90,20,critical,exploit,20,40,high,sí,sí,sí,apt|rce,,-50,"Population-level REV46 recalculation isolating keyword matching: original non-keyword score contribution is preserved, while keyword matches are recalculated on text_content with word boundaries."
1330,1329,github,4330172298,2026-09-29 15:01:02.293444+00,2772,rce|exploit|cve-|attack|security|vulnerability,90,100,10,critical,cve-|attack|security|vulnerability,45,55,high,sí,sí,sí,rce|exploit,,-45,"Population-level REV46 recalculation isolating keyword matching: original non-keyword score contribution is preserved, while keyword matches are recalculated on text_content with word boundaries."
1331,1330,github,5508303700,2026-09-29 15:01:02.293444+00,4000,rce|vulnerability,35,55,20,high,vulnerability,10,30,medium,sí,sí,no,rce,,-25,"Population-level REV46 recalculation isolating keyword matching: original non-keyword score contribution is preserved, while keyword matches are recalculated on text_content with word boundaries."
1332,1331,github,1989226405,2026-09-29 15:01:02.293444+00,4000,rce,25,30,5,medium,,0,5,low,sí,no,no,rce,,-25,"Population-level REV46 recalculation isolating keyword matching: original non-keyword score contribution is preserved, while keyword matches are recalculated on text_content with word boundaries."
1333,1332,github,4088098794,2026-09-29 15:01:02.293444+00,2479,rce|exploit|cve-|attack|vulnerability,85,100,15,critical,cve-|attack|vulnerability,40,55,high,sí,sí,sí,rce|exploit,,-45,"Population-level REV46 recalculation isolating keyword matching: original non-keyword score contribution is preserved, while keyword matches are recalculated on text_content with word boundaries."
1334,1333,github,4330172254,2026-09-29 15:01:02.293444+00,2527,rce|exploit|cve-|attack|security|vulnerability,90,100,10,critical,cve-|attack|security|vulnerability,45,55,high,sí,sí,sí,rce|exploit,,-45,"Population-level REV46 recalculation isolating keyword matching: original non-keyword score contribution is preserved, while keyword matches are recalculated on text_content with word boundaries."
1335,1334,github,1142937786,2026-09-29 15:01:02.293444+00,2442,rce|exploit|cve-|attack|vulnerability,85,100,15,critical,cve-|attack|vulnerability,40,55,high,sí,sí,sí,rce|exploit,,-45,"Population-level REV46 recalculation isolating keyword matching: original non-keyword score contribution is preserved, while keyword matches are recalculated on text_content with word boundaries."
1336,1335,github,1145198379,2026-09-29 15:01:02.293444+00,2442,rce|exploit|cve-|attack|vulnerability,85,100,15,critical,cve-|attack|vulnerability,40,55,high,sí,sí,sí,rce|exploit,,-45,"Population-level REV46 recalculation isolating keyword matching: original non-keyword score contribution is preserved, while keyword matches are recalculated on text_content with word boundaries."
1337,1336,github,3918738392,2026-09-29 15:01:02.293444+00,2531,rce|exploit|cve-|attack|vulnerability|denial of service,95,100,5,critical,cve-|attack|vulnerability|denial of service,50,55,high,sí,sí,sí,rce|exploit,,-45,"Population-level REV46 recalculation isolating keyword matching: original non-keyword score contribution is preserved, while keyword matches are recalculated on text_content with word boundaries."
1338,1337,github,1080448174,2026-09-29 15:01:02.293444+00,2407,rce|exploit|cve-|attack|vulnerability,85,100,15,critical,cve-|attack|vulnerability,40,55,high,sí,sí,sí,rce|exploit,,-45,"Population-level REV46 recalculation isolating keyword matching: original non-keyword score contribution is preserved, while keyword matches are recalculated on text_content with word boundaries."
1339,1338,github,1235773828,2026-09-29 15:01:02.293444+00,2226,rce|exploit|cve-|attack|vulnerability,85,100,15,critical,cve-|attack|vulnerability,40,55,high,sí,sí,sí,rce|exploit,,-45,"Population-level REV46 recalculation isolating keyword matching: original non-keyword score contribution is preserved, while keyword matches are recalculated on text_content with word boundaries."
1340,1339,github,4330172206,2026-09-29 15:01:02.293444+00,3077,apt|rce|exploit|cve-|attack|security|vulnerability,115,100,0,critical,cve-|attack|security|vulnerability,45,45,high,sí,sí,sí,apt|rce|exploit,,-55,"Population-level REV46 recalculation isolating keyword matching: original non-keyword score contribution is preserved, while keyword matches are recalculated on text_content with word boundaries."
1341,1340,hackernews,49894699,2026-09-29 15:15:59.062686+00,68,security,5,10,5,low,security,5,10,low,no,no,no,,,0,"Population-level REV46 recalculation isolating keyword matching: original non-keyword score contribution is preserved, while keyword matches are recalculated on text_content with word boundaries."
1342,1341,hackernews,49894662,2026-09-29 15:15:59.062686+00,62,rce|security,30,35,5,medium,security,5,10,low,sí,no,no,rce,,-25,"Population-level REV46 recalculation isolating keyword matching: original non-keyword score contribution is preserved, while keyword matches are recalculated on text_content with word boundaries."
1343,1342,github,2818950262,2026-09-29 15:15:59.062686+00,4000,rce|cve-|vulnerability,55,75,20,critical,cve-|vulnerability,30,50,high,sí,sí,sí,rce,,-25,"Population-level REV46 recalculation isolating keyword matching: original non-keyword score contribution is preserved, while keyword matches are recalculated on text_content with word boundaries."
1344,1343,github,2818950204,2026-09-29 15:15:59.062686+00,4000,rce|cve-|vulnerability,55,75,20,critical,cve-|vulnerability,30,50,high,sí,sí,sí,rce,,-25,"Population-level REV46 recalculation isolating keyword matching: original non-keyword score contribution is preserved, while keyword matches are recalculated on text_content with word boundaries."
1345,1344,github,3843331578,2026-09-29 15:15:59.062686+00,4000,rce|cve-|vulnerability,55,75,20,critical,cve-|vulnerability,30,50,high,sí,sí,sí,rce,,-25,"Population-level REV46 recalculation isolating keyword matching: original non-keyword score contribution is preserved, while keyword matches are recalculated on text_content with word boundaries."
1346,1345,github,2818950048,2026-09-29 15:15:59.062686+00,4000,rce|cve-|vulnerability,55,75,20,critical,cve-|vulnerability,30,50,high,sí,sí,sí,rce,,-25,"Population-level REV46 recalculation isolating keyword matching: original non-keyword score contribution is preserved, while keyword matches are recalculated on text_content with word boundaries."
1347,1346,github,1309406653,2026-09-29 15:15:59.062686+00,3998,rce|security|vulnerability,40,45,5,high,security|vulnerability,15,20,medium,sí,sí,no,rce,,-25,"Population-level REV46 recalculation isolating keyword matching: original non-keyword score contribution is preserved, while keyword matches are recalculated on text_content with word boundaries."
1348,1347,github,2162340091,2026-09-29 15:15:59.062686+00,4000,rce|cve-|vulnerability,55,75,20,critical,cve-|vulnerability,30,50,high,sí,sí,sí,rce,,-25,"Population-level REV46 recalculation isolating keyword matching: original non-keyword score contribution is preserved, while keyword matches are recalculated on text_content with word boundaries."
1349,1348,github,3691686326,2026-09-29 15:15:59.062686+00,3996,rce|security,30,35,5,medium,,0,5,low,sí,no,no,rce|security,,-30,"Population-level REV46 recalculation isolating keyword matching: original non-keyword score contribution is preserved, while keyword matches are recalculated on text_content with word boundaries."
1350,1349,github,2162340041,2026-09-29 15:15:59.062686+00,4000,rce|cve-|vulnerability,55,75,20,critical,cve-|vulnerability,30,50,high,sí,sí,sí,rce,,-25,"Population-level REV46 recalculation isolating keyword matching: original non-keyword score contribution is preserved, while keyword matches are recalculated on text_content with word boundaries."
1351,1350,github,2818949932,2026-09-29 15:15:59.062686+00,4000,rce|cve-|vulnerability,55,75,20,critical,cve-|vulnerability,30,50,high,sí,sí,sí,rce,,-25,"Population-level REV46 recalculation isolating keyword matching: original non-keyword score contribution is preserved, while keyword matches are recalculated on text_content with word boundaries."
1352,1351,github,982594161,2026-09-29 15:15:59.062686+00,4000,rce|security|vulnerability,40,45,5,high,security|vulnerability,15,20,medium,sí,sí,no,rce,,-25,"Population-level REV46 recalculation isolating keyword matching: original non-keyword score contribution is preserved, while keyword matches are recalculated on text_content with word boundaries."
1353,1352,github,3843331338,2026-09-29 15:15:59.062686+00,4000,rce|cve-|vulnerability,55,75,20,critical,cve-|vulnerability,30,50,high,sí,sí,sí,rce,,-25,"Population-level REV46 recalculation isolating keyword matching: original non-keyword score contribution is preserved, while keyword matches are recalculated on text_content with word boundaries."
1354,1353,github,5610875685,2026-09-29 15:15:59.062686+00,3362,rce|security|vulnerability,40,45,5,high,security|vulnerability,15,20,medium,sí,sí,no,rce,,-25,"Population-level REV46 recalculation isolating keyword matching: original non-keyword score contribution is preserved, while keyword matches are recalculated on text_content with word boundaries."
1355,1354,github,1114804270,2026-09-29 15:15:59.062686+00,3998,rce|security|vulnerability,40,45,5,high,security|vulnerability,15,20,medium,sí,sí,no,rce,,-25,"Population-level REV46 recalculation isolating keyword matching: original non-keyword score contribution is preserved, while keyword matches are recalculated on text_content with word boundaries."
1356,1355,github,2818949672,2026-09-29 15:15:59.062686+00,4000,rce|cve-|vulnerability,55,75,20,critical,cve-|vulnerability,30,50,high,sí,sí,sí,rce,,-25,"Population-level REV46 recalculation isolating keyword matching: original non-keyword score contribution is preserved, while keyword matches are recalculated on text_content with word boundaries."
1357,1356,github,4893364443,2026-09-29 15:15:59.062686+00,2524,rce|security|vulnerability,40,45,5,high,security|vulnerability,15,20,medium,sí,sí,no,rce,,-25,"Population-level REV46 recalculation isolating keyword matching: original non-keyword score contribution is preserved, while keyword matches are recalculated on text_content with word boundaries."
1358,1357,github,2245515296,2026-09-29 15:15:59.062686+00,4000,rce|cve-|vulnerability,55,75,20,critical,cve-|vulnerability,30,50,high,sí,sí,sí,rce,,-25,"Population-level REV46 recalculation isolating keyword matching: original non-keyword score contribution is preserved, while keyword matches are recalculated on text_content with word boundaries."
1359,1358,github,5556456358,2026-09-29 15:15:59.062686+00,1256,vulnerability,10,15,5,low,vulnerability,10,15,low,no,no,no,,,0,"Population-level REV46 recalculation isolating keyword matching: original non-keyword score contribution is preserved, while keyword matches are recalculated on text_content with word boundaries."
1360,1359,github,2162339297,2026-09-29 15:15:59.062686+00,4000,rce|cve-|vulnerability,55,75,20,critical,cve-|vulnerability,30,50,high,sí,sí,sí,rce,,-25,"Population-level REV46 recalculation isolating keyword matching: original non-keyword score contribution is preserved, while keyword matches are recalculated on text_content with word boundaries."
1361,1360,github,2162339249,2026-09-29 15:15:59.062686+00,4000,rce|cve-|vulnerability,55,75,20,critical,cve-|vulnerability,30,50,high,sí,sí,sí,rce,,-25,"Population-level REV46 recalculation isolating keyword matching: original non-keyword score contribution is preserved, while keyword matches are recalculated on text_content with word boundaries."
1362,1361,github,2818949406,2026-09-29 15:15:59.062686+00,4000,rce|cve-|vulnerability,55,75,20,critical,cve-|vulnerability,30,50,high,sí,sí,sí,rce,,-25,"Population-level REV46 recalculation isolating keyword matching: original non-keyword score contribution is preserved, while keyword matches are recalculated on text_content with word boundaries."
1363,1362,github,5632699459,2026-09-29 15:15:59.062686+00,1162,rce,25,30,5,medium,,0,5,low,sí,no,no,rce,,-25,"Population-level REV46 recalculation isolating keyword matching: original non-keyword score contribution is preserved, while keyword matches are recalculated on text_content with word boundaries."
1364,1363,github,2818949348,2026-09-29 15:15:59.062686+00,4000,rce|cve-|vulnerability,55,75,20,critical,cve-|vulnerability,30,50,high,sí,sí,sí,rce,,-25,"Population-level REV46 recalculation isolating keyword matching: original non-keyword score contribution is preserved, while keyword matches are recalculated on text_content with word boundaries."
1365,1364,github,5625950111,2026-09-29 15:15:59.062686+00,969,cve-,20,40,20,high,cve-,20,40,high,no,sí,sí,,,0,"Population-level REV46 recalculation isolating keyword matching: original non-keyword score contribution is preserved, while keyword matches are recalculated on text_content with word boundaries."
1366,1365,github,5603992668,2026-09-29 15:15:59.062686+00,4000,cve-|attack,30,50,20,high,cve-|attack,30,50,high,no,sí,sí,,,0,"Population-level REV46 recalculation isolating keyword matching: original non-keyword score contribution is preserved, while keyword matches are recalculated on text_content with word boundaries."
1367,1366,github,5623218718,2026-09-29 15:15:59.062686+00,4000,rce|security,30,55,25,high,security,5,30,medium,sí,sí,no,rce,,-25,"Population-level REV46 recalculation isolating keyword matching: original non-keyword score contribution is preserved, while keyword matches are recalculated on text_content with word boundaries."
1368,1367,github,3843330787,2026-09-29 15:15:59.062686+00,4000,rce|cve-|vulnerability,55,75,20,critical,cve-|vulnerability,30,50,high,sí,sí,sí,rce,,-25,"Population-level REV46 recalculation isolating keyword matching: original non-keyword score contribution is preserved, while keyword matches are recalculated on text_content with word boundaries."
1369,1368,github,5611128219,2026-09-29 15:15:59.062686+00,4000,rce|attack,35,40,5,high,,0,5,low,sí,sí,no,rce|attack,,-35,"Population-level REV46 recalculation isolating keyword matching: original non-keyword score contribution is preserved, while keyword matches are recalculated on text_content with word boundaries."
1370,1369,github,1257900149,2026-09-29 15:15:59.062686+00,4000,rce|exploit|cve-|vulnerability,75,95,20,critical,exploit|cve-|vulnerability,50,70,critical,no,sí,sí,rce,,-25,"Population-level REV46 recalculation isolating keyword matching: original non-keyword score contribution is preserved, while keyword matches are recalculated on text_content with word boundaries."
1371,1370,github,2291490352,2026-09-29 15:15:59.062686+00,4000,rce|cve-|vulnerability,55,75,20,critical,cve-|vulnerability,30,50,high,sí,sí,sí,rce,,-25,"Population-level REV46 recalculation isolating keyword matching: original non-keyword score contribution is preserved, while keyword matches are recalculated on text_content with word boundaries."
1372,1371,github,2162339130,2026-09-29 15:15:59.062686+00,4000,rce|cve-|vulnerability,55,75,20,critical,cve-|vulnerability,30,50,high,sí,sí,sí,rce,,-25,"Population-level REV46 recalculation isolating keyword matching: original non-keyword score contribution is preserved, while keyword matches are recalculated on text_content with word boundaries."
1373,1372,github,1257900099,2026-09-29 15:15:59.062686+00,4000,rce|exploit|cve-|vulnerability,75,95,20,critical,exploit|cve-|vulnerability,50,70,critical,no,sí,sí,rce,,-25,"Population-level REV46 recalculation isolating keyword matching: original non-keyword score contribution is preserved, while keyword matches are recalculated on text_content with word boundaries."
1374,1373,github,5632745793,2026-09-29 15:15:59.062686+00,4000,rce|sql injection|attack|security|vulnerability,70,75,5,critical,sql injection|security|vulnerability,35,40,high,sí,sí,sí,rce|attack,,-35,"Population-level REV46 recalculation isolating keyword matching: original non-keyword score contribution is preserved, while keyword matches are recalculated on text_content with word boundaries."
1375,1374,github,4433201141,2026-09-29 15:15:59.062686+00,4000,rce,25,45,20,high,,0,20,medium,sí,sí,no,rce,,-25,"Population-level REV46 recalculation isolating keyword matching: original non-keyword score contribution is preserved, while keyword matches are recalculated on text_content with word boundaries."
1376,1375,github,1454307241,2026-09-29 15:15:59.062686+00,3998,rce|security|vulnerability,40,45,5,high,security|vulnerability,15,20,medium,sí,sí,no,rce,,-25,"Population-level REV46 recalculation isolating keyword matching: original non-keyword score contribution is preserved, while keyword matches are recalculated on text_content with word boundaries."
1377,1376,github,1031017839,2026-09-29 15:15:59.062686+00,4000,rce|security|vulnerability,40,60,20,critical,security|vulnerability,15,35,medium,sí,sí,no,rce,,-25,"Population-level REV46 recalculation isolating keyword matching: original non-keyword score contribution is preserved, while keyword matches are recalculated on text_content with word boundaries."
1378,1377,github,5618230595,2026-09-29 15:15:59.062686+00,2116,apt|exploit|attack,55,75,20,critical,exploit,20,40,high,sí,sí,sí,apt|attack,,-35,"Population-level REV46 recalculation isolating keyword matching: original non-keyword score contribution is preserved, while keyword matches are recalculated on text_content with word boundaries."
1379,1378,github,2736097826,2026-09-29 15:15:59.062686+00,4000,rce,25,45,20,high,,0,20,medium,sí,sí,no,rce,,-25,"Population-level REV46 recalculation isolating keyword matching: original non-keyword score contribution is preserved, while keyword matches are recalculated on text_content with word boundaries."
1380,1379,github,5383638225,2026-09-29 15:15:59.062686+00,4000,,0,15,15,low,,0,15,low,no,no,no,,,0,"Population-level REV46 recalculation isolating keyword matching: original non-keyword score contribution is preserved, while keyword matches are recalculated on text_content with word boundaries."
1381,1380,github,4328975229,2026-09-29 15:15:59.062686+00,4000,rce,25,30,5,medium,,0,5,low,sí,no,no,rce,,-25,"Population-level REV46 recalculation isolating keyword matching: original non-keyword score contribution is preserved, while keyword matches are recalculated on text_content with word boundaries."
1382,1381,github,5632759035,2026-09-29 15:15:59.062686+00,4000,apt|security|vulnerability,40,45,5,high,security|vulnerability,15,20,medium,sí,sí,no,apt,,-25,"Population-level REV46 recalculation isolating keyword matching: original non-keyword score contribution is preserved, while keyword matches are recalculated on text_content with word boundaries."
1383,1382,github,5632758148,2026-09-29 15:15:59.062686+00,4000,apt|rce|threat|security,65,70,5,critical,threat|security,15,20,medium,sí,sí,no,apt|rce,,-50,"Population-level REV46 recalculation isolating keyword matching: original non-keyword score contribution is preserved, while keyword matches are recalculated on text_content with word boundaries."
1384,1383,github,2307743208,2026-09-29 15:15:59.062686+00,4000,apt|rce|security,55,75,20,critical,security,5,25,medium,sí,sí,no,apt|rce,,-50,"Population-level REV46 recalculation isolating keyword matching: original non-keyword score contribution is preserved, while keyword matches are recalculated on text_content with word boundaries."
1385,1384,github,5632757521,2026-09-29 15:15:59.062686+00,1223,security|vulnerability,15,20,5,medium,security|vulnerability,15,20,medium,no,no,no,,,0,"Population-level REV46 recalculation isolating keyword matching: original non-keyword score contribution is preserved, while keyword matches are recalculated on text_content with word boundaries."
1386,1385,hackernews,49894978,2026-09-29 15:32:49.768221+00,71,,0,20,20,medium,,0,20,medium,no,no,no,,,0,"Population-level REV46 recalculation isolating keyword matching: original non-keyword score contribution is preserved, while keyword matches are recalculated on text_content with word boundaries."
1387,1386,hackernews,49894893,2026-09-29 15:32:49.768221+00,76,,0,5,5,low,,0,5,low,no,no,no,,,0,"Population-level REV46 recalculation isolating keyword matching: original non-keyword score contribution is preserved, while keyword matches are recalculated on text_content with word boundaries."
1388,1387,github,5632991791,2026-09-29 15:32:49.768221+00,1270,exploit|attack|vulnerability,40,60,20,critical,exploit|vulnerability,30,50,high,sí,sí,sí,attack,,-10,"Population-level REV46 recalculation isolating keyword matching: original non-keyword score contribution is preserved, while keyword matches are recalculated on text_content with word boundaries."
1389,1388,github,1325180643,2026-09-29 15:32:49.768221+00,2049,rce|security|vulnerability,40,45,5,high,security|vulnerability,15,20,medium,sí,sí,no,rce,,-25,"Population-level REV46 recalculation isolating keyword matching: original non-keyword score contribution is preserved, while keyword matches are recalculated on text_content with word boundaries."
1390,1389,github,5632990389,2026-09-29 15:32:49.768221+00,1157,attack|vulnerability|denial of service,30,50,20,high,vulnerability|denial of service,20,40,high,no,sí,sí,attack,,-10,"Population-level REV46 recalculation isolating keyword matching: original non-keyword score contribution is preserved, while keyword matches are recalculated on text_content with word boundaries."
1391,1390,github,2660656206,2026-09-29 15:32:49.768221+00,3999,rce|security|vulnerability,40,60,20,critical,security|vulnerability,15,35,medium,sí,sí,no,rce,,-25,"Population-level REV46 recalculation isolating keyword matching: original non-keyword score contribution is preserved, while keyword matches are recalculated on text_content with word boundaries."
1392,1391,github,5632989018,2026-09-29 15:32:49.768221+00,2945,rce|vulnerability|denial of service,45,65,20,critical,vulnerability|denial of service,20,40,high,sí,sí,sí,rce,,-25,"Population-level REV46 recalculation isolating keyword matching: original non-keyword score contribution is preserved, while keyword matches are recalculated on text_content with word boundaries."
1393,1392,github,5632987794,2026-09-29 15:32:49.768221+00,3176,rce|attack|vulnerability|denial of service,55,75,20,critical,vulnerability|denial of service,20,40,high,sí,sí,sí,rce|attack,,-35,"Population-level REV46 recalculation isolating keyword matching: original non-keyword score contribution is preserved, while keyword matches are recalculated on text_content with word boundaries."
1394,1393,github,4985468045,2026-09-29 15:32:49.768221+00,4000,rce|vulnerability,35,50,15,high,vulnerability,10,25,medium,sí,sí,no,rce,,-25,"Population-level REV46 recalculation isolating keyword matching: original non-keyword score contribution is preserved, while keyword matches are recalculated on text_content with word boundaries."
1395,1394,github,5626305264,2026-09-29 15:32:49.768221+00,3797,security,5,10,5,low,security,5,10,low,no,no,no,,,0,"Population-level REV46 recalculation isolating keyword matching: original non-keyword score contribution is preserved, while keyword matches are recalculated on text_content with word boundaries."
1396,1395,github,5632986500,2026-09-29 15:32:49.768221+00,1565,vulnerability|denial of service,20,40,20,high,vulnerability|denial of service,20,40,high,no,sí,sí,,,0,"Population-level REV46 recalculation isolating keyword matching: original non-keyword score contribution is preserved, while keyword matches are recalculated on text_content with word boundaries."
1397,1396,github,5463283530,2026-09-29 15:32:49.768221+00,4000,apt|rce,50,70,20,critical,,0,20,medium,sí,sí,no,apt|rce,,-50,"Population-level REV46 recalculation isolating keyword matching: original non-keyword score contribution is preserved, while keyword matches are recalculated on text_content with word boundaries."
1398,1397,github,5632985068,2026-09-29 15:32:49.768221+00,1812,rce|attack|vulnerability,45,65,20,critical,vulnerability,10,30,medium,sí,sí,no,rce|attack,,-35,"Population-level REV46 recalculation isolating keyword matching: original non-keyword score contribution is preserved, while keyword matches are recalculated on text_content with word boundaries."
1399,1398,github,5085788425,2026-09-29 15:32:49.768221+00,4000,apt|exploit,45,70,25,critical,,0,25,medium,sí,sí,no,apt|exploit,,-45,"Population-level REV46 recalculation isolating keyword matching: original non-keyword score contribution is preserved, while keyword matches are recalculated on text_content with word boundaries."
1400,1399,github,5135950045,2026-09-29 15:32:49.768221+00,4000,rce|security|vulnerability,40,60,20,critical,security|vulnerability,15,35,medium,sí,sí,no,rce,,-25,"Population-level REV46 recalculation isolating keyword matching: original non-keyword score contribution is preserved, while keyword matches are recalculated on text_content with word boundaries."
1401,1400,github,2821292014,2026-09-29 15:32:49.768221+00,3998,rce,25,45,20,high,,0,20,medium,sí,sí,no,rce,,-25,"Population-level REV46 recalculation isolating keyword matching: original non-keyword score contribution is preserved, while keyword matches are recalculated on text_content with word boundaries."
1402,1401,github,3761657776,2026-09-29 15:32:49.768221+00,4000,rce|security,30,35,5,medium,,0,5,low,sí,no,no,rce|security,,-30,"Population-level REV46 recalculation isolating keyword matching: original non-keyword score contribution is preserved, while keyword matches are recalculated on text_content with word boundaries."
1403,1402,github,5632983723,2026-09-29 15:32:49.768221+00,3712,rce|attack|vulnerability|denial of service,55,75,20,critical,vulnerability|denial of service,20,40,high,sí,sí,sí,rce|attack,,-35,"Population-level REV46 recalculation isolating keyword matching: original non-keyword score contribution is preserved, while keyword matches are recalculated on text_content with word boundaries."
1404,1403,github,1494280962,2026-09-29 15:32:49.768221+00,3998,rce|security|vulnerability,40,45,5,high,security|vulnerability,15,20,medium,sí,sí,no,rce,,-25,"Population-level REV46 recalculation isolating keyword matching: original non-keyword score contribution is preserved, while keyword matches are recalculated on text_content with word boundaries."
1405,1404,github,5632982898,2026-09-29 15:32:49.768221+00,3462,rce|exploit|security|vulnerability,60,65,5,critical,exploit|security|vulnerability,35,40,high,sí,sí,sí,rce,,-25,"Population-level REV46 recalculation isolating keyword matching: original non-keyword score contribution is preserved, while keyword matches are recalculated on text_content with word boundaries."
1406,1405,github,5632982393,2026-09-29 15:32:49.768221+00,4000,rce|attack|vulnerability,45,65,20,critical,vulnerability,10,30,medium,sí,sí,no,rce|attack,,-35,"Population-level REV46 recalculation isolating keyword matching: original non-keyword score contribution is preserved, while keyword matches are recalculated on text_content with word boundaries."
1407,1406,github,5597581365,2026-09-29 15:32:49.768221+00,2900,phishing|compromised|attack,50,70,20,critical,phishing|compromised,40,60,critical,no,sí,sí,attack,,-10,"Population-level REV46 recalculation isolating keyword matching: original non-keyword score contribution is preserved, while keyword matches are recalculated on text_content with word boundaries."
1408,1407,github,5632981075,2026-09-29 15:32:49.768221+00,2629,rce|vulnerability,35,55,20,high,vulnerability,10,30,medium,sí,sí,no,rce,,-25,"Population-level REV46 recalculation isolating keyword matching: original non-keyword score contribution is preserved, while keyword matches are recalculated on text_content with word boundaries."
1409,1408,github,5625853866,2026-09-29 15:32:49.768221+00,1152,vulnerability,10,30,20,medium,vulnerability,10,30,medium,no,no,no,,,0,"Population-level REV46 recalculation isolating keyword matching: original non-keyword score contribution is preserved, while keyword matches are recalculated on text_content with word boundaries."
1410,1409,github,5632979743,2026-09-29 15:32:49.768221+00,3911,rce|exploit|attack|vulnerability|denial of service,75,95,20,critical,exploit|vulnerability|denial of service,40,60,critical,no,sí,sí,rce|attack,,-35,"Population-level REV46 recalculation isolating keyword matching: original non-keyword score contribution is preserved, while keyword matches are recalculated on text_content with word boundaries."
1411,1410,github,5605648587,2026-09-29 15:32:49.768221+00,1131,cve-,20,40,20,high,cve-,20,40,high,no,sí,sí,,,0,"Population-level REV46 recalculation isolating keyword matching: original non-keyword score contribution is preserved, while keyword matches are recalculated on text_content with word boundaries."
1412,1411,github,1331121826,2026-09-29 15:32:49.768221+00,3998,rce|security|vulnerability,40,45,5,high,security|vulnerability,15,20,medium,sí,sí,no,rce,,-25,"Population-level REV46 recalculation isolating keyword matching: original non-keyword score contribution is preserved, while keyword matches are recalculated on text_content with word boundaries."
1413,1412,github,5632978322,2026-09-29 15:32:49.768221+00,1323,attack|vulnerability|denial of service,30,50,20,high,vulnerability|denial of service,20,40,high,no,sí,sí,attack,,-10,"Population-level REV46 recalculation isolating keyword matching: original non-keyword score contribution is preserved, while keyword matches are recalculated on text_content with word boundaries."
1414,1413,github,2071773423,2026-09-29 15:32:49.768221+00,4000,rce|security,30,35,5,medium,security,5,10,low,sí,no,no,rce,,-25,"Population-level REV46 recalculation isolating keyword matching: original non-keyword score contribution is preserved, while keyword matches are recalculated on text_content with word boundaries."
1415,1414,github,5632977087,2026-09-29 15:32:49.768221+00,1166,rce|attack|vulnerability|denial of service,55,75,20,critical,vulnerability|denial of service,20,40,high,sí,sí,sí,rce|attack,,-35,"Population-level REV46 recalculation isolating keyword matching: original non-keyword score contribution is preserved, while keyword matches are recalculated on text_content with word boundaries."
1416,1415,github,5632975714,2026-09-29 15:32:49.768221+00,4000,rce|cve-|attack|vulnerability,65,85,20,critical,rce|cve-|vulnerability,55,75,critical,no,sí,sí,attack,,-10,"Population-level REV46 recalculation isolating keyword matching: original non-keyword score contribution is preserved, while keyword matches are recalculated on text_content with word boundaries."
1417,1416,github,5147824204,2026-09-29 15:32:49.768221+00,1491,security,5,20,15,medium,security,5,20,medium,no,no,no,,,0,"Population-level REV46 recalculation isolating keyword matching: original non-keyword score contribution is preserved, while keyword matches are recalculated on text_content with word boundaries."
1418,1417,github,5632974489,2026-09-29 15:32:49.768221+00,2716,attack|vulnerability|denial of service,30,50,20,high,vulnerability|denial of service,20,40,high,no,sí,sí,attack,,-10,"Population-level REV46 recalculation isolating keyword matching: original non-keyword score contribution is preserved, while keyword matches are recalculated on text_content with word boundaries."
1419,1418,github,5304267686,2026-09-29 15:32:49.768221+00,4000,rce|security,30,40,10,high,security,5,15,low,sí,sí,no,rce,,-25,"Population-level REV46 recalculation isolating keyword matching: original non-keyword score contribution is preserved, while keyword matches are recalculated on text_content with word boundaries."
1420,1419,github,5632973269,2026-09-29 15:32:49.768221+00,1486,rce|vulnerability,35,40,5,high,vulnerability,10,15,low,sí,sí,no,rce,,-25,"Population-level REV46 recalculation isolating keyword matching: original non-keyword score contribution is preserved, while keyword matches are recalculated on text_content with word boundaries."
1421,1420,github,5632973124,2026-09-29 15:32:49.768221+00,4000,exploit,20,25,5,medium,exploit,20,25,medium,no,no,no,,,0,"Population-level REV46 recalculation isolating keyword matching: original non-keyword score contribution is preserved, while keyword matches are recalculated on text_content with word boundaries."
1422,1421,github,4935814823,2026-09-29 15:32:49.768221+00,807,rce,25,30,5,medium,,0,5,low,sí,no,no,rce,,-25,"Population-level REV46 recalculation isolating keyword matching: original non-keyword score contribution is preserved, while keyword matches are recalculated on text_content with word boundaries."
1423,1422,github,5632971775,2026-09-29 15:32:49.768221+00,4000,exploit|privilege escalation|attack|vulnerability,60,65,5,critical,privilege escalation|vulnerability,30,35,medium,sí,sí,no,exploit|attack,,-30,"Population-level REV46 recalculation isolating keyword matching: original non-keyword score contribution is preserved, while keyword matches are recalculated on text_content with word boundaries."
1424,1423,github,5566353998,2026-09-29 15:32:49.768221+00,4000,,0,5,5,low,,0,5,low,no,no,no,,,0,"Population-level REV46 recalculation isolating keyword matching: original non-keyword score contribution is preserved, while keyword matches are recalculated on text_content with word boundaries."
1425,1424,github,4750184308,2026-09-29 15:32:49.768221+00,4000,rce|vulnerability,35,40,5,high,vulnerability,10,15,low,sí,sí,no,rce,,-25,"Population-level REV46 recalculation isolating keyword matching: original non-keyword score contribution is preserved, while keyword matches are recalculated on text_content with word boundaries."
1426,1425,github,5632970456,2026-09-29 15:32:49.768221+00,4000,rce|vulnerability|denial of service,45,50,5,high,vulnerability|denial of service,20,25,medium,sí,sí,no,rce,,-25,"Population-level REV46 recalculation isolating keyword matching: original non-keyword score contribution is preserved, while keyword matches are recalculated on text_content with word boundaries."
1427,1426,github,5632969073,2026-09-29 15:32:49.768221+00,3090,rce|attack|vulnerability|denial of service,55,75,20,critical,vulnerability|denial of service,20,40,high,sí,sí,sí,rce|attack,,-35,"Population-level REV46 recalculation isolating keyword matching: original non-keyword score contribution is preserved, while keyword matches are recalculated on text_content with word boundaries."
1428,1427,github,5587518686,2026-09-29 15:32:49.768221+00,3998,rce|vulnerability,35,40,5,high,vulnerability,10,15,low,sí,sí,no,rce,,-25,"Population-level REV46 recalculation isolating keyword matching: original non-keyword score contribution is preserved, while keyword matches are recalculated on text_content with word boundaries."
1429,1428,github,4239806161,2026-09-29 15:32:49.768221+00,3998,rce,25,30,5,medium,,0,5,low,sí,no,no,rce,,-25,"Population-level REV46 recalculation isolating keyword matching: original non-keyword score contribution is preserved, while keyword matches are recalculated on text_content with word boundaries."
1430,1429,github,1590532421,2026-09-29 15:46:00.093216+00,3998,rce|security|vulnerability,40,45,5,high,security|vulnerability,15,20,medium,sí,sí,no,rce,,-25,"Population-level REV46 recalculation isolating keyword matching: original non-keyword score contribution is preserved, while keyword matches are recalculated on text_content with word boundaries."
1431,1430,github,5633176226,2026-09-29 15:46:00.093216+00,1474,sql injection|xss|security|vulnerability,50,55,5,high,sql injection|xss|security,40,45,high,no,sí,sí,vulnerability,,-10,"Population-level REV46 recalculation isolating keyword matching: original non-keyword score contribution is preserved, while keyword matches are recalculated on text_content with word boundaries."
1432,1431,github,2556049319,2026-09-29 15:46:00.093216+00,3998,rce|security|vulnerability,40,60,20,critical,security|vulnerability,15,35,medium,sí,sí,no,rce,,-25,"Population-level REV46 recalculation isolating keyword matching: original non-keyword score contribution is preserved, while keyword matches are recalculated on text_content with word boundaries."
1433,1432,github,5633181402,2026-09-29 15:46:00.093216+00,1803,malware,20,25,5,medium,malware,20,25,medium,no,no,no,,,0,"Population-level REV46 recalculation isolating keyword matching: original non-keyword score contribution is preserved, while keyword matches are recalculated on text_content with word boundaries."
1434,1433,github,5472392179,2026-09-29 15:46:00.093216+00,1533,exploit|security,25,30,5,medium,security,5,10,low,sí,no,no,exploit,,-20,"Population-level REV46 recalculation isolating keyword matching: original non-keyword score contribution is preserved, while keyword matches are recalculated on text_content with word boundaries."
1435,1434,github,5633178900,2026-09-29 15:46:00.093216+00,1740,exploit|cve-|attack|threat|vulnerability,70,90,20,critical,exploit|cve-|attack|threat|vulnerability,70,90,critical,no,sí,sí,,,0,"Population-level REV46 recalculation isolating keyword matching: original non-keyword score contribution is preserved, while keyword matches are recalculated on text_content with word boundaries."
1436,1435,github,5633178812,2026-09-29 15:46:00.093216+00,1568,rce|security|vulnerability,40,45,5,high,security|vulnerability,15,20,medium,sí,sí,no,rce,,-25,"Population-level REV46 recalculation isolating keyword matching: original non-keyword score contribution is preserved, while keyword matches are recalculated on text_content with word boundaries."
1437,1436,github,5633178502,2026-09-29 15:46:00.093216+00,2813,apt|exploit|security,50,55,5,high,security,5,10,low,sí,sí,no,apt|exploit,,-45,"Population-level REV46 recalculation isolating keyword matching: original non-keyword score contribution is preserved, while keyword matches are recalculated on text_content with word boundaries."
1438,1437,github,5633178120,2026-09-29 15:46:00.093216+00,2996,exploit|security|denial of service,35,40,5,high,security|denial of service,15,20,medium,sí,sí,no,exploit,,-20,"Population-level REV46 recalculation isolating keyword matching: original non-keyword score contribution is preserved, while keyword matches are recalculated on text_content with word boundaries."
1439,1438,github,5627829632,2026-09-29 15:46:00.093216+00,3608,rce|exploit,45,65,20,critical,exploit,20,40,high,sí,sí,sí,rce,,-25,"Population-level REV46 recalculation isolating keyword matching: original non-keyword score contribution is preserved, while keyword matches are recalculated on text_content with word boundaries."
1440,1439,github,2363541485,2026-09-29 15:46:00.093216+00,2172,rce|security|vulnerability,40,45,5,high,security|vulnerability,15,20,medium,sí,sí,no,rce,,-25,"Population-level REV46 recalculation isolating keyword matching: original non-keyword score contribution is preserved, while keyword matches are recalculated on text_content with word boundaries."
1441,1440,github,3843084745,2026-09-29 15:46:00.093216+00,4000,rce|cve-|attack|vulnerability,65,85,20,critical,cve-|vulnerability,30,50,high,sí,sí,sí,rce|attack,,-35,"Population-level REV46 recalculation isolating keyword matching: original non-keyword score contribution is preserved, while keyword matches are recalculated on text_content with word boundaries."
1442,1441,github,2818226816,2026-09-29 15:46:00.093216+00,4000,rce|cve-|vulnerability,55,75,20,critical,cve-|vulnerability,30,50,high,sí,sí,sí,rce,,-25,"Population-level REV46 recalculation isolating keyword matching: original non-keyword score contribution is preserved, while keyword matches are recalculated on text_content with word boundaries."
1443,1442,github,5603883768,2026-09-29 15:46:00.093216+00,1267,exploit|security,25,45,20,high,exploit|security,25,45,high,no,sí,sí,,,0,"Population-level REV46 recalculation isolating keyword matching: original non-keyword score contribution is preserved, while keyword matches are recalculated on text_content with word boundaries."
1444,1443,github,5633175477,2026-09-29 15:46:00.093216+00,2600,security|vulnerability,15,20,5,medium,security|vulnerability,15,20,medium,no,no,no,,,0,"Population-level REV46 recalculation isolating keyword matching: original non-keyword score contribution is preserved, while keyword matches are recalculated on text_content with word boundaries."
1445,1444,github,3135658158,2026-09-29 15:46:00.093216+00,4000,rce|cve-|vulnerability,55,75,20,critical,cve-|vulnerability,30,50,high,sí,sí,sí,rce,,-25,"Population-level REV46 recalculation isolating keyword matching: original non-keyword score contribution is preserved, while keyword matches are recalculated on text_content with word boundaries."
1446,1445,github,1793273934,2026-09-29 15:46:00.093216+00,4000,rce,25,45,20,high,,0,20,medium,sí,sí,no,rce,,-25,"Population-level REV46 recalculation isolating keyword matching: original non-keyword score contribution is preserved, while keyword matches are recalculated on text_content with word boundaries."
1447,1446,github,2621063389,2026-09-29 15:46:00.093216+00,4000,rce|cve-|vulnerability,55,75,20,critical,cve-|vulnerability,30,50,high,sí,sí,sí,rce,,-25,"Population-level REV46 recalculation isolating keyword matching: original non-keyword score contribution is preserved, while keyword matches are recalculated on text_content with word boundaries."
1448,1447,github,5632514524,2026-09-29 15:46:00.093216+00,4000,rce|security,30,35,5,medium,security,5,10,low,sí,no,no,rce,,-25,"Population-level REV46 recalculation isolating keyword matching: original non-keyword score contribution is preserved, while keyword matches are recalculated on text_content with word boundaries."
1449,1448,github,3770731909,2026-09-29 15:46:00.093216+00,4000,rce|cve-|vulnerability,55,75,20,critical,cve-|vulnerability,30,50,high,sí,sí,sí,rce,,-25,"Population-level REV46 recalculation isolating keyword matching: original non-keyword score contribution is preserved, while keyword matches are recalculated on text_content with word boundaries."
1450,1449,github,5633173841,2026-09-29 15:46:00.093216+00,2502,exploit,20,25,5,medium,exploit,20,25,medium,no,no,no,,,0,"Population-level REV46 recalculation isolating keyword matching: original non-keyword score contribution is preserved, while keyword matches are recalculated on text_content with word boundaries."
1451,1450,github,3625975275,2026-09-29 15:46:00.093216+00,4000,rce|cve-|vulnerability,55,75,20,critical,cve-|vulnerability,30,50,high,sí,sí,sí,rce,,-25,"Population-level REV46 recalculation isolating keyword matching: original non-keyword score contribution is preserved, while keyword matches are recalculated on text_content with word boundaries."
1452,1451,github,2956864548,2026-09-29 15:46:00.093216+00,4000,rce|cve-|vulnerability,55,75,20,critical,cve-|vulnerability,30,50,high,sí,sí,sí,rce,,-25,"Population-level REV46 recalculation isolating keyword matching: original non-keyword score contribution is preserved, while keyword matches are recalculated on text_content with word boundaries."
1453,1452,github,3775380983,2026-09-29 15:46:00.093216+00,4000,rce|vulnerability,35,40,5,high,vulnerability,10,15,low,sí,sí,no,rce,,-25,"Population-level REV46 recalculation isolating keyword matching: original non-keyword score contribution is preserved, while keyword matches are recalculated on text_content with word boundaries."
1454,1453,github,2818226455,2026-09-29 15:46:00.093216+00,4000,rce|cve-|vulnerability,55,75,20,critical,cve-|vulnerability,30,50,high,sí,sí,sí,rce,,-25,"Population-level REV46 recalculation isolating keyword matching: original non-keyword score contribution is preserved, while keyword matches are recalculated on text_content with word boundaries."
1455,1454,github,5529199028,2026-09-29 15:46:00.093216+00,4000,rce|cve-|security|vulnerability,60,80,20,critical,cve-|security|vulnerability,35,55,high,sí,sí,sí,rce,,-25,"Population-level REV46 recalculation isolating keyword matching: original non-keyword score contribution is preserved, while keyword matches are recalculated on text_content with word boundaries."
1456,1455,github,3961588194,2026-09-29 15:46:00.093216+00,4000,rce|cve-|vulnerability,55,75,20,critical,cve-|vulnerability,30,50,high,sí,sí,sí,rce,,-25,"Population-level REV46 recalculation isolating keyword matching: original non-keyword score contribution is preserved, while keyword matches are recalculated on text_content with word boundaries."
1457,1456,github,5632409467,2026-09-29 15:46:00.093216+00,4000,rce,25,35,10,medium,,0,10,low,sí,no,no,rce,,-25,"Population-level REV46 recalculation isolating keyword matching: original non-keyword score contribution is preserved, while keyword matches are recalculated on text_content with word boundaries."
1458,1457,github,5632421286,2026-09-29 15:46:00.093216+00,4000,rce|threat|security,40,45,5,high,threat|security,15,20,medium,sí,sí,no,rce,,-25,"Population-level REV46 recalculation isolating keyword matching: original non-keyword score contribution is preserved, while keyword matches are recalculated on text_content with word boundaries."
1459,1458,github,4670814521,2026-09-29 15:46:00.093216+00,3776,rce|exploit|cve-|attack|vulnerability,85,100,15,critical,cve-|attack|vulnerability,40,55,high,sí,sí,sí,rce|exploit,,-45,"Population-level REV46 recalculation isolating keyword matching: original non-keyword score contribution is preserved, while keyword matches are recalculated on text_content with word boundaries."
1460,1459,github,2336537805,2026-09-29 15:46:00.093216+00,4000,rce|cve-|vulnerability,55,75,20,critical,cve-|vulnerability,30,50,high,sí,sí,sí,rce,,-25,"Population-level REV46 recalculation isolating keyword matching: original non-keyword score contribution is preserved, while keyword matches are recalculated on text_content with word boundaries."
1461,1460,github,5494920256,2026-09-29 15:46:00.093216+00,2399,security,5,10,5,low,security,5,10,low,no,no,no,,,0,"Population-level REV46 recalculation isolating keyword matching: original non-keyword score contribution is preserved, while keyword matches are recalculated on text_content with word boundaries."
1462,1461,github,4038742215,2026-09-29 15:46:00.093216+00,4000,security,5,20,15,medium,security,5,20,medium,no,no,no,,,0,"Population-level REV46 recalculation isolating keyword matching: original non-keyword score contribution is preserved, while keyword matches are recalculated on text_content with word boundaries."
1463,1462,github,2818226223,2026-09-29 15:46:00.093216+00,4000,rce|cve-|vulnerability,55,75,20,critical,cve-|vulnerability,30,50,high,sí,sí,sí,rce,,-25,"Population-level REV46 recalculation isolating keyword matching: original non-keyword score contribution is preserved, while keyword matches are recalculated on text_content with word boundaries."
1464,1463,github,3798062040,2026-09-29 15:46:00.093216+00,4000,rce|cve-|vulnerability,55,75,20,critical,cve-|vulnerability,30,50,high,sí,sí,sí,rce,,-25,"Population-level REV46 recalculation isolating keyword matching: original non-keyword score contribution is preserved, while keyword matches are recalculated on text_content with word boundaries."
1465,1464,github,2387857142,2026-09-29 15:46:00.093216+00,4000,rce|cve-|vulnerability,55,75,20,critical,cve-|vulnerability,30,50,high,sí,sí,sí,rce,,-25,"Population-level REV46 recalculation isolating keyword matching: original non-keyword score contribution is preserved, while keyword matches are recalculated on text_content with word boundaries."
1466,1465,github,3848981207,2026-09-29 15:46:00.093216+00,3998,rce|security|vulnerability,40,60,20,critical,security|vulnerability,15,35,medium,sí,sí,no,rce,,-25,"Population-level REV46 recalculation isolating keyword matching: original non-keyword score contribution is preserved, while keyword matches are recalculated on text_content with word boundaries."
1467,1466,github,5601198651,2026-09-29 15:46:00.093216+00,2390,rce|malware|security,50,60,10,critical,malware|security,25,35,medium,sí,sí,no,rce,,-25,"Population-level REV46 recalculation isolating keyword matching: original non-keyword score contribution is preserved, while keyword matches are recalculated on text_content with word boundaries."
1468,1467,github,2856100744,2026-09-29 15:46:00.093216+00,4000,rce|exploit|cve-|attack|vulnerability|denial of service,95,100,5,critical,cve-|attack|vulnerability|denial of service,50,55,high,sí,sí,sí,rce|exploit,,-45,"Population-level REV46 recalculation isolating keyword matching: original non-keyword score contribution is preserved, while keyword matches are recalculated on text_content with word boundaries."
1469,1468,github,3843084314,2026-09-29 15:46:00.093216+00,4000,rce|cve-|attack|vulnerability,65,85,20,critical,cve-|vulnerability,30,50,high,sí,sí,sí,rce|attack,,-35,"Population-level REV46 recalculation isolating keyword matching: original non-keyword score contribution is preserved, while keyword matches are recalculated on text_content with word boundaries."
1470,1469,github,3625974758,2026-09-29 15:46:00.093216+00,4000,rce|cve-|vulnerability,55,75,20,critical,cve-|vulnerability,30,50,high,sí,sí,sí,rce,,-25,"Population-level REV46 recalculation isolating keyword matching: original non-keyword score contribution is preserved, while keyword matches are recalculated on text_content with word boundaries."
1471,1470,github,2724194607,2026-09-29 15:46:00.093216+00,4000,rce|cve-|vulnerability,55,75,20,critical,cve-|vulnerability,30,50,high,sí,sí,sí,rce,,-25,"Population-level REV46 recalculation isolating keyword matching: original non-keyword score contribution is preserved, while keyword matches are recalculated on text_content with word boundaries."
1472,1471,github,5165309914,2026-09-29 16:01:00.830814+00,3998,rce,25,30,5,medium,,0,5,low,sí,no,no,rce,,-25,"Population-level REV46 recalculation isolating keyword matching: original non-keyword score contribution is preserved, while keyword matches are recalculated on text_content with word boundaries."
1473,1472,github,5633382974,2026-09-29 16:01:00.830814+00,1107,vulnerability,10,30,20,medium,vulnerability,10,30,medium,no,no,no,,,0,"Population-level REV46 recalculation isolating keyword matching: original non-keyword score contribution is preserved, while keyword matches are recalculated on text_content with word boundaries."
1474,1473,github,5160726864,2026-09-29 16:01:00.830814+00,1481,attack,10,35,25,medium,,0,25,medium,no,no,no,attack,,-10,"Population-level REV46 recalculation isolating keyword matching: original non-keyword score contribution is preserved, while keyword matches are recalculated on text_content with word boundaries."
1475,1474,github,5633381671,2026-09-29 16:01:00.830814+00,1143,apt|rce|remote code execution|vulnerability,90,100,10,critical,rce|remote code execution|vulnerability,65,75,critical,no,sí,sí,apt,,-25,"Population-level REV46 recalculation isolating keyword matching: original non-keyword score contribution is preserved, while keyword matches are recalculated on text_content with word boundaries."
1476,1475,github,5633380492,2026-09-29 16:01:00.830814+00,1145,apt|rce|remote code execution|vulnerability,90,100,10,critical,rce|remote code execution|vulnerability,65,75,critical,no,sí,sí,apt,,-25,"Population-level REV46 recalculation isolating keyword matching: original non-keyword score contribution is preserved, while keyword matches are recalculated on text_content with word boundaries."
1477,1476,github,2026752892,2026-09-29 16:01:00.830814+00,2365,rce,25,30,5,medium,,0,5,low,sí,no,no,rce,,-25,"Population-level REV46 recalculation isolating keyword matching: original non-keyword score contribution is preserved, while keyword matches are recalculated on text_content with word boundaries."
1478,1477,github,5633379619,2026-09-29 16:01:00.830814+00,3967,apt|rce|phishing|malware|ataque|amenaza|ciberataque|seguridad,130,100,0,critical,phishing|malware|ataque|amenaza|ciberataque|seguridad,80,80,critical,no,sí,sí,apt|rce,,-20,"Population-level REV46 recalculation isolating keyword matching: original non-keyword score contribution is preserved, while keyword matches are recalculated on text_content with word boundaries."
1479,1478,github,5633379239,2026-09-29 16:01:00.830814+00,1145,rce|remote code execution|vulnerability,65,85,20,critical,rce|remote code execution|vulnerability,65,85,critical,no,sí,sí,,,0,"Population-level REV46 recalculation isolating keyword matching: original non-keyword score contribution is preserved, while keyword matches are recalculated on text_content with word boundaries."
1480,1479,github,2861201701,2026-09-29 16:01:00.830814+00,3998,rce|security|vulnerability,40,60,20,critical,security|vulnerability,15,35,medium,sí,sí,no,rce,,-25,"Population-level REV46 recalculation isolating keyword matching: original non-keyword score contribution is preserved, while keyword matches are recalculated on text_content with word boundaries."
1481,1480,github,5633378057,2026-09-29 16:01:00.830814+00,1158,rce|remote code execution|vulnerability,65,85,20,critical,rce|remote code execution|vulnerability,65,85,critical,no,sí,sí,,,0,"Population-level REV46 recalculation isolating keyword matching: original non-keyword score contribution is preserved, while keyword matches are recalculated on text_content with word boundaries."
1482,1481,github,1159750108,2026-09-29 16:01:00.830814+00,3998,rce|security|vulnerability,40,60,20,critical,security|vulnerability,15,35,medium,sí,sí,no,rce,,-25,"Population-level REV46 recalculation isolating keyword matching: original non-keyword score contribution is preserved, while keyword matches are recalculated on text_content with word boundaries."
1483,1482,github,5633376861,2026-09-29 16:01:00.830814+00,1071,rce|remote code execution|vulnerability,65,85,20,critical,rce|remote code execution|vulnerability,65,85,critical,no,sí,sí,,,0,"Population-level REV46 recalculation isolating keyword matching: original non-keyword score contribution is preserved, while keyword matches are recalculated on text_content with word boundaries."
1484,1483,github,5336380714,2026-09-29 16:01:00.830814+00,3895,rce,25,35,10,medium,,0,10,low,sí,no,no,rce,,-25,"Population-level REV46 recalculation isolating keyword matching: original non-keyword score contribution is preserved, while keyword matches are recalculated on text_content with word boundaries."
1485,1484,github,2164915197,2026-09-29 16:01:00.830814+00,4000,rce|security|vulnerability,40,60,20,critical,security|vulnerability,15,35,medium,sí,sí,no,rce,,-25,"Population-level REV46 recalculation isolating keyword matching: original non-keyword score contribution is preserved, while keyword matches are recalculated on text_content with word boundaries."
1486,1485,github,5468785122,2026-09-29 16:01:00.830814+00,4000,apt|rce|critical vulnerability|security|vulnerability,85,100,15,critical,critical vulnerability|security|vulnerability,35,50,high,sí,sí,sí,apt|rce,,-50,"Population-level REV46 recalculation isolating keyword matching: original non-keyword score contribution is preserved, while keyword matches are recalculated on text_content with word boundaries."
1487,1486,github,1331072311,2026-09-29 16:01:00.830814+00,4000,rce|security|vulnerability,40,60,20,critical,security|vulnerability,15,35,medium,sí,sí,no,rce,,-25,"Population-level REV46 recalculation isolating keyword matching: original non-keyword score contribution is preserved, while keyword matches are recalculated on text_content with word boundaries."
1488,1487,github,5633375525,2026-09-29 16:01:00.830814+00,1171,apt|rce|remote code execution|vulnerability,90,100,10,critical,rce|remote code execution|vulnerability,65,75,critical,no,sí,sí,apt,,-25,"Population-level REV46 recalculation isolating keyword matching: original non-keyword score contribution is preserved, while keyword matches are recalculated on text_content with word boundaries."
1489,1488,github,5633374571,2026-09-29 16:01:00.830814+00,2360,vulnerability,10,30,20,medium,vulnerability,10,30,medium,no,no,no,,,0,"Population-level REV46 recalculation isolating keyword matching: original non-keyword score contribution is preserved, while keyword matches are recalculated on text_content with word boundaries."
1490,1489,github,5633374060,2026-09-29 16:01:00.830814+00,1149,apt|rce|remote code execution|vulnerability,90,100,10,critical,rce|remote code execution|vulnerability,65,75,critical,no,sí,sí,apt,,-25,"Population-level REV46 recalculation isolating keyword matching: original non-keyword score contribution is preserved, while keyword matches are recalculated on text_content with word boundaries."
1491,1490,github,5633373094,2026-09-29 16:01:00.830814+00,1831,exploit|security,25,30,5,medium,security,5,10,low,sí,no,no,exploit,,-20,"Population-level REV46 recalculation isolating keyword matching: original non-keyword score contribution is preserved, while keyword matches are recalculated on text_content with word boundaries."
1492,1491,github,5633372783,2026-09-29 16:01:00.830814+00,1152,rce|remote code execution|vulnerability,65,85,20,critical,rce|remote code execution|vulnerability,65,85,critical,no,sí,sí,,,0,"Population-level REV46 recalculation isolating keyword matching: original non-keyword score contribution is preserved, while keyword matches are recalculated on text_content with word boundaries."
1493,1492,github,5631876645,2026-09-29 16:01:00.830814+00,3236,apt|rce|threat|security,65,75,10,critical,threat|security,15,25,medium,sí,sí,no,apt|rce,,-50,"Population-level REV46 recalculation isolating keyword matching: original non-keyword score contribution is preserved, while keyword matches are recalculated on text_content with word boundaries."
1494,1493,github,5633371500,2026-09-29 16:01:00.830814+00,1153,rce|remote code execution|vulnerability,65,85,20,critical,rce|remote code execution|vulnerability,65,85,critical,no,sí,sí,,,0,"Population-level REV46 recalculation isolating keyword matching: original non-keyword score contribution is preserved, while keyword matches are recalculated on text_content with word boundaries."
1495,1494,github,5614212736,2026-09-29 16:01:00.830814+00,1562,security|vulnerability,15,25,10,medium,security|vulnerability,15,25,medium,no,no,no,,,0,"Population-level REV46 recalculation isolating keyword matching: original non-keyword score contribution is preserved, while keyword matches are recalculated on text_content with word boundaries."
1496,1495,github,2264575222,2026-09-29 16:01:00.830814+00,3998,rce|security|vulnerability,40,45,5,high,security|vulnerability,15,20,medium,sí,sí,no,rce,,-25,"Population-level REV46 recalculation isolating keyword matching: original non-keyword score contribution is preserved, while keyword matches are recalculated on text_content with word boundaries."
1497,1496,github,1445202441,2026-09-29 16:01:00.830814+00,3999,rce|security|vulnerability,40,60,20,critical,security|vulnerability,15,35,medium,sí,sí,no,rce,,-25,"Population-level REV46 recalculation isolating keyword matching: original non-keyword score contribution is preserved, while keyword matches are recalculated on text_content with word boundaries."
1498,1497,github,5633370281,2026-09-29 16:01:00.830814+00,1149,rce|vulnerability,35,55,20,high,vulnerability,10,30,medium,sí,sí,no,rce,,-25,"Population-level REV46 recalculation isolating keyword matching: original non-keyword score contribution is preserved, while keyword matches are recalculated on text_content with word boundaries."
1499,1498,github,4979653718,2026-09-29 16:01:00.830814+00,3998,rce|security|vulnerability,40,45,5,high,security|vulnerability,15,20,medium,sí,sí,no,rce,,-25,"Population-level REV46 recalculation isolating keyword matching: original non-keyword score contribution is preserved, while keyword matches are recalculated on text_content with word boundaries."
1500,1499,github,5633369062,2026-09-29 16:01:00.830814+00,1152,rce|remote code execution|vulnerability,65,85,20,critical,rce|remote code execution|vulnerability,65,85,critical,no,sí,sí,,,0,"Population-level REV46 recalculation isolating keyword matching: original non-keyword score contribution is preserved, while keyword matches are recalculated on text_content with word boundaries."
1501,1500,github,1734602499,2026-09-29 16:01:00.830814+00,4000,rce,25,45,20,high,,0,20,medium,sí,sí,no,rce,,-25,"Population-level REV46 recalculation isolating keyword matching: original non-keyword score contribution is preserved, while keyword matches are recalculated on text_content with word boundaries."
1502,1501,github,982556358,2026-09-29 16:01:00.830814+00,3999,rce,25,30,5,medium,,0,5,low,sí,no,no,rce,,-25,"Population-level REV46 recalculation isolating keyword matching: original non-keyword score contribution is preserved, while keyword matches are recalculated on text_content with word boundaries."
1503,1502,github,5633367856,2026-09-29 16:01:00.830814+00,1251,rce|remote code execution|vulnerability,65,85,20,critical,remote code execution|vulnerability,40,60,critical,no,sí,sí,rce,,-25,"Population-level REV46 recalculation isolating keyword matching: original non-keyword score contribution is preserved, while keyword matches are recalculated on text_content with word boundaries."
1504,1503,github,5633113808,2026-09-29 16:01:00.830814+00,1432,rce,25,30,5,medium,,0,5,low,sí,no,no,rce,,-25,"Population-level REV46 recalculation isolating keyword matching: original non-keyword score contribution is preserved, while keyword matches are recalculated on text_content with word boundaries."
1505,1504,github,4291819013,2026-09-29 16:01:00.830814+00,3999,rce,25,30,5,medium,,0,5,low,sí,no,no,rce,,-25,"Population-level REV46 recalculation isolating keyword matching: original non-keyword score contribution is preserved, while keyword matches are recalculated on text_content with word boundaries."
1506,1505,github,5629471619,2026-09-29 16:01:00.830814+00,4000,incident,10,20,10,medium,,0,10,low,sí,no,no,incident,,-10,"Population-level REV46 recalculation isolating keyword matching: original non-keyword score contribution is preserved, while keyword matches are recalculated on text_content with word boundaries."
1507,1506,github,5633366679,2026-09-29 16:01:00.830814+00,1158,rce|remote code execution|vulnerability,65,85,20,critical,rce|remote code execution|vulnerability,65,85,critical,no,sí,sí,,,0,"Population-level REV46 recalculation isolating keyword matching: original non-keyword score contribution is preserved, while keyword matches are recalculated on text_content with word boundaries."
1508,1507,github,5633364134,2026-09-29 16:01:00.830814+00,1657,rce,25,45,20,high,,0,20,medium,sí,sí,no,rce,,-25,"Population-level REV46 recalculation isolating keyword matching: original non-keyword score contribution is preserved, while keyword matches are recalculated on text_content with word boundaries."
1509,1508,github,5633363496,2026-09-29 16:01:00.830814+00,1712,cve-,20,25,5,medium,cve-,20,25,medium,no,no,no,,,0,"Population-level REV46 recalculation isolating keyword matching: original non-keyword score contribution is preserved, while keyword matches are recalculated on text_content with word boundaries."
1510,1509,github,5271129903,2026-09-29 16:15:57.587508+00,4000,rce|security|vulnerability,40,60,20,critical,vulnerability,10,30,medium,sí,sí,no,rce|security,,-30,"Population-level REV46 recalculation isolating keyword matching: original non-keyword score contribution is preserved, while keyword matches are recalculated on text_content with word boundaries."
1511,1510,github,2600814651,2026-09-29 16:15:57.587508+00,3999,rce|security|vulnerability,40,60,20,critical,security|vulnerability,15,35,medium,sí,sí,no,rce,,-25,"Population-level REV46 recalculation isolating keyword matching: original non-keyword score contribution is preserved, while keyword matches are recalculated on text_content with word boundaries."
1512,1511,github,5408271025,2026-09-29 16:15:57.587508+00,4000,rce|vulnerability,35,40,5,high,vulnerability,10,15,low,sí,sí,no,rce,,-25,"Population-level REV46 recalculation isolating keyword matching: original non-keyword score contribution is preserved, while keyword matches are recalculated on text_content with word boundaries."
1513,1512,github,5560723513,2026-09-29 16:15:57.587508+00,2639,rce|exploit,45,55,10,high,,0,10,low,sí,sí,no,rce|exploit,,-45,"Population-level REV46 recalculation isolating keyword matching: original non-keyword score contribution is preserved, while keyword matches are recalculated on text_content with word boundaries."
1514,1513,github,5606544311,2026-09-29 16:15:57.587508+00,4000,apt|rce,50,55,5,high,,0,5,low,sí,sí,no,apt|rce,,-50,"Population-level REV46 recalculation isolating keyword matching: original non-keyword score contribution is preserved, while keyword matches are recalculated on text_content with word boundaries."
1515,1514,github,5600494640,2026-09-29 16:15:57.587508+00,4000,security,5,30,25,medium,security,5,30,medium,no,no,no,,,0,"Population-level REV46 recalculation isolating keyword matching: original non-keyword score contribution is preserved, while keyword matches are recalculated on text_content with word boundaries."
1516,1515,github,3252148790,2026-09-29 16:15:57.587508+00,4000,,0,25,25,medium,,0,25,medium,no,no,no,,,0,"Population-level REV46 recalculation isolating keyword matching: original non-keyword score contribution is preserved, while keyword matches are recalculated on text_content with word boundaries."
1517,1516,github,1748954402,2026-09-29 16:15:57.587508+00,4000,rce,25,45,20,high,,0,20,medium,sí,sí,no,rce,,-25,"Population-level REV46 recalculation isolating keyword matching: original non-keyword score contribution is preserved, while keyword matches are recalculated on text_content with word boundaries."
1518,1517,github,5618233477,2026-09-29 16:15:57.587508+00,97,,0,5,5,low,,0,5,low,no,no,no,,,0,"Population-level REV46 recalculation isolating keyword matching: original non-keyword score contribution is preserved, while keyword matches are recalculated on text_content with word boundaries."
1519,1518,github,5633130336,2026-09-29 16:15:57.587508+00,4000,rce|sql injection|attack|security|vulnerability,70,75,5,critical,sql injection|security|vulnerability,35,40,high,sí,sí,sí,rce|attack,,-35,"Population-level REV46 recalculation isolating keyword matching: original non-keyword score contribution is preserved, while keyword matches are recalculated on text_content with word boundaries."
1520,1519,github,1264644590,2026-09-29 16:15:57.587508+00,4000,rce,25,30,5,medium,,0,5,low,sí,no,no,rce,,-25,"Population-level REV46 recalculation isolating keyword matching: original non-keyword score contribution is preserved, while keyword matches are recalculated on text_content with word boundaries."
1521,1520,github,5633506839,2026-09-29 16:15:57.587508+00,896,security,5,10,5,low,security,5,10,low,no,no,no,,,0,"Population-level REV46 recalculation isolating keyword matching: original non-keyword score contribution is preserved, while keyword matches are recalculated on text_content with word boundaries."
1522,1521,github,5442502403,2026-09-29 16:15:57.587508+00,1345,exploit|attack|vulnerability,40,60,20,critical,vulnerability,10,30,medium,sí,sí,no,exploit|attack,,-30,"Population-level REV46 recalculation isolating keyword matching: original non-keyword score contribution is preserved, while keyword matches are recalculated on text_content with word boundaries."
1523,1522,github,5633410976,2026-09-29 16:15:57.587508+00,1421,rce|security,30,50,20,high,security,5,25,medium,sí,sí,no,rce,,-25,"Population-level REV46 recalculation isolating keyword matching: original non-keyword score contribution is preserved, while keyword matches are recalculated on text_content with word boundaries."
1524,1523,github,1683995441,2026-09-29 16:15:57.587508+00,4000,rce,25,30,5,medium,,0,5,low,sí,no,no,rce,,-25,"Population-level REV46 recalculation isolating keyword matching: original non-keyword score contribution is preserved, while keyword matches are recalculated on text_content with word boundaries."
1525,1524,github,5024942945,2026-09-29 16:15:57.587508+00,2583,rce,25,50,25,high,,0,25,medium,sí,sí,no,rce,,-25,"Population-level REV46 recalculation isolating keyword matching: original non-keyword score contribution is preserved, while keyword matches are recalculated on text_content with word boundaries."
1526,1525,github,4708599897,2026-09-29 16:15:57.587508+00,4000,rce|security|vulnerability,40,60,20,critical,security|vulnerability,15,35,medium,sí,sí,no,rce,,-25,"Population-level REV46 recalculation isolating keyword matching: original non-keyword score contribution is preserved, while keyword matches are recalculated on text_content with word boundaries."
1527,1526,github,1824847750,2026-09-29 16:15:57.587508+00,4000,rce,25,30,5,medium,,0,5,low,sí,no,no,rce,,-25,"Population-level REV46 recalculation isolating keyword matching: original non-keyword score contribution is preserved, while keyword matches are recalculated on text_content with word boundaries."
1528,1527,github,4007917567,2026-09-29 16:15:57.587508+00,3998,rce,25,45,20,high,,0,20,medium,sí,sí,no,rce,,-25,"Population-level REV46 recalculation isolating keyword matching: original non-keyword score contribution is preserved, while keyword matches are recalculated on text_content with word boundaries."
1529,1528,github,5633554733,2026-09-29 16:15:57.587508+00,414,security|vulnerability,15,20,5,medium,security|vulnerability,15,20,medium,no,no,no,,,0,"Population-level REV46 recalculation isolating keyword matching: original non-keyword score contribution is preserved, while keyword matches are recalculated on text_content with word boundaries."
1530,1529,github,2072678294,2026-09-29 16:15:57.587508+00,3998,rce|security|vulnerability,40,60,20,critical,security|vulnerability,15,35,medium,sí,sí,no,rce,,-25,"Population-level REV46 recalculation isolating keyword matching: original non-keyword score contribution is preserved, while keyword matches are recalculated on text_content with word boundaries."
1531,1530,github,5633551589,2026-09-29 16:15:57.587508+00,4000,security,5,25,20,medium,security,5,25,medium,no,no,no,,,0,"Population-level REV46 recalculation isolating keyword matching: original non-keyword score contribution is preserved, while keyword matches are recalculated on text_content with word boundaries."
1532,1531,github,1035762557,2026-09-29 16:15:57.587508+00,4000,rce|security|vulnerability,40,45,5,high,security|vulnerability,15,20,medium,sí,sí,no,rce,,-25,"Population-level REV46 recalculation isolating keyword matching: original non-keyword score contribution is preserved, while keyword matches are recalculated on text_content with word boundaries."
1533,1532,github,2559199001,2026-09-29 16:15:57.587508+00,3998,rce|security|vulnerability,40,60,20,critical,security|vulnerability,15,35,medium,sí,sí,no,rce,,-25,"Population-level REV46 recalculation isolating keyword matching: original non-keyword score contribution is preserved, while keyword matches are recalculated on text_content with word boundaries."
1534,1533,github,5523447422,2026-09-29 16:15:57.587508+00,36,exploit,20,40,20,high,exploit,20,40,high,no,sí,sí,,,0,"Population-level REV46 recalculation isolating keyword matching: original non-keyword score contribution is preserved, while keyword matches are recalculated on text_content with word boundaries."
1535,1534,github,5633503776,2026-09-29 16:15:57.587508+00,900,security,5,10,5,low,security,5,10,low,no,no,no,,,0,"Population-level REV46 recalculation isolating keyword matching: original non-keyword score contribution is preserved, while keyword matches are recalculated on text_content with word boundaries."
1536,1535,github,1507273314,2026-09-29 16:15:57.587508+00,4000,rce,25,30,5,medium,,0,5,low,sí,no,no,rce,,-25,"Population-level REV46 recalculation isolating keyword matching: original non-keyword score contribution is preserved, while keyword matches are recalculated on text_content with word boundaries."
1537,1536,github,2519453795,2026-09-29 16:15:57.587508+00,4000,rce|vulnerability,35,55,20,high,vulnerability,10,30,medium,sí,sí,no,rce,,-25,"Population-level REV46 recalculation isolating keyword matching: original non-keyword score contribution is preserved, while keyword matches are recalculated on text_content with word boundaries."
1538,1537,github,1375212366,2026-09-29 16:15:57.587508+00,4000,rce,25,30,5,medium,,0,5,low,sí,no,no,rce,,-25,"Population-level REV46 recalculation isolating keyword matching: original non-keyword score contribution is preserved, while keyword matches are recalculated on text_content with word boundaries."
1539,1538,github,2039284472,2026-09-29 16:15:57.587508+00,3998,rce|security|vulnerability,40,45,5,high,security|vulnerability,15,20,medium,sí,sí,no,rce,,-25,"Population-level REV46 recalculation isolating keyword matching: original non-keyword score contribution is preserved, while keyword matches are recalculated on text_content with word boundaries."
1540,1539,github,982522970,2026-09-29 16:15:57.587508+00,4000,rce,25,30,5,medium,,0,5,low,sí,no,no,rce,,-25,"Population-level REV46 recalculation isolating keyword matching: original non-keyword score contribution is preserved, while keyword matches are recalculated on text_content with word boundaries."
1541,1540,github,5623025803,2026-09-29 16:15:57.587508+00,3290,rce|security|vulnerability,40,45,5,high,security|vulnerability,15,20,medium,sí,sí,no,rce,,-25,"Population-level REV46 recalculation isolating keyword matching: original non-keyword score contribution is preserved, while keyword matches are recalculated on text_content with word boundaries."
1542,1541,github,5632918611,2026-09-29 16:15:57.587508+00,1383,rce|incident,35,55,20,high,incident,10,30,medium,sí,sí,no,rce,,-25,"Population-level REV46 recalculation isolating keyword matching: original non-keyword score contribution is preserved, while keyword matches are recalculated on text_content with word boundaries."
1543,1542,github,5575844192,2026-09-29 16:15:57.587508+00,4000,apt|rce,50,90,40,critical,apt,25,65,critical,no,sí,sí,rce,,-25,"Population-level REV46 recalculation isolating keyword matching: original non-keyword score contribution is preserved, while keyword matches are recalculated on text_content with word boundaries."
1544,1543,github,978717156,2026-09-29 16:15:57.587508+00,3999,rce,25,30,5,medium,,0,5,low,sí,no,no,rce,,-25,"Population-level REV46 recalculation isolating keyword matching: original non-keyword score contribution is preserved, while keyword matches are recalculated on text_content with word boundaries."
1545,1544,github,5633543409,2026-09-29 16:15:57.587508+00,4000,exploit|privilege escalation|attack|threat|security,65,85,20,critical,exploit|privilege escalation|threat|security,55,75,critical,no,sí,sí,attack,,-10,"Population-level REV46 recalculation isolating keyword matching: original non-keyword score contribution is preserved, while keyword matches are recalculated on text_content with word boundaries."
1546,1545,github,982534418,2026-09-29 16:15:57.587508+00,3998,apt|rce|security|vulnerability,65,70,5,critical,security|vulnerability,15,20,medium,sí,sí,no,apt|rce,,-50,"Population-level REV46 recalculation isolating keyword matching: original non-keyword score contribution is preserved, while keyword matches are recalculated on text_content with word boundaries."
1547,1546,github,1936208832,2026-09-29 16:15:57.587508+00,3998,rce,25,30,5,medium,,0,5,low,sí,no,no,rce,,-25,"Population-level REV46 recalculation isolating keyword matching: original non-keyword score contribution is preserved, while keyword matches are recalculated on text_content with word boundaries."
1548,1547,github,5313055434,2026-09-29 16:30:58.664841+00,1825,rce|security|vulnerability,40,45,5,high,security|vulnerability,15,20,medium,sí,sí,no,rce,,-25,"Population-level REV46 recalculation isolating keyword matching: original non-keyword score contribution is preserved, while keyword matches are recalculated on text_content with word boundaries."
1549,1548,github,3545240558,2026-09-29 16:30:58.664841+00,4000,rce,25,45,20,high,,0,20,medium,sí,sí,no,rce,,-25,"Population-level REV46 recalculation isolating keyword matching: original non-keyword score contribution is preserved, while keyword matches are recalculated on text_content with word boundaries."
1550,1549,github,3327426914,2026-09-29 16:30:58.664841+00,3970,vulnerability,10,30,20,medium,vulnerability,10,30,medium,no,no,no,,,0,"Population-level REV46 recalculation isolating keyword matching: original non-keyword score contribution is preserved, while keyword matches are recalculated on text_content with word boundaries."
1551,1550,github,5629585634,2026-09-29 16:30:58.664841+00,2591,rce|exploit|security|vulnerability,60,65,5,critical,exploit|security|vulnerability,35,40,high,sí,sí,sí,rce,,-25,"Population-level REV46 recalculation isolating keyword matching: original non-keyword score contribution is preserved, while keyword matches are recalculated on text_content with word boundaries."
1552,1551,github,5064391621,2026-09-29 16:30:58.664841+00,399,threat,10,40,30,high,threat,10,40,high,no,sí,sí,,,0,"Population-level REV46 recalculation isolating keyword matching: original non-keyword score contribution is preserved, while keyword matches are recalculated on text_content with word boundaries."
1553,1552,github,4805346628,2026-09-29 16:30:58.664841+00,3998,rce|security|vulnerability,40,45,5,high,security|vulnerability,15,20,medium,sí,sí,no,rce,,-25,"Population-level REV46 recalculation isolating keyword matching: original non-keyword score contribution is preserved, while keyword matches are recalculated on text_content with word boundaries."
1554,1553,github,4328623069,2026-09-29 16:30:58.664841+00,4000,security,5,15,10,low,security,5,15,low,no,no,no,,,0,"Population-level REV46 recalculation isolating keyword matching: original non-keyword score contribution is preserved, while keyword matches are recalculated on text_content with word boundaries."
1555,1554,github,3165218236,2026-09-29 16:30:58.664841+00,3998,rce|vulnerability,35,55,20,high,vulnerability,10,30,medium,sí,sí,no,rce,,-25,"Population-level REV46 recalculation isolating keyword matching: original non-keyword score contribution is preserved, while keyword matches are recalculated on text_content with word boundaries."
1556,1555,github,5632468262,2026-09-29 16:30:58.664841+00,100,,0,5,5,low,,0,5,low,no,no,no,,,0,"Population-level REV46 recalculation isolating keyword matching: original non-keyword score contribution is preserved, while keyword matches are recalculated on text_content with word boundaries."
1557,1556,github,3430052844,2026-09-29 16:30:58.664841+00,4000,rce|security|vulnerability,40,60,20,critical,security|vulnerability,15,35,medium,sí,sí,no,rce,,-25,"Population-level REV46 recalculation isolating keyword matching: original non-keyword score contribution is preserved, while keyword matches are recalculated on text_content with word boundaries."
1558,1557,github,5631742520,2026-09-29 16:30:58.664841+00,4000,rce|security,30,40,10,high,security,5,15,low,sí,sí,no,rce,,-25,"Population-level REV46 recalculation isolating keyword matching: original non-keyword score contribution is preserved, while keyword matches are recalculated on text_content with word boundaries."
1559,1558,github,5617232573,2026-09-29 16:30:58.664841+00,4000,rce,25,45,20,high,,0,20,medium,sí,sí,no,rce,,-25,"Population-level REV46 recalculation isolating keyword matching: original non-keyword score contribution is preserved, while keyword matches are recalculated on text_content with word boundaries."
1560,1559,github,5609933586,2026-09-29 16:30:58.664841+00,4000,security,5,25,20,medium,security,5,25,medium,no,no,no,,,0,"Population-level REV46 recalculation isolating keyword matching: original non-keyword score contribution is preserved, while keyword matches are recalculated on text_content with word boundaries."
1561,1560,github,4584397877,2026-09-29 16:30:58.664841+00,4000,attack,10,20,10,medium,attack,10,20,medium,no,no,no,,,0,"Population-level REV46 recalculation isolating keyword matching: original non-keyword score contribution is preserved, while keyword matches are recalculated on text_content with word boundaries."
1562,1561,github,5491091047,2026-09-29 16:30:58.664841+00,2774,rce|vulnerability,35,55,20,high,,0,20,medium,sí,sí,no,rce|vulnerability,,-35,"Population-level REV46 recalculation isolating keyword matching: original non-keyword score contribution is preserved, while keyword matches are recalculated on text_content with word boundaries."
1563,1562,github,4651238282,2026-09-29 16:30:58.664841+00,4000,rce|attack,35,60,25,critical,attack,10,35,medium,sí,sí,no,rce,,-25,"Population-level REV46 recalculation isolating keyword matching: original non-keyword score contribution is preserved, while keyword matches are recalculated on text_content with word boundaries."
1564,1563,github,3545367379,2026-09-29 16:30:58.664841+00,4000,rce,25,45,20,high,,0,20,medium,sí,sí,no,rce,,-25,"Population-level REV46 recalculation isolating keyword matching: original non-keyword score contribution is preserved, while keyword matches are recalculated on text_content with word boundaries."
1565,1564,github,5606197007,2026-09-29 16:30:58.664841+00,4000,security,5,10,5,low,security,5,10,low,no,no,no,,,0,"Population-level REV46 recalculation isolating keyword matching: original non-keyword score contribution is preserved, while keyword matches are recalculated on text_content with word boundaries."
1566,1565,github,5633739988,2026-09-29 16:30:58.664841+00,4000,rce|phishing|xss|attack|security,75,80,5,critical,phishing|xss|security,40,45,high,sí,sí,sí,rce|attack,,-35,"Population-level REV46 recalculation isolating keyword matching: original non-keyword score contribution is preserved, while keyword matches are recalculated on text_content with word boundaries."
1567,1566,github,5545607142,2026-09-29 16:30:58.664841+00,4000,rce|exploit|attack|security|vulnerability,70,75,5,critical,security|vulnerability,15,20,medium,sí,sí,no,rce|exploit|attack,,-55,"Population-level REV46 recalculation isolating keyword matching: original non-keyword score contribution is preserved, while keyword matches are recalculated on text_content with word boundaries."
1568,1567,github,5578276181,2026-09-29 16:30:58.664841+00,1976,attack,10,25,15,medium,attack,10,25,medium,no,no,no,,,0,"Population-level REV46 recalculation isolating keyword matching: original non-keyword score contribution is preserved, while keyword matches are recalculated on text_content with word boundaries."
1569,1568,github,5633738078,2026-09-29 16:30:58.664841+00,286,security|vulnerability,15,20,5,medium,security|vulnerability,15,20,medium,no,no,no,,,0,"Population-level REV46 recalculation isolating keyword matching: original non-keyword score contribution is preserved, while keyword matches are recalculated on text_content with word boundaries."
1570,1569,github,5628494659,2026-09-29 16:30:58.664841+00,2636,rce|malware,45,65,20,critical,malware,20,40,high,sí,sí,sí,rce,,-25,"Population-level REV46 recalculation isolating keyword matching: original non-keyword score contribution is preserved, while keyword matches are recalculated on text_content with word boundaries."
1571,1570,github,5431462353,2026-09-29 16:30:58.664841+00,18,,0,20,20,medium,,0,20,medium,no,no,no,,,0,"Population-level REV46 recalculation isolating keyword matching: original non-keyword score contribution is preserved, while keyword matches are recalculated on text_content with word boundaries."
1572,1571,github,5051942176,2026-09-29 16:30:58.664841+00,2466,data breach|rce|security,60,65,5,critical,security,5,10,low,sí,sí,no,data breach|rce,,-55,"Population-level REV46 recalculation isolating keyword matching: original non-keyword score contribution is preserved, while keyword matches are recalculated on text_content with word boundaries."
1573,1572,github,5616734593,2026-09-29 16:30:58.664841+00,2025,security|vulnerability,15,35,20,medium,security|vulnerability,15,35,medium,no,no,no,,,0,"Population-level REV46 recalculation isolating keyword matching: original non-keyword score contribution is preserved, while keyword matches are recalculated on text_content with word boundaries."
1574,1573,github,5625030187,2026-09-29 16:30:58.664841+00,952,exploit|security,25,50,25,high,exploit|security,25,50,high,no,sí,sí,,,0,"Population-level REV46 recalculation isolating keyword matching: original non-keyword score contribution is preserved, while keyword matches are recalculated on text_content with word boundaries."
1575,1574,github,5633684506,2026-09-29 16:30:58.664841+00,1085,exploit|security,25,45,20,high,exploit|security,25,45,high,no,sí,sí,,,0,"Population-level REV46 recalculation isolating keyword matching: original non-keyword score contribution is preserved, while keyword matches are recalculated on text_content with word boundaries."
1576,1575,github,5633729208,2026-09-29 16:30:58.664841+00,2852,exploit|privilege escalation|attack|vulnerability,60,80,20,critical,exploit|privilege escalation|vulnerability,50,70,critical,no,sí,sí,attack,,-10,"Population-level REV46 recalculation isolating keyword matching: original non-keyword score contribution is preserved, while keyword matches are recalculated on text_content with word boundaries."
1577,1576,github,4736292061,2026-09-29 16:30:58.664841+00,4000,rce|xss,40,60,20,critical,,0,20,medium,sí,sí,no,rce|xss,,-40,"Population-level REV46 recalculation isolating keyword matching: original non-keyword score contribution is preserved, while keyword matches are recalculated on text_content with word boundaries."
1578,1577,github,5590564275,2026-09-29 16:30:58.664841+00,703,,0,5,5,low,,0,5,low,no,no,no,,,0,"Population-level REV46 recalculation isolating keyword matching: original non-keyword score contribution is preserved, while keyword matches are recalculated on text_content with word boundaries."
1579,1578,github,5282282271,2026-09-29 16:30:58.664841+00,471,rce|security,30,50,20,high,security,5,25,medium,sí,sí,no,rce,,-25,"Population-level REV46 recalculation isolating keyword matching: original non-keyword score contribution is preserved, while keyword matches are recalculated on text_content with word boundaries."
1580,1579,github,5461968758,2026-09-29 16:30:58.664841+00,4000,rce|security,30,40,10,high,security,5,15,low,sí,sí,no,rce,,-25,"Population-level REV46 recalculation isolating keyword matching: original non-keyword score contribution is preserved, while keyword matches are recalculated on text_content with word boundaries."
1581,1580,github,5633488621,2026-09-29 16:30:58.664841+00,921,rce,25,35,10,medium,,0,10,low,sí,no,no,rce,,-25,"Population-level REV46 recalculation isolating keyword matching: original non-keyword score contribution is preserved, while keyword matches are recalculated on text_content with word boundaries."
1582,1581,github,3415779304,2026-09-29 16:30:58.664841+00,3998,rce|security|vulnerability,40,45,5,high,security|vulnerability,15,20,medium,sí,sí,no,rce,,-25,"Population-level REV46 recalculation isolating keyword matching: original non-keyword score contribution is preserved, while keyword matches are recalculated on text_content with word boundaries."
1583,1582,github,3922015728,2026-09-29 16:30:58.664841+00,4000,vulnerability,10,15,5,low,vulnerability,10,15,low,no,no,no,,,0,"Population-level REV46 recalculation isolating keyword matching: original non-keyword score contribution is preserved, while keyword matches are recalculated on text_content with word boundaries."
1584,1583,github,5486064357,2026-09-29 16:30:58.664841+00,3484,,0,10,10,low,,0,10,low,no,no,no,,,0,"Population-level REV46 recalculation isolating keyword matching: original non-keyword score contribution is preserved, while keyword matches are recalculated on text_content with word boundaries."
1585,1584,github,5633718379,2026-09-29 16:30:58.664841+00,2697,security,5,25,20,medium,security,5,25,medium,no,no,no,,,0,"Population-level REV46 recalculation isolating keyword matching: original non-keyword score contribution is preserved, while keyword matches are recalculated on text_content with word boundaries."
1586,1585,github,5633411757,2026-09-29 16:30:58.664841+00,1430,,0,5,5,low,,0,5,low,no,no,no,,,0,"Population-level REV46 recalculation isolating keyword matching: original non-keyword score contribution is preserved, while keyword matches are recalculated on text_content with word boundaries."
1587,1586,github,5604606119,2026-09-29 16:30:58.664841+00,1023,,0,10,10,low,,0,10,low,no,no,no,,,0,"Population-level REV46 recalculation isolating keyword matching: original non-keyword score contribution is preserved, while keyword matches are recalculated on text_content with word boundaries."
1588,1587,github,5633785502,2026-09-29 16:45:58.563828+00,742,security|vulnerability,15,35,20,medium,security|vulnerability,15,35,medium,no,no,no,,,0,"Population-level REV46 recalculation isolating keyword matching: original non-keyword score contribution is preserved, while keyword matches are recalculated on text_content with word boundaries."
1589,1588,github,1589099075,2026-09-29 16:45:58.563828+00,3998,rce|security|vulnerability,40,45,5,high,security|vulnerability,15,20,medium,sí,sí,no,rce,,-25,"Population-level REV46 recalculation isolating keyword matching: original non-keyword score contribution is preserved, while keyword matches are recalculated on text_content with word boundaries."
1590,1589,github,978706662,2026-09-29 16:45:58.563828+00,3998,rce|security|vulnerability,40,45,5,high,security|vulnerability,15,20,medium,sí,sí,no,rce,,-25,"Population-level REV46 recalculation isolating keyword matching: original non-keyword score contribution is preserved, while keyword matches are recalculated on text_content with word boundaries."
1591,1590,github,5627108893,2026-09-29 16:45:58.563828+00,4000,rce|security|incident|vulnerability,50,55,5,high,security|incident|vulnerability,25,30,medium,sí,sí,no,rce,,-25,"Population-level REV46 recalculation isolating keyword matching: original non-keyword score contribution is preserved, while keyword matches are recalculated on text_content with word boundaries."
1592,1591,github,5633940543,2026-09-29 16:45:58.563828+00,4000,rce|security|vulnerability,40,45,5,high,security|vulnerability,15,20,medium,sí,sí,no,rce,,-25,"Population-level REV46 recalculation isolating keyword matching: original non-keyword score contribution is preserved, while keyword matches are recalculated on text_content with word boundaries."
1593,1592,github,5630555025,2026-09-29 16:45:58.563828+00,2742,,0,10,10,low,,0,10,low,no,no,no,,,0,"Population-level REV46 recalculation isolating keyword matching: original non-keyword score contribution is preserved, while keyword matches are recalculated on text_content with word boundaries."
1594,1593,github,4512297152,2026-09-29 16:45:58.563828+00,4000,security,5,35,30,medium,security,5,35,medium,no,no,no,,,0,"Population-level REV46 recalculation isolating keyword matching: original non-keyword score contribution is preserved, while keyword matches are recalculated on text_content with word boundaries."
1595,1594,github,5625084411,2026-09-29 16:45:58.563828+00,1882,rce|malware,45,65,20,critical,malware,20,40,high,sí,sí,sí,rce,,-25,"Population-level REV46 recalculation isolating keyword matching: original non-keyword score contribution is preserved, while keyword matches are recalculated on text_content with word boundaries."
1596,1595,github,4375290069,2026-09-29 16:45:58.563828+00,1021,exploit|xss|security,40,60,20,critical,xss|security,20,40,high,sí,sí,sí,exploit,,-20,"Population-level REV46 recalculation isolating keyword matching: original non-keyword score contribution is preserved, while keyword matches are recalculated on text_content with word boundaries."
1597,1596,github,5625084617,2026-09-29 16:45:58.563828+00,2450,rce|exploit|attack,55,60,5,critical,rce,25,30,medium,sí,sí,no,exploit|attack,,-30,"Population-level REV46 recalculation isolating keyword matching: original non-keyword score contribution is preserved, while keyword matches are recalculated on text_content with word boundaries."
1598,1597,github,1747351179,2026-09-29 16:45:58.563828+00,3998,rce|security|vulnerability,40,45,5,high,security|vulnerability,15,20,medium,sí,sí,no,rce,,-25,"Population-level REV46 recalculation isolating keyword matching: original non-keyword score contribution is preserved, while keyword matches are recalculated on text_content with word boundaries."
1599,1598,github,4013479054,2026-09-29 16:45:58.563828+00,3998,apt|rce|security|vulnerability,65,70,5,critical,security|vulnerability,15,20,medium,sí,sí,no,apt|rce,,-50,"Population-level REV46 recalculation isolating keyword matching: original non-keyword score contribution is preserved, while keyword matches are recalculated on text_content with word boundaries."
1600,1599,github,1746064401,2026-09-29 16:45:58.563828+00,4000,rce,25,30,5,medium,,0,5,low,sí,no,no,rce,,-25,"Population-level REV46 recalculation isolating keyword matching: original non-keyword score contribution is preserved, while keyword matches are recalculated on text_content with word boundaries."
1601,1600,github,1852060791,2026-09-29 16:45:58.563828+00,2756,rce|security|vulnerability,40,45,5,high,security|vulnerability,15,20,medium,sí,sí,no,rce,,-25,"Population-level REV46 recalculation isolating keyword matching: original non-keyword score contribution is preserved, while keyword matches are recalculated on text_content with word boundaries."
1602,1601,github,5625085601,2026-09-29 16:45:58.563828+00,2758,rce|malware,45,65,20,critical,malware,20,40,high,sí,sí,sí,rce,,-25,"Population-level REV46 recalculation isolating keyword matching: original non-keyword score contribution is preserved, while keyword matches are recalculated on text_content with word boundaries."
1603,1602,github,2857226985,2026-09-29 16:45:58.563828+00,4000,rce,25,45,20,high,,0,20,medium,sí,sí,no,rce,,-25,"Population-level REV46 recalculation isolating keyword matching: original non-keyword score contribution is preserved, while keyword matches are recalculated on text_content with word boundaries."
1604,1603,github,4059154962,2026-09-29 16:45:58.563828+00,3998,rce|security|vulnerability,40,45,5,high,security|vulnerability,15,20,medium,sí,sí,no,rce,,-25,"Population-level REV46 recalculation isolating keyword matching: original non-keyword score contribution is preserved, while keyword matches are recalculated on text_content with word boundaries."
1605,1604,github,5625086024,2026-09-29 16:45:58.563828+00,1618,rce|malware|attack|security,60,65,5,critical,malware,20,25,medium,sí,sí,no,rce|attack|security,,-40,"Population-level REV46 recalculation isolating keyword matching: original non-keyword score contribution is preserved, while keyword matches are recalculated on text_content with word boundaries."
1606,1605,github,5627736102,2026-09-29 16:45:58.563828+00,892,exploit|security,25,35,10,medium,exploit|security,25,35,medium,no,no,no,,,0,"Population-level REV46 recalculation isolating keyword matching: original non-keyword score contribution is preserved, while keyword matches are recalculated on text_content with word boundaries."
1607,1606,github,5609089201,2026-09-29 16:45:58.563828+00,4000,security,5,35,30,medium,security,5,35,medium,no,no,no,,,0,"Population-level REV46 recalculation isolating keyword matching: original non-keyword score contribution is preserved, while keyword matches are recalculated on text_content with word boundaries."
1608,1607,github,5625086496,2026-09-29 16:45:58.563828+00,2363,rce|malware|security,50,55,5,high,malware|security,25,30,medium,sí,sí,no,rce,,-25,"Population-level REV46 recalculation isolating keyword matching: original non-keyword score contribution is preserved, while keyword matches are recalculated on text_content with word boundaries."
1609,1608,github,5633927468,2026-09-29 16:45:58.563828+00,2884,rce|attack|vulnerability,45,65,20,critical,vulnerability,10,30,medium,sí,sí,no,rce|attack,,-35,"Population-level REV46 recalculation isolating keyword matching: original non-keyword score contribution is preserved, while keyword matches are recalculated on text_content with word boundaries."
1610,1609,github,2335561241,2026-09-29 16:45:58.563828+00,3998,rce|security|vulnerability,40,45,5,high,security|vulnerability,15,20,medium,sí,sí,no,rce,,-25,"Population-level REV46 recalculation isolating keyword matching: original non-keyword score contribution is preserved, while keyword matches are recalculated on text_content with word boundaries."
1611,1610,github,2506365231,2026-09-29 16:45:58.563828+00,1177,vulnerability,10,15,5,low,vulnerability,10,15,low,no,no,no,,,0,"Population-level REV46 recalculation isolating keyword matching: original non-keyword score contribution is preserved, while keyword matches are recalculated on text_content with word boundaries."
1612,1611,github,5625086693,2026-09-29 16:45:58.563828+00,1653,rce|remote code execution|exploit,75,80,5,critical,rce|remote code execution|exploit,75,80,critical,no,sí,sí,,,0,"Population-level REV46 recalculation isolating keyword matching: original non-keyword score contribution is preserved, while keyword matches are recalculated on text_content with word boundaries."
1613,1612,github,5633915873,2026-09-29 16:45:58.563828+00,4000,rce|threat|security|incident|vulnerability,60,65,5,critical,threat|security|incident|vulnerability,35,40,high,sí,sí,sí,rce,,-25,"Population-level REV46 recalculation isolating keyword matching: original non-keyword score contribution is preserved, while keyword matches are recalculated on text_content with word boundaries."
1614,1613,github,5625086858,2026-09-29 16:45:58.563828+00,2225,rce|malware|security,50,55,5,high,malware|security,25,30,medium,sí,sí,no,rce,,-25,"Population-level REV46 recalculation isolating keyword matching: original non-keyword score contribution is preserved, while keyword matches are recalculated on text_content with word boundaries."
1615,1614,github,5633927641,2026-09-29 16:45:58.563828+00,4000,rce|security|incident|vulnerability,50,55,5,high,security|incident|vulnerability,25,30,medium,sí,sí,no,rce,,-25,"Population-level REV46 recalculation isolating keyword matching: original non-keyword score contribution is preserved, while keyword matches are recalculated on text_content with word boundaries."
1616,1615,github,3813569772,2026-09-29 16:45:58.563828+00,3998,cve-,20,25,5,medium,cve-,20,25,medium,no,no,no,,,0,"Population-level REV46 recalculation isolating keyword matching: original non-keyword score contribution is preserved, while keyword matches are recalculated on text_content with word boundaries."
1617,1616,github,4791652937,2026-09-29 16:45:58.563828+00,4000,rce,25,50,25,high,,0,25,medium,sí,sí,no,rce,,-25,"Population-level REV46 recalculation isolating keyword matching: original non-keyword score contribution is preserved, while keyword matches are recalculated on text_content with word boundaries."
1618,1617,github,1093197921,2026-09-29 16:45:58.563828+00,3998,rce|security|vulnerability,40,45,5,high,security|vulnerability,15,20,medium,sí,sí,no,rce,,-25,"Population-level REV46 recalculation isolating keyword matching: original non-keyword score contribution is preserved, while keyword matches are recalculated on text_content with word boundaries."
1619,1618,github,5625087964,2026-09-29 16:45:58.563828+00,1968,malware|security,25,30,5,medium,malware|security,25,30,medium,no,no,no,,,0,"Population-level REV46 recalculation isolating keyword matching: original non-keyword score contribution is preserved, while keyword matches are recalculated on text_content with word boundaries."
1620,1619,github,2018966102,2026-09-29 16:45:58.563828+00,3088,rce,25,30,5,medium,,0,5,low,sí,no,no,rce,,-25,"Population-level REV46 recalculation isolating keyword matching: original non-keyword score contribution is preserved, while keyword matches are recalculated on text_content with word boundaries."
1621,1620,github,2316310451,2026-09-29 16:45:58.563828+00,3998,rce|security|vulnerability,40,60,20,critical,security|vulnerability,15,35,medium,sí,sí,no,rce,,-25,"Population-level REV46 recalculation isolating keyword matching: original non-keyword score contribution is preserved, while keyword matches are recalculated on text_content with word boundaries."
1622,1621,github,5633327117,2026-09-29 16:45:58.563828+00,4000,apt|rce|security,55,60,5,critical,security,5,10,low,sí,sí,no,apt|rce,,-50,"Population-level REV46 recalculation isolating keyword matching: original non-keyword score contribution is preserved, while keyword matches are recalculated on text_content with word boundaries."
1623,1622,github,5633920598,2026-09-29 16:45:58.563828+00,1267,rce|security,30,50,20,high,security,5,25,medium,sí,sí,no,rce,,-25,"Population-level REV46 recalculation isolating keyword matching: original non-keyword score contribution is preserved, while keyword matches are recalculated on text_content with word boundaries."
1624,1623,github,5621513676,2026-09-29 16:45:58.563828+00,4000,rce|security,30,35,5,medium,security,5,10,low,sí,no,no,rce,,-25,"Population-level REV46 recalculation isolating keyword matching: original non-keyword score contribution is preserved, while keyword matches are recalculated on text_content with word boundaries."
1625,1624,github,5625089007,2026-09-29 16:45:58.563828+00,2179,malware,20,25,5,medium,malware,20,25,medium,no,no,no,,,0,"Population-level REV46 recalculation isolating keyword matching: original non-keyword score contribution is preserved, while keyword matches are recalculated on text_content with word boundaries."
1626,1625,github,5633324780,2026-09-29 16:45:58.563828+00,4000,security,5,10,5,low,security,5,10,low,no,no,no,,,0,"Population-level REV46 recalculation isolating keyword matching: original non-keyword score contribution is preserved, while keyword matches are recalculated on text_content with word boundaries."
1627,1626,github,5512689463,2026-09-29 16:45:58.563828+00,4000,rce,25,35,10,medium,,0,10,low,sí,no,no,rce,,-25,"Population-level REV46 recalculation isolating keyword matching: original non-keyword score contribution is preserved, while keyword matches are recalculated on text_content with word boundaries."
1628,1627,github,5625089190,2026-09-29 16:45:58.563828+00,2483,malware,20,40,20,high,malware,20,40,high,no,sí,sí,,,0,"Population-level REV46 recalculation isolating keyword matching: original non-keyword score contribution is preserved, while keyword matches are recalculated on text_content with word boundaries."
1629,1628,github,5542514095,2026-09-29 16:45:58.563828+00,4000,rce,25,40,15,high,,0,15,low,sí,sí,no,rce,,-25,"Population-level REV46 recalculation isolating keyword matching: original non-keyword score contribution is preserved, while keyword matches are recalculated on text_content with word boundaries."
1630,1629,github,5463175375,2026-09-29 17:01:00.769442+00,3991,rce|exploit|cve-|attack|vulnerability,85,100,15,critical,exploit|cve-|vulnerability,50,65,critical,no,sí,sí,rce|attack,,-35,"Population-level REV46 recalculation isolating keyword matching: original non-keyword score contribution is preserved, while keyword matches are recalculated on text_content with word boundaries."
1631,1630,github,5463175209,2026-09-29 17:01:00.769442+00,3987,rce|exploit|cve-|vulnerability,75,95,20,critical,exploit|cve-|vulnerability,50,70,critical,no,sí,sí,rce,,-25,"Population-level REV46 recalculation isolating keyword matching: original non-keyword score contribution is preserved, while keyword matches are recalculated on text_content with word boundaries."
1632,1631,github,5629404496,2026-09-29 17:01:00.769442+00,3316,rce|exploit|cve-|attack|threat|vulnerability,95,100,5,critical,exploit|cve-|threat|vulnerability,60,65,critical,no,sí,sí,rce|attack,,-35,"Population-level REV46 recalculation isolating keyword matching: original non-keyword score contribution is preserved, while keyword matches are recalculated on text_content with word boundaries."
1633,1632,github,5463175018,2026-09-29 17:01:00.769442+00,3986,rce|exploit|cve-|vulnerability,75,95,20,critical,exploit|cve-|vulnerability,50,70,critical,no,sí,sí,rce,,-25,"Population-level REV46 recalculation isolating keyword matching: original non-keyword score contribution is preserved, while keyword matches are recalculated on text_content with word boundaries."
1634,1633,github,5463174889,2026-09-29 17:01:00.769442+00,3992,rce|exploit|cve-|threat|vulnerability,85,100,15,critical,exploit|cve-|threat|vulnerability,60,75,critical,no,sí,sí,rce,,-25,"Population-level REV46 recalculation isolating keyword matching: original non-keyword score contribution is preserved, while keyword matches are recalculated on text_content with word boundaries."
1635,1634,github,2416125576,2026-09-29 17:01:00.769442+00,4000,rce|security|vulnerability,40,45,5,high,security|vulnerability,15,20,medium,sí,sí,no,rce,,-25,"Population-level REV46 recalculation isolating keyword matching: original non-keyword score contribution is preserved, while keyword matches are recalculated on text_content with word boundaries."
1636,1635,github,982554130,2026-09-29 17:01:00.769442+00,3998,rce|security|vulnerability,40,60,20,critical,security|vulnerability,15,35,medium,sí,sí,no,rce,,-25,"Population-level REV46 recalculation isolating keyword matching: original non-keyword score contribution is preserved, while keyword matches are recalculated on text_content with word boundaries."
1637,1636,github,5463174754,2026-09-29 17:01:00.769442+00,3989,rce|exploit|cve-|vulnerability,75,95,20,critical,exploit|cve-|vulnerability,50,70,critical,no,sí,sí,rce,,-25,"Population-level REV46 recalculation isolating keyword matching: original non-keyword score contribution is preserved, while keyword matches are recalculated on text_content with word boundaries."
1638,1637,github,5629199237,2026-09-29 17:01:00.769442+00,1768,security|vulnerability,15,20,5,medium,security|vulnerability,15,20,medium,no,no,no,,,0,"Population-level REV46 recalculation isolating keyword matching: original non-keyword score contribution is preserved, while keyword matches are recalculated on text_content with word boundaries."
1639,1638,github,5463174558,2026-09-29 17:01:00.769442+00,3986,rce|exploit|cve-|vulnerability,75,95,20,critical,exploit|cve-|vulnerability,50,70,critical,no,sí,sí,rce,,-25,"Population-level REV46 recalculation isolating keyword matching: original non-keyword score contribution is preserved, while keyword matches are recalculated on text_content with word boundaries."
1640,1639,github,5603314075,2026-09-29 17:01:00.769442+00,1182,,0,25,25,medium,,0,25,medium,no,no,no,,,0,"Population-level REV46 recalculation isolating keyword matching: original non-keyword score contribution is preserved, while keyword matches are recalculated on text_content with word boundaries."
1641,1640,github,5463174379,2026-09-29 17:01:00.769442+00,3986,rce|exploit|cve-|vulnerability,75,95,20,critical,exploit|cve-|vulnerability,50,70,critical,no,sí,sí,rce,,-25,"Population-level REV46 recalculation isolating keyword matching: original non-keyword score contribution is preserved, while keyword matches are recalculated on text_content with word boundaries."
1642,1641,github,5463174147,2026-09-29 17:01:00.769442+00,3990,rce|exploit|cve-|vulnerability,75,95,20,critical,exploit|cve-|vulnerability,50,70,critical,no,sí,sí,rce,,-25,"Population-level REV46 recalculation isolating keyword matching: original non-keyword score contribution is preserved, while keyword matches are recalculated on text_content with word boundaries."
1643,1642,github,5463173939,2026-09-29 17:01:00.769442+00,3990,rce|exploit|cve-|threat|vulnerability,85,100,15,critical,exploit|cve-|threat|vulnerability,60,75,critical,no,sí,sí,rce,,-25,"Population-level REV46 recalculation isolating keyword matching: original non-keyword score contribution is preserved, while keyword matches are recalculated on text_content with word boundaries."
1644,1643,github,5463173764,2026-09-29 17:01:00.769442+00,3985,rce|exploit|cve-|vulnerability,75,80,5,critical,exploit|cve-|vulnerability,50,55,high,sí,sí,sí,rce,,-25,"Population-level REV46 recalculation isolating keyword matching: original non-keyword score contribution is preserved, while keyword matches are recalculated on text_content with word boundaries."
1645,1644,github,5463173613,2026-09-29 17:01:00.769442+00,3995,rce|exploit|cve-|threat|vulnerability|denial of service,95,100,5,critical,exploit|cve-|threat|vulnerability|denial of service,70,75,critical,no,sí,sí,rce,,-25,"Population-level REV46 recalculation isolating keyword matching: original non-keyword score contribution is preserved, while keyword matches are recalculated on text_content with word boundaries."
1646,1645,github,5634112844,2026-09-29 17:01:00.769442+00,2069,rce|exploit|compromised|xss,80,100,20,critical,exploit|compromised|xss,55,75,critical,no,sí,sí,rce,,-25,"Population-level REV46 recalculation isolating keyword matching: original non-keyword score contribution is preserved, while keyword matches are recalculated on text_content with word boundaries."
1647,1646,github,5634111982,2026-09-29 17:01:00.769442+00,1956,rce|exploit|attack,55,75,20,critical,attack,10,30,medium,sí,sí,no,rce|exploit,,-45,"Population-level REV46 recalculation isolating keyword matching: original non-keyword score contribution is preserved, while keyword matches are recalculated on text_content with word boundaries."
1648,1647,github,954155978,2026-09-29 17:01:00.769442+00,2709,rce|security|vulnerability,40,60,20,critical,security|vulnerability,15,35,medium,sí,sí,no,rce,,-25,"Population-level REV46 recalculation isolating keyword matching: original non-keyword score contribution is preserved, while keyword matches are recalculated on text_content with word boundaries."
1649,1648,github,5634072725,2026-09-29 17:01:00.769442+00,4000,apt|rce|security,55,75,20,critical,apt|security,30,50,high,sí,sí,sí,rce,,-25,"Population-level REV46 recalculation isolating keyword matching: original non-keyword score contribution is preserved, while keyword matches are recalculated on text_content with word boundaries."
1650,1649,github,3826306832,2026-09-29 17:01:00.769442+00,4000,rce|security|vulnerability,40,45,5,high,security|vulnerability,15,20,medium,sí,sí,no,rce,,-25,"Population-level REV46 recalculation isolating keyword matching: original non-keyword score contribution is preserved, while keyword matches are recalculated on text_content with word boundaries."
1651,1650,github,5571921729,2026-09-29 17:01:00.769442+00,724,security|vulnerability,15,20,5,medium,security|vulnerability,15,20,medium,no,no,no,,,0,"Population-level REV46 recalculation isolating keyword matching: original non-keyword score contribution is preserved, while keyword matches are recalculated on text_content with word boundaries."
1652,1651,github,5634106636,2026-09-29 17:01:00.769442+00,1124,security,5,10,5,low,security,5,10,low,no,no,no,,,0,"Population-level REV46 recalculation isolating keyword matching: original non-keyword score contribution is preserved, while keyword matches are recalculated on text_content with word boundaries."
1653,1652,github,5000112576,2026-09-29 17:01:00.769442+00,3737,rce|security|vulnerability,40,45,5,high,security|vulnerability,15,20,medium,sí,sí,no,rce,,-25,"Population-level REV46 recalculation isolating keyword matching: original non-keyword score contribution is preserved, while keyword matches are recalculated on text_content with word boundaries."
1654,1653,github,5605711322,2026-09-29 17:01:00.769442+00,4000,,0,25,25,medium,,0,25,medium,no,no,no,,,0,"Population-level REV46 recalculation isolating keyword matching: original non-keyword score contribution is preserved, while keyword matches are recalculated on text_content with word boundaries."
1655,1654,github,5634103121,2026-09-29 17:01:00.769442+00,1739,exploit|security,25,30,5,medium,security,5,10,low,sí,no,no,exploit,,-20,"Population-level REV46 recalculation isolating keyword matching: original non-keyword score contribution is preserved, while keyword matches are recalculated on text_content with word boundaries."
1656,1655,github,5634102801,2026-09-29 17:01:00.769442+00,866,cve-,20,25,5,medium,cve-,20,25,medium,no,no,no,,,0,"Population-level REV46 recalculation isolating keyword matching: original non-keyword score contribution is preserved, while keyword matches are recalculated on text_content with word boundaries."
1657,1656,github,1444256672,2026-09-29 17:01:00.769442+00,4000,rce,25,30,5,medium,,0,5,low,sí,no,no,rce,,-25,"Population-level REV46 recalculation isolating keyword matching: original non-keyword score contribution is preserved, while keyword matches are recalculated on text_content with word boundaries."
1658,1657,github,1253100106,2026-09-29 17:01:00.769442+00,3998,rce|security|vulnerability,40,45,5,high,security|vulnerability,15,20,medium,sí,sí,no,rce,,-25,"Population-level REV46 recalculation isolating keyword matching: original non-keyword score contribution is preserved, while keyword matches are recalculated on text_content with word boundaries."
1659,1658,github,5459997316,2026-09-29 17:01:00.769442+00,1539,rce|exploit,45,50,5,high,,0,5,low,sí,sí,no,rce|exploit,,-45,"Population-level REV46 recalculation isolating keyword matching: original non-keyword score contribution is preserved, while keyword matches are recalculated on text_content with word boundaries."
1660,1659,github,2648688733,2026-09-29 17:01:00.769442+00,4000,rce,25,45,20,high,,0,20,medium,sí,sí,no,rce,,-25,"Population-level REV46 recalculation isolating keyword matching: original non-keyword score contribution is preserved, while keyword matches are recalculated on text_content with word boundaries."
1661,1660,github,5627234804,2026-09-29 17:01:00.769442+00,4000,rce,25,30,5,medium,,0,5,low,sí,no,no,rce,,-25,"Population-level REV46 recalculation isolating keyword matching: original non-keyword score contribution is preserved, while keyword matches are recalculated on text_content with word boundaries."
1662,1661,github,2543079359,2026-09-29 17:01:00.769442+00,4000,rce,25,45,20,high,,0,20,medium,sí,sí,no,rce,,-25,"Population-level REV46 recalculation isolating keyword matching: original non-keyword score contribution is preserved, while keyword matches are recalculated on text_content with word boundaries."
1663,1662,github,2034223182,2026-09-29 17:01:00.769442+00,3157,rce,25,45,20,high,,0,20,medium,sí,sí,no,rce,,-25,"Population-level REV46 recalculation isolating keyword matching: original non-keyword score contribution is preserved, while keyword matches are recalculated on text_content with word boundaries."
1664,1663,github,5622092846,2026-09-29 17:01:00.769442+00,1159,rce|security|vulnerability,40,65,25,critical,vulnerability,10,35,medium,sí,sí,no,rce|security,,-30,"Population-level REV46 recalculation isolating keyword matching: original non-keyword score contribution is preserved, while keyword matches are recalculated on text_content with word boundaries."
1665,1664,github,1156800127,2026-09-29 17:01:00.769442+00,3998,rce|security|vulnerability,40,45,5,high,security|vulnerability,15,20,medium,sí,sí,no,rce,,-25,"Population-level REV46 recalculation isolating keyword matching: original non-keyword score contribution is preserved, while keyword matches are recalculated on text_content with word boundaries."
1666,1665,hackernews,49896625,2026-09-29 17:15:58.075183+00,73,zero-day|exploit|attack,60,80,20,critical,zero-day,30,50,high,sí,sí,sí,exploit|attack,,-30,"Population-level REV46 recalculation isolating keyword matching: original non-keyword score contribution is preserved, while keyword matches are recalculated on text_content with word boundaries."
1667,1666,github,3057864662,2026-09-29 17:15:58.075183+00,4000,rce,25,45,20,high,,0,20,medium,sí,sí,no,rce,,-25,"Population-level REV46 recalculation isolating keyword matching: original non-keyword score contribution is preserved, while keyword matches are recalculated on text_content with word boundaries."
1668,1667,github,5622931546,2026-09-29 17:15:58.075183+00,2507,apt|rce,50,55,5,high,,0,5,low,sí,sí,no,apt|rce,,-50,"Population-level REV46 recalculation isolating keyword matching: original non-keyword score contribution is preserved, while keyword matches are recalculated on text_content with word boundaries."
1669,1668,github,3057263785,2026-09-29 17:15:58.075183+00,2860,vulnerability,10,15,5,low,vulnerability,10,15,low,no,no,no,,,0,"Population-level REV46 recalculation isolating keyword matching: original non-keyword score contribution is preserved, while keyword matches are recalculated on text_content with word boundaries."
1670,1669,github,5505083771,2026-09-29 17:15:58.075183+00,3584,security|vulnerability,15,20,5,medium,security|vulnerability,15,20,medium,no,no,no,,,0,"Population-level REV46 recalculation isolating keyword matching: original non-keyword score contribution is preserved, while keyword matches are recalculated on text_content with word boundaries."
1671,1670,github,1936141942,2026-09-29 17:15:58.075183+00,4000,rce,25,30,5,medium,,0,5,low,sí,no,no,rce,,-25,"Population-level REV46 recalculation isolating keyword matching: original non-keyword score contribution is preserved, while keyword matches are recalculated on text_content with word boundaries."
1672,1671,github,5461724080,2026-09-29 17:15:58.075183+00,640,exploit,20,45,25,high,exploit,20,45,high,no,sí,sí,,,0,"Population-level REV46 recalculation isolating keyword matching: original non-keyword score contribution is preserved, while keyword matches are recalculated on text_content with word boundaries."
1673,1672,github,2268411684,2026-09-29 17:15:58.075183+00,4000,rce|vulnerability,35,55,20,high,vulnerability,10,30,medium,sí,sí,no,rce,,-25,"Population-level REV46 recalculation isolating keyword matching: original non-keyword score contribution is preserved, while keyword matches are recalculated on text_content with word boundaries."
1674,1673,github,3517091023,2026-09-29 17:15:58.075183+00,4000,rce,25,45,20,high,,0,20,medium,sí,sí,no,rce,,-25,"Population-level REV46 recalculation isolating keyword matching: original non-keyword score contribution is preserved, while keyword matches are recalculated on text_content with word boundaries."
1675,1674,github,1029545145,2026-09-29 17:15:58.075183+00,3998,rce|security|vulnerability,40,60,20,critical,security|vulnerability,15,35,medium,sí,sí,no,rce,,-25,"Population-level REV46 recalculation isolating keyword matching: original non-keyword score contribution is preserved, while keyword matches are recalculated on text_content with word boundaries."
1676,1675,github,2024417125,2026-09-29 17:15:58.075183+00,3998,rce|security|vulnerability,40,60,20,critical,security|vulnerability,15,35,medium,sí,sí,no,rce,,-25,"Population-level REV46 recalculation isolating keyword matching: original non-keyword score contribution is preserved, while keyword matches are recalculated on text_content with word boundaries."
1677,1676,github,4429016676,2026-09-29 17:15:58.075183+00,4000,apt|rce|security|vulnerability,65,85,20,critical,security|vulnerability,15,35,medium,sí,sí,no,apt|rce,,-50,"Population-level REV46 recalculation isolating keyword matching: original non-keyword score contribution is preserved, while keyword matches are recalculated on text_content with word boundaries."
1678,1677,github,1353051177,2026-09-29 17:15:58.075183+00,3998,rce|security|vulnerability,40,45,5,high,security|vulnerability,15,20,medium,sí,sí,no,rce,,-25,"Population-level REV46 recalculation isolating keyword matching: original non-keyword score contribution is preserved, while keyword matches are recalculated on text_content with word boundaries."
1679,1678,github,4194310127,2026-09-29 17:15:58.075183+00,4000,rce,25,45,20,high,,0,20,medium,sí,sí,no,rce,,-25,"Population-level REV46 recalculation isolating keyword matching: original non-keyword score contribution is preserved, while keyword matches are recalculated on text_content with word boundaries."
1680,1679,github,5248812605,2026-09-29 17:15:58.075183+00,2429,rce|exploit,45,65,20,critical,,0,20,medium,sí,sí,no,rce|exploit,,-45,"Population-level REV46 recalculation isolating keyword matching: original non-keyword score contribution is preserved, while keyword matches are recalculated on text_content with word boundaries."
1681,1680,github,5634279896,2026-09-29 17:15:58.075183+00,2175,exploit|attack|vulnerability,40,60,20,critical,exploit|vulnerability,30,50,high,sí,sí,sí,attack,,-10,"Population-level REV46 recalculation isolating keyword matching: original non-keyword score contribution is preserved, while keyword matches are recalculated on text_content with word boundaries."
1682,1681,github,4859679928,2026-09-29 17:15:58.075183+00,3695,rce,25,45,20,high,,0,20,medium,sí,sí,no,rce,,-25,"Population-level REV46 recalculation isolating keyword matching: original non-keyword score contribution is preserved, while keyword matches are recalculated on text_content with word boundaries."
1683,1682,github,4273204360,2026-09-29 17:15:58.075183+00,4000,rce,25,45,20,high,,0,20,medium,sí,sí,no,rce,,-25,"Population-level REV46 recalculation isolating keyword matching: original non-keyword score contribution is preserved, while keyword matches are recalculated on text_content with word boundaries."
1684,1683,github,1056221491,2026-09-29 17:15:58.075183+00,3998,rce|security|vulnerability,40,45,5,high,security|vulnerability,15,20,medium,sí,sí,no,rce,,-25,"Population-level REV46 recalculation isolating keyword matching: original non-keyword score contribution is preserved, while keyword matches are recalculated on text_content with word boundaries."
1685,1684,github,4977178640,2026-09-29 17:15:58.075183+00,1930,vulnerability,10,15,5,low,vulnerability,10,15,low,no,no,no,,,0,"Population-level REV46 recalculation isolating keyword matching: original non-keyword score contribution is preserved, while keyword matches are recalculated on text_content with word boundaries."
1686,1685,github,2763829663,2026-09-29 17:15:58.075183+00,3998,rce|security|vulnerability,40,45,5,high,security|vulnerability,15,20,medium,sí,sí,no,rce,,-25,"Population-level REV46 recalculation isolating keyword matching: original non-keyword score contribution is preserved, while keyword matches are recalculated on text_content with word boundaries."
1687,1686,github,4601487790,2026-09-29 17:15:58.075183+00,1455,apt|rce,50,55,5,high,,0,5,low,sí,sí,no,apt|rce,,-50,"Population-level REV46 recalculation isolating keyword matching: original non-keyword score contribution is preserved, while keyword matches are recalculated on text_content with word boundaries."
1688,1687,github,4193893821,2026-09-29 17:15:58.075183+00,4000,rce,25,45,20,high,,0,20,medium,sí,sí,no,rce,,-25,"Population-level REV46 recalculation isolating keyword matching: original non-keyword score contribution is preserved, while keyword matches are recalculated on text_content with word boundaries."
1689,1688,github,3228100274,2026-09-29 17:15:58.075183+00,4000,rce,25,45,20,high,,0,20,medium,sí,sí,no,rce,,-25,"Population-level REV46 recalculation isolating keyword matching: original non-keyword score contribution is preserved, while keyword matches are recalculated on text_content with word boundaries."
1690,1689,github,2669695516,2026-09-29 17:15:58.075183+00,4000,rce,25,30,5,medium,,0,5,low,sí,no,no,rce,,-25,"Population-level REV46 recalculation isolating keyword matching: original non-keyword score contribution is preserved, while keyword matches are recalculated on text_content with word boundaries."
1691,1690,github,1518329977,2026-09-29 17:15:58.075183+00,3998,rce|security|vulnerability,40,45,5,high,security|vulnerability,15,20,medium,sí,sí,no,rce,,-25,"Population-level REV46 recalculation isolating keyword matching: original non-keyword score contribution is preserved, while keyword matches are recalculated on text_content with word boundaries."
1692,1691,github,5634168606,2026-09-29 17:15:58.075183+00,426,,0,5,5,low,,0,5,low,no,no,no,,,0,"Population-level REV46 recalculation isolating keyword matching: original non-keyword score contribution is preserved, while keyword matches are recalculated on text_content with word boundaries."
1693,1692,github,2724677841,2026-09-29 17:15:58.075183+00,2630,rce,25,45,20,high,,0,20,medium,sí,sí,no,rce,,-25,"Population-level REV46 recalculation isolating keyword matching: original non-keyword score contribution is preserved, while keyword matches are recalculated on text_content with word boundaries."
1694,1693,github,4640049606,2026-09-29 17:15:58.075183+00,4000,rce,25,45,20,high,,0,20,medium,sí,sí,no,rce,,-25,"Population-level REV46 recalculation isolating keyword matching: original non-keyword score contribution is preserved, while keyword matches are recalculated on text_content with word boundaries."
1695,1694,github,5512671757,2026-09-29 17:15:58.075183+00,1059,security,5,30,25,medium,security,5,30,medium,no,no,no,,,0,"Population-level REV46 recalculation isolating keyword matching: original non-keyword score contribution is preserved, while keyword matches are recalculated on text_content with word boundaries."
1696,1695,github,4613956225,2026-09-29 17:15:58.075183+00,3998,rce|security|vulnerability,40,45,5,high,security|vulnerability,15,20,medium,sí,sí,no,rce,,-25,"Population-level REV46 recalculation isolating keyword matching: original non-keyword score contribution is preserved, while keyword matches are recalculated on text_content with word boundaries."
1697,1696,github,4438434148,2026-09-29 17:15:58.075183+00,1794,,0,20,20,medium,,0,20,medium,no,no,no,,,0,"Population-level REV46 recalculation isolating keyword matching: original non-keyword score contribution is preserved, while keyword matches are recalculated on text_content with word boundaries."
1698,1697,github,3068171501,2026-09-29 17:15:58.075183+00,3998,rce,25,45,20,high,,0,20,medium,sí,sí,no,rce,,-25,"Population-level REV46 recalculation isolating keyword matching: original non-keyword score contribution is preserved, while keyword matches are recalculated on text_content with word boundaries."
1699,1698,github,2511706473,2026-09-29 17:15:58.075183+00,3998,rce|security|vulnerability,40,45,5,high,security|vulnerability,15,20,medium,sí,sí,no,rce,,-25,"Population-level REV46 recalculation isolating keyword matching: original non-keyword score contribution is preserved, while keyword matches are recalculated on text_content with word boundaries."
1700,1699,github,5625639986,2026-09-29 17:15:58.075183+00,4000,rce|security,30,55,25,high,security,5,30,medium,sí,sí,no,rce,,-25,"Population-level REV46 recalculation isolating keyword matching: original non-keyword score contribution is preserved, while keyword matches are recalculated on text_content with word boundaries."
1701,1700,github,5634273523,2026-09-29 17:15:58.075183+00,2564,xss|security|vulnerability,30,35,5,medium,xss|security|vulnerability,30,35,medium,no,no,no,,,0,"Population-level REV46 recalculation isolating keyword matching: original non-keyword score contribution is preserved, while keyword matches are recalculated on text_content with word boundaries."
1702,1701,github,3686793283,2026-09-29 17:15:58.075183+00,3998,rce,25,45,20,high,,0,20,medium,sí,sí,no,rce,,-25,"Population-level REV46 recalculation isolating keyword matching: original non-keyword score contribution is preserved, while keyword matches are recalculated on text_content with word boundaries."
1703,1702,github,5349582687,2026-09-29 17:15:58.075183+00,4000,threat|security,15,40,25,high,threat|security,15,40,high,no,sí,sí,,,0,"Population-level REV46 recalculation isolating keyword matching: original non-keyword score contribution is preserved, while keyword matches are recalculated on text_content with word boundaries."
1704,1703,github,5600116340,2026-09-29 17:15:58.075183+00,4000,rce,25,50,25,high,,0,25,medium,sí,sí,no,rce,,-25,"Population-level REV46 recalculation isolating keyword matching: original non-keyword score contribution is preserved, while keyword matches are recalculated on text_content with word boundaries."
1705,1704,github,5537479061,2026-09-29 17:15:58.075183+00,2353,security|vulnerability,15,20,5,medium,security|vulnerability,15,20,medium,no,no,no,,,0,"Population-level REV46 recalculation isolating keyword matching: original non-keyword score contribution is preserved, while keyword matches are recalculated on text_content with word boundaries."
1706,1705,github,2442435806,2026-09-29 17:15:58.075183+00,4000,,0,5,5,low,,0,5,low,no,no,no,,,0,"Population-level REV46 recalculation isolating keyword matching: original non-keyword score contribution is preserved, while keyword matches are recalculated on text_content with word boundaries."
1707,1706,github,3686822654,2026-09-29 17:15:58.075183+00,3003,rce,25,45,20,high,,0,20,medium,sí,sí,no,rce,,-25,"Population-level REV46 recalculation isolating keyword matching: original non-keyword score contribution is preserved, while keyword matches are recalculated on text_content with word boundaries."
1708,1707,github,5436806842,2026-09-29 17:15:58.075183+00,4000,rce|security,30,45,15,high,security,5,20,medium,sí,sí,no,rce,,-25,"Population-level REV46 recalculation isolating keyword matching: original non-keyword score contribution is preserved, while keyword matches are recalculated on text_content with word boundaries."
1709,1708,hackernews,49897058,2026-09-29 17:30:57.954876+00,48,security,5,10,5,low,security,5,10,low,no,no,no,,,0,"Population-level REV46 recalculation isolating keyword matching: original non-keyword score contribution is preserved, while keyword matches are recalculated on text_content with word boundaries."
1710,1709,github,5632096627,2026-09-29 17:30:57.954876+00,4000,rce|security|vulnerability,40,45,5,high,security|vulnerability,15,20,medium,sí,sí,no,rce,,-25,"Population-level REV46 recalculation isolating keyword matching: original non-keyword score contribution is preserved, while keyword matches are recalculated on text_content with word boundaries."
1711,1710,github,5628541314,2026-09-29 17:30:57.954876+00,4000,rce|sql injection|attack|security|vulnerability,70,75,5,critical,sql injection|attack|security|vulnerability,45,50,high,sí,sí,sí,rce,,-25,"Population-level REV46 recalculation isolating keyword matching: original non-keyword score contribution is preserved, while keyword matches are recalculated on text_content with word boundaries."
1712,1711,github,5628540973,2026-09-29 17:30:57.954876+00,4000,rce|sql injection|attack|security|vulnerability,70,75,5,critical,sql injection|attack|security|vulnerability,45,50,high,sí,sí,sí,rce,,-25,"Population-level REV46 recalculation isolating keyword matching: original non-keyword score contribution is preserved, while keyword matches are recalculated on text_content with word boundaries."
1713,1712,github,5628540641,2026-09-29 17:30:57.954876+00,4000,rce|sql injection|attack|security|vulnerability,70,75,5,critical,sql injection|attack|security|vulnerability,45,50,high,sí,sí,sí,rce,,-25,"Population-level REV46 recalculation isolating keyword matching: original non-keyword score contribution is preserved, while keyword matches are recalculated on text_content with word boundaries."
1714,1713,github,5628540206,2026-09-29 17:30:57.954876+00,4000,rce|sql injection|attack|security|vulnerability,70,75,5,critical,sql injection|attack|security|vulnerability,45,50,high,sí,sí,sí,rce,,-25,"Population-level REV46 recalculation isolating keyword matching: original non-keyword score contribution is preserved, while keyword matches are recalculated on text_content with word boundaries."
1715,1714,github,5628539827,2026-09-29 17:30:57.954876+00,4000,rce|sql injection|attack|security|vulnerability,70,75,5,critical,sql injection|attack|security|vulnerability,45,50,high,sí,sí,sí,rce,,-25,"Population-level REV46 recalculation isolating keyword matching: original non-keyword score contribution is preserved, while keyword matches are recalculated on text_content with word boundaries."
1716,1715,github,5628539521,2026-09-29 17:30:57.954876+00,4000,rce|sql injection|attack|security|vulnerability,70,75,5,critical,sql injection|attack|security|vulnerability,45,50,high,sí,sí,sí,rce,,-25,"Population-level REV46 recalculation isolating keyword matching: original non-keyword score contribution is preserved, while keyword matches are recalculated on text_content with word boundaries."
1717,1716,github,5628539155,2026-09-29 17:30:57.954876+00,4000,rce|sql injection|attack|security|vulnerability,70,75,5,critical,sql injection|attack|security|vulnerability,45,50,high,sí,sí,sí,rce,,-25,"Population-level REV46 recalculation isolating keyword matching: original non-keyword score contribution is preserved, while keyword matches are recalculated on text_content with word boundaries."
1718,1717,github,4290432412,2026-09-29 17:30:57.954876+00,3997,rce,25,30,5,medium,,0,5,low,sí,no,no,rce,,-25,"Population-level REV46 recalculation isolating keyword matching: original non-keyword score contribution is preserved, while keyword matches are recalculated on text_content with word boundaries."
1719,1718,github,5628538653,2026-09-29 17:30:57.954876+00,4000,rce|sql injection|attack|security|vulnerability,70,75,5,critical,sql injection|attack|security|vulnerability,45,50,high,sí,sí,sí,rce,,-25,"Population-level REV46 recalculation isolating keyword matching: original non-keyword score contribution is preserved, while keyword matches are recalculated on text_content with word boundaries."
1720,1719,github,5628538305,2026-09-29 17:30:57.954876+00,4000,rce|sql injection|attack|security|vulnerability,70,75,5,critical,sql injection|attack|security|vulnerability,45,50,high,sí,sí,sí,rce,,-25,"Population-level REV46 recalculation isolating keyword matching: original non-keyword score contribution is preserved, while keyword matches are recalculated on text_content with word boundaries."
1721,1720,github,5628537949,2026-09-29 17:30:57.954876+00,4000,rce|sql injection|security|vulnerability,60,65,5,critical,sql injection|security|vulnerability,35,40,high,sí,sí,sí,rce,,-25,"Population-level REV46 recalculation isolating keyword matching: original non-keyword score contribution is preserved, while keyword matches are recalculated on text_content with word boundaries."
1722,1721,github,5606124196,2026-09-29 17:30:57.954876+00,3251,attack|security|vulnerability,25,45,20,high,attack,10,30,medium,sí,sí,no,security|vulnerability,,-15,"Population-level REV46 recalculation isolating keyword matching: original non-keyword score contribution is preserved, while keyword matches are recalculated on text_content with word boundaries."
1723,1722,github,5628537576,2026-09-29 17:30:57.954876+00,4000,rce|sql injection|attack|security|vulnerability,70,75,5,critical,sql injection|attack|security|vulnerability,45,50,high,sí,sí,sí,rce,,-25,"Population-level REV46 recalculation isolating keyword matching: original non-keyword score contribution is preserved, while keyword matches are recalculated on text_content with word boundaries."
1724,1723,github,5628537058,2026-09-29 17:30:57.954876+00,4000,rce|sql injection|attack|security|vulnerability,70,75,5,critical,sql injection|attack|security|vulnerability,45,50,high,sí,sí,sí,rce,,-25,"Population-level REV46 recalculation isolating keyword matching: original non-keyword score contribution is preserved, while keyword matches are recalculated on text_content with word boundaries."
1725,1724,github,5628536715,2026-09-29 17:30:57.954876+00,4000,rce|sql injection|security|vulnerability,60,65,5,critical,sql injection|security|vulnerability,35,40,high,sí,sí,sí,rce,,-25,"Population-level REV46 recalculation isolating keyword matching: original non-keyword score contribution is preserved, while keyword matches are recalculated on text_content with word boundaries."
1726,1725,github,5628536384,2026-09-29 17:30:57.954876+00,4000,rce|sql injection|attack|security|vulnerability,70,75,5,critical,sql injection|attack|security|vulnerability,45,50,high,sí,sí,sí,rce,,-25,"Population-level REV46 recalculation isolating keyword matching: original non-keyword score contribution is preserved, while keyword matches are recalculated on text_content with word boundaries."
1727,1726,github,5628536075,2026-09-29 17:30:57.954876+00,4000,rce|sql injection|attack|security|vulnerability,70,75,5,critical,sql injection|attack|security|vulnerability,45,50,high,sí,sí,sí,rce,,-25,"Population-level REV46 recalculation isolating keyword matching: original non-keyword score contribution is preserved, while keyword matches are recalculated on text_content with word boundaries."
1728,1727,github,4859727136,2026-09-29 17:30:57.954876+00,3653,rce|security,30,50,20,high,security,5,25,medium,sí,sí,no,rce,,-25,"Population-level REV46 recalculation isolating keyword matching: original non-keyword score contribution is preserved, while keyword matches are recalculated on text_content with word boundaries."
1729,1728,github,5628535659,2026-09-29 17:30:57.954876+00,4000,rce|sql injection|attack|security|vulnerability,70,75,5,critical,sql injection|attack|security|vulnerability,45,50,high,sí,sí,sí,rce,,-25,"Population-level REV46 recalculation isolating keyword matching: original non-keyword score contribution is preserved, while keyword matches are recalculated on text_content with word boundaries."
1730,1729,github,5628535305,2026-09-29 17:30:57.954876+00,4000,rce|sql injection|attack|security|vulnerability,70,75,5,critical,sql injection|attack|security|vulnerability,45,50,high,sí,sí,sí,rce,,-25,"Population-level REV46 recalculation isolating keyword matching: original non-keyword score contribution is preserved, while keyword matches are recalculated on text_content with word boundaries."
1731,1730,github,5628534934,2026-09-29 17:30:57.954876+00,4000,rce|sql injection|attack|security|vulnerability,70,75,5,critical,sql injection|attack|security|vulnerability,45,50,high,sí,sí,sí,rce,,-25,"Population-level REV46 recalculation isolating keyword matching: original non-keyword score contribution is preserved, while keyword matches are recalculated on text_content with word boundaries."
1732,1731,github,5628534495,2026-09-29 17:30:57.954876+00,4000,rce|sql injection|attack|security|vulnerability,70,75,5,critical,sql injection|attack|security|vulnerability,45,50,high,sí,sí,sí,rce,,-25,"Population-level REV46 recalculation isolating keyword matching: original non-keyword score contribution is preserved, while keyword matches are recalculated on text_content with word boundaries."
1733,1732,github,5633864291,2026-09-29 17:30:57.954876+00,3999,rce|security,30,50,20,high,security,5,25,medium,sí,sí,no,rce,,-25,"Population-level REV46 recalculation isolating keyword matching: original non-keyword score contribution is preserved, while keyword matches are recalculated on text_content with word boundaries."
1734,1733,github,5628534200,2026-09-29 17:30:57.954876+00,4000,rce|sql injection|attack|security|vulnerability,70,75,5,critical,sql injection|attack|security|vulnerability,45,50,high,sí,sí,sí,rce,,-25,"Population-level REV46 recalculation isolating keyword matching: original non-keyword score contribution is preserved, while keyword matches are recalculated on text_content with word boundaries."
1735,1734,github,1031041282,2026-09-29 17:30:57.954876+00,3998,rce|security|vulnerability,40,60,20,critical,security|vulnerability,15,35,medium,sí,sí,no,rce,,-25,"Population-level REV46 recalculation isolating keyword matching: original non-keyword score contribution is preserved, while keyword matches are recalculated on text_content with word boundaries."
1736,1735,github,5628533858,2026-09-29 17:30:57.954876+00,4000,rce|sql injection|attack|security|vulnerability,70,75,5,critical,sql injection|attack|security|vulnerability,45,50,high,sí,sí,sí,rce,,-25,"Population-level REV46 recalculation isolating keyword matching: original non-keyword score contribution is preserved, while keyword matches are recalculated on text_content with word boundaries."
1737,1736,github,5628533499,2026-09-29 17:30:57.954876+00,4000,rce|sql injection|attack|security|vulnerability,70,75,5,critical,sql injection|attack|security|vulnerability,45,50,high,sí,sí,sí,rce,,-25,"Population-level REV46 recalculation isolating keyword matching: original non-keyword score contribution is preserved, while keyword matches are recalculated on text_content with word boundaries."
1738,1737,github,5628533181,2026-09-29 17:30:57.954876+00,4000,rce|sql injection|attack|security|vulnerability,70,75,5,critical,sql injection|attack|security|vulnerability,45,50,high,sí,sí,sí,rce,,-25,"Population-level REV46 recalculation isolating keyword matching: original non-keyword score contribution is preserved, while keyword matches are recalculated on text_content with word boundaries."
1739,1738,github,5628532732,2026-09-29 17:30:57.954876+00,4000,rce|sql injection|attack|security|vulnerability,70,75,5,critical,sql injection|attack|security|vulnerability,45,50,high,sí,sí,sí,rce,,-25,"Population-level REV46 recalculation isolating keyword matching: original non-keyword score contribution is preserved, while keyword matches are recalculated on text_content with word boundaries."
1740,1739,github,5628532309,2026-09-29 17:30:57.954876+00,4000,rce|sql injection|attack|security|vulnerability,70,75,5,critical,sql injection|attack|security|vulnerability,45,50,high,sí,sí,sí,rce,,-25,"Population-level REV46 recalculation isolating keyword matching: original non-keyword score contribution is preserved, while keyword matches are recalculated on text_content with word boundaries."
1741,1740,github,5628531951,2026-09-29 17:30:57.954876+00,4000,rce|sql injection|attack|security|vulnerability,70,75,5,critical,sql injection|attack|security|vulnerability,45,50,high,sí,sí,sí,rce,,-25,"Population-level REV46 recalculation isolating keyword matching: original non-keyword score contribution is preserved, while keyword matches are recalculated on text_content with word boundaries."
1742,1741,github,5628531645,2026-09-29 17:30:57.954876+00,4000,rce|sql injection|attack|security|vulnerability,70,75,5,critical,sql injection|attack|security|vulnerability,45,50,high,sí,sí,sí,rce,,-25,"Population-level REV46 recalculation isolating keyword matching: original non-keyword score contribution is preserved, while keyword matches are recalculated on text_content with word boundaries."
1743,1742,github,5628531165,2026-09-29 17:30:57.954876+00,4000,rce|sql injection|attack|security|vulnerability,70,75,5,critical,sql injection|attack|security|vulnerability,45,50,high,sí,sí,sí,rce,,-25,"Population-level REV46 recalculation isolating keyword matching: original non-keyword score contribution is preserved, while keyword matches are recalculated on text_content with word boundaries."
1744,1743,github,5628530807,2026-09-29 17:30:57.954876+00,4000,rce|sql injection|attack|security|vulnerability,70,75,5,critical,sql injection|attack|security|vulnerability,45,50,high,sí,sí,sí,rce,,-25,"Population-level REV46 recalculation isolating keyword matching: original non-keyword score contribution is preserved, while keyword matches are recalculated on text_content with word boundaries."
1745,1744,github,5628530461,2026-09-29 17:30:57.954876+00,4000,rce|sql injection|attack|security|vulnerability,70,75,5,critical,sql injection|attack|security|vulnerability,45,50,high,sí,sí,sí,rce,,-25,"Population-level REV46 recalculation isolating keyword matching: original non-keyword score contribution is preserved, while keyword matches are recalculated on text_content with word boundaries."
1746,1745,github,5628530124,2026-09-29 17:30:57.954876+00,4000,rce|sql injection|attack|security|vulnerability,70,75,5,critical,sql injection|attack|security|vulnerability,45,50,high,sí,sí,sí,rce,,-25,"Population-level REV46 recalculation isolating keyword matching: original non-keyword score contribution is preserved, while keyword matches are recalculated on text_content with word boundaries."
1747,1746,github,5628529775,2026-09-29 17:30:57.954876+00,4000,rce|sql injection|attack|security|vulnerability,70,75,5,critical,sql injection|attack|security|vulnerability,45,50,high,sí,sí,sí,rce,,-25,"Population-level REV46 recalculation isolating keyword matching: original non-keyword score contribution is preserved, while keyword matches are recalculated on text_content with word boundaries."
1748,1747,github,5628529311,2026-09-29 17:30:57.954876+00,4000,rce|sql injection|attack|security|vulnerability,70,75,5,critical,sql injection|attack|security|vulnerability,45,50,high,sí,sí,sí,rce,,-25,"Population-level REV46 recalculation isolating keyword matching: original non-keyword score contribution is preserved, while keyword matches are recalculated on text_content with word boundaries."
1749,1748,github,5628528970,2026-09-29 17:30:57.954876+00,4000,rce|sql injection|attack|security|vulnerability,70,75,5,critical,sql injection|attack|security|vulnerability,45,50,high,sí,sí,sí,rce,,-25,"Population-level REV46 recalculation isolating keyword matching: original non-keyword score contribution is preserved, while keyword matches are recalculated on text_content with word boundaries."
1750,1749,github,2582785065,2026-09-29 17:30:57.954876+00,4000,rce,25,30,5,medium,,0,5,low,sí,no,no,rce,,-25,"Population-level REV46 recalculation isolating keyword matching: original non-keyword score contribution is preserved, while keyword matches are recalculated on text_content with word boundaries."
1751,1750,github,5628528625,2026-09-29 17:30:57.954876+00,4000,rce|sql injection|attack|security|vulnerability,70,75,5,critical,sql injection|attack|security|vulnerability,45,50,high,sí,sí,sí,rce,,-25,"Population-level REV46 recalculation isolating keyword matching: original non-keyword score contribution is preserved, while keyword matches are recalculated on text_content with word boundaries."
1752,1751,github,5628528309,2026-09-29 17:30:57.954876+00,4000,rce|sql injection|attack|security|vulnerability,70,75,5,critical,sql injection|attack|security|vulnerability,45,50,high,sí,sí,sí,rce,,-25,"Population-level REV46 recalculation isolating keyword matching: original non-keyword score contribution is preserved, while keyword matches are recalculated on text_content with word boundaries."
1753,1752,github,5628527966,2026-09-29 17:30:57.954876+00,4000,rce|sql injection|attack|security|vulnerability,70,75,5,critical,sql injection|attack|security|vulnerability,45,50,high,sí,sí,sí,rce,,-25,"Population-level REV46 recalculation isolating keyword matching: original non-keyword score contribution is preserved, while keyword matches are recalculated on text_content with word boundaries."
1754,1753,github,5628527610,2026-09-29 17:30:57.954876+00,4000,rce|sql injection|attack|security|vulnerability,70,75,5,critical,sql injection|attack|security|vulnerability,45,50,high,sí,sí,sí,rce,,-25,"Population-level REV46 recalculation isolating keyword matching: original non-keyword score contribution is preserved, while keyword matches are recalculated on text_content with word boundaries."
1755,1754,github,4226170919,2026-09-29 17:45:58.146905+00,4000,rce|vulnerability,35,40,5,high,vulnerability,10,15,low,sí,sí,no,rce,,-25,"Population-level REV46 recalculation isolating keyword matching: original non-keyword score contribution is preserved, while keyword matches are recalculated on text_content with word boundaries."
1756,1755,github,772683159,2026-09-29 17:45:58.146905+00,4000,rce|security|vulnerability,40,60,20,critical,security|vulnerability,15,35,medium,sí,sí,no,rce,,-25,"Population-level REV46 recalculation isolating keyword matching: original non-keyword score contribution is preserved, while keyword matches are recalculated on text_content with word boundaries."
1757,1756,github,4804271831,2026-09-29 17:45:58.146905+00,1234,rce,25,35,10,medium,,0,10,low,sí,no,no,rce,,-25,"Population-level REV46 recalculation isolating keyword matching: original non-keyword score contribution is preserved, while keyword matches are recalculated on text_content with word boundaries."
1758,1757,github,1224630220,2026-09-29 17:45:58.146905+00,4000,rce|security|vulnerability,40,45,5,high,security|vulnerability,15,20,medium,sí,sí,no,rce,,-25,"Population-level REV46 recalculation isolating keyword matching: original non-keyword score contribution is preserved, while keyword matches are recalculated on text_content with word boundaries."
1759,1758,github,5634643908,2026-09-29 17:45:58.146905+00,2413,vulnerability,10,30,20,medium,vulnerability,10,30,medium,no,no,no,,,0,"Population-level REV46 recalculation isolating keyword matching: original non-keyword score contribution is preserved, while keyword matches are recalculated on text_content with word boundaries."
1760,1759,github,5629586535,2026-09-29 17:45:58.146905+00,3129,rce|security,30,35,5,medium,security,5,10,low,sí,no,no,rce,,-25,"Population-level REV46 recalculation isolating keyword matching: original non-keyword score contribution is preserved, while keyword matches are recalculated on text_content with word boundaries."
1761,1760,github,5550117479,2026-09-29 17:45:58.146905+00,4000,vulnerability,10,30,20,medium,vulnerability,10,30,medium,no,no,no,,,0,"Population-level REV46 recalculation isolating keyword matching: original non-keyword score contribution is preserved, while keyword matches are recalculated on text_content with word boundaries."
1762,1761,github,5634179178,2026-09-29 17:45:58.146905+00,4000,rce,25,45,20,high,,0,20,medium,sí,sí,no,rce,,-25,"Population-level REV46 recalculation isolating keyword matching: original non-keyword score contribution is preserved, while keyword matches are recalculated on text_content with word boundaries."
1763,1762,github,1046463887,2026-09-29 17:45:58.146905+00,4000,rce|security|vulnerability,40,45,5,high,security|vulnerability,15,20,medium,sí,sí,no,rce,,-25,"Population-level REV46 recalculation isolating keyword matching: original non-keyword score contribution is preserved, while keyword matches are recalculated on text_content with word boundaries."
1764,1763,github,2528603847,2026-09-29 17:45:58.146905+00,3998,rce|security|vulnerability,40,45,5,high,security|vulnerability,15,20,medium,sí,sí,no,rce,,-25,"Population-level REV46 recalculation isolating keyword matching: original non-keyword score contribution is preserved, while keyword matches are recalculated on text_content with word boundaries."
1765,1764,github,978716496,2026-09-29 17:45:58.146905+00,4000,rce,25,45,20,high,,0,20,medium,sí,sí,no,rce,,-25,"Population-level REV46 recalculation isolating keyword matching: original non-keyword score contribution is preserved, while keyword matches are recalculated on text_content with word boundaries."
1766,1765,github,5383229655,2026-09-29 17:45:58.146905+00,2842,exploit|compromised,40,45,5,high,exploit|compromised,40,45,high,no,sí,sí,,,0,"Population-level REV46 recalculation isolating keyword matching: original non-keyword score contribution is preserved, while keyword matches are recalculated on text_content with word boundaries."
1767,1766,github,5291444034,2026-09-29 17:45:58.146905+00,3998,rce,25,30,5,medium,,0,5,low,sí,no,no,rce,,-25,"Population-level REV46 recalculation isolating keyword matching: original non-keyword score contribution is preserved, while keyword matches are recalculated on text_content with word boundaries."
1768,1767,github,2180555689,2026-09-29 17:45:58.146905+00,4000,rce,25,30,5,medium,,0,5,low,sí,no,no,rce,,-25,"Population-level REV46 recalculation isolating keyword matching: original non-keyword score contribution is preserved, while keyword matches are recalculated on text_content with word boundaries."
1769,1768,github,1626951279,2026-09-29 17:45:58.146905+00,4000,rce,25,30,5,medium,,0,5,low,sí,no,no,rce,,-25,"Population-level REV46 recalculation isolating keyword matching: original non-keyword score contribution is preserved, while keyword matches are recalculated on text_content with word boundaries."
1770,1769,github,1031011603,2026-09-29 17:45:58.146905+00,4000,rce,25,30,5,medium,,0,5,low,sí,no,no,rce,,-25,"Population-level REV46 recalculation isolating keyword matching: original non-keyword score contribution is preserved, while keyword matches are recalculated on text_content with word boundaries."
1771,1770,github,5634120396,2026-09-29 17:45:58.146905+00,2404,rce|cve-|security|denial of service,60,85,25,critical,cve-|security|denial of service,35,60,critical,no,sí,sí,rce,,-25,"Population-level REV46 recalculation isolating keyword matching: original non-keyword score contribution is preserved, while keyword matches are recalculated on text_content with word boundaries."
1772,1771,github,5630913587,2026-09-29 17:45:58.146905+00,1468,apt|rce,50,75,25,critical,,0,25,medium,sí,sí,no,apt|rce,,-50,"Population-level REV46 recalculation isolating keyword matching: original non-keyword score contribution is preserved, while keyword matches are recalculated on text_content with word boundaries."
1773,1772,github,2007017453,2026-09-29 17:45:58.146905+00,3998,rce|security|vulnerability,40,45,5,high,security|vulnerability,15,20,medium,sí,sí,no,rce,,-25,"Population-level REV46 recalculation isolating keyword matching: original non-keyword score contribution is preserved, while keyword matches are recalculated on text_content with word boundaries."
1774,1773,github,1998978784,2026-09-29 17:45:58.146905+00,3998,rce|security|vulnerability,40,45,5,high,security|vulnerability,15,20,medium,sí,sí,no,rce,,-25,"Population-level REV46 recalculation isolating keyword matching: original non-keyword score contribution is preserved, while keyword matches are recalculated on text_content with word boundaries."
1775,1774,github,4751003397,2026-09-29 17:45:58.146905+00,4000,rce|security|vulnerability,40,45,5,high,security|vulnerability,15,20,medium,sí,sí,no,rce,,-25,"Population-level REV46 recalculation isolating keyword matching: original non-keyword score contribution is preserved, while keyword matches are recalculated on text_content with word boundaries."
1776,1775,github,1366938147,2026-09-29 17:45:58.146905+00,3575,rce|security|vulnerability,40,45,5,high,security|vulnerability,15,20,medium,sí,sí,no,rce,,-25,"Population-level REV46 recalculation isolating keyword matching: original non-keyword score contribution is preserved, while keyword matches are recalculated on text_content with word boundaries."
1777,1776,github,5143727284,2026-09-29 17:45:58.146905+00,502,,0,20,20,medium,,0,20,medium,no,no,no,,,0,"Population-level REV46 recalculation isolating keyword matching: original non-keyword score contribution is preserved, while keyword matches are recalculated on text_content with word boundaries."
1778,1777,github,2129228431,2026-09-29 17:45:58.146905+00,4000,,0,5,5,low,,0,5,low,no,no,no,,,0,"Population-level REV46 recalculation isolating keyword matching: original non-keyword score contribution is preserved, while keyword matches are recalculated on text_content with word boundaries."
1779,1778,github,1956285704,2026-09-29 17:45:58.146905+00,4000,rce|security|vulnerability,40,45,5,high,security|vulnerability,15,20,medium,sí,sí,no,rce,,-25,"Population-level REV46 recalculation isolating keyword matching: original non-keyword score contribution is preserved, while keyword matches are recalculated on text_content with word boundaries."
1780,1779,github,3147872589,2026-09-29 17:45:58.146905+00,4000,rce|threat,35,40,5,high,threat,10,15,low,sí,sí,no,rce,,-25,"Population-level REV46 recalculation isolating keyword matching: original non-keyword score contribution is preserved, while keyword matches are recalculated on text_content with word boundaries."
1781,1780,github,2860616232,2026-09-29 17:45:58.146905+00,3466,rce|security|vulnerability,40,45,5,high,security|vulnerability,15,20,medium,sí,sí,no,rce,,-25,"Population-level REV46 recalculation isolating keyword matching: original non-keyword score contribution is preserved, while keyword matches are recalculated on text_content with word boundaries."
1782,1781,github,5611156199,2026-09-29 17:45:58.146905+00,4000,rce,25,30,5,medium,,0,5,low,sí,no,no,rce,,-25,"Population-level REV46 recalculation isolating keyword matching: original non-keyword score contribution is preserved, while keyword matches are recalculated on text_content with word boundaries."
1783,1782,github,5589031291,2026-09-29 17:45:58.146905+00,1082,rce,25,45,20,high,,0,20,medium,sí,sí,no,rce,,-25,"Population-level REV46 recalculation isolating keyword matching: original non-keyword score contribution is preserved, while keyword matches are recalculated on text_content with word boundaries."
1784,1783,github,2335988083,2026-09-29 17:45:58.146905+00,3998,rce|security|vulnerability,40,45,5,high,security|vulnerability,15,20,medium,sí,sí,no,rce,,-25,"Population-level REV46 recalculation isolating keyword matching: original non-keyword score contribution is preserved, while keyword matches are recalculated on text_content with word boundaries."
1785,1784,github,3743904095,2026-09-29 17:45:58.146905+00,4000,apt|malware|security,50,75,25,critical,malware|security,25,50,high,sí,sí,sí,apt,,-25,"Population-level REV46 recalculation isolating keyword matching: original non-keyword score contribution is preserved, while keyword matches are recalculated on text_content with word boundaries."
1786,1785,github,3961130304,2026-09-29 17:45:58.146905+00,3998,rce|security|vulnerability,40,45,5,high,security|vulnerability,15,20,medium,sí,sí,no,rce,,-25,"Population-level REV46 recalculation isolating keyword matching: original non-keyword score contribution is preserved, while keyword matches are recalculated on text_content with word boundaries."
1787,1786,github,3044388720,2026-09-29 17:45:58.146905+00,2500,rce|security|vulnerability,40,45,5,high,security|vulnerability,15,20,medium,sí,sí,no,rce,,-25,"Population-level REV46 recalculation isolating keyword matching: original non-keyword score contribution is preserved, while keyword matches are recalculated on text_content with word boundaries."
1788,1787,github,2086426250,2026-09-29 17:45:58.146905+00,3999,rce,25,30,5,medium,,0,5,low,sí,no,no,rce,,-25,"Population-level REV46 recalculation isolating keyword matching: original non-keyword score contribution is preserved, while keyword matches are recalculated on text_content with word boundaries."
1789,1788,github,3848749476,2026-09-29 17:45:58.146905+00,3997,rce,25,30,5,medium,,0,5,low,sí,no,no,rce,,-25,"Population-level REV46 recalculation isolating keyword matching: original non-keyword score contribution is preserved, while keyword matches are recalculated on text_content with word boundaries."
1790,1789,github,5076867182,2026-09-29 17:45:58.146905+00,4000,,0,20,20,medium,,0,20,medium,no,no,no,,,0,"Population-level REV46 recalculation isolating keyword matching: original non-keyword score contribution is preserved, while keyword matches are recalculated on text_content with word boundaries."
1791,1790,github,1251105301,2026-09-29 18:01:00.874779+00,1685,,0,25,25,medium,,0,25,medium,no,no,no,,,0,"Population-level REV46 recalculation isolating keyword matching: original non-keyword score contribution is preserved, while keyword matches are recalculated on text_content with word boundaries."
1792,1791,github,5633239673,2026-09-29 18:01:00.874779+00,2254,security,5,10,5,low,security,5,10,low,no,no,no,,,0,"Population-level REV46 recalculation isolating keyword matching: original non-keyword score contribution is preserved, while keyword matches are recalculated on text_content with word boundaries."
1793,1792,github,5633650557,2026-09-29 18:01:00.874779+00,4000,malware|security,25,45,20,high,malware|security,25,45,high,no,sí,sí,,,0,"Population-level REV46 recalculation isolating keyword matching: original non-keyword score contribution is preserved, while keyword matches are recalculated on text_content with word boundaries."
1794,1793,github,5535851314,2026-09-29 18:01:00.874779+00,2248,data breach,30,35,5,medium,data breach,30,35,medium,no,no,no,,,0,"Population-level REV46 recalculation isolating keyword matching: original non-keyword score contribution is preserved, while keyword matches are recalculated on text_content with word boundaries."
1795,1794,github,5623077979,2026-09-29 18:01:00.874779+00,2313,rce|vulnerability,35,40,5,high,vulnerability,10,15,low,sí,sí,no,rce,,-25,"Population-level REV46 recalculation isolating keyword matching: original non-keyword score contribution is preserved, while keyword matches are recalculated on text_content with word boundaries."
1796,1795,github,3216369258,2026-09-29 18:01:00.874779+00,3998,rce|security|vulnerability,40,45,5,high,security|vulnerability,15,20,medium,sí,sí,no,rce,,-25,"Population-level REV46 recalculation isolating keyword matching: original non-keyword score contribution is preserved, while keyword matches are recalculated on text_content with word boundaries."
1797,1796,github,1313494362,2026-09-29 18:01:00.874779+00,3998,rce|security|vulnerability,40,45,5,high,security|vulnerability,15,20,medium,sí,sí,no,rce,,-25,"Population-level REV46 recalculation isolating keyword matching: original non-keyword score contribution is preserved, while keyword matches are recalculated on text_content with word boundaries."
1798,1797,github,5558619825,2026-09-29 18:01:00.874779+00,917,security|vulnerability,15,40,25,high,security|vulnerability,15,40,high,no,sí,sí,,,0,"Population-level REV46 recalculation isolating keyword matching: original non-keyword score contribution is preserved, while keyword matches are recalculated on text_content with word boundaries."
1799,1798,github,5292123901,2026-09-29 18:01:00.874779+00,3535,cve-|security|vulnerability,35,40,5,high,cve-|security|vulnerability,35,40,high,no,sí,sí,,,0,"Population-level REV46 recalculation isolating keyword matching: original non-keyword score contribution is preserved, while keyword matches are recalculated on text_content with word boundaries."
1800,1799,github,2392681453,2026-09-29 18:01:00.874779+00,3923,rce|security|vulnerability,40,60,20,critical,security|vulnerability,15,35,medium,sí,sí,no,rce,,-25,"Population-level REV46 recalculation isolating keyword matching: original non-keyword score contribution is preserved, while keyword matches are recalculated on text_content with word boundaries."
1801,1800,github,5623092537,2026-09-29 18:01:00.874779+00,2750,security|vulnerability,15,20,5,medium,security|vulnerability,15,20,medium,no,no,no,,,0,"Population-level REV46 recalculation isolating keyword matching: original non-keyword score contribution is preserved, while keyword matches are recalculated on text_content with word boundaries."
1802,1801,github,978723991,2026-09-29 18:01:00.874779+00,2922,rce|security|vulnerability,40,45,5,high,security|vulnerability,15,20,medium,sí,sí,no,rce,,-25,"Population-level REV46 recalculation isolating keyword matching: original non-keyword score contribution is preserved, while keyword matches are recalculated on text_content with word boundaries."
1803,1802,github,5634625743,2026-09-29 18:01:00.874779+00,918,rce,25,30,5,medium,,0,5,low,sí,no,no,rce,,-25,"Population-level REV46 recalculation isolating keyword matching: original non-keyword score contribution is preserved, while keyword matches are recalculated on text_content with word boundaries."
1804,1803,github,5634811452,2026-09-29 18:01:00.874779+00,4000,apt|phishing|exploit|trojan|attack|security|vulnerability,110,100,0,critical,phishing|trojan|attack|security|vulnerability,65,65,critical,no,sí,sí,apt|exploit,,-35,"Population-level REV46 recalculation isolating keyword matching: original non-keyword score contribution is preserved, while keyword matches are recalculated on text_content with word boundaries."
1805,1804,github,5634810896,2026-09-29 18:01:00.874779+00,4000,apt|phishing|exploit|trojan|attack|security|vulnerability,110,100,0,critical,phishing|trojan|attack|security|vulnerability,65,65,critical,no,sí,sí,apt|exploit,,-35,"Population-level REV46 recalculation isolating keyword matching: original non-keyword score contribution is preserved, while keyword matches are recalculated on text_content with word boundaries."
1806,1805,github,5596303893,2026-09-29 18:01:00.874779+00,958,rce|attack|security|vulnerability,50,55,5,high,security|vulnerability,15,20,medium,sí,sí,no,rce|attack,,-35,"Population-level REV46 recalculation isolating keyword matching: original non-keyword score contribution is preserved, while keyword matches are recalculated on text_content with word boundaries."
1807,1806,github,982551176,2026-09-29 18:01:00.874779+00,3998,rce|security|vulnerability,40,45,5,high,security|vulnerability,15,20,medium,sí,sí,no,rce,,-25,"Population-level REV46 recalculation isolating keyword matching: original non-keyword score contribution is preserved, while keyword matches are recalculated on text_content with word boundaries."
1808,1807,github,2956170084,2026-09-29 18:01:00.874779+00,3111,rce|security|vulnerability,40,45,5,high,security|vulnerability,15,20,medium,sí,sí,no,rce,,-25,"Population-level REV46 recalculation isolating keyword matching: original non-keyword score contribution is preserved, while keyword matches are recalculated on text_content with word boundaries."
1809,1808,github,5633861914,2026-09-29 18:01:00.874779+00,3999,apt|attack,35,55,20,high,attack,10,30,medium,sí,sí,no,apt,,-25,"Population-level REV46 recalculation isolating keyword matching: original non-keyword score contribution is preserved, while keyword matches are recalculated on text_content with word boundaries."
1810,1809,github,5634386605,2026-09-29 18:01:00.874779+00,764,rce|security,30,40,10,high,security,5,15,low,sí,sí,no,rce,,-25,"Population-level REV46 recalculation isolating keyword matching: original non-keyword score contribution is preserved, while keyword matches are recalculated on text_content with word boundaries."
1811,1810,github,617671840,2026-09-29 18:01:00.874779+00,4000,rce,25,30,5,medium,,0,5,low,sí,no,no,rce,,-25,"Population-level REV46 recalculation isolating keyword matching: original non-keyword score contribution is preserved, while keyword matches are recalculated on text_content with word boundaries."
1812,1811,github,5634617824,2026-09-29 18:01:00.874779+00,767,rce|security,30,40,10,high,security,5,15,low,sí,sí,no,rce,,-25,"Population-level REV46 recalculation isolating keyword matching: original non-keyword score contribution is preserved, while keyword matches are recalculated on text_content with word boundaries."
1813,1812,github,3035700846,2026-09-29 18:01:00.874779+00,3998,rce|security|vulnerability,40,45,5,high,security|vulnerability,15,20,medium,sí,sí,no,rce,,-25,"Population-level REV46 recalculation isolating keyword matching: original non-keyword score contribution is preserved, while keyword matches are recalculated on text_content with word boundaries."
1814,1813,github,1373598040,2026-09-29 18:01:00.874779+00,3998,rce|security|vulnerability,40,45,5,high,security|vulnerability,15,20,medium,sí,sí,no,rce,,-25,"Population-level REV46 recalculation isolating keyword matching: original non-keyword score contribution is preserved, while keyword matches are recalculated on text_content with word boundaries."
1815,1814,github,1316876157,2026-09-29 18:01:00.874779+00,3998,apt|rce|security|vulnerability,65,70,5,critical,security|vulnerability,15,20,medium,sí,sí,no,apt|rce,,-50,"Population-level REV46 recalculation isolating keyword matching: original non-keyword score contribution is preserved, while keyword matches are recalculated on text_content with word boundaries."
1816,1815,github,4245694404,2026-09-29 18:01:00.874779+00,4000,rce|security|vulnerability,40,60,20,critical,security|vulnerability,15,35,medium,sí,sí,no,rce,,-25,"Population-level REV46 recalculation isolating keyword matching: original non-keyword score contribution is preserved, while keyword matches are recalculated on text_content with word boundaries."
1817,1816,github,5622492780,2026-09-29 18:01:00.874779+00,4000,,0,5,5,low,,0,5,low,no,no,no,,,0,"Population-level REV46 recalculation isolating keyword matching: original non-keyword score contribution is preserved, while keyword matches are recalculated on text_content with word boundaries."
1818,1817,github,1143879540,2026-09-29 18:01:00.874779+00,4000,vulnerability,10,30,20,medium,vulnerability,10,30,medium,no,no,no,,,0,"Population-level REV46 recalculation isolating keyword matching: original non-keyword score contribution is preserved, while keyword matches are recalculated on text_content with word boundaries."
1819,1818,github,5634806005,2026-09-29 18:01:00.874779+00,531,phishing|malware|security,45,50,5,high,phishing|malware|security,45,50,high,no,sí,sí,,,0,"Population-level REV46 recalculation isolating keyword matching: original non-keyword score contribution is preserved, while keyword matches are recalculated on text_content with word boundaries."
1820,1819,github,3480563644,2026-09-29 18:01:00.874779+00,4000,rce|security|vulnerability,40,45,5,high,security|vulnerability,15,20,medium,sí,sí,no,rce,,-25,"Population-level REV46 recalculation isolating keyword matching: original non-keyword score contribution is preserved, while keyword matches are recalculated on text_content with word boundaries."
1821,1820,github,2108650840,2026-09-29 18:01:00.874779+00,4000,rce|security|vulnerability,40,45,5,high,security|vulnerability,15,20,medium,sí,sí,no,rce,,-25,"Population-level REV46 recalculation isolating keyword matching: original non-keyword score contribution is preserved, while keyword matches are recalculated on text_content with word boundaries."
1822,1821,github,5633862134,2026-09-29 18:01:00.874779+00,3999,apt|attack|vulnerability,45,65,20,critical,vulnerability,10,30,medium,sí,sí,no,apt|attack,,-35,"Population-level REV46 recalculation isolating keyword matching: original non-keyword score contribution is preserved, while keyword matches are recalculated on text_content with word boundaries."
1823,1822,github,3402995870,2026-09-29 18:01:00.874779+00,3998,rce|security|vulnerability,40,60,20,critical,security|vulnerability,15,35,medium,sí,sí,no,rce,,-25,"Population-level REV46 recalculation isolating keyword matching: original non-keyword score contribution is preserved, while keyword matches are recalculated on text_content with word boundaries."
1824,1823,github,1756250923,2026-09-29 18:01:00.874779+00,3998,rce|security|vulnerability,40,45,5,high,security|vulnerability,15,20,medium,sí,sí,no,rce,,-25,"Population-level REV46 recalculation isolating keyword matching: original non-keyword score contribution is preserved, while keyword matches are recalculated on text_content with word boundaries."
1825,1824,github,5620152584,2026-09-29 18:01:00.874779+00,1419,rce|exploit,45,50,5,high,,0,5,low,sí,sí,no,rce|exploit,,-45,"Population-level REV46 recalculation isolating keyword matching: original non-keyword score contribution is preserved, while keyword matches are recalculated on text_content with word boundaries."
1826,1825,github,5620152209,2026-09-29 18:01:00.874779+00,1442,exploit,20,25,5,medium,,0,5,low,sí,no,no,exploit,,-20,"Population-level REV46 recalculation isolating keyword matching: original non-keyword score contribution is preserved, while keyword matches are recalculated on text_content with word boundaries."
1827,1826,github,5634799887,2026-09-29 18:01:00.874779+00,917,rce,25,30,5,medium,,0,5,low,sí,no,no,rce,,-25,"Population-level REV46 recalculation isolating keyword matching: original non-keyword score contribution is preserved, while keyword matches are recalculated on text_content with word boundaries."
1828,1827,github,2004109288,2026-09-29 18:01:00.874779+00,3998,rce|security|vulnerability,40,60,20,critical,security|vulnerability,15,35,medium,sí,sí,no,rce,,-25,"Population-level REV46 recalculation isolating keyword matching: original non-keyword score contribution is preserved, while keyword matches are recalculated on text_content with word boundaries."
1829,1828,github,4336233011,2026-09-29 18:01:00.874779+00,3998,rce|security|vulnerability,40,45,5,high,security|vulnerability,15,20,medium,sí,sí,no,rce,,-25,"Population-level REV46 recalculation isolating keyword matching: original non-keyword score contribution is preserved, while keyword matches are recalculated on text_content with word boundaries."
1830,1829,github,5495851344,2026-09-29 18:01:00.874779+00,4000,rce|cve-|attack|threat,65,90,25,critical,cve-|attack|threat,40,65,critical,no,sí,sí,rce,,-25,"Population-level REV46 recalculation isolating keyword matching: original non-keyword score contribution is preserved, while keyword matches are recalculated on text_content with word boundaries."
1831,1830,github,1509710835,2026-09-29 18:01:00.874779+00,4000,rce,25,30,5,medium,,0,5,low,sí,no,no,rce,,-25,"Population-level REV46 recalculation isolating keyword matching: original non-keyword score contribution is preserved, while keyword matches are recalculated on text_content with word boundaries."
1832,1831,github,5634789566,2026-09-29 18:01:00.874779+00,1405,cve-|xss|attack,45,65,20,critical,cve-|xss,35,55,high,sí,sí,sí,attack,,-10,"Population-level REV46 recalculation isolating keyword matching: original non-keyword score contribution is preserved, while keyword matches are recalculated on text_content with word boundaries."
1833,1832,github,5558620354,2026-09-29 18:01:00.874779+00,836,security|vulnerability,15,40,25,high,security|vulnerability,15,40,high,no,sí,sí,,,0,"Population-level REV46 recalculation isolating keyword matching: original non-keyword score contribution is preserved, while keyword matches are recalculated on text_content with word boundaries."
1834,1833,hackernews,49897817,2026-09-29 18:15:58.594466+00,73,security,5,25,20,medium,security,5,25,medium,no,no,no,,,0,"Population-level REV46 recalculation isolating keyword matching: original non-keyword score contribution is preserved, while keyword matches are recalculated on text_content with word boundaries."
1835,1834,github,5629816141,2026-09-29 18:15:58.594466+00,1451,data breach,30,35,5,medium,data breach,30,35,medium,no,no,no,,,0,"Population-level REV46 recalculation isolating keyword matching: original non-keyword score contribution is preserved, while keyword matches are recalculated on text_content with word boundaries."
1836,1835,github,2883863229,2026-09-29 18:15:58.594466+00,551,,0,10,10,low,,0,10,low,no,no,no,,,0,"Population-level REV46 recalculation isolating keyword matching: original non-keyword score contribution is preserved, while keyword matches are recalculated on text_content with word boundaries."
1837,1836,github,1531124691,2026-09-29 18:15:58.594466+00,3998,rce|security|vulnerability,40,60,20,critical,security|vulnerability,15,35,medium,sí,sí,no,rce,,-25,"Population-level REV46 recalculation isolating keyword matching: original non-keyword score contribution is preserved, while keyword matches are recalculated on text_content with word boundaries."
1838,1837,github,5560468077,2026-09-29 18:15:58.594466+00,4000,rce,25,35,10,medium,,0,10,low,sí,no,no,rce,,-25,"Population-level REV46 recalculation isolating keyword matching: original non-keyword score contribution is preserved, while keyword matches are recalculated on text_content with word boundaries."
1839,1838,github,5519165205,2026-09-29 18:15:58.594466+00,4000,rce,25,40,15,high,,0,15,low,sí,sí,no,rce,,-25,"Population-level REV46 recalculation isolating keyword matching: original non-keyword score contribution is preserved, while keyword matches are recalculated on text_content with word boundaries."
1840,1839,github,3677041117,2026-09-29 18:15:58.594466+00,2044,apt|rce|malware|security,75,80,5,critical,malware|security,25,30,medium,sí,sí,no,apt|rce,,-50,"Population-level REV46 recalculation isolating keyword matching: original non-keyword score contribution is preserved, while keyword matches are recalculated on text_content with word boundaries."
1841,1840,github,5634991716,2026-09-29 18:15:58.594466+00,480,security|vulnerability,15,20,5,medium,security|vulnerability,15,20,medium,no,no,no,,,0,"Population-level REV46 recalculation isolating keyword matching: original non-keyword score contribution is preserved, while keyword matches are recalculated on text_content with word boundaries."
1842,1841,github,2695205325,2026-09-29 18:15:58.594466+00,4000,rce,25,30,5,medium,,0,5,low,sí,no,no,rce,,-25,"Population-level REV46 recalculation isolating keyword matching: original non-keyword score contribution is preserved, while keyword matches are recalculated on text_content with word boundaries."
1843,1842,github,5522826078,2026-09-29 18:15:58.594466+00,2907,,0,15,15,low,,0,15,low,no,no,no,,,0,"Population-level REV46 recalculation isolating keyword matching: original non-keyword score contribution is preserved, while keyword matches are recalculated on text_content with word boundaries."
1844,1843,github,5633859560,2026-09-29 18:15:58.594466+00,4000,apt|rce|attack,60,80,20,critical,attack,10,30,medium,sí,sí,no,apt|rce,,-50,"Population-level REV46 recalculation isolating keyword matching: original non-keyword score contribution is preserved, while keyword matches are recalculated on text_content with word boundaries."
1845,1844,github,994423688,2026-09-29 18:15:58.594466+00,3998,rce|security|vulnerability,40,45,5,high,security|vulnerability,15,20,medium,sí,sí,no,rce,,-25,"Population-level REV46 recalculation isolating keyword matching: original non-keyword score contribution is preserved, while keyword matches are recalculated on text_content with word boundaries."
1846,1845,github,1683791183,2026-09-29 18:15:58.594466+00,3998,rce|security|vulnerability,40,60,20,critical,security|vulnerability,15,35,medium,sí,sí,no,rce,,-25,"Population-level REV46 recalculation isolating keyword matching: original non-keyword score contribution is preserved, while keyword matches are recalculated on text_content with word boundaries."
1847,1846,github,1775273073,2026-09-29 18:15:58.594466+00,3998,rce|security|vulnerability,40,45,5,high,security|vulnerability,15,20,medium,sí,sí,no,rce,,-25,"Population-level REV46 recalculation isolating keyword matching: original non-keyword score contribution is preserved, while keyword matches are recalculated on text_content with word boundaries."
1848,1847,github,4242148835,2026-09-29 18:15:58.594466+00,2512,rce|security|vulnerability,40,45,5,high,security|vulnerability,15,20,medium,sí,sí,no,rce,,-25,"Population-level REV46 recalculation isolating keyword matching: original non-keyword score contribution is preserved, while keyword matches are recalculated on text_content with word boundaries."
1849,1848,github,1762656654,2026-09-29 18:15:58.594466+00,3998,rce|security|vulnerability,40,45,5,high,security|vulnerability,15,20,medium,sí,sí,no,rce,,-25,"Population-level REV46 recalculation isolating keyword matching: original non-keyword score contribution is preserved, while keyword matches are recalculated on text_content with word boundaries."
1850,1849,github,982574483,2026-09-29 18:15:58.594466+00,4000,rce,25,30,5,medium,,0,5,low,sí,no,no,rce,,-25,"Population-level REV46 recalculation isolating keyword matching: original non-keyword score contribution is preserved, while keyword matches are recalculated on text_content with word boundaries."
1851,1850,github,3005717221,2026-09-29 18:15:58.594466+00,3043,rce|security|vulnerability,40,45,5,high,security|vulnerability,15,20,medium,sí,sí,no,rce,,-25,"Population-level REV46 recalculation isolating keyword matching: original non-keyword score contribution is preserved, while keyword matches are recalculated on text_content with word boundaries."
1852,1851,github,5260251548,2026-09-29 18:15:58.594466+00,3998,rce|security|vulnerability,40,60,20,critical,security|vulnerability,15,35,medium,sí,sí,no,rce,,-25,"Population-level REV46 recalculation isolating keyword matching: original non-keyword score contribution is preserved, while keyword matches are recalculated on text_content with word boundaries."
1853,1852,github,5634244644,2026-09-29 18:15:58.594466+00,4000,security,5,25,20,medium,security,5,25,medium,no,no,no,,,0,"Population-level REV46 recalculation isolating keyword matching: original non-keyword score contribution is preserved, while keyword matches are recalculated on text_content with word boundaries."
1854,1853,github,1031008786,2026-09-29 18:15:58.594466+00,4000,rce,25,30,5,medium,,0,5,low,sí,no,no,rce,,-25,"Population-level REV46 recalculation isolating keyword matching: original non-keyword score contribution is preserved, while keyword matches are recalculated on text_content with word boundaries."
1855,1854,github,1029669131,2026-09-29 18:15:58.594466+00,3998,rce,25,30,5,medium,,0,5,low,sí,no,no,rce,,-25,"Population-level REV46 recalculation isolating keyword matching: original non-keyword score contribution is preserved, while keyword matches are recalculated on text_content with word boundaries."
1856,1855,github,2877125537,2026-09-29 18:15:58.594466+00,3998,rce|security|vulnerability,40,45,5,high,security|vulnerability,15,20,medium,sí,sí,no,rce,,-25,"Population-level REV46 recalculation isolating keyword matching: original non-keyword score contribution is preserved, while keyword matches are recalculated on text_content with word boundaries."
1857,1856,github,1299714757,2026-09-29 18:15:58.594466+00,4000,rce,25,30,5,medium,,0,5,low,sí,no,no,rce,,-25,"Population-level REV46 recalculation isolating keyword matching: original non-keyword score contribution is preserved, while keyword matches are recalculated on text_content with word boundaries."
1858,1857,github,1708930248,2026-09-29 18:15:58.594466+00,3998,rce|security|vulnerability,40,45,5,high,security|vulnerability,15,20,medium,sí,sí,no,rce,,-25,"Population-level REV46 recalculation isolating keyword matching: original non-keyword score contribution is preserved, while keyword matches are recalculated on text_content with word boundaries."
1859,1858,github,982606908,2026-09-29 18:15:58.594466+00,4000,rce,25,30,5,medium,,0,5,low,sí,no,no,rce,,-25,"Population-level REV46 recalculation isolating keyword matching: original non-keyword score contribution is preserved, while keyword matches are recalculated on text_content with word boundaries."
1860,1859,github,4978821875,2026-09-29 18:15:58.594466+00,3385,rce|security|vulnerability,40,45,5,high,security|vulnerability,15,20,medium,sí,sí,no,rce,,-25,"Population-level REV46 recalculation isolating keyword matching: original non-keyword score contribution is preserved, while keyword matches are recalculated on text_content with word boundaries."
1861,1860,github,4975779253,2026-09-29 18:15:58.594466+00,3998,rce|security|vulnerability,40,60,20,critical,security|vulnerability,15,35,medium,sí,sí,no,rce,,-25,"Population-level REV46 recalculation isolating keyword matching: original non-keyword score contribution is preserved, while keyword matches are recalculated on text_content with word boundaries."
1862,1861,github,5629393083,2026-09-29 18:15:58.594466+00,3997,rce|attack,35,40,5,high,,0,5,low,sí,sí,no,rce|attack,,-35,"Population-level REV46 recalculation isolating keyword matching: original non-keyword score contribution is preserved, while keyword matches are recalculated on text_content with word boundaries."
1863,1862,github,3219386268,2026-09-29 18:15:58.594466+00,4000,rce,25,45,20,high,,0,20,medium,sí,sí,no,rce,,-25,"Population-level REV46 recalculation isolating keyword matching: original non-keyword score contribution is preserved, while keyword matches are recalculated on text_content with word boundaries."
1864,1863,github,5587608711,2026-09-29 18:15:58.594466+00,4000,rce,25,45,20,high,,0,20,medium,sí,sí,no,rce,,-25,"Population-level REV46 recalculation isolating keyword matching: original non-keyword score contribution is preserved, while keyword matches are recalculated on text_content with word boundaries."
1865,1864,github,5634977472,2026-09-29 18:15:58.594466+00,1221,rce|malware|threat,55,60,5,critical,malware,20,25,medium,sí,sí,no,rce|threat,,-35,"Population-level REV46 recalculation isolating keyword matching: original non-keyword score contribution is preserved, while keyword matches are recalculated on text_content with word boundaries."
1866,1865,github,5634977326,2026-09-29 18:15:58.594466+00,1476,exploit,20,40,20,high,,0,20,medium,sí,sí,no,exploit,,-20,"Population-level REV46 recalculation isolating keyword matching: original non-keyword score contribution is preserved, while keyword matches are recalculated on text_content with word boundaries."
1867,1866,github,5618031472,2026-09-29 18:15:58.594466+00,1726,security|vulnerability,15,20,5,medium,security|vulnerability,15,20,medium,no,no,no,,,0,"Population-level REV46 recalculation isolating keyword matching: original non-keyword score contribution is preserved, while keyword matches are recalculated on text_content with word boundaries."
1868,1867,github,1319479757,2026-09-29 18:15:58.594466+00,4000,rce|security|vulnerability,40,45,5,high,security|vulnerability,15,20,medium,sí,sí,no,rce,,-25,"Population-level REV46 recalculation isolating keyword matching: original non-keyword score contribution is preserved, while keyword matches are recalculated on text_content with word boundaries."
1869,1868,github,5492959671,2026-09-29 18:15:58.594466+00,2620,,0,20,20,medium,,0,20,medium,no,no,no,,,0,"Population-level REV46 recalculation isolating keyword matching: original non-keyword score contribution is preserved, while keyword matches are recalculated on text_content with word boundaries."
1870,1869,github,5633859774,2026-09-29 18:15:58.594466+00,3999,rce,25,30,5,medium,,0,5,low,sí,no,no,rce,,-25,"Population-level REV46 recalculation isolating keyword matching: original non-keyword score contribution is preserved, while keyword matches are recalculated on text_content with word boundaries."
1871,1870,github,5305112317,2026-09-29 18:15:58.594466+00,3996,,0,20,20,medium,,0,20,medium,no,no,no,,,0,"Population-level REV46 recalculation isolating keyword matching: original non-keyword score contribution is preserved, while keyword matches are recalculated on text_content with word boundaries."
1872,1871,github,5600938827,2026-09-29 18:15:58.594466+00,4000,apt|rce|attack,60,65,5,critical,attack,10,15,low,sí,sí,no,apt|rce,,-50,"Population-level REV46 recalculation isolating keyword matching: original non-keyword score contribution is preserved, while keyword matches are recalculated on text_content with word boundaries."
1873,1872,github,1161236835,2026-09-29 18:15:58.594466+00,4000,rce,25,30,5,medium,,0,5,low,sí,no,no,rce,,-25,"Population-level REV46 recalculation isolating keyword matching: original non-keyword score contribution is preserved, while keyword matches are recalculated on text_content with word boundaries."
1874,1873,github,5634732720,2026-09-29 18:15:58.594466+00,680,rce|exploit,45,55,10,high,,0,10,low,sí,sí,no,rce|exploit,,-45,"Population-level REV46 recalculation isolating keyword matching: original non-keyword score contribution is preserved, while keyword matches are recalculated on text_content with word boundaries."
1875,1874,github,3096579747,2026-09-29 18:30:58.337719+00,4000,rce|exploit|cve-|vulnerability,75,95,20,critical,exploit|cve-|vulnerability,50,70,critical,no,sí,sí,rce,,-25,"Population-level REV46 recalculation isolating keyword matching: original non-keyword score contribution is preserved, while keyword matches are recalculated on text_content with word boundaries."
1876,1875,github,3096581037,2026-09-29 18:30:58.337719+00,4000,rce|exploit|cve-|vulnerability,75,95,20,critical,exploit|cve-|vulnerability,50,70,critical,no,sí,sí,rce,,-25,"Population-level REV46 recalculation isolating keyword matching: original non-keyword score contribution is preserved, while keyword matches are recalculated on text_content with word boundaries."
1877,1876,github,2619031199,2026-09-29 18:30:58.337719+00,3998,rce|vulnerability,35,40,5,high,vulnerability,10,15,low,sí,sí,no,rce,,-25,"Population-level REV46 recalculation isolating keyword matching: original non-keyword score contribution is preserved, while keyword matches are recalculated on text_content with word boundaries."
1878,1877,github,5246155074,2026-09-29 18:30:58.337719+00,4000,rce|exploit|cve-|vulnerability,75,95,20,critical,exploit|cve-|vulnerability,50,70,critical,no,sí,sí,rce,,-25,"Population-level REV46 recalculation isolating keyword matching: original non-keyword score contribution is preserved, while keyword matches are recalculated on text_content with word boundaries."
1879,1878,github,3063345402,2026-09-29 18:30:58.337719+00,4000,rce,25,30,5,medium,,0,5,low,sí,no,no,rce,,-25,"Population-level REV46 recalculation isolating keyword matching: original non-keyword score contribution is preserved, while keyword matches are recalculated on text_content with word boundaries."
1880,1879,github,2472108263,2026-09-29 18:30:58.337719+00,4000,rce|exploit|cve-|vulnerability,75,95,20,critical,exploit|cve-|vulnerability,50,70,critical,no,sí,sí,rce,,-25,"Population-level REV46 recalculation isolating keyword matching: original non-keyword score contribution is preserved, while keyword matches are recalculated on text_content with word boundaries."
1881,1880,github,5635164941,2026-09-29 18:30:58.337719+00,3954,rce|exploit|cve-|attack|threat|vulnerability,95,100,5,critical,exploit|cve-|attack|threat|vulnerability,70,75,critical,no,sí,sí,rce,,-25,"Population-level REV46 recalculation isolating keyword matching: original non-keyword score contribution is preserved, while keyword matches are recalculated on text_content with word boundaries."
1882,1881,github,3843127358,2026-09-29 18:30:58.337719+00,4000,rce|exploit|cve-|attack|threat|vulnerability,95,100,5,critical,exploit|cve-|threat|vulnerability,60,65,critical,no,sí,sí,rce|attack,,-35,"Population-level REV46 recalculation isolating keyword matching: original non-keyword score contribution is preserved, while keyword matches are recalculated on text_content with word boundaries."
1883,1882,github,5633628786,2026-09-29 18:30:58.337719+00,4000,rce|threat,35,45,10,high,threat,10,20,medium,sí,sí,no,rce,,-25,"Population-level REV46 recalculation isolating keyword matching: original non-keyword score contribution is preserved, while keyword matches are recalculated on text_content with word boundaries."
1884,1883,github,4330862806,2026-09-29 18:30:58.337719+00,4000,rce|exploit|cve-|attack|threat|vulnerability,95,100,5,critical,exploit|cve-|attack|threat|vulnerability,70,75,critical,no,sí,sí,rce,,-25,"Population-level REV46 recalculation isolating keyword matching: original non-keyword score contribution is preserved, while keyword matches are recalculated on text_content with word boundaries."
1885,1884,github,5246153477,2026-09-29 18:30:58.337719+00,4000,rce|exploit|cve-|vulnerability,75,95,20,critical,exploit|cve-|vulnerability,50,70,critical,no,sí,sí,rce,,-25,"Population-level REV46 recalculation isolating keyword matching: original non-keyword score contribution is preserved, while keyword matches are recalculated on text_content with word boundaries."
1886,1885,github,3096580954,2026-09-29 18:30:58.337719+00,4000,rce|exploit|cve-|vulnerability,75,95,20,critical,exploit|cve-|vulnerability,50,70,critical,no,sí,sí,rce,,-25,"Population-level REV46 recalculation isolating keyword matching: original non-keyword score contribution is preserved, while keyword matches are recalculated on text_content with word boundaries."
1887,1886,github,3636607564,2026-09-29 18:30:58.337719+00,4000,rce|exploit|cve-|security|vulnerability,80,100,20,critical,exploit|cve-|security|vulnerability,55,75,critical,no,sí,sí,rce,,-25,"Population-level REV46 recalculation isolating keyword matching: original non-keyword score contribution is preserved, while keyword matches are recalculated on text_content with word boundaries."
1888,1887,github,3449263946,2026-09-29 18:30:58.337719+00,4000,apt|rce,50,70,20,critical,,0,20,medium,sí,sí,no,apt|rce,,-50,"Population-level REV46 recalculation isolating keyword matching: original non-keyword score contribution is preserved, while keyword matches are recalculated on text_content with word boundaries."
1889,1888,github,4416450109,2026-09-29 18:30:58.337719+00,4000,rce|exploit|cve-|vulnerability,75,95,20,critical,exploit|cve-|vulnerability,50,70,critical,no,sí,sí,rce,,-25,"Population-level REV46 recalculation isolating keyword matching: original non-keyword score contribution is preserved, while keyword matches are recalculated on text_content with word boundaries."
1890,1889,github,3096580362,2026-09-29 18:30:58.337719+00,4000,rce|exploit|cve-|vulnerability,75,95,20,critical,exploit|cve-|vulnerability,50,70,critical,no,sí,sí,rce,,-25,"Population-level REV46 recalculation isolating keyword matching: original non-keyword score contribution is preserved, while keyword matches are recalculated on text_content with word boundaries."
1891,1890,github,1531199129,2026-09-29 18:30:58.337719+00,4000,rce,25,30,5,medium,,0,5,low,sí,no,no,rce,,-25,"Population-level REV46 recalculation isolating keyword matching: original non-keyword score contribution is preserved, while keyword matches are recalculated on text_content with word boundaries."
1892,1891,github,4330483720,2026-09-29 18:30:58.337719+00,3998,apt|rce|security|vulnerability,65,70,5,critical,security|vulnerability,15,20,medium,sí,sí,no,apt|rce,,-50,"Population-level REV46 recalculation isolating keyword matching: original non-keyword score contribution is preserved, while keyword matches are recalculated on text_content with word boundaries."
1893,1892,github,3931750712,2026-09-29 18:30:58.337719+00,4000,rce|exploit|cve-|vulnerability,75,95,20,critical,exploit|cve-|vulnerability,50,70,critical,no,sí,sí,rce,,-25,"Population-level REV46 recalculation isolating keyword matching: original non-keyword score contribution is preserved, while keyword matches are recalculated on text_content with word boundaries."
1894,1893,github,2472108126,2026-09-29 18:30:58.337719+00,4000,rce|exploit|cve-|security|vulnerability,80,100,20,critical,exploit|cve-|security|vulnerability,55,75,critical,no,sí,sí,rce,,-25,"Population-level REV46 recalculation isolating keyword matching: original non-keyword score contribution is preserved, while keyword matches are recalculated on text_content with word boundaries."
1895,1894,github,1629895186,2026-09-29 18:30:58.337719+00,3998,rce|security|vulnerability,40,45,5,high,security|vulnerability,15,20,medium,sí,sí,no,rce,,-25,"Population-level REV46 recalculation isolating keyword matching: original non-keyword score contribution is preserved, while keyword matches are recalculated on text_content with word boundaries."
1896,1895,github,3096579836,2026-09-29 18:30:58.337719+00,4000,rce|exploit|cve-|vulnerability,75,95,20,critical,exploit|cve-|vulnerability,50,70,critical,no,sí,sí,rce,,-25,"Population-level REV46 recalculation isolating keyword matching: original non-keyword score contribution is preserved, while keyword matches are recalculated on text_content with word boundaries."
1897,1896,github,3096579662,2026-09-29 18:30:58.337719+00,4000,rce|exploit|cve-|vulnerability,75,95,20,critical,exploit|cve-|vulnerability,50,70,critical,no,sí,sí,rce,,-25,"Population-level REV46 recalculation isolating keyword matching: original non-keyword score contribution is preserved, while keyword matches are recalculated on text_content with word boundaries."
1898,1897,github,1377557844,2026-09-29 18:30:58.337719+00,3998,rce|security|vulnerability,40,45,5,high,security|vulnerability,15,20,medium,sí,sí,no,rce,,-25,"Population-level REV46 recalculation isolating keyword matching: original non-keyword score contribution is preserved, while keyword matches are recalculated on text_content with word boundaries."
1899,1898,github,5626245995,2026-09-29 18:30:58.337719+00,4000,rce|security,30,50,20,high,security,5,25,medium,sí,sí,no,rce,,-25,"Population-level REV46 recalculation isolating keyword matching: original non-keyword score contribution is preserved, while keyword matches are recalculated on text_content with word boundaries."
1900,1899,github,1029340880,2026-09-29 18:30:58.337719+00,4000,rce,25,45,20,high,,0,20,medium,sí,sí,no,rce,,-25,"Population-level REV46 recalculation isolating keyword matching: original non-keyword score contribution is preserved, while keyword matches are recalculated on text_content with word boundaries."
1901,1900,github,4074036897,2026-09-29 18:30:58.337719+00,4000,rce|exploit|cve-|vulnerability,75,95,20,critical,exploit|cve-|vulnerability,50,70,critical,no,sí,sí,rce,,-25,"Population-level REV46 recalculation isolating keyword matching: original non-keyword score contribution is preserved, while keyword matches are recalculated on text_content with word boundaries."
1902,1901,github,4454033735,2026-09-29 18:30:58.337719+00,3727,rce|exploit|cve-|attack|threat|vulnerability,95,100,5,critical,exploit|cve-|attack|threat|vulnerability,70,75,critical,no,sí,sí,rce,,-25,"Population-level REV46 recalculation isolating keyword matching: original non-keyword score contribution is preserved, while keyword matches are recalculated on text_content with word boundaries."
1903,1902,github,2103821042,2026-09-29 18:30:58.337719+00,3999,rce|security|vulnerability,40,60,20,critical,security|vulnerability,15,35,medium,sí,sí,no,rce,,-25,"Population-level REV46 recalculation isolating keyword matching: original non-keyword score contribution is preserved, while keyword matches are recalculated on text_content with word boundaries."
1904,1903,github,4330890580,2026-09-29 18:30:58.337719+00,4000,rce|exploit|cve-|vulnerability,75,95,20,critical,exploit|cve-|vulnerability,50,70,critical,no,sí,sí,rce,,-25,"Population-level REV46 recalculation isolating keyword matching: original non-keyword score contribution is preserved, while keyword matches are recalculated on text_content with word boundaries."
1905,1904,github,809774091,2026-09-29 18:30:58.337719+00,2215,rce|exploit|xss|attack|vulnerability,80,100,20,critical,xss|attack|vulnerability,35,55,high,sí,sí,sí,rce|exploit,,-45,"Population-level REV46 recalculation isolating keyword matching: original non-keyword score contribution is preserved, while keyword matches are recalculated on text_content with word boundaries."
1906,1905,github,3232153990,2026-09-29 18:30:58.337719+00,2889,rce|exploit|cve-|attack|vulnerability,85,100,15,critical,exploit|cve-|attack|vulnerability,60,75,critical,no,sí,sí,rce,,-25,"Population-level REV46 recalculation isolating keyword matching: original non-keyword score contribution is preserved, while keyword matches are recalculated on text_content with word boundaries."
1907,1906,github,3722484900,2026-09-29 18:30:58.337719+00,4000,rce,25,30,5,medium,,0,5,low,sí,no,no,rce,,-25,"Population-level REV46 recalculation isolating keyword matching: original non-keyword score contribution is preserved, while keyword matches are recalculated on text_content with word boundaries."
1908,1907,github,4454033101,2026-09-29 18:30:58.337719+00,4000,rce|exploit|cve-|attack|threat|vulnerability,95,100,5,critical,exploit|cve-|attack|threat|vulnerability,70,75,critical,no,sí,sí,rce,,-25,"Population-level REV46 recalculation isolating keyword matching: original non-keyword score contribution is preserved, while keyword matches are recalculated on text_content with word boundaries."
1909,1908,github,4609176099,2026-09-29 18:30:58.337719+00,3312,rce|security|vulnerability,40,45,5,high,security|vulnerability,15,20,medium,sí,sí,no,rce,,-25,"Population-level REV46 recalculation isolating keyword matching: original non-keyword score contribution is preserved, while keyword matches are recalculated on text_content with word boundaries."
1910,1909,github,4667604220,2026-09-29 18:30:58.337719+00,3889,rce|exploit|cve-|attack|security|vulnerability,90,100,10,critical,cve-|attack|security|vulnerability,45,55,high,sí,sí,sí,rce|exploit,,-45,"Population-level REV46 recalculation isolating keyword matching: original non-keyword score contribution is preserved, while keyword matches are recalculated on text_content with word boundaries."
1911,1910,github,3636606688,2026-09-29 18:30:58.337719+00,4000,rce|exploit|cve-|vulnerability,75,95,20,critical,exploit|cve-|vulnerability,50,70,critical,no,sí,sí,rce,,-25,"Population-level REV46 recalculation isolating keyword matching: original non-keyword score contribution is preserved, while keyword matches are recalculated on text_content with word boundaries."
1912,1911,github,1121108956,2026-09-29 18:30:58.337719+00,2480,rce|exploit|cve-|attack|vulnerability,85,100,15,critical,cve-|attack|vulnerability,40,55,high,sí,sí,sí,rce|exploit,,-45,"Population-level REV46 recalculation isolating keyword matching: original non-keyword score contribution is preserved, while keyword matches are recalculated on text_content with word boundaries."
1913,1912,github,1121108892,2026-09-29 18:30:58.337719+00,2489,rce|exploit|cve-|attack|vulnerability,85,100,15,critical,cve-|attack|vulnerability,40,55,high,sí,sí,sí,rce|exploit,,-45,"Population-level REV46 recalculation isolating keyword matching: original non-keyword score contribution is preserved, while keyword matches are recalculated on text_content with word boundaries."
1914,1913,github,2647601215,2026-09-29 18:30:58.337719+00,2744,rce|exploit|attack|vulnerability,65,85,20,critical,attack|vulnerability,20,40,high,sí,sí,sí,rce|exploit,,-45,"Population-level REV46 recalculation isolating keyword matching: original non-keyword score contribution is preserved, while keyword matches are recalculated on text_content with word boundaries."
1915,1914,github,1630303173,2026-09-29 18:30:58.337719+00,4000,rce,25,30,5,medium,,0,5,low,sí,no,no,rce,,-25,"Population-level REV46 recalculation isolating keyword matching: original non-keyword score contribution is preserved, while keyword matches are recalculated on text_content with word boundaries."
1916,1915,github,2425054129,2026-09-29 18:30:58.337719+00,3311,rce|exploit|cve-|attack|vulnerability,85,100,15,critical,cve-|attack|vulnerability,40,55,high,sí,sí,sí,rce|exploit,,-45,"Population-level REV46 recalculation isolating keyword matching: original non-keyword score contribution is preserved, while keyword matches are recalculated on text_content with word boundaries."
1917,1916,github,3841391617,2026-09-29 18:30:58.337719+00,2814,rce|exploit|cve-|attack|vulnerability,85,100,15,critical,cve-|attack|vulnerability,40,55,high,sí,sí,sí,rce|exploit,,-45,"Population-level REV46 recalculation isolating keyword matching: original non-keyword score contribution is preserved, while keyword matches are recalculated on text_content with word boundaries."
1918,1917,github,5635125518,2026-09-29 18:30:58.337719+00,1552,rce,25,30,5,medium,,0,5,low,sí,no,no,rce,,-25,"Population-level REV46 recalculation isolating keyword matching: original non-keyword score contribution is preserved, while keyword matches are recalculated on text_content with word boundaries."
1919,1918,github,1432580059,2026-09-29 18:30:58.337719+00,2960,rce|security|vulnerability,40,60,20,critical,security|vulnerability,15,35,medium,sí,sí,no,rce,,-25,"Population-level REV46 recalculation isolating keyword matching: original non-keyword score contribution is preserved, while keyword matches are recalculated on text_content with word boundaries."
1920,1919,github,3073619944,2026-09-29 18:30:58.337719+00,2120,rce|exploit|cve-|attack|vulnerability,85,100,15,critical,cve-|attack|vulnerability,40,55,high,sí,sí,sí,rce|exploit,,-45,"Population-level REV46 recalculation isolating keyword matching: original non-keyword score contribution is preserved, while keyword matches are recalculated on text_content with word boundaries."
1921,1920,github,5295162926,2026-09-29 18:30:58.337719+00,4000,rce|cve-|attack|vulnerability,65,85,20,critical,cve-|vulnerability,30,50,high,sí,sí,sí,rce|attack,,-35,"Population-level REV46 recalculation isolating keyword matching: original non-keyword score contribution is preserved, while keyword matches are recalculated on text_content with word boundaries."
1922,1921,github,2743521827,2026-09-29 18:30:58.337719+00,3998,rce|security|vulnerability,40,45,5,high,security|vulnerability,15,20,medium,sí,sí,no,rce,,-25,"Population-level REV46 recalculation isolating keyword matching: original non-keyword score contribution is preserved, while keyword matches are recalculated on text_content with word boundaries."
1923,1922,hackernews,49898384,2026-09-29 18:45:58.345736+00,61,,0,5,5,low,,0,5,low,no,no,no,,,0,"Population-level REV46 recalculation isolating keyword matching: original non-keyword score contribution is preserved, while keyword matches are recalculated on text_content with word boundaries."
1924,1923,hackernews,49898367,2026-09-29 18:45:58.345736+00,20,security,5,10,5,low,security,5,10,low,no,no,no,,,0,"Population-level REV46 recalculation isolating keyword matching: original non-keyword score contribution is preserved, while keyword matches are recalculated on text_content with word boundaries."
1925,1924,github,4669941339,2026-09-29 18:45:58.345736+00,3283,rce|exploit|cve-|attack|security|vulnerability,90,100,10,critical,cve-|attack|security|vulnerability,45,55,high,sí,sí,sí,rce|exploit,,-45,"Population-level REV46 recalculation isolating keyword matching: original non-keyword score contribution is preserved, while keyword matches are recalculated on text_content with word boundaries."
1926,1925,github,5635352865,2026-09-29 18:45:58.345736+00,2735,rce|exploit|cve-|attack|security|vulnerability|denial of service,100,100,0,critical,cve-|attack|security|vulnerability|denial of service,55,55,high,sí,sí,sí,rce|exploit,,-45,"Population-level REV46 recalculation isolating keyword matching: original non-keyword score contribution is preserved, while keyword matches are recalculated on text_content with word boundaries."
1927,1926,github,1031213342,2026-09-29 18:45:58.345736+00,4000,rce,25,30,5,medium,,0,5,low,sí,no,no,rce,,-25,"Population-level REV46 recalculation isolating keyword matching: original non-keyword score contribution is preserved, while keyword matches are recalculated on text_content with word boundaries."
1928,1927,github,4669941268,2026-09-29 18:45:58.345736+00,3532,rce|exploit|cve-|attack|security|vulnerability,90,100,10,critical,cve-|attack|security|vulnerability,45,55,high,sí,sí,sí,rce|exploit,,-45,"Population-level REV46 recalculation isolating keyword matching: original non-keyword score contribution is preserved, while keyword matches are recalculated on text_content with word boundaries."
1929,1928,github,4228864406,2026-09-29 18:45:58.345736+00,2265,apt|rce|exploit|cve-|attack|security|vulnerability,115,100,0,critical,cve-|attack|security|vulnerability,45,45,high,sí,sí,sí,apt|rce|exploit,,-55,"Population-level REV46 recalculation isolating keyword matching: original non-keyword score contribution is preserved, while keyword matches are recalculated on text_content with word boundaries."
1930,1929,github,3533840994,2026-09-29 18:45:58.345736+00,3998,rce,25,30,5,medium,,0,5,low,sí,no,no,rce,,-25,"Population-level REV46 recalculation isolating keyword matching: original non-keyword score contribution is preserved, while keyword matches are recalculated on text_content with word boundaries."
1931,1930,github,4433668382,2026-09-29 18:45:58.345736+00,3055,rce|exploit|cve-|attack|security|vulnerability,90,100,10,critical,cve-|attack|security|vulnerability,45,55,high,sí,sí,sí,rce|exploit,,-45,"Population-level REV46 recalculation isolating keyword matching: original non-keyword score contribution is preserved, while keyword matches are recalculated on text_content with word boundaries."
1932,1931,github,2036895801,2026-09-29 18:45:58.345736+00,4000,rce|exploit|cve-|attack|vulnerability,85,100,15,critical,cve-|attack|vulnerability,40,55,high,sí,sí,sí,rce|exploit,,-45,"Population-level REV46 recalculation isolating keyword matching: original non-keyword score contribution is preserved, while keyword matches are recalculated on text_content with word boundaries."
1933,1932,github,5635352142,2026-09-29 18:45:58.345736+00,2692,rce|exploit|cve-|attack|security|vulnerability|denial of service,100,100,0,critical,cve-|attack|security|vulnerability|denial of service,55,55,high,sí,sí,sí,rce|exploit,,-45,"Population-level REV46 recalculation isolating keyword matching: original non-keyword score contribution is preserved, while keyword matches are recalculated on text_content with word boundaries."
1934,1933,github,4433668280,2026-09-29 18:45:58.345736+00,3048,rce|exploit|cve-|attack|security|vulnerability,90,100,10,critical,cve-|attack|security|vulnerability,45,55,high,sí,sí,sí,rce|exploit,,-45,"Population-level REV46 recalculation isolating keyword matching: original non-keyword score contribution is preserved, while keyword matches are recalculated on text_content with word boundaries."
1935,1934,github,4672882735,2026-09-29 18:45:58.345736+00,3217,rce|exploit|cve-|attack|security|vulnerability,90,100,10,critical,cve-|attack|security|vulnerability,45,55,high,sí,sí,sí,rce|exploit,,-45,"Population-level REV46 recalculation isolating keyword matching: original non-keyword score contribution is preserved, while keyword matches are recalculated on text_content with word boundaries."
1936,1935,github,3971500999,2026-09-29 18:45:58.345736+00,3543,rce|exploit|cve-|attack|security|vulnerability,90,100,10,critical,cve-|attack|security|vulnerability,45,55,high,sí,sí,sí,rce|exploit,,-45,"Population-level REV46 recalculation isolating keyword matching: original non-keyword score contribution is preserved, while keyword matches are recalculated on text_content with word boundaries."
1937,1936,github,2970415750,2026-09-29 18:45:58.345736+00,4000,rce,25,45,20,high,,0,20,medium,sí,sí,no,rce,,-25,"Population-level REV46 recalculation isolating keyword matching: original non-keyword score contribution is preserved, while keyword matches are recalculated on text_content with word boundaries."
1938,1937,github,5222842203,2026-09-29 18:45:58.345736+00,4000,apt|rce,50,55,5,high,,0,5,low,sí,sí,no,apt|rce,,-50,"Population-level REV46 recalculation isolating keyword matching: original non-keyword score contribution is preserved, while keyword matches are recalculated on text_content with word boundaries."
1939,1938,github,4471195789,2026-09-29 18:45:58.345736+00,4000,exploit|attack,30,50,20,high,exploit|attack,30,50,high,no,sí,sí,,,0,"Population-level REV46 recalculation isolating keyword matching: original non-keyword score contribution is preserved, while keyword matches are recalculated on text_content with word boundaries."
1940,1939,github,4433668037,2026-09-29 18:45:58.345736+00,2961,rce|exploit|cve-|attack|security|vulnerability,90,100,10,critical,cve-|attack|security|vulnerability,45,55,high,sí,sí,sí,rce|exploit,,-45,"Population-level REV46 recalculation isolating keyword matching: original non-keyword score contribution is preserved, while keyword matches are recalculated on text_content with word boundaries."
1941,1940,github,5246386616,2026-09-29 18:45:58.345736+00,3615,rce|exploit|cve-|attack|security|vulnerability,90,95,5,critical,cve-|attack|security|vulnerability,45,50,high,sí,sí,sí,rce|exploit,,-45,"Population-level REV46 recalculation isolating keyword matching: original non-keyword score contribution is preserved, while keyword matches are recalculated on text_content with word boundaries."
1942,1941,github,4672882427,2026-09-29 18:45:58.345736+00,2967,rce|exploit|cve-|attack|security|vulnerability,90,100,10,critical,cve-|attack|security|vulnerability,45,55,high,sí,sí,sí,rce|exploit,,-45,"Population-level REV46 recalculation isolating keyword matching: original non-keyword score contribution is preserved, while keyword matches are recalculated on text_content with word boundaries."
1943,1942,github,3048325706,2026-09-29 18:45:58.345736+00,3998,rce|security|vulnerability,40,45,5,high,security|vulnerability,15,20,medium,sí,sí,no,rce,,-25,"Population-level REV46 recalculation isolating keyword matching: original non-keyword score contribution is preserved, while keyword matches are recalculated on text_content with word boundaries."
1944,1943,github,5605937903,2026-09-29 18:45:58.345736+00,1606,exploit,20,40,20,high,exploit,20,40,high,no,sí,sí,,,0,"Population-level REV46 recalculation isolating keyword matching: original non-keyword score contribution is preserved, while keyword matches are recalculated on text_content with word boundaries."
1945,1944,github,4433667938,2026-09-29 18:45:58.345736+00,3022,rce|exploit|cve-|attack|security|vulnerability,90,100,10,critical,cve-|attack|security|vulnerability,45,55,high,sí,sí,sí,rce|exploit,,-45,"Population-level REV46 recalculation isolating keyword matching: original non-keyword score contribution is preserved, while keyword matches are recalculated on text_content with word boundaries."
1946,1945,github,5635350894,2026-09-29 18:45:58.345736+00,2398,rce|exploit|cve-|attack|security|vulnerability,90,100,10,critical,cve-|attack|security|vulnerability,45,55,high,sí,sí,sí,rce|exploit,,-45,"Population-level REV46 recalculation isolating keyword matching: original non-keyword score contribution is preserved, while keyword matches are recalculated on text_content with word boundaries."
1947,1946,github,4141701490,2026-09-29 18:45:58.345736+00,4000,rce|exploit|cve-|attack|security|vulnerability|denial of service,100,100,0,critical,cve-|attack|security|vulnerability|denial of service,55,55,high,sí,sí,sí,rce|exploit,,-45,"Population-level REV46 recalculation isolating keyword matching: original non-keyword score contribution is preserved, while keyword matches are recalculated on text_content with word boundaries."
1948,1947,github,1632766540,2026-09-29 18:45:58.345736+00,3209,,0,5,5,low,,0,5,low,no,no,no,,,0,"Population-level REV46 recalculation isolating keyword matching: original non-keyword score contribution is preserved, while keyword matches are recalculated on text_content with word boundaries."
1949,1948,github,3891418051,2026-09-29 18:45:58.345736+00,462,cve-|security,25,30,5,medium,cve-|security,25,30,medium,no,no,no,,,0,"Population-level REV46 recalculation isolating keyword matching: original non-keyword score contribution is preserved, while keyword matches are recalculated on text_content with word boundaries."
1950,1949,github,4433667844,2026-09-29 18:45:58.345736+00,2975,rce|exploit|cve-|attack|security|vulnerability,90,100,10,critical,cve-|attack|security|vulnerability,45,55,high,sí,sí,sí,rce|exploit,,-45,"Population-level REV46 recalculation isolating keyword matching: original non-keyword score contribution is preserved, while keyword matches are recalculated on text_content with word boundaries."
1951,1950,github,5635344011,2026-09-29 18:45:58.345736+00,4000,apt|phishing|exploit|trojan|attack|security|vulnerability,110,100,0,critical,phishing|trojan|attack|security|vulnerability,65,65,critical,no,sí,sí,apt|exploit,,-35,"Population-level REV46 recalculation isolating keyword matching: original non-keyword score contribution is preserved, while keyword matches are recalculated on text_content with word boundaries."
1952,1951,github,5635343457,2026-09-29 18:45:58.345736+00,4000,apt|phishing|exploit|trojan|attack|security|vulnerability,110,100,0,critical,phishing|trojan|attack|security|vulnerability,65,65,critical,no,sí,sí,apt|exploit,,-35,"Population-level REV46 recalculation isolating keyword matching: original non-keyword score contribution is preserved, while keyword matches are recalculated on text_content with word boundaries."
1953,1952,github,2905392493,2026-09-29 18:45:58.345736+00,2532,rce|exploit|cve-|attack|security|vulnerability,90,100,10,critical,cve-|attack|security|vulnerability,45,55,high,sí,sí,sí,rce|exploit,,-45,"Population-level REV46 recalculation isolating keyword matching: original non-keyword score contribution is preserved, while keyword matches are recalculated on text_content with word boundaries."
1954,1953,github,4139709574,2026-09-29 18:45:58.345736+00,4000,rce|remote code execution|exploit|cve-|attack|security|vulnerability,120,100,0,critical,remote code execution|cve-|attack|security|vulnerability,75,75,critical,no,sí,sí,rce|exploit,,-25,"Population-level REV46 recalculation isolating keyword matching: original non-keyword score contribution is preserved, while keyword matches are recalculated on text_content with word boundaries."
1955,1954,github,5043150541,2026-09-29 18:45:58.345736+00,4000,apt|rce|exploit|cve-|attack|vulnerability,110,100,0,critical,cve-|attack|vulnerability,40,40,high,sí,sí,sí,apt|rce|exploit,,-60,"Population-level REV46 recalculation isolating keyword matching: original non-keyword score contribution is preserved, while keyword matches are recalculated on text_content with word boundaries."
1956,1955,github,5635350243,2026-09-29 18:45:58.345736+00,2339,rce|exploit|cve-|attack|security|vulnerability,90,100,10,critical,cve-|attack|security|vulnerability,45,55,high,sí,sí,sí,rce|exploit,,-45,"Population-level REV46 recalculation isolating keyword matching: original non-keyword score contribution is preserved, while keyword matches are recalculated on text_content with word boundaries."
1957,1956,github,3675667549,2026-09-29 18:45:58.345736+00,2229,rce|exploit|cve-|attack|security|vulnerability,90,100,10,critical,cve-|attack|security|vulnerability,45,55,high,sí,sí,sí,rce|exploit,,-45,"Population-level REV46 recalculation isolating keyword matching: original non-keyword score contribution is preserved, while keyword matches are recalculated on text_content with word boundaries."
1958,1957,github,3244714779,2026-09-29 18:45:58.345736+00,3998,rce|security|vulnerability,40,45,5,high,security|vulnerability,15,20,medium,sí,sí,no,rce,,-25,"Population-level REV46 recalculation isolating keyword matching: original non-keyword score contribution is preserved, while keyword matches are recalculated on text_content with word boundaries."
1959,1958,github,4672882123,2026-09-29 18:45:58.345736+00,3332,rce|exploit|cve-|attack|security|vulnerability,90,100,10,critical,exploit|cve-|attack|security|vulnerability,65,75,critical,no,sí,sí,rce,,-25,"Population-level REV46 recalculation isolating keyword matching: original non-keyword score contribution is preserved, while keyword matches are recalculated on text_content with word boundaries."
1960,1959,github,4472377768,2026-09-29 18:45:58.345736+00,3400,rce|exploit|cve-|attack|security|vulnerability,90,100,10,critical,cve-|attack|security|vulnerability,45,55,high,sí,sí,sí,rce|exploit,,-45,"Population-level REV46 recalculation isolating keyword matching: original non-keyword score contribution is preserved, while keyword matches are recalculated on text_content with word boundaries."
1961,1960,github,2650091002,2026-09-29 18:45:58.345736+00,2616,rce|exploit|cve-|attack|security|vulnerability|denial of service,100,100,0,critical,cve-|attack|security|vulnerability|denial of service,55,55,high,sí,sí,sí,rce|exploit,,-45,"Population-level REV46 recalculation isolating keyword matching: original non-keyword score contribution is preserved, while keyword matches are recalculated on text_content with word boundaries."
1962,1961,github,4591565473,2026-09-29 18:45:58.345736+00,2736,apt|rce|exploit|cve-|attack|security|vulnerability,115,100,0,critical,cve-|attack|security|vulnerability,45,45,high,sí,sí,sí,apt|rce|exploit,,-55,"Population-level REV46 recalculation isolating keyword matching: original non-keyword score contribution is preserved, while keyword matches are recalculated on text_content with word boundaries."
1963,1962,github,4480800325,2026-09-29 18:45:58.345736+00,3958,rce|exploit|cve-|attack|security|vulnerability,90,100,10,critical,cve-|attack|security|vulnerability,45,55,high,sí,sí,sí,rce|exploit,,-45,"Population-level REV46 recalculation isolating keyword matching: original non-keyword score contribution is preserved, while keyword matches are recalculated on text_content with word boundaries."
1964,1963,github,3232335127,2026-09-29 18:45:58.345736+00,2716,rce|exploit|cve-|attack|security|vulnerability,90,100,10,critical,cve-|attack|security|vulnerability,45,55,high,sí,sí,sí,rce|exploit,,-45,"Population-level REV46 recalculation isolating keyword matching: original non-keyword score contribution is preserved, while keyword matches are recalculated on text_content with word boundaries."
1965,1964,github,5165696074,2026-09-29 18:45:58.345736+00,3178,rce|exploit|cve-|attack|security|vulnerability,90,100,10,critical,cve-|attack|security|vulnerability,45,55,high,sí,sí,sí,rce|exploit,,-45,"Population-level REV46 recalculation isolating keyword matching: original non-keyword score contribution is preserved, while keyword matches are recalculated on text_content with word boundaries."
1966,1965,github,4591565346,2026-09-29 18:45:58.345736+00,2845,apt|rce|exploit|cve-|attack|security|vulnerability,115,100,0,critical,cve-|attack|security|vulnerability,45,45,high,sí,sí,sí,apt|rce|exploit,,-55,"Population-level REV46 recalculation isolating keyword matching: original non-keyword score contribution is preserved, while keyword matches are recalculated on text_content with word boundaries."
1967,1966,github,5044660742,2026-09-29 18:45:58.345736+00,4000,rce|exploit|cve-|attack|security|vulnerability,90,100,10,critical,cve-|attack|security|vulnerability,45,55,high,sí,sí,sí,rce|exploit,,-45,"Population-level REV46 recalculation isolating keyword matching: original non-keyword score contribution is preserved, while keyword matches are recalculated on text_content with word boundaries."
1968,1967,github,5635348767,2026-09-29 18:45:58.345736+00,1878,exploit,20,25,5,medium,,0,5,low,sí,no,no,exploit,,-20,"Population-level REV46 recalculation isolating keyword matching: original non-keyword score contribution is preserved, while keyword matches are recalculated on text_content with word boundaries."
1969,1968,github,5224316677,2026-09-29 18:45:58.345736+00,3467,apt|vulnerability,35,55,20,high,vulnerability,10,30,medium,sí,sí,no,apt,,-25,"Population-level REV46 recalculation isolating keyword matching: original non-keyword score contribution is preserved, while keyword matches are recalculated on text_content with word boundaries."
1970,1969,github,1218617233,2026-09-29 18:45:58.345736+00,4000,rce,25,30,5,medium,,0,5,low,sí,no,no,rce,,-25,"Population-level REV46 recalculation isolating keyword matching: original non-keyword score contribution is preserved, while keyword matches are recalculated on text_content with word boundaries."
1971,1970,github,5293701389,2026-09-29 19:00:58.520816+00,4000,rce|cve-|attack|vulnerability,65,85,20,critical,cve-|vulnerability,30,50,high,sí,sí,sí,rce|attack,,-35,"Population-level REV46 recalculation isolating keyword matching: original non-keyword score contribution is preserved, while keyword matches are recalculated on text_content with word boundaries."
1972,1971,github,4633866117,2026-09-29 19:00:58.520816+00,2935,rce|exploit|cve-|attack|vulnerability,85,100,15,critical,cve-|attack|vulnerability,40,55,high,sí,sí,sí,rce|exploit,,-45,"Population-level REV46 recalculation isolating keyword matching: original non-keyword score contribution is preserved, while keyword matches are recalculated on text_content with word boundaries."
1973,1972,github,3961463801,2026-09-29 19:00:58.520816+00,3481,rce|exploit|cve-|attack|security|vulnerability|denial of service,100,100,0,critical,cve-|attack|security|vulnerability|denial of service,55,55,high,sí,sí,sí,rce|exploit,,-45,"Population-level REV46 recalculation isolating keyword matching: original non-keyword score contribution is preserved, while keyword matches are recalculated on text_content with word boundaries."
1974,1973,github,4167963374,2026-09-29 19:00:58.520816+00,3998,rce|vulnerability,35,55,20,high,vulnerability,10,30,medium,sí,sí,no,rce,,-25,"Population-level REV46 recalculation isolating keyword matching: original non-keyword score contribution is preserved, while keyword matches are recalculated on text_content with word boundaries."
1975,1974,github,2609443070,2026-09-29 19:00:58.520816+00,2901,rce|exploit|cve-|attack|security|vulnerability,90,100,10,critical,cve-|attack|security|vulnerability,45,55,high,sí,sí,sí,rce|exploit,,-45,"Population-level REV46 recalculation isolating keyword matching: original non-keyword score contribution is preserved, while keyword matches are recalculated on text_content with word boundaries."
1976,1975,github,5056053378,2026-09-29 19:00:58.520816+00,4000,rce|cve-|vulnerability,55,75,20,critical,cve-|vulnerability,30,50,high,sí,sí,sí,rce,,-25,"Population-level REV46 recalculation isolating keyword matching: original non-keyword score contribution is preserved, while keyword matches are recalculated on text_content with word boundaries."
1977,1976,github,2060359429,2026-09-29 19:00:58.520816+00,3999,rce,25,30,5,medium,,0,5,low,sí,no,no,rce,,-25,"Population-level REV46 recalculation isolating keyword matching: original non-keyword score contribution is preserved, while keyword matches are recalculated on text_content with word boundaries."
1978,1977,github,5147763894,2026-09-29 19:00:58.520816+00,4000,rce|exploit|cve-|attack|vulnerability,85,100,15,critical,cve-|attack|vulnerability,40,55,high,sí,sí,sí,rce|exploit,,-45,"Population-level REV46 recalculation isolating keyword matching: original non-keyword score contribution is preserved, while keyword matches are recalculated on text_content with word boundaries."
1979,1978,github,4235788186,2026-09-29 19:00:58.520816+00,3115,rce|exploit|cve-|attack|security|vulnerability,90,100,10,critical,cve-|attack|security|vulnerability,45,55,high,sí,sí,sí,rce|exploit,,-45,"Population-level REV46 recalculation isolating keyword matching: original non-keyword score contribution is preserved, while keyword matches are recalculated on text_content with word boundaries."
1980,1979,github,3233294272,2026-09-29 19:00:58.520816+00,3252,rce|exploit|cve-|attack|security|vulnerability,90,100,10,critical,exploit|cve-|attack|security|vulnerability,65,75,critical,no,sí,sí,rce,,-25,"Population-level REV46 recalculation isolating keyword matching: original non-keyword score contribution is preserved, while keyword matches are recalculated on text_content with word boundaries."
1981,1980,github,5133326862,2026-09-29 19:00:58.520816+00,3893,rce|exploit|cve-|attack|security|vulnerability,90,100,10,critical,cve-|attack|security|vulnerability,45,55,high,sí,sí,sí,rce|exploit,,-45,"Population-level REV46 recalculation isolating keyword matching: original non-keyword score contribution is preserved, while keyword matches are recalculated on text_content with word boundaries."
1982,1981,github,5294324305,2026-09-29 19:00:58.520816+00,2587,rce|exploit|cve-|attack|vulnerability|denial of service,95,100,5,critical,exploit|cve-|attack|vulnerability|denial of service,70,75,critical,no,sí,sí,rce,,-25,"Population-level REV46 recalculation isolating keyword matching: original non-keyword score contribution is preserved, while keyword matches are recalculated on text_content with word boundaries."
1983,1982,github,4695217687,2026-09-29 19:00:58.520816+00,3182,rce|exploit|cve-|attack|security|vulnerability,90,100,10,critical,cve-|attack|security|vulnerability,45,55,high,sí,sí,sí,rce|exploit,,-45,"Population-level REV46 recalculation isolating keyword matching: original non-keyword score contribution is preserved, while keyword matches are recalculated on text_content with word boundaries."
1984,1983,github,3851364350,2026-09-29 19:00:58.520816+00,3998,rce|security|vulnerability,40,60,20,critical,security|vulnerability,15,35,medium,sí,sí,no,rce,,-25,"Population-level REV46 recalculation isolating keyword matching: original non-keyword score contribution is preserved, while keyword matches are recalculated on text_content with word boundaries."
1985,1984,github,1101205911,2026-09-29 19:00:58.520816+00,4000,rce|exploit|cve-|attack|security|vulnerability,90,100,10,critical,cve-|attack|security|vulnerability,45,55,high,sí,sí,sí,rce|exploit,,-45,"Population-level REV46 recalculation isolating keyword matching: original non-keyword score contribution is preserved, while keyword matches are recalculated on text_content with word boundaries."
1986,1985,github,5635531633,2026-09-29 19:00:58.520816+00,590,cve-,20,40,20,high,cve-,20,40,high,no,sí,sí,,,0,"Population-level REV46 recalculation isolating keyword matching: original non-keyword score contribution is preserved, while keyword matches are recalculated on text_content with word boundaries."
1987,1986,github,5133326672,2026-09-29 19:00:58.520816+00,4000,rce|exploit|cve-|attack|security|vulnerability,90,100,10,critical,cve-|attack|security|vulnerability,45,55,high,sí,sí,sí,rce|exploit,,-45,"Population-level REV46 recalculation isolating keyword matching: original non-keyword score contribution is preserved, while keyword matches are recalculated on text_content with word boundaries."
1988,1987,github,2598140708,2026-09-29 19:00:58.520816+00,4000,rce|cve-|vulnerability,55,75,20,critical,cve-|vulnerability,30,50,high,sí,sí,sí,rce,,-25,"Population-level REV46 recalculation isolating keyword matching: original non-keyword score contribution is preserved, while keyword matches are recalculated on text_content with word boundaries."
1989,1988,github,2650135032,2026-09-29 19:00:58.520816+00,4000,rce|exploit|cve-|attack|security|vulnerability|denial of service,100,100,0,critical,cve-|attack|security|vulnerability|denial of service,55,55,high,sí,sí,sí,rce|exploit,,-45,"Population-level REV46 recalculation isolating keyword matching: original non-keyword score contribution is preserved, while keyword matches are recalculated on text_content with word boundaries."
1990,1989,github,4633865958,2026-09-29 19:00:58.520816+00,2199,rce|exploit|cve-|attack|vulnerability|denial of service,95,100,5,critical,cve-|attack|vulnerability|denial of service,50,55,high,sí,sí,sí,rce|exploit,,-45,"Population-level REV46 recalculation isolating keyword matching: original non-keyword score contribution is preserved, while keyword matches are recalculated on text_content with word boundaries."
1991,1990,github,2600098574,2026-09-29 19:00:58.520816+00,2956,rce|exploit|cve-|attack|security|vulnerability|denial of service,100,100,0,critical,cve-|attack|security|vulnerability|denial of service,55,55,high,sí,sí,sí,rce|exploit,,-45,"Population-level REV46 recalculation isolating keyword matching: original non-keyword score contribution is preserved, while keyword matches are recalculated on text_content with word boundaries."
1992,1991,github,5056053263,2026-09-29 19:00:58.520816+00,4000,rce|cve-|attack|vulnerability,65,85,20,critical,cve-|vulnerability,30,50,high,sí,sí,sí,rce|attack,,-35,"Population-level REV46 recalculation isolating keyword matching: original non-keyword score contribution is preserved, while keyword matches are recalculated on text_content with word boundaries."
1993,1992,github,3932161308,2026-09-29 19:00:58.520816+00,3820,rce|exploit|cve-|attack|security|vulnerability|denial of service,100,100,0,critical,cve-|attack|security|vulnerability|denial of service,55,55,high,sí,sí,sí,rce|exploit,,-45,"Population-level REV46 recalculation isolating keyword matching: original non-keyword score contribution is preserved, while keyword matches are recalculated on text_content with word boundaries."
1994,1993,github,4156613419,2026-09-29 19:00:58.520816+00,3853,rce|exploit|cve-|attack|security|vulnerability,90,100,10,critical,cve-|attack|security|vulnerability,45,55,high,sí,sí,sí,rce|exploit,,-45,"Population-level REV46 recalculation isolating keyword matching: original non-keyword score contribution is preserved, while keyword matches are recalculated on text_content with word boundaries."
1995,1994,github,1252100510,2026-09-29 19:00:58.520816+00,3309,rce|exploit|cve-|attack|security|vulnerability,90,100,10,critical,cve-|attack|security|vulnerability,45,55,high,sí,sí,sí,rce|exploit,,-45,"Population-level REV46 recalculation isolating keyword matching: original non-keyword score contribution is preserved, while keyword matches are recalculated on text_content with word boundaries."
1996,1995,github,1101205701,2026-09-29 19:00:58.520816+00,4000,rce|cve-|vulnerability,55,75,20,critical,cve-|vulnerability,30,50,high,sí,sí,sí,rce,,-25,"Population-level REV46 recalculation isolating keyword matching: original non-keyword score contribution is preserved, while keyword matches are recalculated on text_content with word boundaries."
1997,1996,github,4633865812,2026-09-29 19:00:58.520816+00,3038,rce|exploit|cve-|xss|attack|vulnerability,100,100,0,critical,cve-|xss|attack|vulnerability,55,55,high,sí,sí,sí,rce|exploit,,-45,"Population-level REV46 recalculation isolating keyword matching: original non-keyword score contribution is preserved, while keyword matches are recalculated on text_content with word boundaries."
1998,1997,github,5635530238,2026-09-29 19:00:58.520816+00,4000,rce|exploit|cve-|vulnerability,75,95,20,critical,exploit|cve-|vulnerability,50,70,critical,no,sí,sí,rce,,-25,"Population-level REV46 recalculation isolating keyword matching: original non-keyword score contribution is preserved, while keyword matches are recalculated on text_content with word boundaries."
1999,1998,github,5043223912,2026-09-29 19:00:58.520816+00,3062,rce|exploit|cve-|attack|security|vulnerability,90,100,10,critical,cve-|attack|security|vulnerability,45,55,high,sí,sí,sí,rce|exploit,,-45,"Population-level REV46 recalculation isolating keyword matching: original non-keyword score contribution is preserved, while keyword matches are recalculated on text_content with word boundaries."
2000,1999,github,4156613255,2026-09-29 19:00:58.520816+00,3794,rce|exploit|cve-|attack|security|vulnerability,90,95,5,critical,cve-|attack|security|vulnerability,45,50,high,sí,sí,sí,rce|exploit,,-45,"Population-level REV46 recalculation isolating keyword matching: original non-keyword score contribution is preserved, while keyword matches are recalculated on text_content with word boundaries."
2001,2000,github,5635529978,2026-09-29 19:00:58.520816+00,4000,rce|cve-|vulnerability,55,75,20,critical,cve-|vulnerability,30,50,high,sí,sí,sí,rce,,-25,"Population-level REV46 recalculation isolating keyword matching: original non-keyword score contribution is preserved, while keyword matches are recalculated on text_content with word boundaries."
2002,2001,github,4633865669,2026-09-29 19:00:58.520816+00,2354,rce|exploit|cve-|xss|attack|vulnerability,100,100,0,critical,cve-|xss|attack|vulnerability,55,55,high,sí,sí,sí,rce|exploit,,-45,"Population-level REV46 recalculation isolating keyword matching: original non-keyword score contribution is preserved, while keyword matches are recalculated on text_content with word boundaries."
2003,2002,github,5635529797,2026-09-29 19:00:58.520816+00,3421,rce|exploit|cve-|attack|security|vulnerability,90,95,5,critical,cve-|attack|security|vulnerability,45,50,high,sí,sí,sí,rce|exploit,,-45,"Population-level REV46 recalculation isolating keyword matching: original non-keyword score contribution is preserved, while keyword matches are recalculated on text_content with word boundaries."
2004,2003,github,5635529642,2026-09-29 19:00:58.520816+00,4000,rce|cve-|vulnerability,55,75,20,critical,cve-|vulnerability,30,50,high,sí,sí,sí,rce,,-25,"Population-level REV46 recalculation isolating keyword matching: original non-keyword score contribution is preserved, while keyword matches are recalculated on text_content with word boundaries."
2005,2004,github,5043223831,2026-09-29 19:00:58.520816+00,2913,rce|exploit|cve-|attack|security|vulnerability,90,100,10,critical,cve-|attack|security|vulnerability,45,55,high,sí,sí,sí,rce|exploit,,-45,"Population-level REV46 recalculation isolating keyword matching: original non-keyword score contribution is preserved, while keyword matches are recalculated on text_content with word boundaries."
2006,2005,github,4669973720,2026-09-29 19:00:58.520816+00,3001,rce|exploit|cve-|attack|security|vulnerability|denial of service,100,100,0,critical,cve-|attack|security|vulnerability|denial of service,55,55,high,sí,sí,sí,rce|exploit,,-45,"Population-level REV46 recalculation isolating keyword matching: original non-keyword score contribution is preserved, while keyword matches are recalculated on text_content with word boundaries."
2007,2006,github,4633865354,2026-09-29 19:00:58.520816+00,2519,rce|exploit|cve-|attack|vulnerability|denial of service,95,100,5,critical,cve-|attack|vulnerability|denial of service,50,55,high,sí,sí,sí,rce|exploit,,-45,"Population-level REV46 recalculation isolating keyword matching: original non-keyword score contribution is preserved, while keyword matches are recalculated on text_content with word boundaries."
2008,2007,github,3342736670,2026-09-29 19:00:58.520816+00,3083,rce|exploit|cve-|attack|security|vulnerability,90,100,10,critical,cve-|attack|security|vulnerability,45,55,high,sí,sí,sí,rce|exploit,,-45,"Population-level REV46 recalculation isolating keyword matching: original non-keyword score contribution is preserved, while keyword matches are recalculated on text_content with word boundaries."
2009,2008,github,1509891504,2026-09-29 19:00:58.520816+00,3317,rce|exploit|cve-|attack|security|vulnerability,90,95,5,critical,cve-|attack|security|vulnerability,45,50,high,sí,sí,sí,rce|exploit,,-45,"Population-level REV46 recalculation isolating keyword matching: original non-keyword score contribution is preserved, while keyword matches are recalculated on text_content with word boundaries."
2010,2009,github,4633865178,2026-09-29 19:00:58.520816+00,2222,rce|exploit|cve-|attack|vulnerability,85,100,15,critical,cve-|attack|vulnerability,40,55,high,sí,sí,sí,rce|exploit,,-45,"Population-level REV46 recalculation isolating keyword matching: original non-keyword score contribution is preserved, while keyword matches are recalculated on text_content with word boundaries."
2011,2010,github,4672922161,2026-09-29 19:00:58.520816+00,2730,rce|exploit|cve-|attack|security|vulnerability,90,100,10,critical,cve-|attack|security|vulnerability,45,55,high,sí,sí,sí,rce|exploit,,-45,"Population-level REV46 recalculation isolating keyword matching: original non-keyword score contribution is preserved, while keyword matches are recalculated on text_content with word boundaries."
2012,2011,github,5074136423,2026-09-29 19:00:58.520816+00,2885,rce|exploit|cve-|compromised|attack|security|vulnerability,110,100,0,critical,cve-|compromised|attack|security|vulnerability,65,65,critical,no,sí,sí,rce|exploit,,-35,"Population-level REV46 recalculation isolating keyword matching: original non-keyword score contribution is preserved, while keyword matches are recalculated on text_content with word boundaries."
2013,2012,github,2036904648,2026-09-29 19:00:58.520816+00,4000,rce|exploit|cve-|attack|vulnerability,85,100,15,critical,cve-|attack|vulnerability,40,55,high,sí,sí,sí,rce|exploit,,-45,"Population-level REV46 recalculation isolating keyword matching: original non-keyword score contribution is preserved, while keyword matches are recalculated on text_content with word boundaries."
2014,2013,github,5138460176,2026-09-29 19:00:58.520816+00,2511,rce|exploit|cve-|attack|vulnerability|denial of service,95,100,5,critical,cve-|attack|vulnerability|denial of service,50,55,high,sí,sí,sí,rce|exploit,,-45,"Population-level REV46 recalculation isolating keyword matching: original non-keyword score contribution is preserved, while keyword matches are recalculated on text_content with word boundaries."
2015,2014,github,4150047925,2026-09-29 19:00:58.520816+00,3158,rce|exploit|cve-|attack|security|vulnerability|denial of service,100,100,0,critical,cve-|attack|security|vulnerability|denial of service,55,55,high,sí,sí,sí,rce|exploit,,-45,"Population-level REV46 recalculation isolating keyword matching: original non-keyword score contribution is preserved, while keyword matches are recalculated on text_content with word boundaries."
2016,2015,github,5074136238,2026-09-29 19:00:58.520816+00,3015,rce|exploit|cve-|attack|security|vulnerability,90,100,10,critical,cve-|attack|security|vulnerability,45,55,high,sí,sí,sí,rce|exploit,,-45,"Population-level REV46 recalculation isolating keyword matching: original non-keyword score contribution is preserved, while keyword matches are recalculated on text_content with word boundaries."
2017,2016,github,4150047779,2026-09-29 19:00:58.520816+00,3227,rce|exploit|cve-|attack|security|vulnerability,90,100,10,critical,cve-|attack|security|vulnerability,45,55,high,sí,sí,sí,rce|exploit,,-45,"Population-level REV46 recalculation isolating keyword matching: original non-keyword score contribution is preserved, while keyword matches are recalculated on text_content with word boundaries."
2018,2017,hackernews,49898725,2026-09-29 19:15:59.03165+00,39,security,5,10,5,low,security,5,10,low,no,no,no,,,0,"Population-level REV46 recalculation isolating keyword matching: original non-keyword score contribution is preserved, while keyword matches are recalculated on text_content with word boundaries."
2019,2018,github,1029739564,2026-09-29 19:15:59.03165+00,2664,rce|security|vulnerability,40,45,5,high,security|vulnerability,15,20,medium,sí,sí,no,rce,,-25,"Population-level REV46 recalculation isolating keyword matching: original non-keyword score contribution is preserved, while keyword matches are recalculated on text_content with word boundaries."
2020,2019,github,4763226810,2026-09-29 19:15:59.03165+00,3998,rce,25,45,20,high,,0,20,medium,sí,sí,no,rce,,-25,"Population-level REV46 recalculation isolating keyword matching: original non-keyword score contribution is preserved, while keyword matches are recalculated on text_content with word boundaries."
2021,2020,github,3233309485,2026-09-29 19:15:59.03165+00,2883,rce|exploit|cve-|attack|security|vulnerability,90,100,10,critical,cve-|attack|security|vulnerability,45,55,high,sí,sí,sí,rce|exploit,,-45,"Population-level REV46 recalculation isolating keyword matching: original non-keyword score contribution is preserved, while keyword matches are recalculated on text_content with word boundaries."
2022,2021,github,3593295298,2026-09-29 19:15:59.03165+00,2682,rce|exploit|cve-|attack|security|vulnerability,90,100,10,critical,cve-|attack|security|vulnerability,45,55,high,sí,sí,sí,rce|exploit,,-45,"Population-level REV46 recalculation isolating keyword matching: original non-keyword score contribution is preserved, while keyword matches are recalculated on text_content with word boundaries."
2023,2022,github,5635716876,2026-09-29 19:15:59.03165+00,4000,rce|attack|security|vulnerability,50,55,5,high,attack|security|vulnerability,25,30,medium,sí,sí,no,rce,,-25,"Population-level REV46 recalculation isolating keyword matching: original non-keyword score contribution is preserved, while keyword matches are recalculated on text_content with word boundaries."
2024,2023,github,4098510171,2026-09-29 19:15:59.03165+00,2901,rce|exploit|cve-|attack|security|vulnerability,90,100,10,critical,cve-|attack|security|vulnerability,45,55,high,sí,sí,sí,rce|exploit,,-45,"Population-level REV46 recalculation isolating keyword matching: original non-keyword score contribution is preserved, while keyword matches are recalculated on text_content with word boundaries."
2025,2024,github,5544861687,2026-09-29 19:15:59.03165+00,1085,security|vulnerability,15,20,5,medium,security|vulnerability,15,20,medium,no,no,no,,,0,"Population-level REV46 recalculation isolating keyword matching: original non-keyword score contribution is preserved, while keyword matches are recalculated on text_content with word boundaries."
2026,2025,github,5025341459,2026-09-29 19:15:59.03165+00,2945,rce|exploit|cve-|attack|security|vulnerability,90,100,10,critical,cve-|attack|security|vulnerability,45,55,high,sí,sí,sí,rce|exploit,,-45,"Population-level REV46 recalculation isolating keyword matching: original non-keyword score contribution is preserved, while keyword matches are recalculated on text_content with word boundaries."
2027,2026,github,4763167902,2026-09-29 19:15:59.03165+00,3086,rce|exploit|cve-|attack|security|vulnerability,90,100,10,critical,cve-|attack|security|vulnerability,45,55,high,sí,sí,sí,rce|exploit,,-45,"Population-level REV46 recalculation isolating keyword matching: original non-keyword score contribution is preserved, while keyword matches are recalculated on text_content with word boundaries."
2028,2027,github,4763167842,2026-09-29 19:15:59.03165+00,3172,rce|exploit|cve-|attack|security|vulnerability,90,100,10,critical,cve-|attack|security|vulnerability,45,55,high,sí,sí,sí,rce|exploit,,-45,"Population-level REV46 recalculation isolating keyword matching: original non-keyword score contribution is preserved, while keyword matches are recalculated on text_content with word boundaries."
2029,2028,github,2845620216,2026-09-29 19:15:59.03165+00,3614,rce|security|vulnerability,40,45,5,high,security|vulnerability,15,20,medium,sí,sí,no,rce,,-25,"Population-level REV46 recalculation isolating keyword matching: original non-keyword score contribution is preserved, while keyword matches are recalculated on text_content with word boundaries."
2030,2029,github,2848650220,2026-09-29 19:15:59.03165+00,3999,rce,25,30,5,medium,,0,5,low,sí,no,no,rce,,-25,"Population-level REV46 recalculation isolating keyword matching: original non-keyword score contribution is preserved, while keyword matches are recalculated on text_content with word boundaries."
2031,2030,github,5635709098,2026-09-29 19:15:59.03165+00,4000,apt|phishing|exploit|trojan|attack|security|vulnerability,110,100,0,critical,phishing|trojan|attack|security|vulnerability,65,65,critical,no,sí,sí,apt|exploit,,-35,"Population-level REV46 recalculation isolating keyword matching: original non-keyword score contribution is preserved, while keyword matches are recalculated on text_content with word boundaries."
2032,2031,github,4669008822,2026-09-29 19:15:59.03165+00,2962,rce|exploit|cve-|attack|security|vulnerability|denial of service,100,100,0,critical,cve-|attack|security|vulnerability|denial of service,55,55,high,sí,sí,sí,rce|exploit,,-45,"Population-level REV46 recalculation isolating keyword matching: original non-keyword score contribution is preserved, while keyword matches are recalculated on text_content with word boundaries."
2033,2032,github,4763167694,2026-09-29 19:15:59.03165+00,3227,rce|exploit|cve-|attack|security|vulnerability,90,100,10,critical,cve-|attack|security|vulnerability,45,55,high,sí,sí,sí,rce|exploit,,-45,"Population-level REV46 recalculation isolating keyword matching: original non-keyword score contribution is preserved, while keyword matches are recalculated on text_content with word boundaries."
2034,2033,github,2817347285,2026-09-29 19:15:59.03165+00,3998,rce|security|vulnerability,40,45,5,high,security|vulnerability,15,20,medium,sí,sí,no,rce,,-25,"Population-level REV46 recalculation isolating keyword matching: original non-keyword score contribution is preserved, while keyword matches are recalculated on text_content with word boundaries."
2035,2034,github,2910348658,2026-09-29 19:15:59.03165+00,3669,apt|rce|exploit|cve-|attack|security|vulnerability,115,100,0,critical,cve-|attack|security|vulnerability,45,45,high,sí,sí,sí,apt|rce|exploit,,-55,"Population-level REV46 recalculation isolating keyword matching: original non-keyword score contribution is preserved, while keyword matches are recalculated on text_content with word boundaries."
2036,2035,github,3918883759,2026-09-29 19:15:59.03165+00,3120,apt|rce|exploit|cve-|attack|security|vulnerability,115,100,0,critical,cve-|attack|security|vulnerability,45,45,high,sí,sí,sí,apt|rce|exploit,,-55,"Population-level REV46 recalculation isolating keyword matching: original non-keyword score contribution is preserved, while keyword matches are recalculated on text_content with word boundaries."
2037,2036,github,4944300510,2026-09-29 19:15:59.03165+00,2588,rce|exploit|cve-|attack|security|vulnerability,90,100,10,critical,cve-|attack|security|vulnerability,45,55,high,sí,sí,sí,rce|exploit,,-45,"Population-level REV46 recalculation isolating keyword matching: original non-keyword score contribution is preserved, while keyword matches are recalculated on text_content with word boundaries."
2038,2037,github,1024855770,2026-09-29 19:15:59.03165+00,2560,rce|exploit|cve-|attack|security|vulnerability,90,100,10,critical,cve-|attack|security|vulnerability,45,55,high,sí,sí,sí,rce|exploit,,-45,"Population-level REV46 recalculation isolating keyword matching: original non-keyword score contribution is preserved, while keyword matches are recalculated on text_content with word boundaries."
2039,2038,github,5565507007,2026-09-29 19:15:59.03165+00,2243,security|vulnerability,15,35,20,medium,security|vulnerability,15,35,medium,no,no,no,,,0,"Population-level REV46 recalculation isolating keyword matching: original non-keyword score contribution is preserved, while keyword matches are recalculated on text_content with word boundaries."
2040,2039,github,2812204427,2026-09-29 19:15:59.03165+00,2078,rce|security|vulnerability,40,55,15,high,security|vulnerability,15,30,medium,sí,sí,no,rce,,-25,"Population-level REV46 recalculation isolating keyword matching: original non-keyword score contribution is preserved, while keyword matches are recalculated on text_content with word boundaries."
2041,2040,github,4936395893,2026-09-29 19:15:59.03165+00,3285,data leak|rce|exploit|vulnerability,85,100,15,critical,data leak|rce|vulnerability,65,80,critical,no,sí,sí,exploit,,-20,"Population-level REV46 recalculation isolating keyword matching: original non-keyword score contribution is preserved, while keyword matches are recalculated on text_content with word boundaries."
2042,2041,github,2031337739,2026-09-29 19:15:59.03165+00,2767,rce|exploit|cve-|attack|security|vulnerability,90,100,10,critical,cve-|attack|security|vulnerability,45,55,high,sí,sí,sí,rce|exploit,,-45,"Population-level REV46 recalculation isolating keyword matching: original non-keyword score contribution is preserved, while keyword matches are recalculated on text_content with word boundaries."
2043,2042,github,5056093409,2026-09-29 19:15:59.03165+00,2999,rce|exploit|cve-|attack|security|vulnerability,90,100,10,critical,cve-|attack|security|vulnerability,45,55,high,sí,sí,sí,rce|exploit,,-45,"Population-level REV46 recalculation isolating keyword matching: original non-keyword score contribution is preserved, while keyword matches are recalculated on text_content with word boundaries."
2044,2043,github,4704407476,2026-09-29 19:15:59.03165+00,3158,rce|exploit|cve-|attack|security|vulnerability,90,100,10,critical,cve-|attack|security|vulnerability,45,55,high,sí,sí,sí,rce|exploit,,-45,"Population-level REV46 recalculation isolating keyword matching: original non-keyword score contribution is preserved, while keyword matches are recalculated on text_content with word boundaries."
2045,2044,github,5635712211,2026-09-29 19:15:59.03165+00,2562,rce|exploit|cve-|attack|security|vulnerability|denial of service,100,100,0,critical,cve-|attack|security|vulnerability|denial of service,55,55,high,sí,sí,sí,rce|exploit,,-45,"Population-level REV46 recalculation isolating keyword matching: original non-keyword score contribution is preserved, while keyword matches are recalculated on text_content with word boundaries."
2046,2045,github,3122349088,2026-09-29 19:15:59.03165+00,3018,rce|exploit|cve-|attack|security|vulnerability,90,100,10,critical,exploit|cve-|attack|security|vulnerability,65,75,critical,no,sí,sí,rce,,-25,"Population-level REV46 recalculation isolating keyword matching: original non-keyword score contribution is preserved, while keyword matches are recalculated on text_content with word boundaries."
2047,2046,github,5635642871,2026-09-29 19:15:59.03165+00,1904,rce|incident|vulnerability,45,65,20,critical,incident|vulnerability,20,40,high,sí,sí,sí,rce,,-25,"Population-level REV46 recalculation isolating keyword matching: original non-keyword score contribution is preserved, while keyword matches are recalculated on text_content with word boundaries."
2048,2047,github,5635711887,2026-09-29 19:15:59.03165+00,2774,rce|exploit|cve-|attack|security|vulnerability|denial of service,100,100,0,critical,cve-|attack|security|vulnerability|denial of service,55,55,high,sí,sí,sí,rce|exploit,,-45,"Population-level REV46 recalculation isolating keyword matching: original non-keyword score contribution is preserved, while keyword matches are recalculated on text_content with word boundaries."
2049,2048,github,5466404341,2026-09-29 19:15:59.03165+00,3188,rce|exploit|cve-|attack|security|vulnerability,90,95,5,critical,cve-|attack|security|vulnerability,45,50,high,sí,sí,sí,rce|exploit,,-45,"Population-level REV46 recalculation isolating keyword matching: original non-keyword score contribution is preserved, while keyword matches are recalculated on text_content with word boundaries."
2050,2049,github,5580137110,2026-09-29 19:15:59.03165+00,180,,0,5,5,low,,0,5,low,no,no,no,,,0,"Population-level REV46 recalculation isolating keyword matching: original non-keyword score contribution is preserved, while keyword matches are recalculated on text_content with word boundaries."
2051,2050,github,2487691229,2026-09-29 19:15:59.03165+00,3998,rce|security|vulnerability,40,45,5,high,security|vulnerability,15,20,medium,sí,sí,no,rce,,-25,"Population-level REV46 recalculation isolating keyword matching: original non-keyword score contribution is preserved, while keyword matches are recalculated on text_content with word boundaries."
2052,2051,github,3506718342,2026-09-29 19:15:59.03165+00,4000,apt|rce|exploit|cve-|attack|vulnerability,110,100,0,critical,exploit|cve-|attack|vulnerability,60,60,critical,no,sí,sí,apt|rce,,-40,"Population-level REV46 recalculation isolating keyword matching: original non-keyword score contribution is preserved, while keyword matches are recalculated on text_content with word boundaries."
2053,2052,github,3122349036,2026-09-29 19:15:59.03165+00,3091,rce|exploit|cve-|attack|security|vulnerability,90,100,10,critical,cve-|attack|security|vulnerability,45,55,high,sí,sí,sí,rce|exploit,,-45,"Population-level REV46 recalculation isolating keyword matching: original non-keyword score contribution is preserved, while keyword matches are recalculated on text_content with word boundaries."
2054,2053,github,5517169557,2026-09-29 19:15:59.03165+00,942,rce,25,35,10,medium,,0,10,low,sí,no,no,rce,,-25,"Population-level REV46 recalculation isolating keyword matching: original non-keyword score contribution is preserved, while keyword matches are recalculated on text_content with word boundaries."
2055,2054,github,4941314038,2026-09-29 19:15:59.03165+00,3576,apt|rce,50,70,20,critical,apt,25,45,high,sí,sí,sí,rce,,-25,"Population-level REV46 recalculation isolating keyword matching: original non-keyword score contribution is preserved, while keyword matches are recalculated on text_content with word boundaries."
2056,2055,github,3343576306,2026-09-29 19:15:59.03165+00,2480,rce|exploit|cve-|attack|security|vulnerability,90,100,10,critical,cve-|attack|security|vulnerability,45,55,high,sí,sí,sí,rce|exploit,,-45,"Population-level REV46 recalculation isolating keyword matching: original non-keyword score contribution is preserved, while keyword matches are recalculated on text_content with word boundaries."
2057,2056,github,4669003835,2026-09-29 19:15:59.03165+00,3696,rce|exploit|cve-|attack|security|vulnerability,90,100,10,critical,cve-|attack|security|vulnerability,45,55,high,sí,sí,sí,rce|exploit,,-45,"Population-level REV46 recalculation isolating keyword matching: original non-keyword score contribution is preserved, while keyword matches are recalculated on text_content with word boundaries."
2058,2057,github,5635710533,2026-09-29 19:15:59.03165+00,2911,rce|exploit|cve-|attack|security|vulnerability|denial of service,100,100,0,critical,cve-|attack|security|vulnerability|denial of service,55,55,high,sí,sí,sí,rce|exploit,,-45,"Population-level REV46 recalculation isolating keyword matching: original non-keyword score contribution is preserved, while keyword matches are recalculated on text_content with word boundaries."
2059,2058,github,1406989521,2026-09-29 19:15:59.03165+00,2664,rce|exploit|cve-|attack|security|vulnerability|denial of service,100,100,0,critical,cve-|attack|security|vulnerability|denial of service,55,55,high,sí,sí,sí,rce|exploit,,-45,"Population-level REV46 recalculation isolating keyword matching: original non-keyword score contribution is preserved, while keyword matches are recalculated on text_content with word boundaries."
2060,2059,github,1024855406,2026-09-29 19:15:59.03165+00,2562,rce|exploit|cve-|attack|security|vulnerability|denial of service,100,100,0,critical,cve-|attack|security|vulnerability|denial of service,55,55,high,sí,sí,sí,rce|exploit,,-45,"Population-level REV46 recalculation isolating keyword matching: original non-keyword score contribution is preserved, while keyword matches are recalculated on text_content with word boundaries."
2061,2060,github,3527862484,2026-09-29 19:15:59.03165+00,2221,rce|exploit|cve-|attack|security|vulnerability|denial of service,100,100,0,critical,cve-|attack|security|vulnerability|denial of service,55,55,high,sí,sí,sí,rce|exploit,,-45,"Population-level REV46 recalculation isolating keyword matching: original non-keyword score contribution is preserved, while keyword matches are recalculated on text_content with word boundaries."
2062,2061,github,4704407405,2026-09-29 19:15:59.03165+00,3198,rce|exploit|cve-|attack|security|vulnerability,90,100,10,critical,cve-|attack|security|vulnerability,45,55,high,sí,sí,sí,rce|exploit,,-45,"Population-level REV46 recalculation isolating keyword matching: original non-keyword score contribution is preserved, while keyword matches are recalculated on text_content with word boundaries."
2063,2062,github,982611645,2026-09-29 19:30:59.095008+00,3998,rce|security|vulnerability,40,45,5,high,security|vulnerability,15,20,medium,sí,sí,no,rce,,-25,"Population-level REV46 recalculation isolating keyword matching: original non-keyword score contribution is preserved, while keyword matches are recalculated on text_content with word boundaries."
2064,2063,github,5635355580,2026-09-29 19:30:59.095008+00,1382,rce|incident,35,55,20,high,incident,10,30,medium,sí,sí,no,rce,,-25,"Population-level REV46 recalculation isolating keyword matching: original non-keyword score contribution is preserved, while keyword matches are recalculated on text_content with word boundaries."
2065,2064,github,4105058035,2026-09-29 19:30:59.095008+00,4000,rce|vulnerability,35,40,5,high,vulnerability,10,15,low,sí,sí,no,rce,,-25,"Population-level REV46 recalculation isolating keyword matching: original non-keyword score contribution is preserved, while keyword matches are recalculated on text_content with word boundaries."
2066,2065,github,978717995,2026-09-29 19:30:59.095008+00,4000,rce,25,30,5,medium,,0,5,low,sí,no,no,rce,,-25,"Population-level REV46 recalculation isolating keyword matching: original non-keyword score contribution is preserved, while keyword matches are recalculated on text_content with word boundaries."
2067,2066,github,2762752140,2026-09-29 19:30:59.095008+00,4000,rce,25,30,5,medium,,0,5,low,sí,no,no,rce,,-25,"Population-level REV46 recalculation isolating keyword matching: original non-keyword score contribution is preserved, while keyword matches are recalculated on text_content with word boundaries."
2068,2067,github,4011892725,2026-09-29 19:30:59.095008+00,4000,rce,25,45,20,high,,0,20,medium,sí,sí,no,rce,,-25,"Population-level REV46 recalculation isolating keyword matching: original non-keyword score contribution is preserved, while keyword matches are recalculated on text_content with word boundaries."
2069,2068,github,1865520220,2026-09-29 19:30:59.095008+00,3998,rce|security|vulnerability,40,45,5,high,security|vulnerability,15,20,medium,sí,sí,no,rce,,-25,"Population-level REV46 recalculation isolating keyword matching: original non-keyword score contribution is preserved, while keyword matches are recalculated on text_content with word boundaries."
2070,2069,github,5210682667,2026-09-29 19:30:59.095008+00,2384,vulnerability,10,30,20,medium,vulnerability,10,30,medium,no,no,no,,,0,"Population-level REV46 recalculation isolating keyword matching: original non-keyword score contribution is preserved, while keyword matches are recalculated on text_content with word boundaries."
2071,2070,github,2203922856,2026-09-29 19:30:59.095008+00,3846,apt|rce,50,55,5,high,,0,5,low,sí,sí,no,apt|rce,,-50,"Population-level REV46 recalculation isolating keyword matching: original non-keyword score contribution is preserved, while keyword matches are recalculated on text_content with word boundaries."
2072,2071,github,3932231058,2026-09-29 19:30:59.095008+00,3184,rce|exploit|cve-|attack|security|vulnerability|denial of service,100,100,0,critical,cve-|attack|security|vulnerability|denial of service,55,55,high,sí,sí,sí,rce|exploit,,-45,"Population-level REV46 recalculation isolating keyword matching: original non-keyword score contribution is preserved, while keyword matches are recalculated on text_content with word boundaries."
2073,2072,github,5635891505,2026-09-29 19:30:59.095008+00,753,apt|security|vulnerability,40,45,5,high,security|vulnerability,15,20,medium,sí,sí,no,apt,,-25,"Population-level REV46 recalculation isolating keyword matching: original non-keyword score contribution is preserved, while keyword matches are recalculated on text_content with word boundaries."
2074,2073,github,4856461062,2026-09-29 19:30:59.095008+00,4000,rce|security,30,35,5,medium,security,5,10,low,sí,no,no,rce,,-25,"Population-level REV46 recalculation isolating keyword matching: original non-keyword score contribution is preserved, while keyword matches are recalculated on text_content with word boundaries."
2075,2074,github,1751834434,2026-09-29 19:30:59.095008+00,3998,rce|security|vulnerability,40,45,5,high,security|vulnerability,15,20,medium,sí,sí,no,rce,,-25,"Population-level REV46 recalculation isolating keyword matching: original non-keyword score contribution is preserved, while keyword matches are recalculated on text_content with word boundaries."
2076,2075,github,1121405211,2026-09-29 19:30:59.095008+00,2445,rce|exploit|cve-|attack|security|vulnerability,90,100,10,critical,cve-|attack|security|vulnerability,45,55,high,sí,sí,sí,rce|exploit,,-45,"Population-level REV46 recalculation isolating keyword matching: original non-keyword score contribution is preserved, while keyword matches are recalculated on text_content with word boundaries."
2077,2076,github,5635890786,2026-09-29 19:30:59.095008+00,1824,phishing|malware|security,45,65,20,critical,phishing|malware|security,45,65,critical,no,sí,sí,,,0,"Population-level REV46 recalculation isolating keyword matching: original non-keyword score contribution is preserved, while keyword matches are recalculated on text_content with word boundaries."
2078,2077,github,1121405039,2026-09-29 19:30:59.095008+00,2454,rce|exploit|cve-|attack|security|vulnerability,90,100,10,critical,cve-|attack|security|vulnerability,45,55,high,sí,sí,sí,rce|exploit,,-45,"Population-level REV46 recalculation isolating keyword matching: original non-keyword score contribution is preserved, while keyword matches are recalculated on text_content with word boundaries."
2079,2078,github,896650695,2026-09-29 19:30:59.095008+00,2723,rce|exploit|cve-|attack|security|vulnerability,90,100,10,critical,cve-|attack|security|vulnerability,45,55,high,sí,sí,sí,rce|exploit,,-45,"Population-level REV46 recalculation isolating keyword matching: original non-keyword score contribution is preserved, while keyword matches are recalculated on text_content with word boundaries."
2080,2079,github,5635876480,2026-09-29 19:30:59.095008+00,827,exploit,20,40,20,high,exploit,20,40,high,no,sí,sí,,,0,"Population-level REV46 recalculation isolating keyword matching: original non-keyword score contribution is preserved, while keyword matches are recalculated on text_content with word boundaries."
2081,2080,github,3527872684,2026-09-29 19:30:59.095008+00,2247,rce|exploit|cve-|attack|security|vulnerability|denial of service,100,100,0,critical,cve-|attack|security|vulnerability|denial of service,55,55,high,sí,sí,sí,rce|exploit,,-45,"Population-level REV46 recalculation isolating keyword matching: original non-keyword score contribution is preserved, while keyword matches are recalculated on text_content with word boundaries."
2082,2081,github,4669086783,2026-09-29 19:30:59.095008+00,3929,rce|exploit|cve-|attack|security|vulnerability,90,100,10,critical,cve-|attack|security|vulnerability,45,55,high,sí,sí,sí,rce|exploit,,-45,"Population-level REV46 recalculation isolating keyword matching: original non-keyword score contribution is preserved, while keyword matches are recalculated on text_content with word boundaries."
2083,2082,github,810068167,2026-09-29 19:30:59.095008+00,3998,rce|security|vulnerability,40,60,20,critical,security|vulnerability,15,35,medium,sí,sí,no,rce,,-25,"Population-level REV46 recalculation isolating keyword matching: original non-keyword score contribution is preserved, while keyword matches are recalculated on text_content with word boundaries."
2084,2083,github,3841964991,2026-09-29 19:30:59.095008+00,3418,rce|exploit|cve-|attack|security|vulnerability,90,100,10,critical,cve-|attack|security|vulnerability,45,55,high,sí,sí,sí,rce|exploit,,-45,"Population-level REV46 recalculation isolating keyword matching: original non-keyword score contribution is preserved, while keyword matches are recalculated on text_content with word boundaries."
2085,2084,github,5210681122,2026-09-29 19:30:59.095008+00,3060,vulnerability,10,15,5,low,vulnerability,10,15,low,no,no,no,,,0,"Population-level REV46 recalculation isolating keyword matching: original non-keyword score contribution is preserved, while keyword matches are recalculated on text_content with word boundaries."
2086,2085,github,4331065696,2026-09-29 19:30:59.095008+00,2710,rce|exploit|cve-|attack|security|vulnerability,90,100,10,critical,cve-|attack|security|vulnerability,45,55,high,sí,sí,sí,rce|exploit,,-45,"Population-level REV46 recalculation isolating keyword matching: original non-keyword score contribution is preserved, while keyword matches are recalculated on text_content with word boundaries."
2087,2086,github,4021888266,2026-09-29 19:30:59.095008+00,3535,rce|exploit|cve-|attack|security|vulnerability|denial of service,100,100,0,critical,exploit|cve-|attack|security|vulnerability|denial of service,75,75,critical,no,sí,sí,rce,,-25,"Population-level REV46 recalculation isolating keyword matching: original non-keyword score contribution is preserved, while keyword matches are recalculated on text_content with word boundaries."
2088,2087,github,3961502350,2026-09-29 19:30:59.095008+00,3411,rce|exploit|cve-|attack|security|vulnerability|denial of service,100,100,0,critical,cve-|attack|security|vulnerability|denial of service,55,55,high,sí,sí,sí,rce|exploit,,-45,"Population-level REV46 recalculation isolating keyword matching: original non-keyword score contribution is preserved, while keyword matches are recalculated on text_content with word boundaries."
2089,2088,github,4235853253,2026-09-29 19:30:59.095008+00,3154,rce|exploit|cve-|attack|security|vulnerability,90,100,10,critical,cve-|attack|security|vulnerability,45,55,high,sí,sí,sí,rce|exploit,,-45,"Population-level REV46 recalculation isolating keyword matching: original non-keyword score contribution is preserved, while keyword matches are recalculated on text_content with word boundaries."
2090,2089,github,1375180374,2026-09-29 19:30:59.095008+00,3998,rce|security|vulnerability,40,45,5,high,security|vulnerability,15,20,medium,sí,sí,no,rce,,-25,"Population-level REV46 recalculation isolating keyword matching: original non-keyword score contribution is preserved, while keyword matches are recalculated on text_content with word boundaries."
2091,2090,github,4031433957,2026-09-29 19:30:59.095008+00,2780,rce|exploit|cve-|attack|security|vulnerability,90,100,10,critical,cve-|attack|security|vulnerability,45,55,high,sí,sí,sí,rce|exploit,,-45,"Population-level REV46 recalculation isolating keyword matching: original non-keyword score contribution is preserved, while keyword matches are recalculated on text_content with word boundaries."
2092,2091,github,896649970,2026-09-29 19:30:59.095008+00,2619,rce|exploit|cve-|attack|security|vulnerability,90,100,10,critical,cve-|attack|security|vulnerability,45,55,high,sí,sí,sí,rce|exploit,,-45,"Population-level REV46 recalculation isolating keyword matching: original non-keyword score contribution is preserved, while keyword matches are recalculated on text_content with word boundaries."
2093,2092,github,896649938,2026-09-29 19:30:59.095008+00,4000,rce|exploit|cve-|attack|vulnerability,85,100,15,critical,cve-|attack|vulnerability,40,55,high,sí,sí,sí,rce|exploit,,-45,"Population-level REV46 recalculation isolating keyword matching: original non-keyword score contribution is preserved, while keyword matches are recalculated on text_content with word boundaries."
2094,2093,github,5097651767,2026-09-29 19:30:59.095008+00,3998,rce|security|vulnerability,40,45,5,high,security|vulnerability,15,20,medium,sí,sí,no,rce,,-25,"Population-level REV46 recalculation isolating keyword matching: original non-keyword score contribution is preserved, while keyword matches are recalculated on text_content with word boundaries."
2095,2094,github,4187761322,2026-09-29 19:30:59.095008+00,3998,rce|security|vulnerability,40,45,5,high,security|vulnerability,15,20,medium,sí,sí,no,rce,,-25,"Population-level REV46 recalculation isolating keyword matching: original non-keyword score contribution is preserved, while keyword matches are recalculated on text_content with word boundaries."
2096,2095,github,2650162069,2026-09-29 19:30:59.095008+00,2808,rce|exploit|cve-|attack|security|vulnerability|denial of service,100,100,0,critical,cve-|attack|security|vulnerability|denial of service,55,55,high,sí,sí,sí,rce|exploit,,-45,"Population-level REV46 recalculation isolating keyword matching: original non-keyword score contribution is preserved, while keyword matches are recalculated on text_content with word boundaries."
2097,2096,github,3233327375,2026-09-29 19:30:59.095008+00,3679,rce|exploit|cve-|attack|security|vulnerability,90,100,10,critical,cve-|attack|security|vulnerability,45,55,high,sí,sí,sí,rce|exploit,,-45,"Population-level REV46 recalculation isolating keyword matching: original non-keyword score contribution is preserved, while keyword matches are recalculated on text_content with word boundaries."
2098,2097,github,896649529,2026-09-29 19:30:59.095008+00,3423,rce|exploit|cve-|xss|attack|security|vulnerability,105,100,0,critical,cve-|xss|attack|security|vulnerability,60,60,critical,no,sí,sí,rce|exploit,,-40,"Population-level REV46 recalculation isolating keyword matching: original non-keyword score contribution is preserved, while keyword matches are recalculated on text_content with word boundaries."
2099,2098,github,4098523834,2026-09-29 19:30:59.095008+00,3697,rce|exploit|cve-|attack|security|vulnerability,90,100,10,critical,cve-|attack|security|vulnerability,45,55,high,sí,sí,sí,rce|exploit,,-45,"Population-level REV46 recalculation isolating keyword matching: original non-keyword score contribution is preserved, while keyword matches are recalculated on text_content with word boundaries."
2100,2099,github,5164531552,2026-09-29 19:30:59.095008+00,3895,rce|exploit|cve-|attack|security|vulnerability,90,100,10,critical,cve-|attack|security|vulnerability,45,55,high,sí,sí,sí,rce|exploit,,-45,"Population-level REV46 recalculation isolating keyword matching: original non-keyword score contribution is preserved, while keyword matches are recalculated on text_content with word boundaries."
2101,2100,github,1335355571,2026-09-29 19:30:59.095008+00,2905,rce|exploit|cve-|attack|security|vulnerability,90,100,10,critical,cve-|attack|security|vulnerability,45,55,high,sí,sí,sí,rce|exploit,,-45,"Population-level REV46 recalculation isolating keyword matching: original non-keyword score contribution is preserved, while keyword matches are recalculated on text_content with word boundaries."
2102,2101,github,1740707942,2026-09-29 19:30:59.095008+00,4000,rce|security|vulnerability,40,45,5,high,security|vulnerability,15,20,medium,sí,sí,no,rce,,-25,"Population-level REV46 recalculation isolating keyword matching: original non-keyword score contribution is preserved, while keyword matches are recalculated on text_content with word boundaries."
2103,2102,github,896649067,2026-09-29 19:30:59.095008+00,4000,rce|exploit|cve-|attack|vulnerability,85,100,15,critical,cve-|attack|vulnerability,40,55,high,sí,sí,sí,rce|exploit,,-45,"Population-level REV46 recalculation isolating keyword matching: original non-keyword score contribution is preserved, while keyword matches are recalculated on text_content with word boundaries."
